candidate_id,keyword,volume,cpc,currency,scope,branded,core_group_id,counted_core_volume,group_id,counted_volume,exclusion_or_condition,endpoint,observed_at_utc,source,monthly_searches_json
A5,liseuse,90500,0.25,USD_DOCUMENTED,parent,False,,,,,"liseuse générale, mini-format non demandé",keywords_data/google_ads/search_volume/live,2026-09-03T14:41:31.031518+00:00,2026-09-03-qualification-9-produits-pur/raw/20-controls-0.json.gz,"[{""year"": 2026, ""month"": 7, ""search_volume"": 74000}, {""year"": 2026, ""month"": 6, ""search_volume"": 49500}, {""year"": 2026, ""month"": 5, ""search_volume"": 60500}, {""year"": 2026, ""month"": 4, ""search_volume"": 49500}, {""year"": 2026, ""month"": 3, ""search_volume"": 60500}, {""year"": 2026, ""month"": 2, ""search_volume"": 74000}, {""year"": 2026, ""month"": 1, ""search_volume"": 90500}, {""year"": 2025, ""month"": 12, ""search_volume"": 135000}, {""year"": 2025, ""month"": 11, ""search_volume"": 135000}, {""year"": 2025, ""month"": 10, ""search_volume"": 90500}, {""year"": 2025, ""month"": 9, ""search_volume"": 74000}, {""year"": 2025, ""month"": 8, ""search_volume"": 90500}]"
A5,liseuse kobo,27100,0.24,USD_DOCUMENTED,parent,True,,,,,"liseuse générale, mini-format non demandé",keywords_data/google_ads/search_volume/live,2026-09-03T14:41:31.031518+00:00,2026-09-03-qualification-9-produits-pur/raw/20-controls-0.json.gz,"[{""year"": 2026, ""month"": 7, ""search_volume"": 22200}, {""year"": 2026, ""month"": 6, ""search_volume"": 18100}, {""year"": 2026, ""month"": 5, ""search_volume"": 22200}, {""year"": 2026, ""month"": 4, ""search_volume"": 18100}, {""year"": 2026, ""month"": 3, ""search_volume"": 18100}, {""year"": 2026, ""month"": 2, ""search_volume"": 18100}, {""year"": 2026, ""month"": 1, ""search_volume"": 27100}, {""year"": 2025, ""month"": 12, ""search_volume"": 40500}, {""year"": 2025, ""month"": 11, ""search_volume"": 49500}, {""year"": 2025, ""month"": 10, ""search_volume"": 22200}, {""year"": 2025, ""month"": 9, ""search_volume"": 22200}, {""year"": 2025, ""month"": 8, ""search_volume"": 27100}]"
A5,liseuse kindle,27100,0.35,USD_DOCUMENTED,parent,True,,,,,"liseuse générale, mini-format non demandé",keywords_data/google_ads/search_volume/live,2026-09-03T14:41:31.031518+00:00,2026-09-03-qualification-9-produits-pur/raw/20-controls-0.json.gz,"[{""year"": 2026, ""month"": 7, ""search_volume"": 22200}, {""year"": 2026, ""month"": 6, ""search_volume"": 18100}, {""year"": 2026, ""month"": 5, ""search_volume"": 18100}, {""year"": 2026, ""month"": 4, ""search_volume"": 18100}, {""year"": 2026, ""month"": 3, ""search_volume"": 18100}, {""year"": 2026, ""month"": 2, ""search_volume"": 18100}, {""year"": 2026, ""month"": 1, ""search_volume"": 27100}, {""year"": 2025, ""month"": 12, ""search_volume"": 49500}, {""year"": 2025, ""month"": 11, ""search_volume"": 49500}, {""year"": 2025, ""month"": 10, ""search_volume"": 27100}, {""year"": 2025, ""month"": 9, ""search_volume"": 22200}, {""year"": 2025, ""month"": 8, ""search_volume"": 27100}]"
A5,kindle liseuse,27100,0.35,USD_DOCUMENTED,parent,True,,,,,"liseuse générale, mini-format non demandé",keywords_data/google_ads/search_volume/live,2026-09-03T14:41:31.031518+00:00,2026-09-03-qualification-9-produits-pur/raw/20-controls-0.json.gz,"[{""year"": 2026, ""month"": 7, ""search_volume"": 22200}, {""year"": 2026, ""month"": 6, ""search_volume"": 18100}, {""year"": 2026, ""month"": 5, ""search_volume"": 18100}, {""year"": 2026, ""month"": 4, ""search_volume"": 18100}, {""year"": 2026, ""month"": 3, ""search_volume"": 18100}, {""year"": 2026, ""month"": 2, ""search_volume"": 18100}, {""year"": 2026, ""month"": 1, ""search_volume"": 27100}, {""year"": 2025, ""month"": 12, ""search_volume"": 49500}, {""year"": 2025, ""month"": 11, ""search_volume"": 49500}, {""year"": 2025, ""month"": 10, ""search_volume"": 27100}, {""year"": 2025, ""month"": 9, ""search_volume"": 22200}, {""year"": 2025, ""month"": 8, ""search_volume"": 27100}]"
A5,liseuse vivlio,8100,0.25,USD_DOCUMENTED,parent,True,,,,,"liseuse générale, mini-format non demandé",keywords_data/google_ads/search_volume/live,2026-09-03T14:41:31.031518+00:00,2026-09-03-qualification-9-produits-pur/raw/20-controls-0.json.gz,"[{""year"": 2026, ""month"": 7, ""search_volume"": 6600}, {""year"": 2026, ""month"": 6, ""search_volume"": 5400}, {""year"": 2026, ""month"": 5, ""search_volume"": 6600}, {""year"": 2026, ""month"": 4, ""search_volume"": 5400}, {""year"": 2026, ""month"": 3, ""search_volume"": 5400}, {""year"": 2026, ""month"": 2, ""search_volume"": 5400}, {""year"": 2026, ""month"": 1, ""search_volume"": 8100}, {""year"": 2025, ""month"": 12, ""search_volume"": 12100}, {""year"": 2025, ""month"": 11, ""search_volume"": 12100}, {""year"": 2025, ""month"": 10, ""search_volume"": 6600}, {""year"": 2025, ""month"": 9, ""search_volume"": 5400}, {""year"": 2025, ""month"": 8, ""search_volume"": 8100}]"
A5,liseuse la fnac,6600,0.21,USD_DOCUMENTED,parent,True,,,,,"liseuse générale, mini-format non demandé",keywords_data/google_ads/search_volume/live,2026-09-03T14:41:31.031518+00:00,2026-09-03-qualification-9-produits-pur/raw/20-controls-0.json.gz,"[{""year"": 2026, ""month"": 7, ""search_volume"": 6600}, {""year"": 2026, ""month"": 6, ""search_volume"": 5400}, {""year"": 2026, ""month"": 5, ""search_volume"": 5400}, {""year"": 2026, ""month"": 4, ""search_volume"": 4400}, {""year"": 2026, ""month"": 3, ""search_volume"": 5400}, {""year"": 2026, ""month"": 2, ""search_volume"": 5400}, {""year"": 2026, ""month"": 1, ""search_volume"": 6600}, {""year"": 2025, ""month"": 12, ""search_volume"": 14800}, {""year"": 2025, ""month"": 11, ""search_volume"": 12100}, {""year"": 2025, ""month"": 10, ""search_volume"": 6600}, {""year"": 2025, ""month"": 9, ""search_volume"": 6600}, {""year"": 2025, ""month"": 8, ""search_volume"": 8100}]"
A5,liseuse à la fnac,6600,0.21,USD_DOCUMENTED,parent,True,,,,,"liseuse générale, mini-format non demandé",keywords_data/google_ads/search_volume/live,2026-09-03T14:41:31.031518+00:00,2026-09-03-qualification-9-produits-pur/raw/20-controls-0.json.gz,"[{""year"": 2026, ""month"": 7, ""search_volume"": 6600}, {""year"": 2026, ""month"": 6, ""search_volume"": 5400}, {""year"": 2026, ""month"": 5, ""search_volume"": 5400}, {""year"": 2026, ""month"": 4, ""search_volume"": 4400}, {""year"": 2026, ""month"": 3, ""search_volume"": 5400}, {""year"": 2026, ""month"": 2, ""search_volume"": 5400}, {""year"": 2026, ""month"": 1, ""search_volume"": 6600}, {""year"": 2025, ""month"": 12, ""search_volume"": 14800}, {""year"": 2025, ""month"": 11, ""search_volume"": 12100}, {""year"": 2025, ""month"": 10, ""search_volume"": 6600}, {""year"": 2025, ""month"": 9, ""search_volume"": 6600}, {""year"": 2025, ""month"": 8, ""search_volume"": 8100}]"
A5,liseuse fnac,6600,0.21,USD_DOCUMENTED,parent,True,,,,,"liseuse générale, mini-format non demandé",keywords_data/google_ads/search_volume/live,2026-09-03T14:41:31.031518+00:00,2026-09-03-qualification-9-produits-pur/raw/20-controls-0.json.gz,"[{""year"": 2026, ""month"": 7, ""search_volume"": 6600}, {""year"": 2026, ""month"": 6, ""search_volume"": 5400}, {""year"": 2026, ""month"": 5, ""search_volume"": 5400}, {""year"": 2026, ""month"": 4, ""search_volume"": 4400}, {""year"": 2026, ""month"": 3, ""search_volume"": 5400}, {""year"": 2026, ""month"": 2, ""search_volume"": 5400}, {""year"": 2026, ""month"": 1, ""search_volume"": 6600}, {""year"": 2025, ""month"": 12, ""search_volume"": 14800}, {""year"": 2025, ""month"": 11, ""search_volume"": 12100}, {""year"": 2025, ""month"": 10, ""search_volume"": 6600}, {""year"": 2025, ""month"": 9, ""search_volume"": 6600}, {""year"": 2025, ""month"": 8, ""search_volume"": 8100}]"
A5,fnac liseuse,6600,0.21,USD_DOCUMENTED,parent,True,,,,,"liseuse générale, mini-format non demandé",keywords_data/google_ads/search_volume/live,2026-09-03T14:41:31.031518+00:00,2026-09-03-qualification-9-produits-pur/raw/20-controls-0.json.gz,"[{""year"": 2026, ""month"": 7, ""search_volume"": 6600}, {""year"": 2026, ""month"": 6, ""search_volume"": 5400}, {""year"": 2026, ""month"": 5, ""search_volume"": 5400}, {""year"": 2026, ""month"": 4, ""search_volume"": 4400}, {""year"": 2026, ""month"": 3, ""search_volume"": 5400}, {""year"": 2026, ""month"": 2, ""search_volume"": 5400}, {""year"": 2026, ""month"": 1, ""search_volume"": 6600}, {""year"": 2025, ""month"": 12, ""search_volume"": 14800}, {""year"": 2025, ""month"": 11, ""search_volume"": 12100}, {""year"": 2025, ""month"": 10, ""search_volume"": 6600}, {""year"": 2025, ""month"": 9, ""search_volume"": 6600}, {""year"": 2025, ""month"": 8, ""search_volume"": 8100}]"
A5,liseuse fnacbook,6600,0.21,USD_DOCUMENTED,parent,True,,,,,"liseuse générale, mini-format non demandé",keywords_data/google_ads/search_volume/live,2026-09-03T14:41:31.031518+00:00,2026-09-03-qualification-9-produits-pur/raw/20-controls-0.json.gz,"[{""year"": 2026, ""month"": 7, ""search_volume"": 6600}, {""year"": 2026, ""month"": 6, ""search_volume"": 5400}, {""year"": 2026, ""month"": 5, ""search_volume"": 5400}, {""year"": 2026, ""month"": 4, ""search_volume"": 4400}, {""year"": 2026, ""month"": 3, ""search_volume"": 5400}, {""year"": 2026, ""month"": 2, ""search_volume"": 5400}, {""year"": 2026, ""month"": 1, ""search_volume"": 6600}, {""year"": 2025, ""month"": 12, ""search_volume"": 14800}, {""year"": 2025, ""month"": 11, ""search_volume"": 12100}, {""year"": 2025, ""month"": 10, ""search_volume"": 6600}, {""year"": 2025, ""month"": 9, ""search_volume"": 6600}, {""year"": 2025, ""month"": 8, ""search_volume"": 8100}]"
A5,kobo liseuse,5400,0.27,USD_DOCUMENTED,parent,True,,,,,"liseuse générale, mini-format non demandé",keywords_data/google_ads/search_volume/live,2026-09-03T14:41:31.031518+00:00,2026-09-03-qualification-9-produits-pur/raw/20-controls-0.json.gz,"[{""year"": 2026, ""month"": 7, ""search_volume"": 6600}, {""year"": 2026, ""month"": 6, ""search_volume"": 5400}, {""year"": 2026, ""month"": 5, ""search_volume"": 5400}, {""year"": 2026, ""month"": 4, ""search_volume"": 4400}, {""year"": 2026, ""month"": 3, ""search_volume"": 4400}, {""year"": 2026, ""month"": 2, ""search_volume"": 4400}, {""year"": 2026, ""month"": 1, ""search_volume"": 5400}, {""year"": 2025, ""month"": 12, ""search_volume"": 8100}, {""year"": 2025, ""month"": 11, ""search_volume"": 8100}, {""year"": 2025, ""month"": 10, ""search_volume"": 5400}, {""year"": 2025, ""month"": 9, ""search_volume"": 4400}, {""year"": 2025, ""month"": 8, ""search_volume"": 6600}]"
A5,liseuse sur amazon,4400,0.29,USD_DOCUMENTED,parent,True,,,,,"liseuse générale, mini-format non demandé",keywords_data/google_ads/search_volume/live,2026-09-03T14:41:31.031518+00:00,2026-09-03-qualification-9-produits-pur/raw/20-controls-0.json.gz,"[{""year"": 2026, ""month"": 7, ""search_volume"": 4400}, {""year"": 2026, ""month"": 6, ""search_volume"": 3600}, {""year"": 2026, ""month"": 5, ""search_volume"": 3600}, {""year"": 2026, ""month"": 4, ""search_volume"": 2900}, {""year"": 2026, ""month"": 3, ""search_volume"": 3600}, {""year"": 2026, ""month"": 2, ""search_volume"": 3600}, {""year"": 2026, ""month"": 1, ""search_volume"": 4400}, {""year"": 2025, ""month"": 12, ""search_volume"": 8100}, {""year"": 2025, ""month"": 11, ""search_volume"": 8100}, {""year"": 2025, ""month"": 10, ""search_volume"": 4400}, {""year"": 2025, ""month"": 9, ""search_volume"": 4400}, {""year"": 2025, ""month"": 8, ""search_volume"": 5400}]"
A5,liseuse amazon,4400,0.29,USD_DOCUMENTED,parent,True,,,,,"liseuse générale, mini-format non demandé",keywords_data/google_ads/search_volume/live,2026-09-03T14:41:31.031518+00:00,2026-09-03-qualification-9-produits-pur/raw/20-controls-0.json.gz,"[{""year"": 2026, ""month"": 7, ""search_volume"": 4400}, {""year"": 2026, ""month"": 6, ""search_volume"": 3600}, {""year"": 2026, ""month"": 5, ""search_volume"": 3600}, {""year"": 2026, ""month"": 4, ""search_volume"": 2900}, {""year"": 2026, ""month"": 3, ""search_volume"": 3600}, {""year"": 2026, ""month"": 2, ""search_volume"": 3600}, {""year"": 2026, ""month"": 1, ""search_volume"": 4400}, {""year"": 2025, ""month"": 12, ""search_volume"": 8100}, {""year"": 2025, ""month"": 11, ""search_volume"": 8100}, {""year"": 2025, ""month"": 10, ""search_volume"": 4400}, {""year"": 2025, ""month"": 9, ""search_volume"": 4400}, {""year"": 2025, ""month"": 8, ""search_volume"": 5400}]"
A5,amazon liseuse,4400,0.29,USD_DOCUMENTED,parent,True,,,,,"liseuse générale, mini-format non demandé",keywords_data/google_ads/search_volume/live,2026-09-03T14:41:31.031518+00:00,2026-09-03-qualification-9-produits-pur/raw/20-controls-0.json.gz,"[{""year"": 2026, ""month"": 7, ""search_volume"": 4400}, {""year"": 2026, ""month"": 6, ""search_volume"": 3600}, {""year"": 2026, ""month"": 5, ""search_volume"": 3600}, {""year"": 2026, ""month"": 4, ""search_volume"": 2900}, {""year"": 2026, ""month"": 3, ""search_volume"": 3600}, {""year"": 2026, ""month"": 2, ""search_volume"": 3600}, {""year"": 2026, ""month"": 1, ""search_volume"": 4400}, {""year"": 2025, ""month"": 12, ""search_volume"": 8100}, {""year"": 2025, ""month"": 11, ""search_volume"": 8100}, {""year"": 2025, ""month"": 10, ""search_volume"": 4400}, {""year"": 2025, ""month"": 9, ""search_volume"": 4400}, {""year"": 2025, ""month"": 8, ""search_volume"": 5400}]"
A5,vivlio liseuse,3600,0.24,USD_DOCUMENTED,parent,True,,,,,"liseuse générale, mini-format non demandé",keywords_data/google_ads/search_volume/live,2026-09-03T14:41:31.031518+00:00,2026-09-03-qualification-9-produits-pur/raw/20-controls-0.json.gz,"[{""year"": 2026, ""month"": 7, ""search_volume"": 4400}, {""year"": 2026, ""month"": 6, ""search_volume"": 2900}, {""year"": 2026, ""month"": 5, ""search_volume"": 2900}, {""year"": 2026, ""month"": 4, ""search_volume"": 2900}, {""year"": 2026, ""month"": 3, ""search_volume"": 2900}, {""year"": 2026, ""month"": 2, ""search_volume"": 2900}, {""year"": 2026, ""month"": 1, ""search_volume"": 3600}, {""year"": 2025, ""month"": 12, ""search_volume"": 5400}, {""year"": 2025, ""month"": 11, ""search_volume"": 5400}, {""year"": 2025, ""month"": 10, ""search_volume"": 3600}, {""year"": 2025, ""month"": 9, ""search_volume"": 2900}, {""year"": 2025, ""month"": 8, ""search_volume"": 3600}]"
A5,liseuse meilleure,2900,0.32,USD_DOCUMENTED,parent,False,,,,,"liseuse générale, mini-format non demandé",keywords_data/google_ads/search_volume/live,2026-09-03T14:41:31.031518+00:00,2026-09-03-qualification-9-produits-pur/raw/20-controls-0.json.gz,"[{""year"": 2026, ""month"": 7, ""search_volume"": 1900}, {""year"": 2026, ""month"": 6, ""search_volume"": 1900}, {""year"": 2026, ""month"": 5, ""search_volume"": 1900}, {""year"": 2026, ""month"": 4, ""search_volume"": 1900}, {""year"": 2026, ""month"": 3, ""search_volume"": 2400}, {""year"": 2026, ""month"": 2, ""search_volume"": 2400}, {""year"": 2026, ""month"": 1, ""search_volume"": 2900}, {""year"": 2025, ""month"": 12, ""search_volume"": 4400}, {""year"": 2025, ""month"": 11, ""search_volume"": 5400}, {""year"": 2025, ""month"": 10, ""search_volume"": 2900}, {""year"": 2025, ""month"": 9, ""search_volume"": 2400}, {""year"": 2025, ""month"": 8, ""search_volume"": 3600}]"
A5,liseuse comparaison,2900,0.38,USD_DOCUMENTED,parent,False,,,,,"liseuse générale, mini-format non demandé",keywords_data/google_ads/search_volume/live,2026-09-03T14:41:31.031518+00:00,2026-09-03-qualification-9-produits-pur/raw/20-controls-0.json.gz,"[{""year"": 2026, ""month"": 7, ""search_volume"": 1900}, {""year"": 2026, ""month"": 6, ""search_volume"": 1600}, {""year"": 2026, ""month"": 5, ""search_volume"": 1900}, {""year"": 2026, ""month"": 4, ""search_volume"": 1900}, {""year"": 2026, ""month"": 3, ""search_volume"": 1900}, {""year"": 2026, ""month"": 2, ""search_volume"": 1900}, {""year"": 2026, ""month"": 1, ""search_volume"": 2400}, {""year"": 2025, ""month"": 12, ""search_volume"": 4400}, {""year"": 2025, ""month"": 11, ""search_volume"": 5400}, {""year"": 2025, ""month"": 10, ""search_volume"": 2900}, {""year"": 2025, ""month"": 9, ""search_volume"": 2400}, {""year"": 2025, ""month"": 8, ""search_volume"": 3600}]"
A5,liseuse couleurs,2900,0.24,USD_DOCUMENTED,parent,False,,,,,"liseuse générale, mini-format non demandé",keywords_data/google_ads/search_volume/live,2026-09-03T14:41:31.031518+00:00,2026-09-03-qualification-9-produits-pur/raw/20-controls-0.json.gz,"[{""year"": 2026, ""month"": 7, ""search_volume"": 2400}, {""year"": 2026, ""month"": 6, ""search_volume"": 1900}, {""year"": 2026, ""month"": 5, ""search_volume"": 2400}, {""year"": 2026, ""month"": 4, ""search_volume"": 1900}, {""year"": 2026, ""month"": 3, ""search_volume"": 2400}, {""year"": 2026, ""month"": 2, ""search_volume"": 2900}, {""year"": 2026, ""month"": 1, ""search_volume"": 2900}, {""year"": 2025, ""month"": 12, ""search_volume"": 4400}, {""year"": 2025, ""month"": 11, ""search_volume"": 5400}, {""year"": 2025, ""month"": 10, ""search_volume"": 3600}, {""year"": 2025, ""month"": 9, ""search_volume"": 2900}, {""year"": 2025, ""month"": 8, ""search_volume"": 3600}]"
A5,liseuse la meilleure,2900,0.32,USD_DOCUMENTED,parent,False,,,,,"liseuse générale, mini-format non demandé",keywords_data/google_ads/search_volume/live,2026-09-03T14:41:31.031518+00:00,2026-09-03-qualification-9-produits-pur/raw/20-controls-0.json.gz,"[{""year"": 2026, ""month"": 7, ""search_volume"": 1900}, {""year"": 2026, ""month"": 6, ""search_volume"": 1900}, {""year"": 2026, ""month"": 5, ""search_volume"": 1900}, {""year"": 2026, ""month"": 4, ""search_volume"": 1900}, {""year"": 2026, ""month"": 3, ""search_volume"": 2400}, {""year"": 2026, ""month"": 2, ""search_volume"": 2400}, {""year"": 2026, ""month"": 1, ""search_volume"": 2900}, {""year"": 2025, ""month"": 12, ""search_volume"": 4400}, {""year"": 2025, ""month"": 11, ""search_volume"": 5400}, {""year"": 2025, ""month"": 10, ""search_volume"": 2900}, {""year"": 2025, ""month"": 9, ""search_volume"": 2400}, {""year"": 2025, ""month"": 8, ""search_volume"": 3600}]"
A5,liseuse couleur,2900,0.24,USD_DOCUMENTED,parent,False,,,,,"liseuse générale, mini-format non demandé",keywords_data/google_ads/search_volume/live,2026-09-03T14:41:31.031518+00:00,2026-09-03-qualification-9-produits-pur/raw/20-controls-0.json.gz,"[{""year"": 2026, ""month"": 7, ""search_volume"": 2400}, {""year"": 2026, ""month"": 6, ""search_volume"": 1900}, {""year"": 2026, ""month"": 5, ""search_volume"": 2400}, {""year"": 2026, ""month"": 4, ""search_volume"": 1900}, {""year"": 2026, ""month"": 3, ""search_volume"": 2400}, {""year"": 2026, ""month"": 2, ""search_volume"": 2900}, {""year"": 2026, ""month"": 1, ""search_volume"": 2900}, {""year"": 2025, ""month"": 12, ""search_volume"": 4400}, {""year"": 2025, ""month"": 11, ""search_volume"": 5400}, {""year"": 2025, ""month"": 10, ""search_volume"": 3600}, {""year"": 2025, ""month"": 9, ""search_volume"": 2900}, {""year"": 2025, ""month"": 8, ""search_volume"": 3600}]"
A5,liseuse comparatif,2900,0.38,USD_DOCUMENTED,parent,False,,,,,"liseuse générale, mini-format non demandé",keywords_data/google_ads/search_volume/live,2026-09-03T14:41:31.031518+00:00,2026-09-03-qualification-9-produits-pur/raw/20-controls-0.json.gz,"[{""year"": 2026, ""month"": 7, ""search_volume"": 1900}, {""year"": 2026, ""month"": 6, ""search_volume"": 1600}, {""year"": 2026, ""month"": 5, ""search_volume"": 1900}, {""year"": 2026, ""month"": 4, ""search_volume"": 1900}, {""year"": 2026, ""month"": 3, ""search_volume"": 1900}, {""year"": 2026, ""month"": 2, ""search_volume"": 1900}, {""year"": 2026, ""month"": 1, ""search_volume"": 2400}, {""year"": 2025, ""month"": 12, ""search_volume"": 4400}, {""year"": 2025, ""month"": 11, ""search_volume"": 5400}, {""year"": 2025, ""month"": 10, ""search_volume"": 2900}, {""year"": 2025, ""month"": 9, ""search_volume"": 2400}, {""year"": 2025, ""month"": 8, ""search_volume"": 3600}]"
A5,comparatif liseuse,2900,0.38,USD_DOCUMENTED,parent,False,,,,,"liseuse générale, mini-format non demandé",keywords_data/google_ads/search_volume/live,2026-09-03T14:41:31.031518+00:00,2026-09-03-qualification-9-produits-pur/raw/20-controls-0.json.gz,"[{""year"": 2026, ""month"": 7, ""search_volume"": 1900}, {""year"": 2026, ""month"": 6, ""search_volume"": 1600}, {""year"": 2026, ""month"": 5, ""search_volume"": 1900}, {""year"": 2026, ""month"": 4, ""search_volume"": 1900}, {""year"": 2026, ""month"": 3, ""search_volume"": 1900}, {""year"": 2026, ""month"": 2, ""search_volume"": 1900}, {""year"": 2026, ""month"": 1, ""search_volume"": 2400}, {""year"": 2025, ""month"": 12, ""search_volume"": 4400}, {""year"": 2025, ""month"": 11, ""search_volume"": 5400}, {""year"": 2025, ""month"": 10, ""search_volume"": 2900}, {""year"": 2025, ""month"": 9, ""search_volume"": 2400}, {""year"": 2025, ""month"": 8, ""search_volume"": 3600}]"
A5,meilleur liseuse,2900,0.32,USD_DOCUMENTED,parent,False,,,,,"liseuse générale, mini-format non demandé",keywords_data/google_ads/search_volume/live,2026-09-03T14:41:31.031518+00:00,2026-09-03-qualification-9-produits-pur/raw/20-controls-0.json.gz,"[{""year"": 2026, ""month"": 7, ""search_volume"": 1900}, {""year"": 2026, ""month"": 6, ""search_volume"": 1900}, {""year"": 2026, ""month"": 5, ""search_volume"": 1900}, {""year"": 2026, ""month"": 4, ""search_volume"": 1900}, {""year"": 2026, ""month"": 3, ""search_volume"": 2400}, {""year"": 2026, ""month"": 2, ""search_volume"": 2400}, {""year"": 2026, ""month"": 1, ""search_volume"": 2900}, {""year"": 2025, ""month"": 12, ""search_volume"": 4400}, {""year"": 2025, ""month"": 11, ""search_volume"": 5400}, {""year"": 2025, ""month"": 10, ""search_volume"": 2900}, {""year"": 2025, ""month"": 9, ""search_volume"": 2400}, {""year"": 2025, ""month"": 8, ""search_volume"": 3600}]"
A5,liseuse meilleur,2900,0.32,USD_DOCUMENTED,parent,False,,,,,"liseuse générale, mini-format non demandé",keywords_data/google_ads/search_volume/live,2026-09-03T14:41:31.031518+00:00,2026-09-03-qualification-9-produits-pur/raw/20-controls-0.json.gz,"[{""year"": 2026, ""month"": 7, ""search_volume"": 1900}, {""year"": 2026, ""month"": 6, ""search_volume"": 1900}, {""year"": 2026, ""month"": 5, ""search_volume"": 1900}, {""year"": 2026, ""month"": 4, ""search_volume"": 1900}, {""year"": 2026, ""month"": 3, ""search_volume"": 2400}, {""year"": 2026, ""month"": 2, ""search_volume"": 2400}, {""year"": 2026, ""month"": 1, ""search_volume"": 2900}, {""year"": 2025, ""month"": 12, ""search_volume"": 4400}, {""year"": 2025, ""month"": 11, ""search_volume"": 5400}, {""year"": 2025, ""month"": 10, ""search_volume"": 2900}, {""year"": 2025, ""month"": 9, ""search_volume"": 2400}, {""year"": 2025, ""month"": 8, ""search_volume"": 3600}]"
A5,meilleurs liseuse,2900,0.32,USD_DOCUMENTED,parent,False,,,,,"liseuse générale, mini-format non demandé",keywords_data/google_ads/search_volume/live,2026-09-03T14:41:31.031518+00:00,2026-09-03-qualification-9-produits-pur/raw/20-controls-0.json.gz,"[{""year"": 2026, ""month"": 7, ""search_volume"": 1900}, {""year"": 2026, ""month"": 6, ""search_volume"": 1900}, {""year"": 2026, ""month"": 5, ""search_volume"": 1900}, {""year"": 2026, ""month"": 4, ""search_volume"": 1900}, {""year"": 2026, ""month"": 3, ""search_volume"": 2400}, {""year"": 2026, ""month"": 2, ""search_volume"": 2400}, {""year"": 2026, ""month"": 1, ""search_volume"": 2900}, {""year"": 2025, ""month"": 12, ""search_volume"": 4400}, {""year"": 2025, ""month"": 11, ""search_volume"": 5400}, {""year"": 2025, ""month"": 10, ""search_volume"": 2900}, {""year"": 2025, ""month"": 9, ""search_volume"": 2400}, {""year"": 2025, ""month"": 8, ""search_volume"": 3600}]"
A5,meilleure liseuse,2900,0.32,USD_DOCUMENTED,parent,False,,,,,"liseuse générale, mini-format non demandé",keywords_data/google_ads/search_volume/live,2026-09-03T14:41:31.031518+00:00,2026-09-03-qualification-9-produits-pur/raw/20-controls-0.json.gz,"[{""year"": 2026, ""month"": 7, ""search_volume"": 1900}, {""year"": 2026, ""month"": 6, ""search_volume"": 1900}, {""year"": 2026, ""month"": 5, ""search_volume"": 1900}, {""year"": 2026, ""month"": 4, ""search_volume"": 1900}, {""year"": 2026, ""month"": 3, ""search_volume"": 2400}, {""year"": 2026, ""month"": 2, ""search_volume"": 2400}, {""year"": 2026, ""month"": 1, ""search_volume"": 2900}, {""year"": 2025, ""month"": 12, ""search_volume"": 4400}, {""year"": 2025, ""month"": 11, ""search_volume"": 5400}, {""year"": 2025, ""month"": 10, ""search_volume"": 2900}, {""year"": 2025, ""month"": 9, ""search_volume"": 2400}, {""year"": 2025, ""month"": 8, ""search_volume"": 3600}]"
A5,liseuse en couleur,2900,0.24,USD_DOCUMENTED,parent,False,,,,,"liseuse générale, mini-format non demandé",keywords_data/google_ads/search_volume/live,2026-09-03T14:41:31.031518+00:00,2026-09-03-qualification-9-produits-pur/raw/20-controls-0.json.gz,"[{""year"": 2026, ""month"": 7, ""search_volume"": 2400}, {""year"": 2026, ""month"": 6, ""search_volume"": 1900}, {""year"": 2026, ""month"": 5, ""search_volume"": 2400}, {""year"": 2026, ""month"": 4, ""search_volume"": 1900}, {""year"": 2026, ""month"": 3, ""search_volume"": 2400}, {""year"": 2026, ""month"": 2, ""search_volume"": 2900}, {""year"": 2026, ""month"": 1, ""search_volume"": 2900}, {""year"": 2025, ""month"": 12, ""search_volume"": 4400}, {""year"": 2025, ""month"": 11, ""search_volume"": 5400}, {""year"": 2025, ""month"": 10, ""search_volume"": 3600}, {""year"": 2025, ""month"": 9, ""search_volume"": 2900}, {""year"": 2025, ""month"": 8, ""search_volume"": 3600}]"
A5,boulanger liseuse,2400,0.14,USD_DOCUMENTED,parent,True,,,,,"liseuse générale, mini-format non demandé",keywords_data/google_ads/search_volume/live,2026-09-03T14:41:31.031518+00:00,2026-09-03-qualification-9-produits-pur/raw/20-controls-0.json.gz,"[{""year"": 2026, ""month"": 7, ""search_volume"": 2400}, {""year"": 2026, ""month"": 6, ""search_volume"": 1600}, {""year"": 2026, ""month"": 5, ""search_volume"": 1900}, {""year"": 2026, ""month"": 4, ""search_volume"": 1600}, {""year"": 2026, ""month"": 3, ""search_volume"": 1600}, {""year"": 2026, ""month"": 2, ""search_volume"": 1900}, {""year"": 2026, ""month"": 1, ""search_volume"": 2400}, {""year"": 2025, ""month"": 12, ""search_volume"": 5400}, {""year"": 2025, ""month"": 11, ""search_volume"": 4400}, {""year"": 2025, ""month"": 10, ""search_volume"": 2400}, {""year"": 2025, ""month"": 9, ""search_volume"": 1900}, {""year"": 2025, ""month"": 8, ""search_volume"": 2400}]"
A5,liseuse amazon paperwhite,2400,0.47,USD_DOCUMENTED,parent,True,,,,,"liseuse générale, mini-format non demandé",keywords_data/google_ads/search_volume/live,2026-09-03T14:41:31.031518+00:00,2026-09-03-qualification-9-produits-pur/raw/20-controls-0.json.gz,"[{""year"": 2026, ""month"": 7, ""search_volume"": 1600}, {""year"": 2026, ""month"": 6, ""search_volume"": 1600}, {""year"": 2026, ""month"": 5, ""search_volume"": 1300}, {""year"": 2026, ""month"": 4, ""search_volume"": 1000}, {""year"": 2026, ""month"": 3, ""search_volume"": 1300}, {""year"": 2026, ""month"": 2, ""search_volume"": 1300}, {""year"": 2026, ""month"": 1, ""search_volume"": 2400}, {""year"": 2025, ""month"": 12, ""search_volume"": 3600}, {""year"": 2025, ""month"": 11, ""search_volume"": 5400}, {""year"": 2025, ""month"": 10, ""search_volume"": 1900}, {""year"": 2025, ""month"": 9, ""search_volume"": 1900}, {""year"": 2025, ""month"": 8, ""search_volume"": 2400}]"
A5,liseuse kindle paperwhite,2400,0.47,USD_DOCUMENTED,parent,True,,,,,"liseuse générale, mini-format non demandé",keywords_data/google_ads/search_volume/live,2026-09-03T14:41:31.031518+00:00,2026-09-03-qualification-9-produits-pur/raw/20-controls-0.json.gz,"[{""year"": 2026, ""month"": 7, ""search_volume"": 1600}, {""year"": 2026, ""month"": 6, ""search_volume"": 1600}, {""year"": 2026, ""month"": 5, ""search_volume"": 1300}, {""year"": 2026, ""month"": 4, ""search_volume"": 1000}, {""year"": 2026, ""month"": 3, ""search_volume"": 1300}, {""year"": 2026, ""month"": 2, ""search_volume"": 1300}, {""year"": 2026, ""month"": 1, ""search_volume"": 2400}, {""year"": 2025, ""month"": 12, ""search_volume"": 3600}, {""year"": 2025, ""month"": 11, ""search_volume"": 5400}, {""year"": 2025, ""month"": 10, ""search_volume"": 1900}, {""year"": 2025, ""month"": 9, ""search_volume"": 1900}, {""year"": 2025, ""month"": 8, ""search_volume"": 2400}]"
A5,lampes liseuse,2400,0.61,USD_DOCUMENTED,incompatible,False,,,,,"lampe, logiciel, contenu ou sens non appareil",keywords_data/google_ads/search_volume/live,2026-09-03T14:41:31.031518+00:00,2026-09-03-qualification-9-produits-pur/raw/20-controls-0.json.gz,"[{""year"": 2026, ""month"": 7, ""search_volume"": 1000}, {""year"": 2026, ""month"": 6, ""search_volume"": 1000}, {""year"": 2026, ""month"": 5, ""search_volume"": 1600}, {""year"": 2026, ""month"": 4, ""search_volume"": 1600}, {""year"": 2026, ""month"": 3, ""search_volume"": 2400}, {""year"": 2026, ""month"": 2, ""search_volume"": 2900}, {""year"": 2026, ""month"": 1, ""search_volume"": 3600}, {""year"": 2025, ""month"": 12, ""search_volume"": 4400}, {""year"": 2025, ""month"": 11, ""search_volume"": 4400}, {""year"": 2025, ""month"": 10, ""search_volume"": 2900}, {""year"": 2025, ""month"": 9, ""search_volume"": 2400}, {""year"": 2025, ""month"": 8, ""search_volume"": 2400}]"
A5,liseuse paperwhite,2400,0.47,USD_DOCUMENTED,parent,True,,,,,"liseuse générale, mini-format non demandé",keywords_data/google_ads/search_volume/live,2026-09-03T14:41:31.031518+00:00,2026-09-03-qualification-9-produits-pur/raw/20-controls-0.json.gz,"[{""year"": 2026, ""month"": 7, ""search_volume"": 1600}, {""year"": 2026, ""month"": 6, ""search_volume"": 1600}, {""year"": 2026, ""month"": 5, ""search_volume"": 1300}, {""year"": 2026, ""month"": 4, ""search_volume"": 1000}, {""year"": 2026, ""month"": 3, ""search_volume"": 1300}, {""year"": 2026, ""month"": 2, ""search_volume"": 1300}, {""year"": 2026, ""month"": 1, ""search_volume"": 2400}, {""year"": 2025, ""month"": 12, ""search_volume"": 3600}, {""year"": 2025, ""month"": 11, ""search_volume"": 5400}, {""year"": 2025, ""month"": 10, ""search_volume"": 1900}, {""year"": 2025, ""month"": 9, ""search_volume"": 1900}, {""year"": 2025, ""month"": 8, ""search_volume"": 2400}]"
A5,kobo fnac liseuse,2400,0.22,USD_DOCUMENTED,parent,True,,,,,"liseuse générale, mini-format non demandé",keywords_data/google_ads/search_volume/live,2026-09-03T14:41:31.031518+00:00,2026-09-03-qualification-9-produits-pur/raw/20-controls-0.json.gz,"[{""year"": 2026, ""month"": 7, ""search_volume"": 2400}, {""year"": 2026, ""month"": 6, ""search_volume"": 1900}, {""year"": 2026, ""month"": 5, ""search_volume"": 1900}, {""year"": 2026, ""month"": 4, ""search_volume"": 1600}, {""year"": 2026, ""month"": 3, ""search_volume"": 1900}, {""year"": 2026, ""month"": 2, ""search_volume"": 1900}, {""year"": 2026, ""month"": 1, ""search_volume"": 2400}, {""year"": 2025, ""month"": 12, ""search_volume"": 4400}, {""year"": 2025, ""month"": 11, ""search_volume"": 3600}, {""year"": 2025, ""month"": 10, ""search_volume"": 1900}, {""year"": 2025, ""month"": 9, ""search_volume"": 1900}, {""year"": 2025, ""month"": 8, ""search_volume"": 2900}]"
A5,liseuse kobo fnac,2400,0.22,USD_DOCUMENTED,parent,True,,,,,"liseuse générale, mini-format non demandé",keywords_data/google_ads/search_volume/live,2026-09-03T14:41:31.031518+00:00,2026-09-03-qualification-9-produits-pur/raw/20-controls-0.json.gz,"[{""year"": 2026, ""month"": 7, ""search_volume"": 2400}, {""year"": 2026, ""month"": 6, ""search_volume"": 1900}, {""year"": 2026, ""month"": 5, ""search_volume"": 1900}, {""year"": 2026, ""month"": 4, ""search_volume"": 1600}, {""year"": 2026, ""month"": 3, ""search_volume"": 1900}, {""year"": 2026, ""month"": 2, ""search_volume"": 1900}, {""year"": 2026, ""month"": 1, ""search_volume"": 2400}, {""year"": 2025, ""month"": 12, ""search_volume"": 4400}, {""year"": 2025, ""month"": 11, ""search_volume"": 3600}, {""year"": 2025, ""month"": 10, ""search_volume"": 1900}, {""year"": 2025, ""month"": 9, ""search_volume"": 1900}, {""year"": 2025, ""month"": 8, ""search_volume"": 2900}]"
A5,lampadaire liseuse,2400,0.61,USD_DOCUMENTED,incompatible,False,,,,,"lampe, logiciel, contenu ou sens non appareil",keywords_data/google_ads/search_volume/live,2026-09-03T14:41:31.031518+00:00,2026-09-03-qualification-9-produits-pur/raw/20-controls-0.json.gz,"[{""year"": 2026, ""month"": 7, ""search_volume"": 1000}, {""year"": 2026, ""month"": 6, ""search_volume"": 1000}, {""year"": 2026, ""month"": 5, ""search_volume"": 1600}, {""year"": 2026, ""month"": 4, ""search_volume"": 1600}, {""year"": 2026, ""month"": 3, ""search_volume"": 2400}, {""year"": 2026, ""month"": 2, ""search_volume"": 2900}, {""year"": 2026, ""month"": 1, ""search_volume"": 3600}, {""year"": 2025, ""month"": 12, ""search_volume"": 4400}, {""year"": 2025, ""month"": 11, ""search_volume"": 4400}, {""year"": 2025, ""month"": 10, ""search_volume"": 2900}, {""year"": 2025, ""month"": 9, ""search_volume"": 2400}, {""year"": 2025, ""month"": 8, ""search_volume"": 2400}]"
A5,kobo liseuse fnac,2400,0.22,USD_DOCUMENTED,parent,True,,,,,"liseuse générale, mini-format non demandé",keywords_data/google_ads/search_volume/live,2026-09-03T14:41:31.031518+00:00,2026-09-03-qualification-9-produits-pur/raw/20-controls-0.json.gz,"[{""year"": 2026, ""month"": 7, ""search_volume"": 2400}, {""year"": 2026, ""month"": 6, ""search_volume"": 1900}, {""year"": 2026, ""month"": 5, ""search_volume"": 1900}, {""year"": 2026, ""month"": 4, ""search_volume"": 1600}, {""year"": 2026, ""month"": 3, ""search_volume"": 1900}, {""year"": 2026, ""month"": 2, ""search_volume"": 1900}, {""year"": 2026, ""month"": 1, ""search_volume"": 2400}, {""year"": 2025, ""month"": 12, ""search_volume"": 4400}, {""year"": 2025, ""month"": 11, ""search_volume"": 3600}, {""year"": 2025, ""month"": 10, ""search_volume"": 1900}, {""year"": 2025, ""month"": 9, ""search_volume"": 1900}, {""year"": 2025, ""month"": 8, ""search_volume"": 2900}]"
A5,lampe liseuse,2400,0.61,USD_DOCUMENTED,incompatible,False,,,,,"lampe, logiciel, contenu ou sens non appareil",keywords_data/google_ads/search_volume/live,2026-09-03T14:41:31.031518+00:00,2026-09-03-qualification-9-produits-pur/raw/20-controls-0.json.gz,"[{""year"": 2026, ""month"": 7, ""search_volume"": 1000}, {""year"": 2026, ""month"": 6, ""search_volume"": 1000}, {""year"": 2026, ""month"": 5, ""search_volume"": 1600}, {""year"": 2026, ""month"": 4, ""search_volume"": 1600}, {""year"": 2026, ""month"": 3, ""search_volume"": 2400}, {""year"": 2026, ""month"": 2, ""search_volume"": 2900}, {""year"": 2026, ""month"": 1, ""search_volume"": 3600}, {""year"": 2025, ""month"": 12, ""search_volume"": 4400}, {""year"": 2025, ""month"": 11, ""search_volume"": 4400}, {""year"": 2025, ""month"": 10, ""search_volume"": 2900}, {""year"": 2025, ""month"": 9, ""search_volume"": 2400}, {""year"": 2025, ""month"": 8, ""search_volume"": 2400}]"
A5,lampadaires liseuse,2400,0.61,USD_DOCUMENTED,incompatible,False,,,,,"lampe, logiciel, contenu ou sens non appareil",keywords_data/google_ads/search_volume/live,2026-09-03T14:41:31.031518+00:00,2026-09-03-qualification-9-produits-pur/raw/20-controls-0.json.gz,"[{""year"": 2026, ""month"": 7, ""search_volume"": 1000}, {""year"": 2026, ""month"": 6, ""search_volume"": 1000}, {""year"": 2026, ""month"": 5, ""search_volume"": 1600}, {""year"": 2026, ""month"": 4, ""search_volume"": 1600}, {""year"": 2026, ""month"": 3, ""search_volume"": 2400}, {""year"": 2026, ""month"": 2, ""search_volume"": 2900}, {""year"": 2026, ""month"": 1, ""search_volume"": 3600}, {""year"": 2025, ""month"": 12, ""search_volume"": 4400}, {""year"": 2025, ""month"": 11, ""search_volume"": 4400}, {""year"": 2025, ""month"": 10, ""search_volume"": 2900}, {""year"": 2025, ""month"": 9, ""search_volume"": 2400}, {""year"": 2025, ""month"": 8, ""search_volume"": 2400}]"
A5,liseuse fnac kobo,2400,0.22,USD_DOCUMENTED,parent,True,,,,,"liseuse générale, mini-format non demandé",keywords_data/google_ads/search_volume/live,2026-09-03T14:41:31.031518+00:00,2026-09-03-qualification-9-produits-pur/raw/20-controls-0.json.gz,"[{""year"": 2026, ""month"": 7, ""search_volume"": 2400}, {""year"": 2026, ""month"": 6, ""search_volume"": 1900}, {""year"": 2026, ""month"": 5, ""search_volume"": 1900}, {""year"": 2026, ""month"": 4, ""search_volume"": 1600}, {""year"": 2026, ""month"": 3, ""search_volume"": 1900}, {""year"": 2026, ""month"": 2, ""search_volume"": 1900}, {""year"": 2026, ""month"": 1, ""search_volume"": 2400}, {""year"": 2025, ""month"": 12, ""search_volume"": 4400}, {""year"": 2025, ""month"": 11, ""search_volume"": 3600}, {""year"": 2025, ""month"": 10, ""search_volume"": 1900}, {""year"": 2025, ""month"": 9, ""search_volume"": 1900}, {""year"": 2025, ""month"": 8, ""search_volume"": 2900}]"
A5,liseuse boulanger,2400,0.14,USD_DOCUMENTED,parent,True,,,,,"liseuse générale, mini-format non demandé",keywords_data/google_ads/search_volume/live,2026-09-03T14:41:31.031518+00:00,2026-09-03-qualification-9-produits-pur/raw/20-controls-0.json.gz,"[{""year"": 2026, ""month"": 7, ""search_volume"": 2400}, {""year"": 2026, ""month"": 6, ""search_volume"": 1600}, {""year"": 2026, ""month"": 5, ""search_volume"": 1900}, {""year"": 2026, ""month"": 4, ""search_volume"": 1600}, {""year"": 2026, ""month"": 3, ""search_volume"": 1600}, {""year"": 2026, ""month"": 2, ""search_volume"": 1900}, {""year"": 2026, ""month"": 1, ""search_volume"": 2400}, {""year"": 2025, ""month"": 12, ""search_volume"": 5400}, {""year"": 2025, ""month"": 11, ""search_volume"": 4400}, {""year"": 2025, ""month"": 10, ""search_volume"": 2400}, {""year"": 2025, ""month"": 9, ""search_volume"": 1900}, {""year"": 2025, ""month"": 8, ""search_volume"": 2400}]"
A5,fnac kobo liseuse,2400,0.22,USD_DOCUMENTED,parent,True,,,,,"liseuse générale, mini-format non demandé",keywords_data/google_ads/search_volume/live,2026-09-03T14:41:31.031518+00:00,2026-09-03-qualification-9-produits-pur/raw/20-controls-0.json.gz,"[{""year"": 2026, ""month"": 7, ""search_volume"": 2400}, {""year"": 2026, ""month"": 6, ""search_volume"": 1900}, {""year"": 2026, ""month"": 5, ""search_volume"": 1900}, {""year"": 2026, ""month"": 4, ""search_volume"": 1600}, {""year"": 2026, ""month"": 3, ""search_volume"": 1900}, {""year"": 2026, ""month"": 2, ""search_volume"": 1900}, {""year"": 2026, ""month"": 1, ""search_volume"": 2400}, {""year"": 2025, ""month"": 12, ""search_volume"": 4400}, {""year"": 2025, ""month"": 11, ""search_volume"": 3600}, {""year"": 2025, ""month"": 10, ""search_volume"": 1900}, {""year"": 2025, ""month"": 9, ""search_volume"": 1900}, {""year"": 2025, ""month"": 8, ""search_volume"": 2900}]"
A5,fnac liseuse kobo,2400,0.22,USD_DOCUMENTED,parent,True,,,,,"liseuse générale, mini-format non demandé",keywords_data/google_ads/search_volume/live,2026-09-03T14:41:31.031518+00:00,2026-09-03-qualification-9-produits-pur/raw/20-controls-0.json.gz,"[{""year"": 2026, ""month"": 7, ""search_volume"": 2400}, {""year"": 2026, ""month"": 6, ""search_volume"": 1900}, {""year"": 2026, ""month"": 5, ""search_volume"": 1900}, {""year"": 2026, ""month"": 4, ""search_volume"": 1600}, {""year"": 2026, ""month"": 3, ""search_volume"": 1900}, {""year"": 2026, ""month"": 2, ""search_volume"": 1900}, {""year"": 2026, ""month"": 1, ""search_volume"": 2400}, {""year"": 2025, ""month"": 12, ""search_volume"": 4400}, {""year"": 2025, ""month"": 11, ""search_volume"": 3600}, {""year"": 2025, ""month"": 10, ""search_volume"": 1900}, {""year"": 2025, ""month"": 9, ""search_volume"": 1900}, {""year"": 2025, ""month"": 8, ""search_volume"": 2900}]"
A5,lampadaire et liseuse,1900,0.81,USD_DOCUMENTED,incompatible,False,,,,,"lampe, logiciel, contenu ou sens non appareil",keywords_data/google_ads/search_volume/live,2026-09-03T14:41:31.031518+00:00,2026-09-03-qualification-9-produits-pur/raw/20-controls-0.json.gz,"[{""year"": 2026, ""month"": 7, ""search_volume"": 1600}, {""year"": 2026, ""month"": 6, ""search_volume"": 1600}, {""year"": 2026, ""month"": 5, ""search_volume"": 1900}, {""year"": 2026, ""month"": 4, ""search_volume"": 1600}, {""year"": 2026, ""month"": 3, ""search_volume"": 1900}, {""year"": 2026, ""month"": 2, ""search_volume"": 2400}, {""year"": 2026, ""month"": 1, ""search_volume"": 2900}, {""year"": 2025, ""month"": 12, ""search_volume"": 3600}, {""year"": 2025, ""month"": 11, ""search_volume"": 2900}, {""year"": 2025, ""month"": 10, ""search_volume"": 2400}, {""year"": 2025, ""month"": 9, ""search_volume"": 1900}, {""year"": 2025, ""month"": 8, ""search_volume"": 1900}]"
A5,liseuse cultura,1900,0.19,USD_DOCUMENTED,parent,True,,,,,"liseuse générale, mini-format non demandé",keywords_data/google_ads/search_volume/live,2026-09-03T14:41:31.031518+00:00,2026-09-03-qualification-9-produits-pur/raw/20-controls-0.json.gz,"[{""year"": 2026, ""month"": 7, ""search_volume"": 1900}, {""year"": 2026, ""month"": 6, ""search_volume"": 1600}, {""year"": 2026, ""month"": 5, ""search_volume"": 1600}, {""year"": 2026, ""month"": 4, ""search_volume"": 1300}, {""year"": 2026, ""month"": 3, ""search_volume"": 1600}, {""year"": 2026, ""month"": 2, ""search_volume"": 1600}, {""year"": 2026, ""month"": 1, ""search_volume"": 1900}, {""year"": 2025, ""month"": 12, ""search_volume"": 4400}, {""year"": 2025, ""month"": 11, ""search_volume"": 3600}, {""year"": 2025, ""month"": 10, ""search_volume"": 1900}, {""year"": 2025, ""month"": 9, ""search_volume"": 1900}, {""year"": 2025, ""month"": 8, ""search_volume"": 2400}]"
A5,liseuse pas cher,1900,0.2,USD_DOCUMENTED,parent,False,,,,,"liseuse générale, mini-format non demandé",keywords_data/google_ads/search_volume/live,2026-09-03T14:41:31.031518+00:00,2026-09-03-qualification-9-produits-pur/raw/20-controls-0.json.gz,"[{""year"": 2026, ""month"": 7, ""search_volume"": 1600}, {""year"": 2026, ""month"": 6, ""search_volume"": 1300}, {""year"": 2026, ""month"": 5, ""search_volume"": 1300}, {""year"": 2026, ""month"": 4, ""search_volume"": 1000}, {""year"": 2026, ""month"": 3, ""search_volume"": 1600}, {""year"": 2026, ""month"": 2, ""search_volume"": 1600}, {""year"": 2026, ""month"": 1, ""search_volume"": 1600}, {""year"": 2025, ""month"": 12, ""search_volume"": 2400}, {""year"": 2025, ""month"": 11, ""search_volume"": 2400}, {""year"": 2025, ""month"": 10, ""search_volume"": 1900}, {""year"": 2025, ""month"": 9, ""search_volume"": 1900}, {""year"": 2025, ""month"": 8, ""search_volume"": 2400}]"
A5,liseuse lampadaire,1900,0.81,USD_DOCUMENTED,incompatible,False,,,,,"lampe, logiciel, contenu ou sens non appareil",keywords_data/google_ads/search_volume/live,2026-09-03T14:41:31.031518+00:00,2026-09-03-qualification-9-produits-pur/raw/20-controls-0.json.gz,"[{""year"": 2026, ""month"": 7, ""search_volume"": 1600}, {""year"": 2026, ""month"": 6, ""search_volume"": 1600}, {""year"": 2026, ""month"": 5, ""search_volume"": 1900}, {""year"": 2026, ""month"": 4, ""search_volume"": 1600}, {""year"": 2026, ""month"": 3, ""search_volume"": 1900}, {""year"": 2026, ""month"": 2, ""search_volume"": 2400}, {""year"": 2026, ""month"": 1, ""search_volume"": 2900}, {""year"": 2025, ""month"": 12, ""search_volume"": 3600}, {""year"": 2025, ""month"": 11, ""search_volume"": 2900}, {""year"": 2025, ""month"": 10, ""search_volume"": 2400}, {""year"": 2025, ""month"": 9, ""search_volume"": 1900}, {""year"": 2025, ""month"": 8, ""search_volume"": 1900}]"
A5,liseuse lampe,1900,0.81,USD_DOCUMENTED,incompatible,False,,,,,"lampe, logiciel, contenu ou sens non appareil",keywords_data/google_ads/search_volume/live,2026-09-03T14:41:31.031518+00:00,2026-09-03-qualification-9-produits-pur/raw/20-controls-0.json.gz,"[{""year"": 2026, ""month"": 7, ""search_volume"": 1600}, {""year"": 2026, ""month"": 6, ""search_volume"": 1600}, {""year"": 2026, ""month"": 5, ""search_volume"": 1900}, {""year"": 2026, ""month"": 4, ""search_volume"": 1600}, {""year"": 2026, ""month"": 3, ""search_volume"": 1900}, {""year"": 2026, ""month"": 2, ""search_volume"": 2400}, {""year"": 2026, ""month"": 1, ""search_volume"": 2900}, {""year"": 2025, ""month"": 12, ""search_volume"": 3600}, {""year"": 2025, ""month"": 11, ""search_volume"": 2900}, {""year"": 2025, ""month"": 10, ""search_volume"": 2400}, {""year"": 2025, ""month"": 9, ""search_volume"": 1900}, {""year"": 2025, ""month"": 8, ""search_volume"": 1900}]"
A5,liseuse lampes,1900,0.81,USD_DOCUMENTED,incompatible,False,,,,,"lampe, logiciel, contenu ou sens non appareil",keywords_data/google_ads/search_volume/live,2026-09-03T14:41:31.031518+00:00,2026-09-03-qualification-9-produits-pur/raw/20-controls-0.json.gz,"[{""year"": 2026, ""month"": 7, ""search_volume"": 1600}, {""year"": 2026, ""month"": 6, ""search_volume"": 1600}, {""year"": 2026, ""month"": 5, ""search_volume"": 1900}, {""year"": 2026, ""month"": 4, ""search_volume"": 1600}, {""year"": 2026, ""month"": 3, ""search_volume"": 1900}, {""year"": 2026, ""month"": 2, ""search_volume"": 2400}, {""year"": 2026, ""month"": 1, ""search_volume"": 2900}, {""year"": 2025, ""month"": 12, ""search_volume"": 3600}, {""year"": 2025, ""month"": 11, ""search_volume"": 2900}, {""year"": 2025, ""month"": 10, ""search_volume"": 2400}, {""year"": 2025, ""month"": 9, ""search_volume"": 1900}, {""year"": 2025, ""month"": 8, ""search_volume"": 1900}]"
A5,prix liseuse,1900,0.17,USD_DOCUMENTED,parent,False,,,,,"liseuse générale, mini-format non demandé",keywords_data/google_ads/search_volume/live,2026-09-03T14:41:31.031518+00:00,2026-09-03-qualification-9-produits-pur/raw/20-controls-0.json.gz,"[{""year"": 2026, ""month"": 7, ""search_volume"": 1600}, {""year"": 2026, ""month"": 6, ""search_volume"": 1300}, {""year"": 2026, ""month"": 5, ""search_volume"": 1600}, {""year"": 2026, ""month"": 4, ""search_volume"": 1300}, {""year"": 2026, ""month"": 3, ""search_volume"": 1600}, {""year"": 2026, ""month"": 2, ""search_volume"": 1600}, {""year"": 2026, ""month"": 1, ""search_volume"": 1900}, {""year"": 2025, ""month"": 12, ""search_volume"": 2900}, {""year"": 2025, ""month"": 11, ""search_volume"": 2900}, {""year"": 2025, ""month"": 10, ""search_volume"": 1900}, {""year"": 2025, ""month"": 9, ""search_volume"": 1900}, {""year"": 2025, ""month"": 8, ""search_volume"": 2400}]"
A5,prix d'une liseuse,1900,0.17,USD_DOCUMENTED,parent,False,,,,,"liseuse générale, mini-format non demandé",keywords_data/google_ads/search_volume/live,2026-09-03T14:41:31.031518+00:00,2026-09-03-qualification-9-produits-pur/raw/20-controls-0.json.gz,"[{""year"": 2026, ""month"": 7, ""search_volume"": 1600}, {""year"": 2026, ""month"": 6, ""search_volume"": 1300}, {""year"": 2026, ""month"": 5, ""search_volume"": 1600}, {""year"": 2026, ""month"": 4, ""search_volume"": 1300}, {""year"": 2026, ""month"": 3, ""search_volume"": 1600}, {""year"": 2026, ""month"": 2, ""search_volume"": 1600}, {""year"": 2026, ""month"": 1, ""search_volume"": 1900}, {""year"": 2025, ""month"": 12, ""search_volume"": 2900}, {""year"": 2025, ""month"": 11, ""search_volume"": 2900}, {""year"": 2025, ""month"": 10, ""search_volume"": 1900}, {""year"": 2025, ""month"": 9, ""search_volume"": 1900}, {""year"": 2025, ""month"": 8, ""search_volume"": 2400}]"
A5,meilleure liseuse 2025,1900,0.41,USD_DOCUMENTED,parent,False,,,,,"liseuse générale, mini-format non demandé",keywords_data/google_ads/search_volume/live,2026-09-03T14:41:31.031518+00:00,2026-09-03-qualification-9-produits-pur/raw/20-controls-0.json.gz,"[{""year"": 2026, ""month"": 7, ""search_volume"": 10}, {""year"": 2026, ""month"": 6, ""search_volume"": 40}, {""year"": 2026, ""month"": 5, ""search_volume"": 40}, {""year"": 2026, ""month"": 4, ""search_volume"": 110}, {""year"": 2026, ""month"": 3, ""search_volume"": 390}, {""year"": 2026, ""month"": 2, ""search_volume"": 880}, {""year"": 2026, ""month"": 1, ""search_volume"": 1900}, {""year"": 2025, ""month"": 12, ""search_volume"": 4400}, {""year"": 2025, ""month"": 11, ""search_volume"": 5400}, {""year"": 2025, ""month"": 10, ""search_volume"": 2900}, {""year"": 2025, ""month"": 9, ""search_volume"": 2400}, {""year"": 2025, ""month"": 8, ""search_volume"": 3600}]"
A5,liseuse pas chère,1900,0.2,USD_DOCUMENTED,parent,False,,,,,"liseuse générale, mini-format non demandé",keywords_data/google_ads/search_volume/live,2026-09-03T14:41:31.031518+00:00,2026-09-03-qualification-9-produits-pur/raw/20-controls-0.json.gz,"[{""year"": 2026, ""month"": 7, ""search_volume"": 1600}, {""year"": 2026, ""month"": 6, ""search_volume"": 1300}, {""year"": 2026, ""month"": 5, ""search_volume"": 1300}, {""year"": 2026, ""month"": 4, ""search_volume"": 1000}, {""year"": 2026, ""month"": 3, ""search_volume"": 1600}, {""year"": 2026, ""month"": 2, ""search_volume"": 1600}, {""year"": 2026, ""month"": 1, ""search_volume"": 1600}, {""year"": 2025, ""month"": 12, ""search_volume"": 2400}, {""year"": 2025, ""month"": 11, ""search_volume"": 2400}, {""year"": 2025, ""month"": 10, ""search_volume"": 1900}, {""year"": 2025, ""month"": 9, ""search_volume"": 1900}, {""year"": 2025, ""month"": 8, ""search_volume"": 2400}]"
A5,liseuse prix,1900,0.17,USD_DOCUMENTED,parent,False,,,,,"liseuse générale, mini-format non demandé",keywords_data/google_ads/search_volume/live,2026-09-03T14:41:31.031518+00:00,2026-09-03-qualification-9-produits-pur/raw/20-controls-0.json.gz,"[{""year"": 2026, ""month"": 7, ""search_volume"": 1600}, {""year"": 2026, ""month"": 6, ""search_volume"": 1300}, {""year"": 2026, ""month"": 5, ""search_volume"": 1600}, {""year"": 2026, ""month"": 4, ""search_volume"": 1300}, {""year"": 2026, ""month"": 3, ""search_volume"": 1600}, {""year"": 2026, ""month"": 2, ""search_volume"": 1600}, {""year"": 2026, ""month"": 1, ""search_volume"": 1900}, {""year"": 2025, ""month"": 12, ""search_volume"": 2900}, {""year"": 2025, ""month"": 11, ""search_volume"": 2900}, {""year"": 2025, ""month"": 10, ""search_volume"": 1900}, {""year"": 2025, ""month"": 9, ""search_volume"": 1900}, {""year"": 2025, ""month"": 8, ""search_volume"": 2400}]"
A5,lampe et liseuse,1900,0.81,USD_DOCUMENTED,incompatible,False,,,,,"lampe, logiciel, contenu ou sens non appareil",keywords_data/google_ads/search_volume/live,2026-09-03T14:41:31.031518+00:00,2026-09-03-qualification-9-produits-pur/raw/20-controls-0.json.gz,"[{""year"": 2026, ""month"": 7, ""search_volume"": 1600}, {""year"": 2026, ""month"": 6, ""search_volume"": 1600}, {""year"": 2026, ""month"": 5, ""search_volume"": 1900}, {""year"": 2026, ""month"": 4, ""search_volume"": 1600}, {""year"": 2026, ""month"": 3, ""search_volume"": 1900}, {""year"": 2026, ""month"": 2, ""search_volume"": 2400}, {""year"": 2026, ""month"": 1, ""search_volume"": 2900}, {""year"": 2025, ""month"": 12, ""search_volume"": 3600}, {""year"": 2025, ""month"": 11, ""search_volume"": 2900}, {""year"": 2025, ""month"": 10, ""search_volume"": 2400}, {""year"": 2025, ""month"": 9, ""search_volume"": 1900}, {""year"": 2025, ""month"": 8, ""search_volume"": 1900}]"
A5,liseuse kobo clara,1900,0.31,USD_DOCUMENTED,parent,True,,,,,"liseuse générale, mini-format non demandé",keywords_data/google_ads/search_volume/live,2026-09-03T14:41:31.031518+00:00,2026-09-03-qualification-9-produits-pur/raw/20-controls-0.json.gz,"[{""year"": 2026, ""month"": 7, ""search_volume"": 1900}, {""year"": 2026, ""month"": 6, ""search_volume"": 1600}, {""year"": 2026, ""month"": 5, ""search_volume"": 1600}, {""year"": 2026, ""month"": 4, ""search_volume"": 1000}, {""year"": 2026, ""month"": 3, ""search_volume"": 1300}, {""year"": 2026, ""month"": 2, ""search_volume"": 1300}, {""year"": 2026, ""month"": 1, ""search_volume"": 2400}, {""year"": 2025, ""month"": 12, ""search_volume"": 3600}, {""year"": 2025, ""month"": 11, ""search_volume"": 4400}, {""year"": 2025, ""month"": 10, ""search_volume"": 1600}, {""year"": 2025, ""month"": 9, ""search_volume"": 1600}, {""year"": 2025, ""month"": 8, ""search_volume"": 1900}]"
A5,meilleur liseuse 2025,1900,0.41,USD_DOCUMENTED,parent,False,,,,,"liseuse générale, mini-format non demandé",keywords_data/google_ads/search_volume/live,2026-09-03T14:41:31.031518+00:00,2026-09-03-qualification-9-produits-pur/raw/20-controls-0.json.gz,"[{""year"": 2026, ""month"": 7, ""search_volume"": 10}, {""year"": 2026, ""month"": 6, ""search_volume"": 40}, {""year"": 2026, ""month"": 5, ""search_volume"": 40}, {""year"": 2026, ""month"": 4, ""search_volume"": 110}, {""year"": 2026, ""month"": 3, ""search_volume"": 390}, {""year"": 2026, ""month"": 2, ""search_volume"": 880}, {""year"": 2026, ""month"": 1, ""search_volume"": 1900}, {""year"": 2025, ""month"": 12, ""search_volume"": 4400}, {""year"": 2025, ""month"": 11, ""search_volume"": 5400}, {""year"": 2025, ""month"": 10, ""search_volume"": 2900}, {""year"": 2025, ""month"": 9, ""search_volume"": 2400}, {""year"": 2025, ""month"": 8, ""search_volume"": 3600}]"
A5,liseuse pas chere,1900,0.2,USD_DOCUMENTED,parent,False,,,,,"liseuse générale, mini-format non demandé",keywords_data/google_ads/search_volume/live,2026-09-03T14:41:31.031518+00:00,2026-09-03-qualification-9-produits-pur/raw/20-controls-0.json.gz,"[{""year"": 2026, ""month"": 7, ""search_volume"": 1600}, {""year"": 2026, ""month"": 6, ""search_volume"": 1300}, {""year"": 2026, ""month"": 5, ""search_volume"": 1300}, {""year"": 2026, ""month"": 4, ""search_volume"": 1000}, {""year"": 2026, ""month"": 3, ""search_volume"": 1600}, {""year"": 2026, ""month"": 2, ""search_volume"": 1600}, {""year"": 2026, ""month"": 1, ""search_volume"": 1600}, {""year"": 2025, ""month"": 12, ""search_volume"": 2400}, {""year"": 2025, ""month"": 11, ""search_volume"": 2400}, {""year"": 2025, ""month"": 10, ""search_volume"": 1900}, {""year"": 2025, ""month"": 9, ""search_volume"": 1900}, {""year"": 2025, ""month"": 8, ""search_volume"": 2400}]"
A5,liseuse livre,1600,0.27,USD_DOCUMENTED,parent,False,,,,,"liseuse générale, mini-format non demandé",keywords_data/google_ads/search_volume/live,2026-09-03T14:41:31.031518+00:00,2026-09-03-qualification-9-produits-pur/raw/20-controls-0.json.gz,"[{""year"": 2026, ""month"": 7, ""search_volume"": 1000}, {""year"": 2026, ""month"": 6, ""search_volume"": 1000}, {""year"": 2026, ""month"": 5, ""search_volume"": 1300}, {""year"": 2026, ""month"": 4, ""search_volume"": 880}, {""year"": 2026, ""month"": 3, ""search_volume"": 1000}, {""year"": 2026, ""month"": 2, ""search_volume"": 1300}, {""year"": 2026, ""month"": 1, ""search_volume"": 1600}, {""year"": 2025, ""month"": 12, ""search_volume"": 2900}, {""year"": 2025, ""month"": 11, ""search_volume"": 2400}, {""year"": 2025, ""month"": 10, ""search_volume"": 1600}, {""year"": 2025, ""month"": 9, ""search_volume"": 1600}, {""year"": 2025, ""month"": 8, ""search_volume"": 1900}]"
A5,liseuse black friday,1600,0.4,USD_DOCUMENTED,parent,False,,,,,"liseuse générale, mini-format non demandé",keywords_data/google_ads/search_volume/live,2026-09-03T14:41:31.031518+00:00,2026-09-03-qualification-9-produits-pur/raw/20-controls-0.json.gz,"[{""year"": 2026, ""month"": 7, ""search_volume"": 20}, {""year"": 2026, ""month"": 6, ""search_volume"": 10}, {""year"": 2026, ""month"": 5, ""search_volume"": 50}, {""year"": 2026, ""month"": 4, ""search_volume"": 30}, {""year"": 2026, ""month"": 3, ""search_volume"": 320}, {""year"": 2026, ""month"": 2, ""search_volume"": 480}, {""year"": 2026, ""month"": 1, ""search_volume"": 480}, {""year"": 2025, ""month"": 12, ""search_volume"": 1300}, {""year"": 2025, ""month"": 11, ""search_volume"": 18100}, {""year"": 2025, ""month"": 10, ""search_volume"": 170}, {""year"": 2025, ""month"": 9, ""search_volume"": 140}, {""year"": 2025, ""month"": 8, ""search_volume"": 90}]"
A5,darty liseuse,1600,0.15,USD_DOCUMENTED,parent,True,,,,,"liseuse générale, mini-format non demandé",keywords_data/google_ads/search_volume/live,2026-09-03T14:41:31.031518+00:00,2026-09-03-qualification-9-produits-pur/raw/20-controls-0.json.gz,"[{""year"": 2026, ""month"": 7, ""search_volume"": 1600}, {""year"": 2026, ""month"": 6, ""search_volume"": 1000}, {""year"": 2026, ""month"": 5, ""search_volume"": 1300}, {""year"": 2026, ""month"": 4, ""search_volume"": 880}, {""year"": 2026, ""month"": 3, ""search_volume"": 1000}, {""year"": 2026, ""month"": 2, ""search_volume"": 1300}, {""year"": 2026, ""month"": 1, ""search_volume"": 1600}, {""year"": 2025, ""month"": 12, ""search_volume"": 3600}, {""year"": 2025, ""month"": 11, ""search_volume"": 2900}, {""year"": 2025, ""month"": 10, ""search_volume"": 1300}, {""year"": 2025, ""month"": 9, ""search_volume"": 1300}, {""year"": 2025, ""month"": 8, ""search_volume"": 1900}]"
A5,liseuse darty,1600,0.15,USD_DOCUMENTED,parent,True,,,,,"liseuse générale, mini-format non demandé",keywords_data/google_ads/search_volume/live,2026-09-03T14:41:31.031518+00:00,2026-09-03-qualification-9-produits-pur/raw/20-controls-0.json.gz,"[{""year"": 2026, ""month"": 7, ""search_volume"": 1600}, {""year"": 2026, ""month"": 6, ""search_volume"": 1000}, {""year"": 2026, ""month"": 5, ""search_volume"": 1300}, {""year"": 2026, ""month"": 4, ""search_volume"": 880}, {""year"": 2026, ""month"": 3, ""search_volume"": 1000}, {""year"": 2026, ""month"": 2, ""search_volume"": 1300}, {""year"": 2026, ""month"": 1, ""search_volume"": 1600}, {""year"": 2025, ""month"": 12, ""search_volume"": 3600}, {""year"": 2025, ""month"": 11, ""search_volume"": 2900}, {""year"": 2025, ""month"": 10, ""search_volume"": 1300}, {""year"": 2025, ""month"": 9, ""search_volume"": 1300}, {""year"": 2025, ""month"": 8, ""search_volume"": 1900}]"
A5,leclerc liseuse,1600,0.14,USD_DOCUMENTED,parent,True,,,,,"liseuse générale, mini-format non demandé",keywords_data/google_ads/search_volume/live,2026-09-03T14:41:31.031518+00:00,2026-09-03-qualification-9-produits-pur/raw/20-controls-0.json.gz,"[{""year"": 2026, ""month"": 7, ""search_volume"": 1600}, {""year"": 2026, ""month"": 6, ""search_volume"": 1300}, {""year"": 2026, ""month"": 5, ""search_volume"": 1600}, {""year"": 2026, ""month"": 4, ""search_volume"": 1000}, {""year"": 2026, ""month"": 3, ""search_volume"": 1000}, {""year"": 2026, ""month"": 2, ""search_volume"": 1300}, {""year"": 2026, ""month"": 1, ""search_volume"": 1600}, {""year"": 2025, ""month"": 12, ""search_volume"": 3600}, {""year"": 2025, ""month"": 11, ""search_volume"": 2900}, {""year"": 2025, ""month"": 10, ""search_volume"": 1600}, {""year"": 2025, ""month"": 9, ""search_volume"": 1300}, {""year"": 2025, ""month"": 8, ""search_volume"": 1900}]"
A5,une liseuse,1600,0.17,USD_DOCUMENTED,parent,False,,,,,"liseuse générale, mini-format non demandé",keywords_data/google_ads/search_volume/live,2026-09-03T14:41:31.031518+00:00,2026-09-03-qualification-9-produits-pur/raw/20-controls-0.json.gz,"[{""year"": 2026, ""month"": 7, ""search_volume"": 1000}, {""year"": 2026, ""month"": 6, ""search_volume"": 1000}, {""year"": 2026, ""month"": 5, ""search_volume"": 1000}, {""year"": 2026, ""month"": 4, ""search_volume"": 1000}, {""year"": 2026, ""month"": 3, ""search_volume"": 1300}, {""year"": 2026, ""month"": 2, ""search_volume"": 1600}, {""year"": 2026, ""month"": 1, ""search_volume"": 1600}, {""year"": 2025, ""month"": 12, ""search_volume"": 2400}, {""year"": 2025, ""month"": 11, ""search_volume"": 1900}, {""year"": 2025, ""month"": 10, ""search_volume"": 1600}, {""year"": 2025, ""month"": 9, ""search_volume"": 1300}, {""year"": 2025, ""month"": 8, ""search_volume"": 1300}]"
A5,liseuse leclerc,1600,0.14,USD_DOCUMENTED,parent,True,,,,,"liseuse générale, mini-format non demandé",keywords_data/google_ads/search_volume/live,2026-09-03T14:41:31.031518+00:00,2026-09-03-qualification-9-produits-pur/raw/20-controls-0.json.gz,"[{""year"": 2026, ""month"": 7, ""search_volume"": 1600}, {""year"": 2026, ""month"": 6, ""search_volume"": 1300}, {""year"": 2026, ""month"": 5, ""search_volume"": 1600}, {""year"": 2026, ""month"": 4, ""search_volume"": 1000}, {""year"": 2026, ""month"": 3, ""search_volume"": 1000}, {""year"": 2026, ""month"": 2, ""search_volume"": 1300}, {""year"": 2026, ""month"": 1, ""search_volume"": 1600}, {""year"": 2025, ""month"": 12, ""search_volume"": 3600}, {""year"": 2025, ""month"": 11, ""search_volume"": 2900}, {""year"": 2025, ""month"": 10, ""search_volume"": 1600}, {""year"": 2025, ""month"": 9, ""search_volume"": 1300}, {""year"": 2025, ""month"": 8, ""search_volume"": 1900}]"
A5,liseuse pour livre,1600,0.27,USD_DOCUMENTED,parent,False,,,,,"liseuse générale, mini-format non demandé",keywords_data/google_ads/search_volume/live,2026-09-03T14:41:31.031518+00:00,2026-09-03-qualification-9-produits-pur/raw/20-controls-0.json.gz,"[{""year"": 2026, ""month"": 7, ""search_volume"": 1000}, {""year"": 2026, ""month"": 6, ""search_volume"": 1000}, {""year"": 2026, ""month"": 5, ""search_volume"": 1300}, {""year"": 2026, ""month"": 4, ""search_volume"": 880}, {""year"": 2026, ""month"": 3, ""search_volume"": 1000}, {""year"": 2026, ""month"": 2, ""search_volume"": 1300}, {""year"": 2026, ""month"": 1, ""search_volume"": 1600}, {""year"": 2025, ""month"": 12, ""search_volume"": 2900}, {""year"": 2025, ""month"": 11, ""search_volume"": 2400}, {""year"": 2025, ""month"": 10, ""search_volume"": 1600}, {""year"": 2025, ""month"": 9, ""search_volume"": 1600}, {""year"": 2025, ""month"": 8, ""search_volume"": 1900}]"
A5,black friday liseuse,1600,0.4,USD_DOCUMENTED,parent,False,,,,,"liseuse générale, mini-format non demandé",keywords_data/google_ads/search_volume/live,2026-09-03T14:41:31.031518+00:00,2026-09-03-qualification-9-produits-pur/raw/20-controls-0.json.gz,"[{""year"": 2026, ""month"": 7, ""search_volume"": 20}, {""year"": 2026, ""month"": 6, ""search_volume"": 10}, {""year"": 2026, ""month"": 5, ""search_volume"": 50}, {""year"": 2026, ""month"": 4, ""search_volume"": 30}, {""year"": 2026, ""month"": 3, ""search_volume"": 320}, {""year"": 2026, ""month"": 2, ""search_volume"": 480}, {""year"": 2026, ""month"": 1, ""search_volume"": 480}, {""year"": 2025, ""month"": 12, ""search_volume"": 1300}, {""year"": 2025, ""month"": 11, ""search_volume"": 18100}, {""year"": 2025, ""month"": 10, ""search_volume"": 170}, {""year"": 2025, ""month"": 9, ""search_volume"": 140}, {""year"": 2025, ""month"": 8, ""search_volume"": 90}]"
A5,quelle liseuse choisir,1300,0.3,USD_DOCUMENTED,parent,False,,,,,"liseuse générale, mini-format non demandé",keywords_data/google_ads/search_volume/live,2026-09-03T14:41:31.031518+00:00,2026-09-03-qualification-9-produits-pur/raw/20-controls-0.json.gz,"[{""year"": 2026, ""month"": 7, ""search_volume"": 880}, {""year"": 2026, ""month"": 6, ""search_volume"": 720}, {""year"": 2026, ""month"": 5, ""search_volume"": 590}, {""year"": 2026, ""month"": 4, ""search_volume"": 720}, {""year"": 2026, ""month"": 3, ""search_volume"": 880}, {""year"": 2026, ""month"": 2, ""search_volume"": 880}, {""year"": 2026, ""month"": 1, ""search_volume"": 1300}, {""year"": 2025, ""month"": 12, ""search_volume"": 1900}, {""year"": 2025, ""month"": 11, ""search_volume"": 2400}, {""year"": 2025, ""month"": 10, ""search_volume"": 1300}, {""year"": 2025, ""month"": 9, ""search_volume"": 1000}, {""year"": 2025, ""month"": 8, ""search_volume"": 1300}]"
A5,la liseuse fragonard,1300,0.04,USD_DOCUMENTED,parent,False,,,,,"liseuse générale, mini-format non demandé",keywords_data/google_ads/search_volume/live,2026-09-03T14:41:31.031518+00:00,2026-09-03-qualification-9-produits-pur/raw/20-controls-0.json.gz,"[{""year"": 2026, ""month"": 7, ""search_volume"": 590}, {""year"": 2026, ""month"": 6, ""search_volume"": 1000}, {""year"": 2026, ""month"": 5, ""search_volume"": 1000}, {""year"": 2026, ""month"": 4, ""search_volume"": 1000}, {""year"": 2026, ""month"": 3, ""search_volume"": 1300}, {""year"": 2026, ""month"": 2, ""search_volume"": 1300}, {""year"": 2026, ""month"": 1, ""search_volume"": 1900}, {""year"": 2025, ""month"": 12, ""search_volume"": 1300}, {""year"": 2025, ""month"": 11, ""search_volume"": 1600}, {""year"": 2025, ""month"": 10, ""search_volume"": 1300}, {""year"": 2025, ""month"": 9, ""search_volume"": 1600}, {""year"": 2025, ""month"": 8, ""search_volume"": 1300}]"
A5,livres gratuit pour liseuse,1300,0.94,USD_DOCUMENTED,incompatible,False,,,,,"lampe, logiciel, contenu ou sens non appareil",keywords_data/google_ads/search_volume/live,2026-09-03T14:41:31.031518+00:00,2026-09-03-qualification-9-produits-pur/raw/20-controls-0.json.gz,"[{""year"": 2026, ""month"": 7, ""search_volume"": 480}, {""year"": 2026, ""month"": 6, ""search_volume"": 480}, {""year"": 2026, ""month"": 5, ""search_volume"": 480}, {""year"": 2026, ""month"": 4, ""search_volume"": 1000}, {""year"": 2026, ""month"": 3, ""search_volume"": 1900}, {""year"": 2026, ""month"": 2, ""search_volume"": 1600}, {""year"": 2026, ""month"": 1, ""search_volume"": 1900}, {""year"": 2025, ""month"": 12, ""search_volume"": 1900}, {""year"": 2025, ""month"": 11, ""search_volume"": 1000}, {""year"": 2025, ""month"": 10, ""search_volume"": 1000}, {""year"": 2025, ""month"": 9, ""search_volume"": 1000}, {""year"": 2025, ""month"": 8, ""search_volume"": 1600}]"
A5,livre liseuse gratuit,1300,0.94,USD_DOCUMENTED,incompatible,False,,,,,"lampe, logiciel, contenu ou sens non appareil",keywords_data/google_ads/search_volume/live,2026-09-03T14:41:31.031518+00:00,2026-09-03-qualification-9-produits-pur/raw/20-controls-0.json.gz,"[{""year"": 2026, ""month"": 7, ""search_volume"": 480}, {""year"": 2026, ""month"": 6, ""search_volume"": 480}, {""year"": 2026, ""month"": 5, ""search_volume"": 480}, {""year"": 2026, ""month"": 4, ""search_volume"": 1000}, {""year"": 2026, ""month"": 3, ""search_volume"": 1900}, {""year"": 2026, ""month"": 2, ""search_volume"": 1600}, {""year"": 2026, ""month"": 1, ""search_volume"": 1900}, {""year"": 2025, ""month"": 12, ""search_volume"": 1900}, {""year"": 2025, ""month"": 11, ""search_volume"": 1000}, {""year"": 2025, ""month"": 10, ""search_volume"": 1000}, {""year"": 2025, ""month"": 9, ""search_volume"": 1000}, {""year"": 2025, ""month"": 8, ""search_volume"": 1600}]"
A5,livre pour liseuse gratuit,1300,0.94,USD_DOCUMENTED,incompatible,False,,,,,"lampe, logiciel, contenu ou sens non appareil",keywords_data/google_ads/search_volume/live,2026-09-03T14:41:31.031518+00:00,2026-09-03-qualification-9-produits-pur/raw/20-controls-0.json.gz,"[{""year"": 2026, ""month"": 7, ""search_volume"": 480}, {""year"": 2026, ""month"": 6, ""search_volume"": 480}, {""year"": 2026, ""month"": 5, ""search_volume"": 480}, {""year"": 2026, ""month"": 4, ""search_volume"": 1000}, {""year"": 2026, ""month"": 3, ""search_volume"": 1900}, {""year"": 2026, ""month"": 2, ""search_volume"": 1600}, {""year"": 2026, ""month"": 1, ""search_volume"": 1900}, {""year"": 2025, ""month"": 12, ""search_volume"": 1900}, {""year"": 2025, ""month"": 11, ""search_volume"": 1000}, {""year"": 2025, ""month"": 10, ""search_volume"": 1000}, {""year"": 2025, ""month"": 9, ""search_volume"": 1000}, {""year"": 2025, ""month"": 8, ""search_volume"": 1600}]"
A5,livres gratuits pour liseuse,1300,0.94,USD_DOCUMENTED,incompatible,False,,,,,"lampe, logiciel, contenu ou sens non appareil",keywords_data/google_ads/search_volume/live,2026-09-03T14:41:31.031518+00:00,2026-09-03-qualification-9-produits-pur/raw/20-controls-0.json.gz,"[{""year"": 2026, ""month"": 7, ""search_volume"": 480}, {""year"": 2026, ""month"": 6, ""search_volume"": 480}, {""year"": 2026, ""month"": 5, ""search_volume"": 480}, {""year"": 2026, ""month"": 4, ""search_volume"": 1000}, {""year"": 2026, ""month"": 3, ""search_volume"": 1900}, {""year"": 2026, ""month"": 2, ""search_volume"": 1600}, {""year"": 2026, ""month"": 1, ""search_volume"": 1900}, {""year"": 2025, ""month"": 12, ""search_volume"": 1900}, {""year"": 2025, ""month"": 11, ""search_volume"": 1000}, {""year"": 2025, ""month"": 10, ""search_volume"": 1000}, {""year"": 2025, ""month"": 9, ""search_volume"": 1000}, {""year"": 2025, ""month"": 8, ""search_volume"": 1600}]"
A5,livre gratuit pour liseuse,1300,0.94,USD_DOCUMENTED,incompatible,False,,,,,"lampe, logiciel, contenu ou sens non appareil",keywords_data/google_ads/search_volume/live,2026-09-03T14:41:31.031518+00:00,2026-09-03-qualification-9-produits-pur/raw/20-controls-0.json.gz,"[{""year"": 2026, ""month"": 7, ""search_volume"": 480}, {""year"": 2026, ""month"": 6, ""search_volume"": 480}, {""year"": 2026, ""month"": 5, ""search_volume"": 480}, {""year"": 2026, ""month"": 4, ""search_volume"": 1000}, {""year"": 2026, ""month"": 3, ""search_volume"": 1900}, {""year"": 2026, ""month"": 2, ""search_volume"": 1600}, {""year"": 2026, ""month"": 1, ""search_volume"": 1900}, {""year"": 2025, ""month"": 12, ""search_volume"": 1900}, {""year"": 2025, ""month"": 11, ""search_volume"": 1000}, {""year"": 2025, ""month"": 10, ""search_volume"": 1000}, {""year"": 2025, ""month"": 9, ""search_volume"": 1000}, {""year"": 2025, ""month"": 8, ""search_volume"": 1600}]"
A5,quel liseuse choisir,1300,0.3,USD_DOCUMENTED,parent,False,,,,,"liseuse générale, mini-format non demandé",keywords_data/google_ads/search_volume/live,2026-09-03T14:41:31.031518+00:00,2026-09-03-qualification-9-produits-pur/raw/20-controls-0.json.gz,"[{""year"": 2026, ""month"": 7, ""search_volume"": 880}, {""year"": 2026, ""month"": 6, ""search_volume"": 720}, {""year"": 2026, ""month"": 5, ""search_volume"": 590}, {""year"": 2026, ""month"": 4, ""search_volume"": 720}, {""year"": 2026, ""month"": 3, ""search_volume"": 880}, {""year"": 2026, ""month"": 2, ""search_volume"": 880}, {""year"": 2026, ""month"": 1, ""search_volume"": 1300}, {""year"": 2025, ""month"": 12, ""search_volume"": 1900}, {""year"": 2025, ""month"": 11, ""search_volume"": 2400}, {""year"": 2025, ""month"": 10, ""search_volume"": 1300}, {""year"": 2025, ""month"": 9, ""search_volume"": 1000}, {""year"": 2025, ""month"": 8, ""search_volume"": 1300}]"
A5,livres pour liseuse gratuit,1300,0.94,USD_DOCUMENTED,incompatible,False,,,,,"lampe, logiciel, contenu ou sens non appareil",keywords_data/google_ads/search_volume/live,2026-09-03T14:41:31.031518+00:00,2026-09-03-qualification-9-produits-pur/raw/20-controls-0.json.gz,"[{""year"": 2026, ""month"": 7, ""search_volume"": 480}, {""year"": 2026, ""month"": 6, ""search_volume"": 480}, {""year"": 2026, ""month"": 5, ""search_volume"": 480}, {""year"": 2026, ""month"": 4, ""search_volume"": 1000}, {""year"": 2026, ""month"": 3, ""search_volume"": 1900}, {""year"": 2026, ""month"": 2, ""search_volume"": 1600}, {""year"": 2026, ""month"": 1, ""search_volume"": 1900}, {""year"": 2025, ""month"": 12, ""search_volume"": 1900}, {""year"": 2025, ""month"": 11, ""search_volume"": 1000}, {""year"": 2025, ""month"": 10, ""search_volume"": 1000}, {""year"": 2025, ""month"": 9, ""search_volume"": 1000}, {""year"": 2025, ""month"": 8, ""search_volume"": 1600}]"
A5,liseuse kobo libra color,1300,0.34,USD_DOCUMENTED,parent,True,,,,,"liseuse générale, mini-format non demandé",keywords_data/google_ads/search_volume/live,2026-09-03T14:41:31.031518+00:00,2026-09-03-qualification-9-produits-pur/raw/20-controls-0.json.gz,"[{""year"": 2026, ""month"": 7, ""search_volume"": 1600}, {""year"": 2026, ""month"": 6, ""search_volume"": 1300}, {""year"": 2026, ""month"": 5, ""search_volume"": 1300}, {""year"": 2026, ""month"": 4, ""search_volume"": 880}, {""year"": 2026, ""month"": 3, ""search_volume"": 1000}, {""year"": 2026, ""month"": 2, ""search_volume"": 880}, {""year"": 2026, ""month"": 1, ""search_volume"": 1600}, {""year"": 2025, ""month"": 12, ""search_volume"": 2400}, {""year"": 2025, ""month"": 11, ""search_volume"": 2900}, {""year"": 2025, ""month"": 10, ""search_volume"": 1000}, {""year"": 2025, ""month"": 9, ""search_volume"": 880}, {""year"": 2025, ""month"": 8, ""search_volume"": 1000}]"
A5,liseuse livre gratuit,1300,0.94,USD_DOCUMENTED,incompatible,False,,,,,"lampe, logiciel, contenu ou sens non appareil",keywords_data/google_ads/search_volume/live,2026-09-03T14:41:31.031518+00:00,2026-09-03-qualification-9-produits-pur/raw/20-controls-0.json.gz,"[{""year"": 2026, ""month"": 7, ""search_volume"": 480}, {""year"": 2026, ""month"": 6, ""search_volume"": 480}, {""year"": 2026, ""month"": 5, ""search_volume"": 480}, {""year"": 2026, ""month"": 4, ""search_volume"": 1000}, {""year"": 2026, ""month"": 3, ""search_volume"": 1900}, {""year"": 2026, ""month"": 2, ""search_volume"": 1600}, {""year"": 2026, ""month"": 1, ""search_volume"": 1900}, {""year"": 2025, ""month"": 12, ""search_volume"": 1900}, {""year"": 2025, ""month"": 11, ""search_volume"": 1000}, {""year"": 2025, ""month"": 10, ""search_volume"": 1000}, {""year"": 2025, ""month"": 9, ""search_volume"": 1000}, {""year"": 2025, ""month"": 8, ""search_volume"": 1600}]"
A5,fragonard la liseuse,1300,0.04,USD_DOCUMENTED,parent,False,,,,,"liseuse générale, mini-format non demandé",keywords_data/google_ads/search_volume/live,2026-09-03T14:41:31.031518+00:00,2026-09-03-qualification-9-produits-pur/raw/20-controls-0.json.gz,"[{""year"": 2026, ""month"": 7, ""search_volume"": 590}, {""year"": 2026, ""month"": 6, ""search_volume"": 1000}, {""year"": 2026, ""month"": 5, ""search_volume"": 1000}, {""year"": 2026, ""month"": 4, ""search_volume"": 1000}, {""year"": 2026, ""month"": 3, ""search_volume"": 1300}, {""year"": 2026, ""month"": 2, ""search_volume"": 1300}, {""year"": 2026, ""month"": 1, ""search_volume"": 1900}, {""year"": 2025, ""month"": 12, ""search_volume"": 1300}, {""year"": 2025, ""month"": 11, ""search_volume"": 1600}, {""year"": 2025, ""month"": 10, ""search_volume"": 1300}, {""year"": 2025, ""month"": 9, ""search_volume"": 1600}, {""year"": 2025, ""month"": 8, ""search_volume"": 1300}]"
A5,liseuse fragonard,1300,0.04,USD_DOCUMENTED,parent,False,,,,,"liseuse générale, mini-format non demandé",keywords_data/google_ads/search_volume/live,2026-09-03T14:41:31.031518+00:00,2026-09-03-qualification-9-produits-pur/raw/20-controls-0.json.gz,"[{""year"": 2026, ""month"": 7, ""search_volume"": 590}, {""year"": 2026, ""month"": 6, ""search_volume"": 1000}, {""year"": 2026, ""month"": 5, ""search_volume"": 1000}, {""year"": 2026, ""month"": 4, ""search_volume"": 1000}, {""year"": 2026, ""month"": 3, ""search_volume"": 1300}, {""year"": 2026, ""month"": 2, ""search_volume"": 1300}, {""year"": 2026, ""month"": 1, ""search_volume"": 1900}, {""year"": 2025, ""month"": 12, ""search_volume"": 1300}, {""year"": 2025, ""month"": 11, ""search_volume"": 1600}, {""year"": 2025, ""month"": 10, ""search_volume"": 1300}, {""year"": 2025, ""month"": 9, ""search_volume"": 1600}, {""year"": 2025, ""month"": 8, ""search_volume"": 1300}]"
A5,livres liseuse gratuits,1300,0.94,USD_DOCUMENTED,incompatible,False,,,,,"lampe, logiciel, contenu ou sens non appareil",keywords_data/google_ads/search_volume/live,2026-09-03T14:41:31.031518+00:00,2026-09-03-qualification-9-produits-pur/raw/20-controls-0.json.gz,"[{""year"": 2026, ""month"": 7, ""search_volume"": 480}, {""year"": 2026, ""month"": 6, ""search_volume"": 480}, {""year"": 2026, ""month"": 5, ""search_volume"": 480}, {""year"": 2026, ""month"": 4, ""search_volume"": 1000}, {""year"": 2026, ""month"": 3, ""search_volume"": 1900}, {""year"": 2026, ""month"": 2, ""search_volume"": 1600}, {""year"": 2026, ""month"": 1, ""search_volume"": 1900}, {""year"": 2025, ""month"": 12, ""search_volume"": 1900}, {""year"": 2025, ""month"": 11, ""search_volume"": 1000}, {""year"": 2025, ""month"": 10, ""search_volume"": 1000}, {""year"": 2025, ""month"": 9, ""search_volume"": 1000}, {""year"": 2025, ""month"": 8, ""search_volume"": 1600}]"
A5,livres gratuits liseuse,1300,0.94,USD_DOCUMENTED,incompatible,False,,,,,"lampe, logiciel, contenu ou sens non appareil",keywords_data/google_ads/search_volume/live,2026-09-03T14:41:31.031518+00:00,2026-09-03-qualification-9-produits-pur/raw/20-controls-0.json.gz,"[{""year"": 2026, ""month"": 7, ""search_volume"": 480}, {""year"": 2026, ""month"": 6, ""search_volume"": 480}, {""year"": 2026, ""month"": 5, ""search_volume"": 480}, {""year"": 2026, ""month"": 4, ""search_volume"": 1000}, {""year"": 2026, ""month"": 3, ""search_volume"": 1900}, {""year"": 2026, ""month"": 2, ""search_volume"": 1600}, {""year"": 2026, ""month"": 1, ""search_volume"": 1900}, {""year"": 2025, ""month"": 12, ""search_volume"": 1900}, {""year"": 2025, ""month"": 11, ""search_volume"": 1000}, {""year"": 2025, ""month"": 10, ""search_volume"": 1000}, {""year"": 2025, ""month"": 9, ""search_volume"": 1000}, {""year"": 2025, ""month"": 8, ""search_volume"": 1600}]"
A5,livre gratuit liseuse,1300,0.94,USD_DOCUMENTED,incompatible,False,,,,,"lampe, logiciel, contenu ou sens non appareil",keywords_data/google_ads/search_volume/live,2026-09-03T14:41:31.031518+00:00,2026-09-03-qualification-9-produits-pur/raw/20-controls-0.json.gz,"[{""year"": 2026, ""month"": 7, ""search_volume"": 480}, {""year"": 2026, ""month"": 6, ""search_volume"": 480}, {""year"": 2026, ""month"": 5, ""search_volume"": 480}, {""year"": 2026, ""month"": 4, ""search_volume"": 1000}, {""year"": 2026, ""month"": 3, ""search_volume"": 1900}, {""year"": 2026, ""month"": 2, ""search_volume"": 1600}, {""year"": 2026, ""month"": 1, ""search_volume"": 1900}, {""year"": 2025, ""month"": 12, ""search_volume"": 1900}, {""year"": 2025, ""month"": 11, ""search_volume"": 1000}, {""year"": 2025, ""month"": 10, ""search_volume"": 1000}, {""year"": 2025, ""month"": 9, ""search_volume"": 1000}, {""year"": 2025, ""month"": 8, ""search_volume"": 1600}]"
A5,liseuse et tablette,1000,0.34,USD_DOCUMENTED,parent,False,,,,,"liseuse générale, mini-format non demandé",keywords_data/google_ads/search_volume/live,2026-09-03T14:41:31.031518+00:00,2026-09-03-qualification-9-produits-pur/raw/20-controls-0.json.gz,"[{""year"": 2026, ""month"": 7, ""search_volume"": 880}, {""year"": 2026, ""month"": 6, ""search_volume"": 720}, {""year"": 2026, ""month"": 5, ""search_volume"": 880}, {""year"": 2026, ""month"": 4, ""search_volume"": 720}, {""year"": 2026, ""month"": 3, ""search_volume"": 880}, {""year"": 2026, ""month"": 2, ""search_volume"": 880}, {""year"": 2026, ""month"": 1, ""search_volume"": 1300}, {""year"": 2025, ""month"": 12, ""search_volume"": 1900}, {""year"": 2025, ""month"": 11, ""search_volume"": 1900}, {""year"": 2025, ""month"": 10, ""search_volume"": 1300}, {""year"": 2025, ""month"": 9, ""search_volume"": 1300}, {""year"": 2025, ""month"": 8, ""search_volume"": 1300}]"
A5,applique liseuse,1000,1.35,USD_DOCUMENTED,parent,False,,,,,"liseuse générale, mini-format non demandé",keywords_data/google_ads/search_volume/live,2026-09-03T14:41:31.031518+00:00,2026-09-03-qualification-9-produits-pur/raw/20-controls-0.json.gz,"[{""year"": 2026, ""month"": 7, ""search_volume"": 720}, {""year"": 2026, ""month"": 6, ""search_volume"": 880}, {""year"": 2026, ""month"": 5, ""search_volume"": 880}, {""year"": 2026, ""month"": 4, ""search_volume"": 880}, {""year"": 2026, ""month"": 3, ""search_volume"": 1000}, {""year"": 2026, ""month"": 2, ""search_volume"": 1300}, {""year"": 2026, ""month"": 1, ""search_volume"": 1300}, {""year"": 2025, ""month"": 12, ""search_volume"": 880}, {""year"": 2025, ""month"": 11, ""search_volume"": 1300}, {""year"": 2025, ""month"": 10, ""search_volume"": 1300}, {""year"": 2025, ""month"": 9, ""search_volume"": 1000}, {""year"": 2025, ""month"": 8, ""search_volume"": 880}]"
A5,liseuse sur tablette,1000,0.34,USD_DOCUMENTED,parent,False,,,,,"liseuse générale, mini-format non demandé",keywords_data/google_ads/search_volume/live,2026-09-03T14:41:31.031518+00:00,2026-09-03-qualification-9-produits-pur/raw/20-controls-0.json.gz,"[{""year"": 2026, ""month"": 7, ""search_volume"": 880}, {""year"": 2026, ""month"": 6, ""search_volume"": 720}, {""year"": 2026, ""month"": 5, ""search_volume"": 880}, {""year"": 2026, ""month"": 4, ""search_volume"": 720}, {""year"": 2026, ""month"": 3, ""search_volume"": 880}, {""year"": 2026, ""month"": 2, ""search_volume"": 880}, {""year"": 2026, ""month"": 1, ""search_volume"": 1300}, {""year"": 2025, ""month"": 12, ""search_volume"": 1900}, {""year"": 2025, ""month"": 11, ""search_volume"": 1900}, {""year"": 2025, ""month"": 10, ""search_volume"": 1300}, {""year"": 2025, ""month"": 9, ""search_volume"": 1300}, {""year"": 2025, ""month"": 8, ""search_volume"": 1300}]"
A5,liseuse ou tablette,1000,0.34,USD_DOCUMENTED,parent,False,,,,,"liseuse générale, mini-format non demandé",keywords_data/google_ads/search_volume/live,2026-09-03T14:41:31.031518+00:00,2026-09-03-qualification-9-produits-pur/raw/20-controls-0.json.gz,"[{""year"": 2026, ""month"": 7, ""search_volume"": 880}, {""year"": 2026, ""month"": 6, ""search_volume"": 720}, {""year"": 2026, ""month"": 5, ""search_volume"": 880}, {""year"": 2026, ""month"": 4, ""search_volume"": 720}, {""year"": 2026, ""month"": 3, ""search_volume"": 880}, {""year"": 2026, ""month"": 2, ""search_volume"": 880}, {""year"": 2026, ""month"": 1, ""search_volume"": 1300}, {""year"": 2025, ""month"": 12, ""search_volume"": 1900}, {""year"": 2025, ""month"": 11, ""search_volume"": 1900}, {""year"": 2025, ""month"": 10, ""search_volume"": 1300}, {""year"": 2025, ""month"": 9, ""search_volume"": 1300}, {""year"": 2025, ""month"": 8, ""search_volume"": 1300}]"
A5,liseuse lampadaire sur pied,1000,0.59,USD_DOCUMENTED,incompatible,False,,,,,"lampe, logiciel, contenu ou sens non appareil",keywords_data/google_ads/search_volume/live,2026-09-03T14:41:31.031518+00:00,2026-09-03-qualification-9-produits-pur/raw/20-controls-0.json.gz,"[{""year"": 2026, ""month"": 7, ""search_volume"": 480}, {""year"": 2026, ""month"": 6, ""search_volume"": 480}, {""year"": 2026, ""month"": 5, ""search_volume"": 720}, {""year"": 2026, ""month"": 4, ""search_volume"": 720}, {""year"": 2026, ""month"": 3, ""search_volume"": 880}, {""year"": 2026, ""month"": 2, ""search_volume"": 1000}, {""year"": 2026, ""month"": 1, ""search_volume"": 1900}, {""year"": 2025, ""month"": 12, ""search_volume"": 1900}, {""year"": 2025, ""month"": 11, ""search_volume"": 2400}, {""year"": 2025, ""month"": 10, ""search_volume"": 1600}, {""year"": 2025, ""month"": 9, ""search_volume"": 1000}, {""year"": 2025, ""month"": 8, ""search_volume"": 880}]"
A5,liseuse applique,1000,1.35,USD_DOCUMENTED,parent,False,,,,,"liseuse générale, mini-format non demandé",keywords_data/google_ads/search_volume/live,2026-09-03T14:41:31.031518+00:00,2026-09-03-qualification-9-produits-pur/raw/20-controls-0.json.gz,"[{""year"": 2026, ""month"": 7, ""search_volume"": 720}, {""year"": 2026, ""month"": 6, ""search_volume"": 880}, {""year"": 2026, ""month"": 5, ""search_volume"": 880}, {""year"": 2026, ""month"": 4, ""search_volume"": 880}, {""year"": 2026, ""month"": 3, ""search_volume"": 1000}, {""year"": 2026, ""month"": 2, ""search_volume"": 1300}, {""year"": 2026, ""month"": 1, ""search_volume"": 1300}, {""year"": 2025, ""month"": 12, ""search_volume"": 880}, {""year"": 2025, ""month"": 11, ""search_volume"": 1300}, {""year"": 2025, ""month"": 10, ""search_volume"": 1300}, {""year"": 2025, ""month"": 9, ""search_volume"": 1000}, {""year"": 2025, ""month"": 8, ""search_volume"": 880}]"
A5,la liseuse,1000,0.08,USD_DOCUMENTED,parent,False,,,,,"liseuse générale, mini-format non demandé",keywords_data/google_ads/search_volume/live,2026-09-03T14:41:31.031518+00:00,2026-09-03-qualification-9-produits-pur/raw/20-controls-0.json.gz,"[{""year"": 2026, ""month"": 7, ""search_volume"": 720}, {""year"": 2026, ""month"": 6, ""search_volume"": 880}, {""year"": 2026, ""month"": 5, ""search_volume"": 1000}, {""year"": 2026, ""month"": 4, ""search_volume"": 880}, {""year"": 2026, ""month"": 3, ""search_volume"": 1000}, {""year"": 2026, ""month"": 2, ""search_volume"": 880}, {""year"": 2026, ""month"": 1, ""search_volume"": 1000}, {""year"": 2025, ""month"": 12, ""search_volume"": 1000}, {""year"": 2025, ""month"": 11, ""search_volume"": 880}, {""year"": 2025, ""month"": 10, ""search_volume"": 1000}, {""year"": 2025, ""month"": 9, ""search_volume"": 1000}, {""year"": 2025, ""month"": 8, ""search_volume"": 1000}]"
A5,liseuse murale,1000,1.18,USD_DOCUMENTED,parent,False,,,,,"liseuse générale, mini-format non demandé",keywords_data/google_ads/search_volume/live,2026-09-03T14:41:31.031518+00:00,2026-09-03-qualification-9-produits-pur/raw/20-controls-0.json.gz,"[{""year"": 2026, ""month"": 7, ""search_volume"": 720}, {""year"": 2026, ""month"": 6, ""search_volume"": 720}, {""year"": 2026, ""month"": 5, ""search_volume"": 720}, {""year"": 2026, ""month"": 4, ""search_volume"": 880}, {""year"": 2026, ""month"": 3, ""search_volume"": 1000}, {""year"": 2026, ""month"": 2, ""search_volume"": 1000}, {""year"": 2026, ""month"": 1, ""search_volume"": 1300}, {""year"": 2025, ""month"": 12, ""search_volume"": 880}, {""year"": 2025, ""month"": 11, ""search_volume"": 1300}, {""year"": 2025, ""month"": 10, ""search_volume"": 1300}, {""year"": 2025, ""month"": 9, ""search_volume"": 880}, {""year"": 2025, ""month"": 8, ""search_volume"": 880}]"
A5,liseuse pour tête de lit,1000,1.35,USD_DOCUMENTED,parent,False,,,,,"liseuse générale, mini-format non demandé",keywords_data/google_ads/search_volume/live,2026-09-03T14:41:31.031518+00:00,2026-09-03-qualification-9-produits-pur/raw/20-controls-0.json.gz,"[{""year"": 2026, ""month"": 7, ""search_volume"": 880}, {""year"": 2026, ""month"": 6, ""search_volume"": 880}, {""year"": 2026, ""month"": 5, ""search_volume"": 1000}, {""year"": 2026, ""month"": 4, ""search_volume"": 1000}, {""year"": 2026, ""month"": 3, ""search_volume"": 1000}, {""year"": 2026, ""month"": 2, ""search_volume"": 1300}, {""year"": 2026, ""month"": 1, ""search_volume"": 1600}, {""year"": 2025, ""month"": 12, ""search_volume"": 1000}, {""year"": 2025, ""month"": 11, ""search_volume"": 1600}, {""year"": 2025, ""month"": 10, ""search_volume"": 1600}, {""year"": 2025, ""month"": 9, ""search_volume"": 1000}, {""year"": 2025, ""month"": 8, ""search_volume"": 880}]"
A5,liseuse tete de lit,1000,1.35,USD_DOCUMENTED,parent,False,,,,,"liseuse générale, mini-format non demandé",keywords_data/google_ads/search_volume/live,2026-09-03T14:41:31.031518+00:00,2026-09-03-qualification-9-produits-pur/raw/20-controls-0.json.gz,"[{""year"": 2026, ""month"": 7, ""search_volume"": 880}, {""year"": 2026, ""month"": 6, ""search_volume"": 880}, {""year"": 2026, ""month"": 5, ""search_volume"": 1000}, {""year"": 2026, ""month"": 4, ""search_volume"": 1000}, {""year"": 2026, ""month"": 3, ""search_volume"": 1000}, {""year"": 2026, ""month"": 2, ""search_volume"": 1300}, {""year"": 2026, ""month"": 1, ""search_volume"": 1600}, {""year"": 2025, ""month"": 12, ""search_volume"": 1000}, {""year"": 2025, ""month"": 11, ""search_volume"": 1600}, {""year"": 2025, ""month"": 10, ""search_volume"": 1600}, {""year"": 2025, ""month"": 9, ""search_volume"": 1000}, {""year"": 2025, ""month"": 8, ""search_volume"": 880}]"
A5,lampe liseuse sur pied,1000,0.59,USD_DOCUMENTED,incompatible,False,,,,,"lampe, logiciel, contenu ou sens non appareil",keywords_data/google_ads/search_volume/live,2026-09-03T14:41:31.031518+00:00,2026-09-03-qualification-9-produits-pur/raw/20-controls-0.json.gz,"[{""year"": 2026, ""month"": 7, ""search_volume"": 480}, {""year"": 2026, ""month"": 6, ""search_volume"": 480}, {""year"": 2026, ""month"": 5, ""search_volume"": 720}, {""year"": 2026, ""month"": 4, ""search_volume"": 720}, {""year"": 2026, ""month"": 3, ""search_volume"": 880}, {""year"": 2026, ""month"": 2, ""search_volume"": 1000}, {""year"": 2026, ""month"": 1, ""search_volume"": 1900}, {""year"": 2025, ""month"": 12, ""search_volume"": 1900}, {""year"": 2025, ""month"": 11, ""search_volume"": 2400}, {""year"": 2025, ""month"": 10, ""search_volume"": 1600}, {""year"": 2025, ""month"": 9, ""search_volume"": 1000}, {""year"": 2025, ""month"": 8, ""search_volume"": 880}]"
A5,liseuse tête de lit,1000,1.35,USD_DOCUMENTED,parent,False,,,,,"liseuse générale, mini-format non demandé",keywords_data/google_ads/search_volume/live,2026-09-03T14:41:31.031518+00:00,2026-09-03-qualification-9-produits-pur/raw/20-controls-0.json.gz,"[{""year"": 2026, ""month"": 7, ""search_volume"": 880}, {""year"": 2026, ""month"": 6, ""search_volume"": 880}, {""year"": 2026, ""month"": 5, ""search_volume"": 1000}, {""year"": 2026, ""month"": 4, ""search_volume"": 1000}, {""year"": 2026, ""month"": 3, ""search_volume"": 1000}, {""year"": 2026, ""month"": 2, ""search_volume"": 1300}, {""year"": 2026, ""month"": 1, ""search_volume"": 1600}, {""year"": 2025, ""month"": 12, ""search_volume"": 1000}, {""year"": 2025, ""month"": 11, ""search_volume"": 1600}, {""year"": 2025, ""month"": 10, ""search_volume"": 1600}, {""year"": 2025, ""month"": 9, ""search_volume"": 1000}, {""year"": 2025, ""month"": 8, ""search_volume"": 880}]"
A5,tablette liseuse,1000,0.34,USD_DOCUMENTED,parent,False,,,,,"liseuse générale, mini-format non demandé",keywords_data/google_ads/search_volume/live,2026-09-03T14:41:31.031518+00:00,2026-09-03-qualification-9-produits-pur/raw/20-controls-0.json.gz,"[{""year"": 2026, ""month"": 7, ""search_volume"": 880}, {""year"": 2026, ""month"": 6, ""search_volume"": 720}, {""year"": 2026, ""month"": 5, ""search_volume"": 880}, {""year"": 2026, ""month"": 4, ""search_volume"": 720}, {""year"": 2026, ""month"": 3, ""search_volume"": 880}, {""year"": 2026, ""month"": 2, ""search_volume"": 880}, {""year"": 2026, ""month"": 1, ""search_volume"": 1300}, {""year"": 2025, ""month"": 12, ""search_volume"": 1900}, {""year"": 2025, ""month"": 11, ""search_volume"": 1900}, {""year"": 2025, ""month"": 10, ""search_volume"": 1300}, {""year"": 2025, ""month"": 9, ""search_volume"": 1300}, {""year"": 2025, ""month"": 8, ""search_volume"": 1300}]"
A5,liseuse mural,1000,1.18,USD_DOCUMENTED,parent,False,,,,,"liseuse générale, mini-format non demandé",keywords_data/google_ads/search_volume/live,2026-09-03T14:41:31.031518+00:00,2026-09-03-qualification-9-produits-pur/raw/20-controls-0.json.gz,"[{""year"": 2026, ""month"": 7, ""search_volume"": 720}, {""year"": 2026, ""month"": 6, ""search_volume"": 720}, {""year"": 2026, ""month"": 5, ""search_volume"": 720}, {""year"": 2026, ""month"": 4, ""search_volume"": 880}, {""year"": 2026, ""month"": 3, ""search_volume"": 1000}, {""year"": 2026, ""month"": 2, ""search_volume"": 1000}, {""year"": 2026, ""month"": 1, ""search_volume"": 1300}, {""year"": 2025, ""month"": 12, ""search_volume"": 880}, {""year"": 2025, ""month"": 11, ""search_volume"": 1300}, {""year"": 2025, ""month"": 10, ""search_volume"": 1300}, {""year"": 2025, ""month"": 9, ""search_volume"": 880}, {""year"": 2025, ""month"": 8, ""search_volume"": 880}]"
A5,manga pour liseuse,1000,0.24,USD_DOCUMENTED,parent,False,,,,,"liseuse générale, mini-format non demandé",keywords_data/google_ads/search_volume/live,2026-09-03T14:41:31.031518+00:00,2026-09-03-qualification-9-produits-pur/raw/20-controls-0.json.gz,"[{""year"": 2026, ""month"": 7, ""search_volume"": 880}, {""year"": 2026, ""month"": 6, ""search_volume"": 720}, {""year"": 2026, ""month"": 5, ""search_volume"": 1000}, {""year"": 2026, ""month"": 4, ""search_volume"": 720}, {""year"": 2026, ""month"": 3, ""search_volume"": 880}, {""year"": 2026, ""month"": 2, ""search_volume"": 880}, {""year"": 2026, ""month"": 1, ""search_volume"": 880}, {""year"": 2025, ""month"": 12, ""search_volume"": 1300}, {""year"": 2025, ""month"": 11, ""search_volume"": 1600}, {""year"": 2025, ""month"": 10, ""search_volume"": 1000}, {""year"": 2025, ""month"": 9, ""search_volume"": 880}, {""year"": 2025, ""month"": 8, ""search_volume"": 1300}]"
A5,manga liseuse,1000,0.24,USD_DOCUMENTED,parent,False,,,,,"liseuse générale, mini-format non demandé",keywords_data/google_ads/search_volume/live,2026-09-03T14:41:31.031518+00:00,2026-09-03-qualification-9-produits-pur/raw/20-controls-0.json.gz,"[{""year"": 2026, ""month"": 7, ""search_volume"": 880}, {""year"": 2026, ""month"": 6, ""search_volume"": 720}, {""year"": 2026, ""month"": 5, ""search_volume"": 1000}, {""year"": 2026, ""month"": 4, ""search_volume"": 720}, {""year"": 2026, ""month"": 3, ""search_volume"": 880}, {""year"": 2026, ""month"": 2, ""search_volume"": 880}, {""year"": 2026, ""month"": 1, ""search_volume"": 880}, {""year"": 2025, ""month"": 12, ""search_volume"": 1300}, {""year"": 2025, ""month"": 11, ""search_volume"": 1600}, {""year"": 2025, ""month"": 10, ""search_volume"": 1000}, {""year"": 2025, ""month"": 9, ""search_volume"": 880}, {""year"": 2025, ""month"": 8, ""search_volume"": 1300}]"
A5,liseuse reconditionnée,1000,0.26,USD_DOCUMENTED,parent,False,,,,,"liseuse générale, mini-format non demandé",keywords_data/google_ads/search_volume/live,2026-09-03T14:41:31.031518+00:00,2026-09-03-qualification-9-produits-pur/raw/20-controls-0.json.gz,"[{""year"": 2026, ""month"": 7, ""search_volume"": 1000}, {""year"": 2026, ""month"": 6, ""search_volume"": 880}, {""year"": 2026, ""month"": 5, ""search_volume"": 880}, {""year"": 2026, ""month"": 4, ""search_volume"": 720}, {""year"": 2026, ""month"": 3, ""search_volume"": 880}, {""year"": 2026, ""month"": 2, ""search_volume"": 880}, {""year"": 2026, ""month"": 1, ""search_volume"": 1000}, {""year"": 2025, ""month"": 12, ""search_volume"": 1600}, {""year"": 2025, ""month"": 11, ""search_volume"": 1600}, {""year"": 2025, ""month"": 10, ""search_volume"": 1000}, {""year"": 2025, ""month"": 9, ""search_volume"": 1300}, {""year"": 2025, ""month"": 8, ""search_volume"": 1600}]"
A5,liseuse tablette,1000,0.34,USD_DOCUMENTED,parent,False,,,,,"liseuse générale, mini-format non demandé",keywords_data/google_ads/search_volume/live,2026-09-03T14:41:31.031518+00:00,2026-09-03-qualification-9-produits-pur/raw/20-controls-0.json.gz,"[{""year"": 2026, ""month"": 7, ""search_volume"": 880}, {""year"": 2026, ""month"": 6, ""search_volume"": 720}, {""year"": 2026, ""month"": 5, ""search_volume"": 880}, {""year"": 2026, ""month"": 4, ""search_volume"": 720}, {""year"": 2026, ""month"": 3, ""search_volume"": 880}, {""year"": 2026, ""month"": 2, ""search_volume"": 880}, {""year"": 2026, ""month"": 1, ""search_volume"": 1300}, {""year"": 2025, ""month"": 12, ""search_volume"": 1900}, {""year"": 2025, ""month"": 11, ""search_volume"": 1900}, {""year"": 2025, ""month"": 10, ""search_volume"": 1300}, {""year"": 2025, ""month"": 9, ""search_volume"": 1300}, {""year"": 2025, ""month"": 8, ""search_volume"": 1300}]"
A5,tablette ou liseuse,1000,0.34,USD_DOCUMENTED,parent,False,,,,,"liseuse générale, mini-format non demandé",keywords_data/google_ads/search_volume/live,2026-09-03T14:41:31.031518+00:00,2026-09-03-qualification-9-produits-pur/raw/20-controls-0.json.gz,"[{""year"": 2026, ""month"": 7, ""search_volume"": 880}, {""year"": 2026, ""month"": 6, ""search_volume"": 720}, {""year"": 2026, ""month"": 5, ""search_volume"": 880}, {""year"": 2026, ""month"": 4, ""search_volume"": 720}, {""year"": 2026, ""month"": 3, ""search_volume"": 880}, {""year"": 2026, ""month"": 2, ""search_volume"": 880}, {""year"": 2026, ""month"": 1, ""search_volume"": 1300}, {""year"": 2025, ""month"": 12, ""search_volume"": 1900}, {""year"": 2025, ""month"": 11, ""search_volume"": 1900}, {""year"": 2025, ""month"": 10, ""search_volume"": 1300}, {""year"": 2025, ""month"": 9, ""search_volume"": 1300}, {""year"": 2025, ""month"": 8, ""search_volume"": 1300}]"
A5,tablette et liseuse,1000,0.34,USD_DOCUMENTED,parent,False,,,,,"liseuse générale, mini-format non demandé",keywords_data/google_ads/search_volume/live,2026-09-03T14:41:31.031518+00:00,2026-09-03-qualification-9-produits-pur/raw/20-controls-0.json.gz,"[{""year"": 2026, ""month"": 7, ""search_volume"": 880}, {""year"": 2026, ""month"": 6, ""search_volume"": 720}, {""year"": 2026, ""month"": 5, ""search_volume"": 880}, {""year"": 2026, ""month"": 4, ""search_volume"": 720}, {""year"": 2026, ""month"": 3, ""search_volume"": 880}, {""year"": 2026, ""month"": 2, ""search_volume"": 880}, {""year"": 2026, ""month"": 1, ""search_volume"": 1300}, {""year"": 2025, ""month"": 12, ""search_volume"": 1900}, {""year"": 2025, ""month"": 11, ""search_volume"": 1900}, {""year"": 2025, ""month"": 10, ""search_volume"": 1300}, {""year"": 2025, ""month"": 9, ""search_volume"": 1300}, {""year"": 2025, ""month"": 8, ""search_volume"": 1300}]"
A5,amazon liseuse kindle,1000,0.2,USD_DOCUMENTED,parent,True,,,,,"liseuse générale, mini-format non demandé",keywords_data/google_ads/search_volume/live,2026-09-03T14:41:31.031518+00:00,2026-09-03-qualification-9-produits-pur/raw/20-controls-0.json.gz,"[{""year"": 2026, ""month"": 7, ""search_volume"": 880}, {""year"": 2026, ""month"": 6, ""search_volume"": 880}, {""year"": 2026, ""month"": 5, ""search_volume"": 720}, {""year"": 2026, ""month"": 4, ""search_volume"": 590}, {""year"": 2026, ""month"": 3, ""search_volume"": 720}, {""year"": 2026, ""month"": 2, ""search_volume"": 720}, {""year"": 2026, ""month"": 1, ""search_volume"": 1000}, {""year"": 2025, ""month"": 12, ""search_volume"": 1900}, {""year"": 2025, ""month"": 11, ""search_volume"": 1900}, {""year"": 2025, ""month"": 10, ""search_volume"": 880}, {""year"": 2025, ""month"": 9, ""search_volume"": 720}, {""year"": 2025, ""month"": 8, ""search_volume"": 880}]"
A5,liseuse de tete de lit,1000,1.35,USD_DOCUMENTED,parent,False,,,,,"liseuse générale, mini-format non demandé",keywords_data/google_ads/search_volume/live,2026-09-03T14:41:31.031518+00:00,2026-09-03-qualification-9-produits-pur/raw/20-controls-0.json.gz,"[{""year"": 2026, ""month"": 7, ""search_volume"": 880}, {""year"": 2026, ""month"": 6, ""search_volume"": 880}, {""year"": 2026, ""month"": 5, ""search_volume"": 1000}, {""year"": 2026, ""month"": 4, ""search_volume"": 1000}, {""year"": 2026, ""month"": 3, ""search_volume"": 1000}, {""year"": 2026, ""month"": 2, ""search_volume"": 1300}, {""year"": 2026, ""month"": 1, ""search_volume"": 1600}, {""year"": 2025, ""month"": 12, ""search_volume"": 1000}, {""year"": 2025, ""month"": 11, ""search_volume"": 1600}, {""year"": 2025, ""month"": 10, ""search_volume"": 1600}, {""year"": 2025, ""month"": 9, ""search_volume"": 1000}, {""year"": 2025, ""month"": 8, ""search_volume"": 880}]"
A5,liseuse reconditionne,1000,0.26,USD_DOCUMENTED,parent,False,,,,,"liseuse générale, mini-format non demandé",keywords_data/google_ads/search_volume/live,2026-09-03T14:41:31.031518+00:00,2026-09-03-qualification-9-produits-pur/raw/20-controls-0.json.gz,"[{""year"": 2026, ""month"": 7, ""search_volume"": 1000}, {""year"": 2026, ""month"": 6, ""search_volume"": 880}, {""year"": 2026, ""month"": 5, ""search_volume"": 880}, {""year"": 2026, ""month"": 4, ""search_volume"": 720}, {""year"": 2026, ""month"": 3, ""search_volume"": 880}, {""year"": 2026, ""month"": 2, ""search_volume"": 880}, {""year"": 2026, ""month"": 1, ""search_volume"": 1000}, {""year"": 2025, ""month"": 12, ""search_volume"": 1600}, {""year"": 2025, ""month"": 11, ""search_volume"": 1600}, {""year"": 2025, ""month"": 10, ""search_volume"": 1000}, {""year"": 2025, ""month"": 9, ""search_volume"": 1300}, {""year"": 2025, ""month"": 8, ""search_volume"": 1600}]"
A5,liseuse kindle amazon,1000,0.2,USD_DOCUMENTED,parent,True,,,,,"liseuse générale, mini-format non demandé",keywords_data/google_ads/search_volume/live,2026-09-03T14:41:31.031518+00:00,2026-09-03-qualification-9-produits-pur/raw/20-controls-0.json.gz,"[{""year"": 2026, ""month"": 7, ""search_volume"": 880}, {""year"": 2026, ""month"": 6, ""search_volume"": 880}, {""year"": 2026, ""month"": 5, ""search_volume"": 720}, {""year"": 2026, ""month"": 4, ""search_volume"": 590}, {""year"": 2026, ""month"": 3, ""search_volume"": 720}, {""year"": 2026, ""month"": 2, ""search_volume"": 720}, {""year"": 2026, ""month"": 1, ""search_volume"": 1000}, {""year"": 2025, ""month"": 12, ""search_volume"": 1900}, {""year"": 2025, ""month"": 11, ""search_volume"": 1900}, {""year"": 2025, ""month"": 10, ""search_volume"": 880}, {""year"": 2025, ""month"": 9, ""search_volume"": 720}, {""year"": 2025, ""month"": 8, ""search_volume"": 880}]"
A5,liseuse lampe sur pied,1000,0.59,USD_DOCUMENTED,incompatible,False,,,,,"lampe, logiciel, contenu ou sens non appareil",keywords_data/google_ads/search_volume/live,2026-09-03T14:41:31.031518+00:00,2026-09-03-qualification-9-produits-pur/raw/20-controls-0.json.gz,"[{""year"": 2026, ""month"": 7, ""search_volume"": 480}, {""year"": 2026, ""month"": 6, ""search_volume"": 480}, {""year"": 2026, ""month"": 5, ""search_volume"": 720}, {""year"": 2026, ""month"": 4, ""search_volume"": 720}, {""year"": 2026, ""month"": 3, ""search_volume"": 880}, {""year"": 2026, ""month"": 2, ""search_volume"": 1000}, {""year"": 2026, ""month"": 1, ""search_volume"": 1900}, {""year"": 2025, ""month"": 12, ""search_volume"": 1900}, {""year"": 2025, ""month"": 11, ""search_volume"": 2400}, {""year"": 2025, ""month"": 10, ""search_volume"": 1600}, {""year"": 2025, ""month"": 9, ""search_volume"": 1000}, {""year"": 2025, ""month"": 8, ""search_volume"": 880}]"
A5,liseuse en applique,1000,1.35,USD_DOCUMENTED,parent,False,,,,,"liseuse générale, mini-format non demandé",keywords_data/google_ads/search_volume/live,2026-09-03T14:41:31.031518+00:00,2026-09-03-qualification-9-produits-pur/raw/20-controls-0.json.gz,"[{""year"": 2026, ""month"": 7, ""search_volume"": 720}, {""year"": 2026, ""month"": 6, ""search_volume"": 880}, {""year"": 2026, ""month"": 5, ""search_volume"": 880}, {""year"": 2026, ""month"": 4, ""search_volume"": 880}, {""year"": 2026, ""month"": 3, ""search_volume"": 1000}, {""year"": 2026, ""month"": 2, ""search_volume"": 1300}, {""year"": 2026, ""month"": 1, ""search_volume"": 1300}, {""year"": 2025, ""month"": 12, ""search_volume"": 880}, {""year"": 2025, ""month"": 11, ""search_volume"": 1300}, {""year"": 2025, ""month"": 10, ""search_volume"": 1300}, {""year"": 2025, ""month"": 9, ""search_volume"": 1000}, {""year"": 2025, ""month"": 8, ""search_volume"": 880}]"
A5,liseuse pour manga,1000,0.24,USD_DOCUMENTED,parent,False,,,,,"liseuse générale, mini-format non demandé",keywords_data/google_ads/search_volume/live,2026-09-03T14:41:31.031518+00:00,2026-09-03-qualification-9-produits-pur/raw/20-controls-0.json.gz,"[{""year"": 2026, ""month"": 7, ""search_volume"": 880}, {""year"": 2026, ""month"": 6, ""search_volume"": 720}, {""year"": 2026, ""month"": 5, ""search_volume"": 1000}, {""year"": 2026, ""month"": 4, ""search_volume"": 720}, {""year"": 2026, ""month"": 3, ""search_volume"": 880}, {""year"": 2026, ""month"": 2, ""search_volume"": 880}, {""year"": 2026, ""month"": 1, ""search_volume"": 880}, {""year"": 2025, ""month"": 12, ""search_volume"": 1300}, {""year"": 2025, ""month"": 11, ""search_volume"": 1600}, {""year"": 2025, ""month"": 10, ""search_volume"": 1000}, {""year"": 2025, ""month"": 9, ""search_volume"": 880}, {""year"": 2025, ""month"": 8, ""search_volume"": 1300}]"
A5,applique et liseuse,1000,1.35,USD_DOCUMENTED,parent,False,,,,,"liseuse générale, mini-format non demandé",keywords_data/google_ads/search_volume/live,2026-09-03T14:41:31.031518+00:00,2026-09-03-qualification-9-produits-pur/raw/20-controls-0.json.gz,"[{""year"": 2026, ""month"": 7, ""search_volume"": 720}, {""year"": 2026, ""month"": 6, ""search_volume"": 880}, {""year"": 2026, ""month"": 5, ""search_volume"": 880}, {""year"": 2026, ""month"": 4, ""search_volume"": 880}, {""year"": 2026, ""month"": 3, ""search_volume"": 1000}, {""year"": 2026, ""month"": 2, ""search_volume"": 1300}, {""year"": 2026, ""month"": 1, ""search_volume"": 1300}, {""year"": 2025, ""month"": 12, ""search_volume"": 880}, {""year"": 2025, ""month"": 11, ""search_volume"": 1300}, {""year"": 2025, ""month"": 10, ""search_volume"": 1300}, {""year"": 2025, ""month"": 9, ""search_volume"": 1000}, {""year"": 2025, ""month"": 8, ""search_volume"": 880}]"
A5,lampadaire liseuse sur pied,1000,0.59,USD_DOCUMENTED,incompatible,False,,,,,"lampe, logiciel, contenu ou sens non appareil",keywords_data/google_ads/search_volume/live,2026-09-03T14:41:31.031518+00:00,2026-09-03-qualification-9-produits-pur/raw/20-controls-0.json.gz,"[{""year"": 2026, ""month"": 7, ""search_volume"": 480}, {""year"": 2026, ""month"": 6, ""search_volume"": 480}, {""year"": 2026, ""month"": 5, ""search_volume"": 720}, {""year"": 2026, ""month"": 4, ""search_volume"": 720}, {""year"": 2026, ""month"": 3, ""search_volume"": 880}, {""year"": 2026, ""month"": 2, ""search_volume"": 1000}, {""year"": 2026, ""month"": 1, ""search_volume"": 1900}, {""year"": 2025, ""month"": 12, ""search_volume"": 1900}, {""year"": 2025, ""month"": 11, ""search_volume"": 2400}, {""year"": 2025, ""month"": 10, ""search_volume"": 1600}, {""year"": 2025, ""month"": 9, ""search_volume"": 1000}, {""year"": 2025, ""month"": 8, ""search_volume"": 880}]"
A5,liseuse manga,1000,0.24,USD_DOCUMENTED,parent,False,,,,,"liseuse générale, mini-format non demandé",keywords_data/google_ads/search_volume/live,2026-09-03T14:41:31.031518+00:00,2026-09-03-qualification-9-produits-pur/raw/20-controls-0.json.gz,"[{""year"": 2026, ""month"": 7, ""search_volume"": 880}, {""year"": 2026, ""month"": 6, ""search_volume"": 720}, {""year"": 2026, ""month"": 5, ""search_volume"": 1000}, {""year"": 2026, ""month"": 4, ""search_volume"": 720}, {""year"": 2026, ""month"": 3, ""search_volume"": 880}, {""year"": 2026, ""month"": 2, ""search_volume"": 880}, {""year"": 2026, ""month"": 1, ""search_volume"": 880}, {""year"": 2025, ""month"": 12, ""search_volume"": 1300}, {""year"": 2025, ""month"": 11, ""search_volume"": 1600}, {""year"": 2025, ""month"": 10, ""search_volume"": 1000}, {""year"": 2025, ""month"": 9, ""search_volume"": 880}, {""year"": 2025, ""month"": 8, ""search_volume"": 1300}]"
A5,liseuse numérique,880,0.3,USD_DOCUMENTED,parent,False,,,,,"liseuse générale, mini-format non demandé",dataforseo_labs/google/keyword_suggestions/live,2026-09-03T11:47:40.664088+00:00,2026-09-03-test-decouverte-search-12/02-A5-discovery.json.gz,"[{""year"": 2026, ""month"": 7, ""search_volume"": 590}, {""year"": 2026, ""month"": 6, ""search_volume"": 480}, {""year"": 2026, ""month"": 5, ""search_volume"": 880}, {""year"": 2026, ""month"": 4, ""search_volume"": 590}, {""year"": 2026, ""month"": 3, ""search_volume"": 1000}, {""year"": 2026, ""month"": 2, ""search_volume"": 1300}, {""year"": 2026, ""month"": 1, ""search_volume"": 880}, {""year"": 2025, ""month"": 12, ""search_volume"": 1300}, {""year"": 2025, ""month"": 11, ""search_volume"": 1300}, {""year"": 2025, ""month"": 10, ""search_volume"": 880}, {""year"": 2025, ""month"": 9, ""search_volume"": 1000}, {""year"": 2025, ""month"": 8, ""search_volume"": 1000}]"
A5,liseuse avis,880,0.29,USD_DOCUMENTED,parent,False,,,,,"liseuse générale, mini-format non demandé",dataforseo_labs/google/keyword_suggestions/live,2026-09-03T11:47:40.664088+00:00,2026-09-03-test-decouverte-search-12/02-A5-discovery.json.gz,"[{""year"": 2026, ""month"": 7, ""search_volume"": 720}, {""year"": 2026, ""month"": 6, ""search_volume"": 590}, {""year"": 2026, ""month"": 5, ""search_volume"": 590}, {""year"": 2026, ""month"": 4, ""search_volume"": 590}, {""year"": 2026, ""month"": 3, ""search_volume"": 590}, {""year"": 2026, ""month"": 2, ""search_volume"": 720}, {""year"": 2026, ""month"": 1, ""search_volume"": 880}, {""year"": 2025, ""month"": 12, ""search_volume"": 1600}, {""year"": 2025, ""month"": 11, ""search_volume"": 1900}, {""year"": 2025, ""month"": 10, ""search_volume"": 880}, {""year"": 2025, ""month"": 9, ""search_volume"": 1000}, {""year"": 2025, ""month"": 8, ""search_volume"": 1300}]"
A5,avis liseuse,880,0.29,USD_DOCUMENTED,parent,False,,,,,"liseuse générale, mini-format non demandé",dataforseo_labs/google/keyword_suggestions/live,2026-09-03T11:47:40.664088+00:00,2026-09-03-test-decouverte-search-12/02-A5-discovery.json.gz,"[{""year"": 2026, ""month"": 7, ""search_volume"": 720}, {""year"": 2026, ""month"": 6, ""search_volume"": 590}, {""year"": 2026, ""month"": 5, ""search_volume"": 590}, {""year"": 2026, ""month"": 4, ""search_volume"": 590}, {""year"": 2026, ""month"": 3, ""search_volume"": 590}, {""year"": 2026, ""month"": 2, ""search_volume"": 720}, {""year"": 2026, ""month"": 1, ""search_volume"": 880}, {""year"": 2025, ""month"": 12, ""search_volume"": 1600}, {""year"": 2025, ""month"": 11, ""search_volume"": 1900}, {""year"": 2025, ""month"": 10, ""search_volume"": 880}, {""year"": 2025, ""month"": 9, ""search_volume"": 1000}, {""year"": 2025, ""month"": 8, ""search_volume"": 1300}]"
A5,cultura liseuse,880,0.29,USD_DOCUMENTED,parent,True,,,,,"liseuse générale, mini-format non demandé",dataforseo_labs/google/keyword_suggestions/live,2026-09-03T11:47:40.664088+00:00,2026-09-03-test-decouverte-search-12/02-A5-discovery.json.gz,"[{""year"": 2026, ""month"": 7, ""search_volume"": 880}, {""year"": 2026, ""month"": 6, ""search_volume"": 720}, {""year"": 2026, ""month"": 5, ""search_volume"": 720}, {""year"": 2026, ""month"": 4, ""search_volume"": 480}, {""year"": 2026, ""month"": 3, ""search_volume"": 590}, {""year"": 2026, ""month"": 2, ""search_volume"": 590}, {""year"": 2026, ""month"": 1, ""search_volume"": 880}, {""year"": 2025, ""month"": 12, ""search_volume"": 1600}, {""year"": 2025, ""month"": 11, ""search_volume"": 1600}, {""year"": 2025, ""month"": 10, ""search_volume"": 720}, {""year"": 2025, ""month"": 9, ""search_volume"": 720}, {""year"": 2025, ""month"": 8, ""search_volume"": 1000}]"
A5,liseuse numerique,880,0.3,USD_DOCUMENTED,parent,False,,,,,"liseuse générale, mini-format non demandé",dataforseo_labs/google/keyword_suggestions/live,2026-09-03T11:47:40.664088+00:00,2026-09-03-test-decouverte-search-12/02-A5-discovery.json.gz,"[{""year"": 2026, ""month"": 7, ""search_volume"": 590}, {""year"": 2026, ""month"": 6, ""search_volume"": 480}, {""year"": 2026, ""month"": 5, ""search_volume"": 880}, {""year"": 2026, ""month"": 4, ""search_volume"": 590}, {""year"": 2026, ""month"": 3, ""search_volume"": 1000}, {""year"": 2026, ""month"": 2, ""search_volume"": 1300}, {""year"": 2026, ""month"": 1, ""search_volume"": 880}, {""year"": 2025, ""month"": 12, ""search_volume"": 1300}, {""year"": 2025, ""month"": 11, ""search_volume"": 1300}, {""year"": 2025, ""month"": 10, ""search_volume"": 880}, {""year"": 2025, ""month"": 9, ""search_volume"": 1000}, {""year"": 2025, ""month"": 8, ""search_volume"": 1000}]"
A5,liseuse lumière,880,0.68,USD_DOCUMENTED,parent,False,,,,,"liseuse générale, mini-format non demandé",dataforseo_labs/google/keyword_suggestions/live,2026-09-03T11:47:40.664088+00:00,2026-09-03-test-decouverte-search-12/02-A5-discovery.json.gz,"[{""year"": 2026, ""month"": 7, ""search_volume"": 390}, {""year"": 2026, ""month"": 6, ""search_volume"": 390}, {""year"": 2026, ""month"": 5, ""search_volume"": 590}, {""year"": 2026, ""month"": 4, ""search_volume"": 480}, {""year"": 2026, ""month"": 3, ""search_volume"": 720}, {""year"": 2026, ""month"": 2, ""search_volume"": 880}, {""year"": 2026, ""month"": 1, ""search_volume"": 1000}, {""year"": 2025, ""month"": 12, ""search_volume"": 1600}, {""year"": 2025, ""month"": 11, ""search_volume"": 1600}, {""year"": 2025, ""month"": 10, ""search_volume"": 880}, {""year"": 2025, ""month"": 9, ""search_volume"": 720}, {""year"": 2025, ""month"": 8, ""search_volume"": 720}]"
A5,lumière liseuse,880,0.68,USD_DOCUMENTED,parent,False,,,,,"liseuse générale, mini-format non demandé",dataforseo_labs/google/keyword_suggestions/live,2026-09-03T11:47:40.664088+00:00,2026-09-03-test-decouverte-search-12/02-A5-discovery.json.gz,"[{""year"": 2026, ""month"": 7, ""search_volume"": 390}, {""year"": 2026, ""month"": 6, ""search_volume"": 390}, {""year"": 2026, ""month"": 5, ""search_volume"": 590}, {""year"": 2026, ""month"": 4, ""search_volume"": 480}, {""year"": 2026, ""month"": 3, ""search_volume"": 720}, {""year"": 2026, ""month"": 2, ""search_volume"": 880}, {""year"": 2026, ""month"": 1, ""search_volume"": 1000}, {""year"": 2025, ""month"": 12, ""search_volume"": 1600}, {""year"": 2025, ""month"": 11, ""search_volume"": 1600}, {""year"": 2025, ""month"": 10, ""search_volume"": 880}, {""year"": 2025, ""month"": 9, ""search_volume"": 720}, {""year"": 2025, ""month"": 8, ""search_volume"": 720}]"
A5,meilleure liseuse 2026,880,0.35,USD_DOCUMENTED,parent,False,,,,,"liseuse générale, mini-format non demandé",dataforseo_labs/google/keyword_suggestions/live,2026-09-03T11:47:40.664088+00:00,2026-09-03-test-decouverte-search-12/02-A5-discovery.json.gz,"[{""year"": 2026, ""month"": 7, ""search_volume"": 2400}, {""year"": 2026, ""month"": 6, ""search_volume"": 1900}, {""year"": 2026, ""month"": 5, ""search_volume"": 1900}, {""year"": 2026, ""month"": 4, ""search_volume"": 1600}, {""year"": 2026, ""month"": 3, ""search_volume"": 1300}, {""year"": 2026, ""month"": 2, ""search_volume"": 720}, {""year"": 2026, ""month"": 1, ""search_volume"": 480}, {""year"": 2025, ""month"": 12, ""search_volume"": 50}, {""year"": 2025, ""month"": 11, ""search_volume"": 0}, {""year"": 2025, ""month"": 10, ""search_volume"": 0}, {""year"": 2025, ""month"": 9, ""search_volume"": 0}, {""year"": 2025, ""month"": 8, ""search_volume"": 0}]"
A5,avis sur liseuse,880,0.29,USD_DOCUMENTED,parent,False,,,,,"liseuse générale, mini-format non demandé",dataforseo_labs/google/keyword_suggestions/live,2026-09-03T11:47:40.664088+00:00,2026-09-03-test-decouverte-search-12/02-A5-discovery.json.gz,"[{""year"": 2026, ""month"": 7, ""search_volume"": 720}, {""year"": 2026, ""month"": 6, ""search_volume"": 590}, {""year"": 2026, ""month"": 5, ""search_volume"": 590}, {""year"": 2026, ""month"": 4, ""search_volume"": 590}, {""year"": 2026, ""month"": 3, ""search_volume"": 590}, {""year"": 2026, ""month"": 2, ""search_volume"": 720}, {""year"": 2026, ""month"": 1, ""search_volume"": 880}, {""year"": 2025, ""month"": 12, ""search_volume"": 1600}, {""year"": 2025, ""month"": 11, ""search_volume"": 1900}, {""year"": 2025, ""month"": 10, ""search_volume"": 880}, {""year"": 2025, ""month"": 9, ""search_volume"": 1000}, {""year"": 2025, ""month"": 8, ""search_volume"": 1300}]"
A5,meilleur liseuse 2026,880,0.35,USD_DOCUMENTED,parent,False,,,,,"liseuse générale, mini-format non demandé",dataforseo_labs/google/keyword_suggestions/live,2026-09-03T11:47:40.664088+00:00,2026-09-03-test-decouverte-search-12/02-A5-discovery.json.gz,"[{""year"": 2026, ""month"": 7, ""search_volume"": 2400}, {""year"": 2026, ""month"": 6, ""search_volume"": 1900}, {""year"": 2026, ""month"": 5, ""search_volume"": 1900}, {""year"": 2026, ""month"": 4, ""search_volume"": 1600}, {""year"": 2026, ""month"": 3, ""search_volume"": 1300}, {""year"": 2026, ""month"": 2, ""search_volume"": 720}, {""year"": 2026, ""month"": 1, ""search_volume"": 480}, {""year"": 2025, ""month"": 12, ""search_volume"": 50}, {""year"": 2025, ""month"": 11, ""search_volume"": 0}, {""year"": 2025, ""month"": 10, ""search_volume"": 0}, {""year"": 2025, ""month"": 9, ""search_volume"": 0}, {""year"": 2025, ""month"": 8, ""search_volume"": 0}]"
A5,liseuse les numériques,880,0.3,USD_DOCUMENTED,parent,False,,,,,"liseuse générale, mini-format non demandé",dataforseo_labs/google/keyword_suggestions/live,2026-09-03T11:47:40.664088+00:00,2026-09-03-test-decouverte-search-12/02-A5-discovery.json.gz,"[{""year"": 2026, ""month"": 7, ""search_volume"": 590}, {""year"": 2026, ""month"": 6, ""search_volume"": 480}, {""year"": 2026, ""month"": 5, ""search_volume"": 880}, {""year"": 2026, ""month"": 4, ""search_volume"": 590}, {""year"": 2026, ""month"": 3, ""search_volume"": 1000}, {""year"": 2026, ""month"": 2, ""search_volume"": 1300}, {""year"": 2026, ""month"": 1, ""search_volume"": 880}, {""year"": 2025, ""month"": 12, ""search_volume"": 1300}, {""year"": 2025, ""month"": 11, ""search_volume"": 1300}, {""year"": 2025, ""month"": 10, ""search_volume"": 880}, {""year"": 2025, ""month"": 9, ""search_volume"": 1000}, {""year"": 2025, ""month"": 8, ""search_volume"": 1000}]"
A5,fnac liseuse kindle,720,0.13,USD_DOCUMENTED,parent,True,,,,,"liseuse générale, mini-format non demandé",dataforseo_labs/google/keyword_suggestions/live,2026-09-03T11:47:40.664088+00:00,2026-09-03-test-decouverte-search-12/02-A5-discovery.json.gz,"[{""year"": 2026, ""month"": 7, ""search_volume"": 720}, {""year"": 2026, ""month"": 6, ""search_volume"": 590}, {""year"": 2026, ""month"": 5, ""search_volume"": 480}, {""year"": 2026, ""month"": 4, ""search_volume"": 480}, {""year"": 2026, ""month"": 3, ""search_volume"": 480}, {""year"": 2026, ""month"": 2, ""search_volume"": 590}, {""year"": 2026, ""month"": 1, ""search_volume"": 720}, {""year"": 2025, ""month"": 12, ""search_volume"": 1600}, {""year"": 2025, ""month"": 11, ""search_volume"": 1300}, {""year"": 2025, ""month"": 10, ""search_volume"": 590}, {""year"": 2025, ""month"": 9, ""search_volume"": 720}, {""year"": 2025, ""month"": 8, ""search_volume"": 880}]"
A5,liseuse bd,720,0.22,USD_DOCUMENTED,parent,False,,,,,"liseuse générale, mini-format non demandé",dataforseo_labs/google/keyword_suggestions/live,2026-09-03T11:47:40.664088+00:00,2026-09-03-test-decouverte-search-12/02-A5-discovery.json.gz,"[{""year"": 2026, ""month"": 7, ""search_volume"": 590}, {""year"": 2026, ""month"": 6, ""search_volume"": 390}, {""year"": 2026, ""month"": 5, ""search_volume"": 480}, {""year"": 2026, ""month"": 4, ""search_volume"": 390}, {""year"": 2026, ""month"": 3, ""search_volume"": 480}, {""year"": 2026, ""month"": 2, ""search_volume"": 590}, {""year"": 2026, ""month"": 1, ""search_volume"": 720}, {""year"": 2025, ""month"": 12, ""search_volume"": 1000}, {""year"": 2025, ""month"": 11, ""search_volume"": 1000}, {""year"": 2025, ""month"": 10, ""search_volume"": 720}, {""year"": 2025, ""month"": 9, ""search_volume"": 590}, {""year"": 2025, ""month"": 8, ""search_volume"": 880}]"
A5,bookeen liseuse,720,0.26,USD_DOCUMENTED,parent,True,,,,,"liseuse générale, mini-format non demandé",dataforseo_labs/google/keyword_suggestions/live,2026-09-03T11:47:40.664088+00:00,2026-09-03-test-decouverte-search-12/02-A5-discovery.json.gz,"[{""year"": 2026, ""month"": 7, ""search_volume"": 590}, {""year"": 2026, ""month"": 6, ""search_volume"": 480}, {""year"": 2026, ""month"": 5, ""search_volume"": 590}, {""year"": 2026, ""month"": 4, ""search_volume"": 480}, {""year"": 2026, ""month"": 3, ""search_volume"": 590}, {""year"": 2026, ""month"": 2, ""search_volume"": 590}, {""year"": 2026, ""month"": 1, ""search_volume"": 720}, {""year"": 2025, ""month"": 12, ""search_volume"": 880}, {""year"": 2025, ""month"": 11, ""search_volume"": 1000}, {""year"": 2025, ""month"": 10, ""search_volume"": 720}, {""year"": 2025, ""month"": 9, ""search_volume"": 720}, {""year"": 2025, ""month"": 8, ""search_volume"": 880}]"
A5,liseuse électronique,720,0.32,USD_DOCUMENTED,parent,False,,,,,"liseuse générale, mini-format non demandé",dataforseo_labs/google/keyword_suggestions/live,2026-09-03T11:47:40.664088+00:00,2026-09-03-test-decouverte-search-12/02-A5-discovery.json.gz,"[{""year"": 2026, ""month"": 7, ""search_volume"": 480}, {""year"": 2026, ""month"": 6, ""search_volume"": 390}, {""year"": 2026, ""month"": 5, ""search_volume"": 590}, {""year"": 2026, ""month"": 4, ""search_volume"": 480}, {""year"": 2026, ""month"": 3, ""search_volume"": 880}, {""year"": 2026, ""month"": 2, ""search_volume"": 1000}, {""year"": 2026, ""month"": 1, ""search_volume"": 480}, {""year"": 2025, ""month"": 12, ""search_volume"": 720}, {""year"": 2025, ""month"": 11, ""search_volume"": 880}, {""year"": 2025, ""month"": 10, ""search_volume"": 590}, {""year"": 2025, ""month"": 9, ""search_volume"": 880}, {""year"": 2025, ""month"": 8, ""search_volume"": 720}]"
A5,kindle liseuse fnac,720,0.13,USD_DOCUMENTED,parent,True,,,,,"liseuse générale, mini-format non demandé",dataforseo_labs/google/keyword_suggestions/live,2026-09-03T11:47:40.664088+00:00,2026-09-03-test-decouverte-search-12/02-A5-discovery.json.gz,"[{""year"": 2026, ""month"": 7, ""search_volume"": 720}, {""year"": 2026, ""month"": 6, ""search_volume"": 590}, {""year"": 2026, ""month"": 5, ""search_volume"": 480}, {""year"": 2026, ""month"": 4, ""search_volume"": 480}, {""year"": 2026, ""month"": 3, ""search_volume"": 480}, {""year"": 2026, ""month"": 2, ""search_volume"": 590}, {""year"": 2026, ""month"": 1, ""search_volume"": 720}, {""year"": 2025, ""month"": 12, ""search_volume"": 1600}, {""year"": 2025, ""month"": 11, ""search_volume"": 1300}, {""year"": 2025, ""month"": 10, ""search_volume"": 590}, {""year"": 2025, ""month"": 9, ""search_volume"": 720}, {""year"": 2025, ""month"": 8, ""search_volume"": 880}]"
A5,liseuse kindle fnac,720,0.13,USD_DOCUMENTED,parent,True,,,,,"liseuse générale, mini-format non demandé",dataforseo_labs/google/keyword_suggestions/live,2026-09-03T11:47:40.664088+00:00,2026-09-03-test-decouverte-search-12/02-A5-discovery.json.gz,"[{""year"": 2026, ""month"": 7, ""search_volume"": 720}, {""year"": 2026, ""month"": 6, ""search_volume"": 590}, {""year"": 2026, ""month"": 5, ""search_volume"": 480}, {""year"": 2026, ""month"": 4, ""search_volume"": 480}, {""year"": 2026, ""month"": 3, ""search_volume"": 480}, {""year"": 2026, ""month"": 2, ""search_volume"": 590}, {""year"": 2026, ""month"": 1, ""search_volume"": 720}, {""year"": 2025, ""month"": 12, ""search_volume"": 1600}, {""year"": 2025, ""month"": 11, ""search_volume"": 1300}, {""year"": 2025, ""month"": 10, ""search_volume"": 590}, {""year"": 2025, ""month"": 9, ""search_volume"": 720}, {""year"": 2025, ""month"": 8, ""search_volume"": 880}]"
A5,liseuse bookeen,720,0.26,USD_DOCUMENTED,parent,True,,,,,"liseuse générale, mini-format non demandé",dataforseo_labs/google/keyword_suggestions/live,2026-09-03T11:47:40.664088+00:00,2026-09-03-test-decouverte-search-12/02-A5-discovery.json.gz,"[{""year"": 2026, ""month"": 7, ""search_volume"": 590}, {""year"": 2026, ""month"": 6, ""search_volume"": 480}, {""year"": 2026, ""month"": 5, ""search_volume"": 590}, {""year"": 2026, ""month"": 4, ""search_volume"": 480}, {""year"": 2026, ""month"": 3, ""search_volume"": 590}, {""year"": 2026, ""month"": 2, ""search_volume"": 590}, {""year"": 2026, ""month"": 1, ""search_volume"": 720}, {""year"": 2025, ""month"": 12, ""search_volume"": 880}, {""year"": 2025, ""month"": 11, ""search_volume"": 1000}, {""year"": 2025, ""month"": 10, ""search_volume"": 720}, {""year"": 2025, ""month"": 9, ""search_volume"": 720}, {""year"": 2025, ""month"": 8, ""search_volume"": 880}]"
A5,bd pour liseuse,720,0.22,USD_DOCUMENTED,parent,False,,,,,"liseuse générale, mini-format non demandé",dataforseo_labs/google/keyword_suggestions/live,2026-09-03T11:47:40.664088+00:00,2026-09-03-test-decouverte-search-12/02-A5-discovery.json.gz,"[{""year"": 2026, ""month"": 7, ""search_volume"": 590}, {""year"": 2026, ""month"": 6, ""search_volume"": 390}, {""year"": 2026, ""month"": 5, ""search_volume"": 480}, {""year"": 2026, ""month"": 4, ""search_volume"": 390}, {""year"": 2026, ""month"": 3, ""search_volume"": 480}, {""year"": 2026, ""month"": 2, ""search_volume"": 590}, {""year"": 2026, ""month"": 1, ""search_volume"": 720}, {""year"": 2025, ""month"": 12, ""search_volume"": 1000}, {""year"": 2025, ""month"": 11, ""search_volume"": 1000}, {""year"": 2025, ""month"": 10, ""search_volume"": 720}, {""year"": 2025, ""month"": 9, ""search_volume"": 590}, {""year"": 2025, ""month"": 8, ""search_volume"": 880}]"
A5,liseuse fnac kindle,720,0.13,USD_DOCUMENTED,parent,True,,,,,"liseuse générale, mini-format non demandé",dataforseo_labs/google/keyword_suggestions/live,2026-09-03T11:47:40.664088+00:00,2026-09-03-test-decouverte-search-12/02-A5-discovery.json.gz,"[{""year"": 2026, ""month"": 7, ""search_volume"": 720}, {""year"": 2026, ""month"": 6, ""search_volume"": 590}, {""year"": 2026, ""month"": 5, ""search_volume"": 480}, {""year"": 2026, ""month"": 4, ""search_volume"": 480}, {""year"": 2026, ""month"": 3, ""search_volume"": 480}, {""year"": 2026, ""month"": 2, ""search_volume"": 590}, {""year"": 2026, ""month"": 1, ""search_volume"": 720}, {""year"": 2025, ""month"": 12, ""search_volume"": 1600}, {""year"": 2025, ""month"": 11, ""search_volume"": 1300}, {""year"": 2025, ""month"": 10, ""search_volume"": 590}, {""year"": 2025, ""month"": 9, ""search_volume"": 720}, {""year"": 2025, ""month"": 8, ""search_volume"": 880}]"
A5,liseuse bande dessinée,720,0.22,USD_DOCUMENTED,parent,False,,,,,"liseuse générale, mini-format non demandé",dataforseo_labs/google/keyword_suggestions/live,2026-09-03T11:47:40.664088+00:00,2026-09-03-test-decouverte-search-12/02-A5-discovery.json.gz,"[{""year"": 2026, ""month"": 7, ""search_volume"": 590}, {""year"": 2026, ""month"": 6, ""search_volume"": 390}, {""year"": 2026, ""month"": 5, ""search_volume"": 480}, {""year"": 2026, ""month"": 4, ""search_volume"": 390}, {""year"": 2026, ""month"": 3, ""search_volume"": 480}, {""year"": 2026, ""month"": 2, ""search_volume"": 590}, {""year"": 2026, ""month"": 1, ""search_volume"": 720}, {""year"": 2025, ""month"": 12, ""search_volume"": 1000}, {""year"": 2025, ""month"": 11, ""search_volume"": 1000}, {""year"": 2025, ""month"": 10, ""search_volume"": 720}, {""year"": 2025, ""month"": 9, ""search_volume"": 590}, {""year"": 2025, ""month"": 8, ""search_volume"": 880}]"
A5,applique liseuse tête de lit,720,0.92,USD_DOCUMENTED,parent,False,,,,,"liseuse générale, mini-format non demandé",dataforseo_labs/google/keyword_suggestions/live,2026-09-03T11:47:40.664088+00:00,2026-09-03-test-decouverte-search-12/02-A5-discovery.json.gz,"[{""year"": 2026, ""month"": 7, ""search_volume"": 320}, {""year"": 2026, ""month"": 6, ""search_volume"": 390}, {""year"": 2026, ""month"": 5, ""search_volume"": 480}, {""year"": 2026, ""month"": 4, ""search_volume"": 590}, {""year"": 2026, ""month"": 3, ""search_volume"": 880}, {""year"": 2026, ""month"": 2, ""search_volume"": 880}, {""year"": 2026, ""month"": 1, ""search_volume"": 1000}, {""year"": 2025, ""month"": 12, ""search_volume"": 720}, {""year"": 2025, ""month"": 11, ""search_volume"": 1000}, {""year"": 2025, ""month"": 10, ""search_volume"": 880}, {""year"": 2025, ""month"": 9, ""search_volume"": 880}, {""year"": 2025, ""month"": 8, ""search_volume"": 880}]"
A5,applique liseuse tete de lit,720,0.92,USD_DOCUMENTED,parent,False,,,,,"liseuse générale, mini-format non demandé",dataforseo_labs/google/keyword_suggestions/live,2026-09-03T11:47:40.664088+00:00,2026-09-03-test-decouverte-search-12/02-A5-discovery.json.gz,"[{""year"": 2026, ""month"": 7, ""search_volume"": 320}, {""year"": 2026, ""month"": 6, ""search_volume"": 390}, {""year"": 2026, ""month"": 5, ""search_volume"": 480}, {""year"": 2026, ""month"": 4, ""search_volume"": 590}, {""year"": 2026, ""month"": 3, ""search_volume"": 880}, {""year"": 2026, ""month"": 2, ""search_volume"": 880}, {""year"": 2026, ""month"": 1, ""search_volume"": 1000}, {""year"": 2025, ""month"": 12, ""search_volume"": 720}, {""year"": 2025, ""month"": 11, ""search_volume"": 1000}, {""year"": 2025, ""month"": 10, ""search_volume"": 880}, {""year"": 2025, ""month"": 9, ""search_volume"": 880}, {""year"": 2025, ""month"": 8, ""search_volume"": 880}]"
A5,liseuse pour bd,720,0.22,USD_DOCUMENTED,parent,False,,,,,"liseuse générale, mini-format non demandé",dataforseo_labs/google/keyword_suggestions/live,2026-09-03T11:47:40.664088+00:00,2026-09-03-test-decouverte-search-12/02-A5-discovery.json.gz,"[{""year"": 2026, ""month"": 7, ""search_volume"": 590}, {""year"": 2026, ""month"": 6, ""search_volume"": 390}, {""year"": 2026, ""month"": 5, ""search_volume"": 480}, {""year"": 2026, ""month"": 4, ""search_volume"": 390}, {""year"": 2026, ""month"": 3, ""search_volume"": 480}, {""year"": 2026, ""month"": 2, ""search_volume"": 590}, {""year"": 2026, ""month"": 1, ""search_volume"": 720}, {""year"": 2025, ""month"": 12, ""search_volume"": 1000}, {""year"": 2025, ""month"": 11, ""search_volume"": 1000}, {""year"": 2025, ""month"": 10, ""search_volume"": 720}, {""year"": 2025, ""month"": 9, ""search_volume"": 590}, {""year"": 2025, ""month"": 8, ""search_volume"": 880}]"
A5,liseuse occasion,720,0.18,USD_DOCUMENTED,parent,False,,,,,"liseuse générale, mini-format non demandé",dataforseo_labs/google/keyword_suggestions/live,2026-09-03T11:47:40.664088+00:00,2026-09-03-test-decouverte-search-12/02-A5-discovery.json.gz,"[{""year"": 2026, ""month"": 7, ""search_volume"": 720}, {""year"": 2026, ""month"": 6, ""search_volume"": 590}, {""year"": 2026, ""month"": 5, ""search_volume"": 590}, {""year"": 2026, ""month"": 4, ""search_volume"": 480}, {""year"": 2026, ""month"": 3, ""search_volume"": 590}, {""year"": 2026, ""month"": 2, ""search_volume"": 590}, {""year"": 2026, ""month"": 1, ""search_volume"": 720}, {""year"": 2025, ""month"": 12, ""search_volume"": 880}, {""year"": 2025, ""month"": 11, ""search_volume"": 720}, {""year"": 2025, ""month"": 10, ""search_volume"": 720}, {""year"": 2025, ""month"": 9, ""search_volume"": 720}, {""year"": 2025, ""month"": 8, ""search_volume"": 880}]"
A5,liseuse amazon kindle,720,0.4,USD_DOCUMENTED,parent,True,,,,,"liseuse générale, mini-format non demandé",dataforseo_labs/google/keyword_suggestions/live,2026-09-03T11:47:40.664088+00:00,2026-09-03-test-decouverte-search-12/02-A5-discovery.json.gz,"[{""year"": 2026, ""month"": 7, ""search_volume"": 590}, {""year"": 2026, ""month"": 6, ""search_volume"": 480}, {""year"": 2026, ""month"": 5, ""search_volume"": 590}, {""year"": 2026, ""month"": 4, ""search_volume"": 390}, {""year"": 2026, ""month"": 3, ""search_volume"": 480}, {""year"": 2026, ""month"": 2, ""search_volume"": 480}, {""year"": 2026, ""month"": 1, ""search_volume"": 720}, {""year"": 2025, ""month"": 12, ""search_volume"": 2900}, {""year"": 2025, ""month"": 11, ""search_volume"": 1300}, {""year"": 2025, ""month"": 10, ""search_volume"": 590}, {""year"": 2025, ""month"": 9, ""search_volume"": 260}, {""year"": 2025, ""month"": 8, ""search_volume"": 390}]"
A5,liseuse kobo clara color,720,0.32,USD_DOCUMENTED,parent,True,,,,,"liseuse générale, mini-format non demandé",dataforseo_labs/google/keyword_suggestions/live,2026-09-03T11:47:40.664088+00:00,2026-09-03-test-decouverte-search-12/02-A5-discovery.json.gz,"[{""year"": 2026, ""month"": 7, ""search_volume"": 720}, {""year"": 2026, ""month"": 6, ""search_volume"": 590}, {""year"": 2026, ""month"": 5, ""search_volume"": 590}, {""year"": 2026, ""month"": 4, ""search_volume"": 390}, {""year"": 2026, ""month"": 3, ""search_volume"": 480}, {""year"": 2026, ""month"": 2, ""search_volume"": 590}, {""year"": 2026, ""month"": 1, ""search_volume"": 880}, {""year"": 2025, ""month"": 12, ""search_volume"": 1300}, {""year"": 2025, ""month"": 11, ""search_volume"": 1600}, {""year"": 2025, ""month"": 10, ""search_volume"": 590}, {""year"": 2025, ""month"": 9, ""search_volume"": 480}, {""year"": 2025, ""month"": 8, ""search_volume"": 590}]"
A5,comment fonctionne une liseuse,720,0.2,USD_DOCUMENTED,information,False,,,,,"usage/SAV/risque, hors demande achat directe",dataforseo_labs/google/keyword_suggestions/live,2026-09-03T11:47:40.664088+00:00,2026-09-03-test-decouverte-search-12/02-A5-discovery.json.gz,"[{""year"": 2026, ""month"": 7, ""search_volume"": 480}, {""year"": 2026, ""month"": 6, ""search_volume"": 390}, {""year"": 2026, ""month"": 5, ""search_volume"": 480}, {""year"": 2026, ""month"": 4, ""search_volume"": 390}, {""year"": 2026, ""month"": 3, ""search_volume"": 480}, {""year"": 2026, ""month"": 2, ""search_volume"": 590}, {""year"": 2026, ""month"": 1, ""search_volume"": 720}, {""year"": 2025, ""month"": 12, ""search_volume"": 1000}, {""year"": 2025, ""month"": 11, ""search_volume"": 1300}, {""year"": 2025, ""month"": 10, ""search_volume"": 720}, {""year"": 2025, ""month"": 9, ""search_volume"": 590}, {""year"": 2025, ""month"": 8, ""search_volume"": 720}]"
A5,pochette pour liseuse,590,0.3,USD_DOCUMENTED,incompatible,False,,,,,"lampe, logiciel, contenu ou sens non appareil",keywords_data/google_ads/search_volume/live,2026-09-03T14:41:31.031518+00:00,2026-09-03-qualification-9-produits-pur/raw/20-controls-0.json.gz,"[{""year"": 2026, ""month"": 7, ""search_volume"": 590}, {""year"": 2026, ""month"": 6, ""search_volume"": 480}, {""year"": 2026, ""month"": 5, ""search_volume"": 480}, {""year"": 2026, ""month"": 4, ""search_volume"": 320}, {""year"": 2026, ""month"": 3, ""search_volume"": 480}, {""year"": 2026, ""month"": 2, ""search_volume"": 480}, {""year"": 2026, ""month"": 1, ""search_volume"": 880}, {""year"": 2025, ""month"": 12, ""search_volume"": 1600}, {""year"": 2025, ""month"": 11, ""search_volume"": 1000}, {""year"": 2025, ""month"": 10, ""search_volume"": 590}, {""year"": 2025, ""month"": 9, ""search_volume"": 390}, {""year"": 2025, ""month"": 8, ""search_volume"": 390}]"
A5,applique murale liseuse,590,1.27,USD_DOCUMENTED,parent,False,,,,,"liseuse générale, mini-format non demandé",dataforseo_labs/google/keyword_suggestions/live,2026-09-03T11:47:40.664088+00:00,2026-09-03-test-decouverte-search-12/02-A5-discovery.json.gz,"[{""year"": 2026, ""month"": 7, ""search_volume"": 390}, {""year"": 2026, ""month"": 6, ""search_volume"": 390}, {""year"": 2026, ""month"": 5, ""search_volume"": 480}, {""year"": 2026, ""month"": 4, ""search_volume"": 480}, {""year"": 2026, ""month"": 3, ""search_volume"": 590}, {""year"": 2026, ""month"": 2, ""search_volume"": 720}, {""year"": 2026, ""month"": 1, ""search_volume"": 720}, {""year"": 2025, ""month"": 12, ""search_volume"": 590}, {""year"": 2025, ""month"": 11, ""search_volume"": 720}, {""year"": 2025, ""month"": 10, ""search_volume"": 720}, {""year"": 2025, ""month"": 9, ""search_volume"": 480}, {""year"": 2025, ""month"": 8, ""search_volume"": 480}]"
A5,liseuse ikea,590,0.3,USD_DOCUMENTED,parent,True,,,,,"liseuse générale, mini-format non demandé",dataforseo_labs/google/keyword_suggestions/live,2026-09-03T11:47:40.664088+00:00,2026-09-03-test-decouverte-search-12/02-A5-discovery.json.gz,"[{""year"": 2026, ""month"": 7, ""search_volume"": 320}, {""year"": 2026, ""month"": 6, ""search_volume"": 320}, {""year"": 2026, ""month"": 5, ""search_volume"": 480}, {""year"": 2026, ""month"": 4, ""search_volume"": 390}, {""year"": 2026, ""month"": 3, ""search_volume"": 590}, {""year"": 2026, ""month"": 2, ""search_volume"": 720}, {""year"": 2026, ""month"": 1, ""search_volume"": 720}, {""year"": 2025, ""month"": 12, ""search_volume"": 720}, {""year"": 2025, ""month"": 11, ""search_volume"": 720}, {""year"": 2025, ""month"": 10, ""search_volume"": 720}, {""year"": 2025, ""month"": 9, ""search_volume"": 590}, {""year"": 2025, ""month"": 8, ""search_volume"": 590}]"
A5,accessoire liseuse,590,0.27,USD_DOCUMENTED,parent,False,,,,,"liseuse générale, mini-format non demandé",dataforseo_labs/google/keyword_suggestions/live,2026-09-03T11:47:40.664088+00:00,2026-09-03-test-decouverte-search-12/02-A5-discovery.json.gz,"[{""year"": 2026, ""month"": 7, ""search_volume"": 480}, {""year"": 2026, ""month"": 6, ""search_volume"": 390}, {""year"": 2026, ""month"": 5, ""search_volume"": 480}, {""year"": 2026, ""month"": 4, ""search_volume"": 390}, {""year"": 2026, ""month"": 3, ""search_volume"": 480}, {""year"": 2026, ""month"": 2, ""search_volume"": 480}, {""year"": 2026, ""month"": 1, ""search_volume"": 590}, {""year"": 2025, ""month"": 12, ""search_volume"": 1600}, {""year"": 2025, ""month"": 11, ""search_volume"": 1300}, {""year"": 2025, ""month"": 10, ""search_volume"": 590}, {""year"": 2025, ""month"": 9, ""search_volume"": 480}, {""year"": 2025, ""month"": 8, ""search_volume"": 480}]"
A5,ikea liseuse,590,0.3,USD_DOCUMENTED,parent,True,,,,,"liseuse générale, mini-format non demandé",dataforseo_labs/google/keyword_suggestions/live,2026-09-03T11:47:40.664088+00:00,2026-09-03-test-decouverte-search-12/02-A5-discovery.json.gz,"[{""year"": 2026, ""month"": 7, ""search_volume"": 320}, {""year"": 2026, ""month"": 6, ""search_volume"": 320}, {""year"": 2026, ""month"": 5, ""search_volume"": 480}, {""year"": 2026, ""month"": 4, ""search_volume"": 390}, {""year"": 2026, ""month"": 3, ""search_volume"": 590}, {""year"": 2026, ""month"": 2, ""search_volume"": 720}, {""year"": 2026, ""month"": 1, ""search_volume"": 720}, {""year"": 2025, ""month"": 12, ""search_volume"": 720}, {""year"": 2025, ""month"": 11, ""search_volume"": 720}, {""year"": 2025, ""month"": 10, ""search_volume"": 720}, {""year"": 2025, ""month"": 9, ""search_volume"": 590}, {""year"": 2025, ""month"": 8, ""search_volume"": 590}]"
A5,livre pour liseuse,590,0.88,USD_DOCUMENTED,parent,False,,,,,"liseuse générale, mini-format non demandé",dataforseo_labs/google/keyword_suggestions/live,2026-09-03T11:47:40.664088+00:00,2026-09-03-test-decouverte-search-12/02-A5-discovery.json.gz,"[{""year"": 2026, ""month"": 7, ""search_volume"": 480}, {""year"": 2026, ""month"": 6, ""search_volume"": 390}, {""year"": 2026, ""month"": 5, ""search_volume"": 480}, {""year"": 2026, ""month"": 4, ""search_volume"": 390}, {""year"": 2026, ""month"": 3, ""search_volume"": 480}, {""year"": 2026, ""month"": 2, ""search_volume"": 480}, {""year"": 2026, ""month"": 1, ""search_volume"": 590}, {""year"": 2025, ""month"": 12, ""search_volume"": 1000}, {""year"": 2025, ""month"": 11, ""search_volume"": 880}, {""year"": 2025, ""month"": 10, ""search_volume"": 590}, {""year"": 2025, ""month"": 9, ""search_volume"": 480}, {""year"": 2025, ""month"": 8, ""search_volume"": 720}]"
A5,fauteuil liseuse,590,0.39,USD_DOCUMENTED,parent,False,,,,,"liseuse générale, mini-format non demandé",dataforseo_labs/google/keyword_suggestions/live,2026-09-03T11:47:40.664088+00:00,2026-09-03-test-decouverte-search-12/02-A5-discovery.json.gz,"[{""year"": 2026, ""month"": 7, ""search_volume"": 480}, {""year"": 2026, ""month"": 6, ""search_volume"": 390}, {""year"": 2026, ""month"": 5, ""search_volume"": 480}, {""year"": 2026, ""month"": 4, ""search_volume"": 390}, {""year"": 2026, ""month"": 3, ""search_volume"": 480}, {""year"": 2026, ""month"": 2, ""search_volume"": 590}, {""year"": 2026, ""month"": 1, ""search_volume"": 720}, {""year"": 2025, ""month"": 12, ""search_volume"": 590}, {""year"": 2025, ""month"": 11, ""search_volume"": 880}, {""year"": 2025, ""month"": 10, ""search_volume"": 720}, {""year"": 2025, ""month"": 9, ""search_volume"": 720}, {""year"": 2025, ""month"": 8, ""search_volume"": 720}]"
A5,pochette liseuse,590,0.3,USD_DOCUMENTED,incompatible,False,,,,,"lampe, logiciel, contenu ou sens non appareil",keywords_data/google_ads/search_volume/live,2026-09-03T14:41:31.031518+00:00,2026-09-03-qualification-9-produits-pur/raw/20-controls-0.json.gz,"[{""year"": 2026, ""month"": 7, ""search_volume"": 590}, {""year"": 2026, ""month"": 6, ""search_volume"": 480}, {""year"": 2026, ""month"": 5, ""search_volume"": 480}, {""year"": 2026, ""month"": 4, ""search_volume"": 320}, {""year"": 2026, ""month"": 3, ""search_volume"": 480}, {""year"": 2026, ""month"": 2, ""search_volume"": 480}, {""year"": 2026, ""month"": 1, ""search_volume"": 880}, {""year"": 2025, ""month"": 12, ""search_volume"": 1600}, {""year"": 2025, ""month"": 11, ""search_volume"": 1000}, {""year"": 2025, ""month"": 10, ""search_volume"": 590}, {""year"": 2025, ""month"": 9, ""search_volume"": 390}, {""year"": 2025, ""month"": 8, ""search_volume"": 390}]"
A5,accessoires liseuse,590,0.27,USD_DOCUMENTED,parent,False,,,,,"liseuse générale, mini-format non demandé",dataforseo_labs/google/keyword_suggestions/live,2026-09-03T11:47:40.664088+00:00,2026-09-03-test-decouverte-search-12/02-A5-discovery.json.gz,"[{""year"": 2026, ""month"": 7, ""search_volume"": 480}, {""year"": 2026, ""month"": 6, ""search_volume"": 390}, {""year"": 2026, ""month"": 5, ""search_volume"": 480}, {""year"": 2026, ""month"": 4, ""search_volume"": 390}, {""year"": 2026, ""month"": 3, ""search_volume"": 480}, {""year"": 2026, ""month"": 2, ""search_volume"": 480}, {""year"": 2026, ""month"": 1, ""search_volume"": 590}, {""year"": 2025, ""month"": 12, ""search_volume"": 1600}, {""year"": 2025, ""month"": 11, ""search_volume"": 1300}, {""year"": 2025, ""month"": 10, ""search_volume"": 590}, {""year"": 2025, ""month"": 9, ""search_volume"": 480}, {""year"": 2025, ""month"": 8, ""search_volume"": 480}]"
A5,liseuse vivlio light,590,0.36,USD_DOCUMENTED,parent,True,,,,,"liseuse générale, mini-format non demandé",dataforseo_labs/google/keyword_suggestions/live,2026-09-03T11:47:40.664088+00:00,2026-09-03-test-decouverte-search-12/02-A5-discovery.json.gz,"[{""year"": 2026, ""month"": 7, ""search_volume"": 590}, {""year"": 2026, ""month"": 6, ""search_volume"": 480}, {""year"": 2026, ""month"": 5, ""search_volume"": 480}, {""year"": 2026, ""month"": 4, ""search_volume"": 390}, {""year"": 2026, ""month"": 3, ""search_volume"": 390}, {""year"": 2026, ""month"": 2, ""search_volume"": 480}, {""year"": 2026, ""month"": 1, ""search_volume"": 720}, {""year"": 2025, ""month"": 12, ""search_volume"": 1000}, {""year"": 2025, ""month"": 11, ""search_volume"": 1300}, {""year"": 2025, ""month"": 10, ""search_volume"": 480}, {""year"": 2025, ""month"": 9, ""search_volume"": 390}, {""year"": 2025, ""month"": 8, ""search_volume"": 480}]"
A5,coque liseuse kindle,590,0.4,USD_DOCUMENTED,parent,True,,,,,"liseuse générale, mini-format non demandé",dataforseo_labs/google/keyword_suggestions/live,2026-09-03T11:47:40.664088+00:00,2026-09-03-test-decouverte-search-12/02-A5-discovery.json.gz,"[{""year"": 2026, ""month"": 7, ""search_volume"": 480}, {""year"": 2026, ""month"": 6, ""search_volume"": 480}, {""year"": 2026, ""month"": 5, ""search_volume"": 480}, {""year"": 2026, ""month"": 4, ""search_volume"": 390}, {""year"": 2026, ""month"": 3, ""search_volume"": 390}, {""year"": 2026, ""month"": 2, ""search_volume"": 480}, {""year"": 2026, ""month"": 1, ""search_volume"": 720}, {""year"": 2025, ""month"": 12, ""search_volume"": 1300}, {""year"": 2025, ""month"": 11, ""search_volume"": 880}, {""year"": 2025, ""month"": 10, ""search_volume"": 390}, {""year"": 2025, ""month"": 9, ""search_volume"": 320}, {""year"": 2025, ""month"": 8, ""search_volume"": 390}]"
A5,liseuse kobo en couleur,590,0.28,USD_DOCUMENTED,parent,True,,,,,"liseuse générale, mini-format non demandé",dataforseo_labs/google/keyword_suggestions/live,2026-09-03T11:47:40.664088+00:00,2026-09-03-test-decouverte-search-12/02-A5-discovery.json.gz,"[{""year"": 2026, ""month"": 7, ""search_volume"": 480}, {""year"": 2026, ""month"": 6, ""search_volume"": 390}, {""year"": 2026, ""month"": 5, ""search_volume"": 480}, {""year"": 2026, ""month"": 4, ""search_volume"": 320}, {""year"": 2026, ""month"": 3, ""search_volume"": 390}, {""year"": 2026, ""month"": 2, ""search_volume"": 390}, {""year"": 2026, ""month"": 1, ""search_volume"": 590}, {""year"": 2025, ""month"": 12, ""search_volume"": 880}, {""year"": 2025, ""month"": 11, ""search_volume"": 1000}, {""year"": 2025, ""month"": 10, ""search_volume"": 590}, {""year"": 2025, ""month"": 9, ""search_volume"": 590}, {""year"": 2025, ""month"": 8, ""search_volume"": 720}]"
A5,livre liseuse,590,0.88,USD_DOCUMENTED,parent,False,,,,,"liseuse générale, mini-format non demandé",dataforseo_labs/google/keyword_suggestions/live,2026-09-03T11:47:40.664088+00:00,2026-09-03-test-decouverte-search-12/02-A5-discovery.json.gz,"[{""year"": 2026, ""month"": 7, ""search_volume"": 480}, {""year"": 2026, ""month"": 6, ""search_volume"": 390}, {""year"": 2026, ""month"": 5, ""search_volume"": 480}, {""year"": 2026, ""month"": 4, ""search_volume"": 390}, {""year"": 2026, ""month"": 3, ""search_volume"": 480}, {""year"": 2026, ""month"": 2, ""search_volume"": 480}, {""year"": 2026, ""month"": 1, ""search_volume"": 590}, {""year"": 2025, ""month"": 12, ""search_volume"": 1000}, {""year"": 2025, ""month"": 11, ""search_volume"": 880}, {""year"": 2025, ""month"": 10, ""search_volume"": 590}, {""year"": 2025, ""month"": 9, ""search_volume"": 480}, {""year"": 2025, ""month"": 8, ""search_volume"": 720}]"
A5,liseuse kobo ou kindle,590,0.33,USD_DOCUMENTED,parent,True,,,,,"liseuse générale, mini-format non demandé",dataforseo_labs/google/keyword_suggestions/live,2026-09-03T11:47:40.664088+00:00,2026-09-03-test-decouverte-search-12/02-A5-discovery.json.gz,"[{""year"": 2026, ""month"": 7, ""search_volume"": 590}, {""year"": 2026, ""month"": 6, ""search_volume"": 480}, {""year"": 2026, ""month"": 5, ""search_volume"": 480}, {""year"": 2026, ""month"": 4, ""search_volume"": 320}, {""year"": 2026, ""month"": 3, ""search_volume"": 390}, {""year"": 2026, ""month"": 2, ""search_volume"": 480}, {""year"": 2026, ""month"": 1, ""search_volume"": 590}, {""year"": 2025, ""month"": 12, ""search_volume"": 880}, {""year"": 2025, ""month"": 11, ""search_volume"": 1000}, {""year"": 2025, ""month"": 10, ""search_volume"": 590}, {""year"": 2025, ""month"": 9, ""search_volume"": 590}, {""year"": 2025, ""month"": 8, ""search_volume"": 880}]"
A5,coque pour liseuse kobo,590,0.31,USD_DOCUMENTED,parent,True,,,,,"liseuse générale, mini-format non demandé",dataforseo_labs/google/keyword_suggestions/live,2026-09-03T11:47:40.664088+00:00,2026-09-03-test-decouverte-search-12/02-A5-discovery.json.gz,"[{""year"": 2026, ""month"": 7, ""search_volume"": 590}, {""year"": 2026, ""month"": 6, ""search_volume"": 480}, {""year"": 2026, ""month"": 5, ""search_volume"": 480}, {""year"": 2026, ""month"": 4, ""search_volume"": 390}, {""year"": 2026, ""month"": 3, ""search_volume"": 480}, {""year"": 2026, ""month"": 2, ""search_volume"": 480}, {""year"": 2026, ""month"": 1, ""search_volume"": 720}, {""year"": 2025, ""month"": 12, ""search_volume"": 1300}, {""year"": 2025, ""month"": 11, ""search_volume"": 880}, {""year"": 2025, ""month"": 10, ""search_volume"": 480}, {""year"": 2025, ""month"": 9, ""search_volume"": 390}, {""year"": 2025, ""month"": 8, ""search_volume"": 590}]"
A5,liseuse sur pieds,590,0.67,USD_DOCUMENTED,parent,False,,,,,"liseuse générale, mini-format non demandé",dataforseo_labs/google/keyword_suggestions/live,2026-09-03T11:47:40.664088+00:00,2026-09-03-test-decouverte-search-12/02-A5-discovery.json.gz,"[{""year"": 2026, ""month"": 7, ""search_volume"": 260}, {""year"": 2026, ""month"": 6, ""search_volume"": 260}, {""year"": 2026, ""month"": 5, ""search_volume"": 390}, {""year"": 2026, ""month"": 4, ""search_volume"": 320}, {""year"": 2026, ""month"": 3, ""search_volume"": 590}, {""year"": 2026, ""month"": 2, ""search_volume"": 720}, {""year"": 2026, ""month"": 1, ""search_volume"": 1000}, {""year"": 2025, ""month"": 12, ""search_volume"": 1000}, {""year"": 2025, ""month"": 11, ""search_volume"": 1000}, {""year"": 2025, ""month"": 10, ""search_volume"": 590}, {""year"": 2025, ""month"": 9, ""search_volume"": 590}, {""year"": 2025, ""month"": 8, ""search_volume"": 480}]"
A5,livres pour liseuse,590,0.88,USD_DOCUMENTED,parent,False,,,,,"liseuse générale, mini-format non demandé",dataforseo_labs/google/keyword_suggestions/live,2026-09-03T11:47:40.664088+00:00,2026-09-03-test-decouverte-search-12/02-A5-discovery.json.gz,"[{""year"": 2026, ""month"": 7, ""search_volume"": 480}, {""year"": 2026, ""month"": 6, ""search_volume"": 390}, {""year"": 2026, ""month"": 5, ""search_volume"": 480}, {""year"": 2026, ""month"": 4, ""search_volume"": 390}, {""year"": 2026, ""month"": 3, ""search_volume"": 480}, {""year"": 2026, ""month"": 2, ""search_volume"": 480}, {""year"": 2026, ""month"": 1, ""search_volume"": 590}, {""year"": 2025, ""month"": 12, ""search_volume"": 1000}, {""year"": 2025, ""month"": 11, ""search_volume"": 880}, {""year"": 2025, ""month"": 10, ""search_volume"": 590}, {""year"": 2025, ""month"": 9, ""search_volume"": 480}, {""year"": 2025, ""month"": 8, ""search_volume"": 720}]"
A5,accessoire pour liseuse,590,0.27,USD_DOCUMENTED,parent,False,,,,,"liseuse générale, mini-format non demandé",dataforseo_labs/google/keyword_suggestions/live,2026-09-03T11:47:40.664088+00:00,2026-09-03-test-decouverte-search-12/02-A5-discovery.json.gz,"[{""year"": 2026, ""month"": 7, ""search_volume"": 480}, {""year"": 2026, ""month"": 6, ""search_volume"": 390}, {""year"": 2026, ""month"": 5, ""search_volume"": 480}, {""year"": 2026, ""month"": 4, ""search_volume"": 390}, {""year"": 2026, ""month"": 3, ""search_volume"": 480}, {""year"": 2026, ""month"": 2, ""search_volume"": 480}, {""year"": 2026, ""month"": 1, ""search_volume"": 590}, {""year"": 2025, ""month"": 12, ""search_volume"": 1600}, {""year"": 2025, ""month"": 11, ""search_volume"": 1300}, {""year"": 2025, ""month"": 10, ""search_volume"": 590}, {""year"": 2025, ""month"": 9, ""search_volume"": 480}, {""year"": 2025, ""month"": 8, ""search_volume"": 480}]"
A5,applique murale et liseuse,590,1.27,USD_DOCUMENTED,parent,False,,,,,"liseuse générale, mini-format non demandé",dataforseo_labs/google/keyword_suggestions/live,2026-09-03T11:47:40.664088+00:00,2026-09-03-test-decouverte-search-12/02-A5-discovery.json.gz,"[{""year"": 2026, ""month"": 7, ""search_volume"": 390}, {""year"": 2026, ""month"": 6, ""search_volume"": 390}, {""year"": 2026, ""month"": 5, ""search_volume"": 480}, {""year"": 2026, ""month"": 4, ""search_volume"": 480}, {""year"": 2026, ""month"": 3, ""search_volume"": 590}, {""year"": 2026, ""month"": 2, ""search_volume"": 720}, {""year"": 2026, ""month"": 1, ""search_volume"": 720}, {""year"": 2025, ""month"": 12, ""search_volume"": 590}, {""year"": 2025, ""month"": 11, ""search_volume"": 720}, {""year"": 2025, ""month"": 10, ""search_volume"": 720}, {""year"": 2025, ""month"": 9, ""search_volume"": 480}, {""year"": 2025, ""month"": 8, ""search_volume"": 480}]"
A5,coque pour liseuse kindle,590,0.4,USD_DOCUMENTED,parent,True,,,,,"liseuse générale, mini-format non demandé",dataforseo_labs/google/keyword_suggestions/live,2026-09-03T11:47:40.664088+00:00,2026-09-03-test-decouverte-search-12/02-A5-discovery.json.gz,"[{""year"": 2026, ""month"": 7, ""search_volume"": 480}, {""year"": 2026, ""month"": 6, ""search_volume"": 480}, {""year"": 2026, ""month"": 5, ""search_volume"": 480}, {""year"": 2026, ""month"": 4, ""search_volume"": 390}, {""year"": 2026, ""month"": 3, ""search_volume"": 390}, {""year"": 2026, ""month"": 2, ""search_volume"": 480}, {""year"": 2026, ""month"": 1, ""search_volume"": 720}, {""year"": 2025, ""month"": 12, ""search_volume"": 1300}, {""year"": 2025, ""month"": 11, ""search_volume"": 880}, {""year"": 2025, ""month"": 10, ""search_volume"": 390}, {""year"": 2025, ""month"": 9, ""search_volume"": 320}, {""year"": 2025, ""month"": 8, ""search_volume"": 390}]"
A5,liseuse sur pied,590,0.67,USD_DOCUMENTED,parent,False,,,,,"liseuse générale, mini-format non demandé",dataforseo_labs/google/keyword_suggestions/live,2026-09-03T11:47:40.664088+00:00,2026-09-03-test-decouverte-search-12/02-A5-discovery.json.gz,"[{""year"": 2026, ""month"": 7, ""search_volume"": 260}, {""year"": 2026, ""month"": 6, ""search_volume"": 260}, {""year"": 2026, ""month"": 5, ""search_volume"": 390}, {""year"": 2026, ""month"": 4, ""search_volume"": 320}, {""year"": 2026, ""month"": 3, ""search_volume"": 590}, {""year"": 2026, ""month"": 2, ""search_volume"": 720}, {""year"": 2026, ""month"": 1, ""search_volume"": 1000}, {""year"": 2025, ""month"": 12, ""search_volume"": 1000}, {""year"": 2025, ""month"": 11, ""search_volume"": 1000}, {""year"": 2025, ""month"": 10, ""search_volume"": 590}, {""year"": 2025, ""month"": 9, ""search_volume"": 590}, {""year"": 2025, ""month"": 8, ""search_volume"": 480}]"
A5,liseuse fauteuil,590,0.39,USD_DOCUMENTED,parent,False,,,,,"liseuse générale, mini-format non demandé",dataforseo_labs/google/keyword_suggestions/live,2026-09-03T11:47:40.664088+00:00,2026-09-03-test-decouverte-search-12/02-A5-discovery.json.gz,"[{""year"": 2026, ""month"": 7, ""search_volume"": 480}, {""year"": 2026, ""month"": 6, ""search_volume"": 390}, {""year"": 2026, ""month"": 5, ""search_volume"": 480}, {""year"": 2026, ""month"": 4, ""search_volume"": 390}, {""year"": 2026, ""month"": 3, ""search_volume"": 480}, {""year"": 2026, ""month"": 2, ""search_volume"": 590}, {""year"": 2026, ""month"": 1, ""search_volume"": 720}, {""year"": 2025, ""month"": 12, ""search_volume"": 590}, {""year"": 2025, ""month"": 11, ""search_volume"": 880}, {""year"": 2025, ""month"": 10, ""search_volume"": 720}, {""year"": 2025, ""month"": 9, ""search_volume"": 720}, {""year"": 2025, ""month"": 8, ""search_volume"": 720}]"
A5,liseuse kobo clara bw,590,0.35,USD_DOCUMENTED,parent,True,,,,,"liseuse générale, mini-format non demandé",dataforseo_labs/google/keyword_suggestions/live,2026-09-03T11:47:40.664088+00:00,2026-09-03-test-decouverte-search-12/02-A5-discovery.json.gz,"[{""year"": 2026, ""month"": 7, ""search_volume"": 880}, {""year"": 2026, ""month"": 6, ""search_volume"": 590}, {""year"": 2026, ""month"": 5, ""search_volume"": 590}, {""year"": 2026, ""month"": 4, ""search_volume"": 390}, {""year"": 2026, ""month"": 3, ""search_volume"": 390}, {""year"": 2026, ""month"": 2, ""search_volume"": 320}, {""year"": 2026, ""month"": 1, ""search_volume"": 590}, {""year"": 2025, ""month"": 12, ""search_volume"": 1000}, {""year"": 2025, ""month"": 11, ""search_volume"": 1300}, {""year"": 2025, ""month"": 10, ""search_volume"": 390}, {""year"": 2025, ""month"": 9, ""search_volume"": 480}, {""year"": 2025, ""month"": 8, ""search_volume"": 480}]"
A5,applique liseuse murale,590,1.27,USD_DOCUMENTED,parent,False,,,,,"liseuse générale, mini-format non demandé",dataforseo_labs/google/keyword_suggestions/live,2026-09-03T11:47:40.664088+00:00,2026-09-03-test-decouverte-search-12/02-A5-discovery.json.gz,"[{""year"": 2026, ""month"": 7, ""search_volume"": 390}, {""year"": 2026, ""month"": 6, ""search_volume"": 390}, {""year"": 2026, ""month"": 5, ""search_volume"": 480}, {""year"": 2026, ""month"": 4, ""search_volume"": 480}, {""year"": 2026, ""month"": 3, ""search_volume"": 590}, {""year"": 2026, ""month"": 2, ""search_volume"": 720}, {""year"": 2026, ""month"": 1, ""search_volume"": 720}, {""year"": 2025, ""month"": 12, ""search_volume"": 590}, {""year"": 2025, ""month"": 11, ""search_volume"": 720}, {""year"": 2025, ""month"": 10, ""search_volume"": 720}, {""year"": 2025, ""month"": 9, ""search_volume"": 480}, {""year"": 2025, ""month"": 8, ""search_volume"": 480}]"
A5,applique mural liseuse,590,1.27,USD_DOCUMENTED,parent,False,,,,,"liseuse générale, mini-format non demandé",dataforseo_labs/google/keyword_suggestions/live,2026-09-03T11:47:40.664088+00:00,2026-09-03-test-decouverte-search-12/02-A5-discovery.json.gz,"[{""year"": 2026, ""month"": 7, ""search_volume"": 390}, {""year"": 2026, ""month"": 6, ""search_volume"": 390}, {""year"": 2026, ""month"": 5, ""search_volume"": 480}, {""year"": 2026, ""month"": 4, ""search_volume"": 480}, {""year"": 2026, ""month"": 3, ""search_volume"": 590}, {""year"": 2026, ""month"": 2, ""search_volume"": 720}, {""year"": 2026, ""month"": 1, ""search_volume"": 720}, {""year"": 2025, ""month"": 12, ""search_volume"": 590}, {""year"": 2025, ""month"": 11, ""search_volume"": 720}, {""year"": 2025, ""month"": 10, ""search_volume"": 720}, {""year"": 2025, ""month"": 9, ""search_volume"": 480}, {""year"": 2025, ""month"": 8, ""search_volume"": 480}]"
A5,liseuse couleur kobo,590,0.28,USD_DOCUMENTED,parent,True,,,,,"liseuse générale, mini-format non demandé",dataforseo_labs/google/keyword_suggestions/live,2026-09-03T11:47:40.664088+00:00,2026-09-03-test-decouverte-search-12/02-A5-discovery.json.gz,"[{""year"": 2026, ""month"": 7, ""search_volume"": 480}, {""year"": 2026, ""month"": 6, ""search_volume"": 390}, {""year"": 2026, ""month"": 5, ""search_volume"": 480}, {""year"": 2026, ""month"": 4, ""search_volume"": 320}, {""year"": 2026, ""month"": 3, ""search_volume"": 390}, {""year"": 2026, ""month"": 2, ""search_volume"": 390}, {""year"": 2026, ""month"": 1, ""search_volume"": 590}, {""year"": 2025, ""month"": 12, ""search_volume"": 880}, {""year"": 2025, ""month"": 11, ""search_volume"": 1000}, {""year"": 2025, ""month"": 10, ""search_volume"": 590}, {""year"": 2025, ""month"": 9, ""search_volume"": 590}, {""year"": 2025, ""month"": 8, ""search_volume"": 720}]"
A5,liseuse sur android,590,0.31,USD_DOCUMENTED,incompatible,False,,,,,"lampe, logiciel, contenu ou sens non appareil",dataforseo_labs/google/keyword_suggestions/live,2026-09-03T11:47:40.664088+00:00,2026-09-03-test-decouverte-search-12/02-A5-discovery.json.gz,"[{""year"": 2026, ""month"": 7, ""search_volume"": 590}, {""year"": 2026, ""month"": 6, ""search_volume"": 480}, {""year"": 2026, ""month"": 5, ""search_volume"": 480}, {""year"": 2026, ""month"": 4, ""search_volume"": 390}, {""year"": 2026, ""month"": 3, ""search_volume"": 480}, {""year"": 2026, ""month"": 2, ""search_volume"": 480}, {""year"": 2026, ""month"": 1, ""search_volume"": 720}, {""year"": 2025, ""month"": 12, ""search_volume"": 880}, {""year"": 2025, ""month"": 11, ""search_volume"": 880}, {""year"": 2025, ""month"": 10, ""search_volume"": 590}, {""year"": 2025, ""month"": 9, ""search_volume"": 590}, {""year"": 2025, ""month"": 8, ""search_volume"": 720}]"
A5,liseuse kobo couleur,590,0.28,USD_DOCUMENTED,parent,True,,,,,"liseuse générale, mini-format non demandé",dataforseo_labs/google/keyword_suggestions/live,2026-09-03T11:47:40.664088+00:00,2026-09-03-test-decouverte-search-12/02-A5-discovery.json.gz,"[{""year"": 2026, ""month"": 7, ""search_volume"": 480}, {""year"": 2026, ""month"": 6, ""search_volume"": 390}, {""year"": 2026, ""month"": 5, ""search_volume"": 480}, {""year"": 2026, ""month"": 4, ""search_volume"": 320}, {""year"": 2026, ""month"": 3, ""search_volume"": 390}, {""year"": 2026, ""month"": 2, ""search_volume"": 390}, {""year"": 2026, ""month"": 1, ""search_volume"": 590}, {""year"": 2025, ""month"": 12, ""search_volume"": 880}, {""year"": 2025, ""month"": 11, ""search_volume"": 1000}, {""year"": 2025, ""month"": 10, ""search_volume"": 590}, {""year"": 2025, ""month"": 9, ""search_volume"": 590}, {""year"": 2025, ""month"": 8, ""search_volume"": 720}]"
A5,liseuse android,590,0.31,USD_DOCUMENTED,incompatible,False,,,,,"lampe, logiciel, contenu ou sens non appareil",dataforseo_labs/google/keyword_suggestions/live,2026-09-03T11:47:40.664088+00:00,2026-09-03-test-decouverte-search-12/02-A5-discovery.json.gz,"[{""year"": 2026, ""month"": 7, ""search_volume"": 590}, {""year"": 2026, ""month"": 6, ""search_volume"": 480}, {""year"": 2026, ""month"": 5, ""search_volume"": 480}, {""year"": 2026, ""month"": 4, ""search_volume"": 390}, {""year"": 2026, ""month"": 3, ""search_volume"": 480}, {""year"": 2026, ""month"": 2, ""search_volume"": 480}, {""year"": 2026, ""month"": 1, ""search_volume"": 720}, {""year"": 2025, ""month"": 12, ""search_volume"": 880}, {""year"": 2025, ""month"": 11, ""search_volume"": 880}, {""year"": 2025, ""month"": 10, ""search_volume"": 590}, {""year"": 2025, ""month"": 9, ""search_volume"": 590}, {""year"": 2025, ""month"": 8, ""search_volume"": 720}]"
A5,liseuse vivlio light hd color,590,0.34,USD_DOCUMENTED,parent,True,,,,,"liseuse générale, mini-format non demandé",dataforseo_labs/google/keyword_suggestions/live,2026-09-03T11:47:40.664088+00:00,2026-09-03-test-decouverte-search-12/02-A5-discovery.json.gz,"[{""year"": 2026, ""month"": 7, ""search_volume"": 480}, {""year"": 2026, ""month"": 6, ""search_volume"": 390}, {""year"": 2026, ""month"": 5, ""search_volume"": 390}, {""year"": 2026, ""month"": 4, ""search_volume"": 320}, {""year"": 2026, ""month"": 3, ""search_volume"": 390}, {""year"": 2026, ""month"": 2, ""search_volume"": 320}, {""year"": 2026, ""month"": 1, ""search_volume"": 590}, {""year"": 2025, ""month"": 12, ""search_volume"": 1000}, {""year"": 2025, ""month"": 11, ""search_volume"": 1000}, {""year"": 2025, ""month"": 10, ""search_volume"": 480}, {""year"": 2025, ""month"": 9, ""search_volume"": 390}, {""year"": 2025, ""month"": 8, ""search_volume"": 480}]"
A5,liseuse applique murale,590,1.27,USD_DOCUMENTED,parent,False,,,,,"liseuse générale, mini-format non demandé",dataforseo_labs/google/keyword_suggestions/live,2026-09-03T11:47:40.664088+00:00,2026-09-03-test-decouverte-search-12/02-A5-discovery.json.gz,"[{""year"": 2026, ""month"": 7, ""search_volume"": 390}, {""year"": 2026, ""month"": 6, ""search_volume"": 390}, {""year"": 2026, ""month"": 5, ""search_volume"": 480}, {""year"": 2026, ""month"": 4, ""search_volume"": 480}, {""year"": 2026, ""month"": 3, ""search_volume"": 590}, {""year"": 2026, ""month"": 2, ""search_volume"": 720}, {""year"": 2026, ""month"": 1, ""search_volume"": 720}, {""year"": 2025, ""month"": 12, ""search_volume"": 590}, {""year"": 2025, ""month"": 11, ""search_volume"": 720}, {""year"": 2025, ""month"": 10, ""search_volume"": 720}, {""year"": 2025, ""month"": 9, ""search_volume"": 480}, {""year"": 2025, ""month"": 8, ""search_volume"": 480}]"
A5,livre sur liseuse,590,0.88,USD_DOCUMENTED,parent,False,,,,,"liseuse générale, mini-format non demandé",dataforseo_labs/google/keyword_suggestions/live,2026-09-03T11:47:40.664088+00:00,2026-09-03-test-decouverte-search-12/02-A5-discovery.json.gz,"[{""year"": 2026, ""month"": 7, ""search_volume"": 480}, {""year"": 2026, ""month"": 6, ""search_volume"": 390}, {""year"": 2026, ""month"": 5, ""search_volume"": 480}, {""year"": 2026, ""month"": 4, ""search_volume"": 390}, {""year"": 2026, ""month"": 3, ""search_volume"": 480}, {""year"": 2026, ""month"": 2, ""search_volume"": 480}, {""year"": 2026, ""month"": 1, ""search_volume"": 590}, {""year"": 2025, ""month"": 12, ""search_volume"": 1000}, {""year"": 2025, ""month"": 11, ""search_volume"": 880}, {""year"": 2025, ""month"": 10, ""search_volume"": 590}, {""year"": 2025, ""month"": 9, ""search_volume"": 480}, {""year"": 2025, ""month"": 8, ""search_volume"": 720}]"
A5,kobo liseuse couleur,590,0.28,USD_DOCUMENTED,parent,True,,,,,"liseuse générale, mini-format non demandé",dataforseo_labs/google/keyword_suggestions/live,2026-09-03T11:47:40.664088+00:00,2026-09-03-test-decouverte-search-12/02-A5-discovery.json.gz,"[{""year"": 2026, ""month"": 7, ""search_volume"": 480}, {""year"": 2026, ""month"": 6, ""search_volume"": 390}, {""year"": 2026, ""month"": 5, ""search_volume"": 480}, {""year"": 2026, ""month"": 4, ""search_volume"": 320}, {""year"": 2026, ""month"": 3, ""search_volume"": 390}, {""year"": 2026, ""month"": 2, ""search_volume"": 390}, {""year"": 2026, ""month"": 1, ""search_volume"": 590}, {""year"": 2025, ""month"": 12, ""search_volume"": 880}, {""year"": 2025, ""month"": 11, ""search_volume"": 1000}, {""year"": 2025, ""month"": 10, ""search_volume"": 590}, {""year"": 2025, ""month"": 9, ""search_volume"": 590}, {""year"": 2025, ""month"": 8, ""search_volume"": 720}]"
A5,liseuse vivlio avis,590,0.18,USD_DOCUMENTED,parent,True,,,,,"liseuse générale, mini-format non demandé",dataforseo_labs/google/keyword_suggestions/live,2026-09-03T11:47:40.664088+00:00,2026-09-03-test-decouverte-search-12/02-A5-discovery.json.gz,"[{""year"": 2026, ""month"": 7, ""search_volume"": 590}, {""year"": 2026, ""month"": 6, ""search_volume"": 390}, {""year"": 2026, ""month"": 5, ""search_volume"": 480}, {""year"": 2026, ""month"": 4, ""search_volume"": 390}, {""year"": 2026, ""month"": 3, ""search_volume"": 390}, {""year"": 2026, ""month"": 2, ""search_volume"": 390}, {""year"": 2026, ""month"": 1, ""search_volume"": 590}, {""year"": 2025, ""month"": 12, ""search_volume"": 1300}, {""year"": 2025, ""month"": 11, ""search_volume"": 1000}, {""year"": 2025, ""month"": 10, ""search_volume"": 590}, {""year"": 2025, ""month"": 9, ""search_volume"": 480}, {""year"": 2025, ""month"": 8, ""search_volume"": 590}]"
A5,coque liseuse kobo,590,0.31,USD_DOCUMENTED,parent,True,,,,,"liseuse générale, mini-format non demandé",dataforseo_labs/google/keyword_suggestions/live,2026-09-03T11:47:40.664088+00:00,2026-09-03-test-decouverte-search-12/02-A5-discovery.json.gz,"[{""year"": 2026, ""month"": 7, ""search_volume"": 590}, {""year"": 2026, ""month"": 6, ""search_volume"": 480}, {""year"": 2026, ""month"": 5, ""search_volume"": 480}, {""year"": 2026, ""month"": 4, ""search_volume"": 390}, {""year"": 2026, ""month"": 3, ""search_volume"": 480}, {""year"": 2026, ""month"": 2, ""search_volume"": 480}, {""year"": 2026, ""month"": 1, ""search_volume"": 720}, {""year"": 2025, ""month"": 12, ""search_volume"": 1300}, {""year"": 2025, ""month"": 11, ""search_volume"": 880}, {""year"": 2025, ""month"": 10, ""search_volume"": 480}, {""year"": 2025, ""month"": 9, ""search_volume"": 390}, {""year"": 2025, ""month"": 8, ""search_volume"": 590}]"
A5,liseuse pour ebook,480,0.36,USD_DOCUMENTED,parent,False,,,,,"liseuse générale, mini-format non demandé",dataforseo_labs/google/keyword_suggestions/live,2026-09-03T11:47:40.664088+00:00,2026-09-03-test-decouverte-search-12/02-A5-discovery.json.gz,"[{""year"": 2026, ""month"": 7, ""search_volume"": 320}, {""year"": 2026, ""month"": 6, ""search_volume"": 260}, {""year"": 2026, ""month"": 5, ""search_volume"": 320}, {""year"": 2026, ""month"": 4, ""search_volume"": 320}, {""year"": 2026, ""month"": 3, ""search_volume"": 390}, {""year"": 2026, ""month"": 2, ""search_volume"": 390}, {""year"": 2026, ""month"": 1, ""search_volume"": 590}, {""year"": 2025, ""month"": 12, ""search_volume"": 880}, {""year"": 2025, ""month"": 11, ""search_volume"": 880}, {""year"": 2025, ""month"": 10, ""search_volume"": 480}, {""year"": 2025, ""month"": 9, ""search_volume"": 480}, {""year"": 2025, ""month"": 8, ""search_volume"": 590}]"
A5,quel est la meilleure liseuse,480,0.32,USD_DOCUMENTED,parent,False,,,,,"liseuse générale, mini-format non demandé",dataforseo_labs/google/keyword_suggestions/live,2026-09-03T11:47:40.664088+00:00,2026-09-03-test-decouverte-search-12/02-A5-discovery.json.gz,"[{""year"": 2026, ""month"": 7, ""search_volume"": 390}, {""year"": 2026, ""month"": 6, ""search_volume"": 320}, {""year"": 2026, ""month"": 5, ""search_volume"": 320}, {""year"": 2026, ""month"": 4, ""search_volume"": 390}, {""year"": 2026, ""month"": 3, ""search_volume"": 390}, {""year"": 2026, ""month"": 2, ""search_volume"": 390}, {""year"": 2026, ""month"": 1, ""search_volume"": 590}, {""year"": 2025, ""month"": 12, ""search_volume"": 880}, {""year"": 2025, ""month"": 11, ""search_volume"": 880}, {""year"": 2025, ""month"": 10, ""search_volume"": 480}, {""year"": 2025, ""month"": 9, ""search_volume"": 480}, {""year"": 2025, ""month"": 8, ""search_volume"": 480}]"
A5,luminaires liseuse,480,0.82,USD_DOCUMENTED,parent,False,,,,,"liseuse générale, mini-format non demandé",dataforseo_labs/google/keyword_suggestions/live,2026-09-03T11:47:40.664088+00:00,2026-09-03-test-decouverte-search-12/02-A5-discovery.json.gz,"[{""year"": 2026, ""month"": 7, ""search_volume"": 320}, {""year"": 2026, ""month"": 6, ""search_volume"": 260}, {""year"": 2026, ""month"": 5, ""search_volume"": 390}, {""year"": 2026, ""month"": 4, ""search_volume"": 320}, {""year"": 2026, ""month"": 3, ""search_volume"": 320}, {""year"": 2026, ""month"": 2, ""search_volume"": 480}, {""year"": 2026, ""month"": 1, ""search_volume"": 480}, {""year"": 2025, ""month"": 12, ""search_volume"": 590}, {""year"": 2025, ""month"": 11, ""search_volume"": 720}, {""year"": 2025, ""month"": 10, ""search_volume"": 480}, {""year"": 2025, ""month"": 9, ""search_volume"": 480}, {""year"": 2025, ""month"": 8, ""search_volume"": 390}]"
A5,liseuse lampe lit,480,0.69,USD_DOCUMENTED,incompatible,False,,,,,"lampe, logiciel, contenu ou sens non appareil",dataforseo_labs/google/keyword_suggestions/live,2026-09-03T11:47:40.664088+00:00,2026-09-03-test-decouverte-search-12/02-A5-discovery.json.gz,"[{""year"": 2026, ""month"": 7, ""search_volume"": 390}, {""year"": 2026, ""month"": 6, ""search_volume"": 390}, {""year"": 2026, ""month"": 5, ""search_volume"": 390}, {""year"": 2026, ""month"": 4, ""search_volume"": 320}, {""year"": 2026, ""month"": 3, ""search_volume"": 480}, {""year"": 2026, ""month"": 2, ""search_volume"": 590}, {""year"": 2026, ""month"": 1, ""search_volume"": 590}, {""year"": 2025, ""month"": 12, ""search_volume"": 880}, {""year"": 2025, ""month"": 11, ""search_volume"": 590}, {""year"": 2025, ""month"": 10, ""search_volume"": 390}, {""year"": 2025, ""month"": 9, ""search_volume"": 390}, {""year"": 2025, ""month"": 8, ""search_volume"": 480}]"
A5,lampadaires avec liseuse,480,0.45,USD_DOCUMENTED,incompatible,False,,,,,"lampe, logiciel, contenu ou sens non appareil",dataforseo_labs/google/keyword_suggestions/live,2026-09-03T11:47:40.664088+00:00,2026-09-03-test-decouverte-search-12/02-A5-discovery.json.gz,"[{""year"": 2026, ""month"": 7, ""search_volume"": 210}, {""year"": 2026, ""month"": 6, ""search_volume"": 170}, {""year"": 2026, ""month"": 5, ""search_volume"": 320}, {""year"": 2026, ""month"": 4, ""search_volume"": 320}, {""year"": 2026, ""month"": 3, ""search_volume"": 480}, {""year"": 2026, ""month"": 2, ""search_volume"": 480}, {""year"": 2026, ""month"": 1, ""search_volume"": 1000}, {""year"": 2025, ""month"": 12, ""search_volume"": 880}, {""year"": 2025, ""month"": 11, ""search_volume"": 880}, {""year"": 2025, ""month"": 10, ""search_volume"": 480}, {""year"": 2025, ""month"": 9, ""search_volume"": 390}, {""year"": 2025, ""month"": 8, ""search_volume"": 320}]"
A5,liseuse pour pdf,480,0.5,USD_DOCUMENTED,parent,False,,,,,"liseuse générale, mini-format non demandé",dataforseo_labs/google/keyword_suggestions/live,2026-09-03T11:47:40.664088+00:00,2026-09-03-test-decouverte-search-12/02-A5-discovery.json.gz,"[{""year"": 2026, ""month"": 7, ""search_volume"": 390}, {""year"": 2026, ""month"": 6, ""search_volume"": 320}, {""year"": 2026, ""month"": 5, ""search_volume"": 390}, {""year"": 2026, ""month"": 4, ""search_volume"": 390}, {""year"": 2026, ""month"": 3, ""search_volume"": 480}, {""year"": 2026, ""month"": 2, ""search_volume"": 480}, {""year"": 2026, ""month"": 1, ""search_volume"": 480}, {""year"": 2025, ""month"": 12, ""search_volume"": 590}, {""year"": 2025, ""month"": 11, ""search_volume"": 590}, {""year"": 2025, ""month"": 10, ""search_volume"": 590}, {""year"": 2025, ""month"": 9, ""search_volume"": 480}, {""year"": 2025, ""month"": 8, ""search_volume"": 390}]"
A5,liseuse 7 pouces,480,0.25,USD_DOCUMENTED,parent,False,,,,,"liseuse générale, mini-format non demandé",dataforseo_labs/google/keyword_suggestions/live,2026-09-03T11:47:40.664088+00:00,2026-09-03-test-decouverte-search-12/02-A5-discovery.json.gz,"[{""year"": 2026, ""month"": 7, ""search_volume"": 390}, {""year"": 2026, ""month"": 6, ""search_volume"": 390}, {""year"": 2026, ""month"": 5, ""search_volume"": 390}, {""year"": 2026, ""month"": 4, ""search_volume"": 320}, {""year"": 2026, ""month"": 3, ""search_volume"": 320}, {""year"": 2026, ""month"": 2, ""search_volume"": 320}, {""year"": 2026, ""month"": 1, ""search_volume"": 480}, {""year"": 2025, ""month"": 12, ""search_volume"": 1000}, {""year"": 2025, ""month"": 11, ""search_volume"": 880}, {""year"": 2025, ""month"": 10, ""search_volume"": 390}, {""year"": 2025, ""month"": 9, ""search_volume"": 390}, {""year"": 2025, ""month"": 8, ""search_volume"": 480}]"
A5,quelle est la meilleure liseuse,480,0.32,USD_DOCUMENTED,parent,False,,,,,"liseuse générale, mini-format non demandé",dataforseo_labs/google/keyword_suggestions/live,2026-09-03T11:47:40.664088+00:00,2026-09-03-test-decouverte-search-12/02-A5-discovery.json.gz,"[{""year"": 2026, ""month"": 7, ""search_volume"": 390}, {""year"": 2026, ""month"": 6, ""search_volume"": 320}, {""year"": 2026, ""month"": 5, ""search_volume"": 320}, {""year"": 2026, ""month"": 4, ""search_volume"": 390}, {""year"": 2026, ""month"": 3, ""search_volume"": 390}, {""year"": 2026, ""month"": 2, ""search_volume"": 390}, {""year"": 2026, ""month"": 1, ""search_volume"": 590}, {""year"": 2025, ""month"": 12, ""search_volume"": 880}, {""year"": 2025, ""month"": 11, ""search_volume"": 880}, {""year"": 2025, ""month"": 10, ""search_volume"": 480}, {""year"": 2025, ""month"": 9, ""search_volume"": 480}, {""year"": 2025, ""month"": 8, ""search_volume"": 480}]"
A5,pdf liseuse,480,0.5,USD_DOCUMENTED,parent,False,,,,,"liseuse générale, mini-format non demandé",dataforseo_labs/google/keyword_suggestions/live,2026-09-03T11:47:40.664088+00:00,2026-09-03-test-decouverte-search-12/02-A5-discovery.json.gz,"[{""year"": 2026, ""month"": 7, ""search_volume"": 390}, {""year"": 2026, ""month"": 6, ""search_volume"": 320}, {""year"": 2026, ""month"": 5, ""search_volume"": 390}, {""year"": 2026, ""month"": 4, ""search_volume"": 390}, {""year"": 2026, ""month"": 3, ""search_volume"": 480}, {""year"": 2026, ""month"": 2, ""search_volume"": 480}, {""year"": 2026, ""month"": 1, ""search_volume"": 480}, {""year"": 2025, ""month"": 12, ""search_volume"": 590}, {""year"": 2025, ""month"": 11, ""search_volume"": 590}, {""year"": 2025, ""month"": 10, ""search_volume"": 590}, {""year"": 2025, ""month"": 9, ""search_volume"": 480}, {""year"": 2025, ""month"": 8, ""search_volume"": 390}]"
A5,ebook liseuse,480,0.36,USD_DOCUMENTED,parent,False,,,,,"liseuse générale, mini-format non demandé",dataforseo_labs/google/keyword_suggestions/live,2026-09-03T11:47:40.664088+00:00,2026-09-03-test-decouverte-search-12/02-A5-discovery.json.gz,"[{""year"": 2026, ""month"": 7, ""search_volume"": 320}, {""year"": 2026, ""month"": 6, ""search_volume"": 260}, {""year"": 2026, ""month"": 5, ""search_volume"": 320}, {""year"": 2026, ""month"": 4, ""search_volume"": 320}, {""year"": 2026, ""month"": 3, ""search_volume"": 390}, {""year"": 2026, ""month"": 2, ""search_volume"": 390}, {""year"": 2026, ""month"": 1, ""search_volume"": 590}, {""year"": 2025, ""month"": 12, ""search_volume"": 880}, {""year"": 2025, ""month"": 11, ""search_volume"": 880}, {""year"": 2025, ""month"": 10, ""search_volume"": 480}, {""year"": 2025, ""month"": 9, ""search_volume"": 480}, {""year"": 2025, ""month"": 8, ""search_volume"": 590}]"
A5,liseuse pdf,480,0.5,USD_DOCUMENTED,parent,False,,,,,"liseuse générale, mini-format non demandé",dataforseo_labs/google/keyword_suggestions/live,2026-09-03T11:47:40.664088+00:00,2026-09-03-test-decouverte-search-12/02-A5-discovery.json.gz,"[{""year"": 2026, ""month"": 7, ""search_volume"": 390}, {""year"": 2026, ""month"": 6, ""search_volume"": 320}, {""year"": 2026, ""month"": 5, ""search_volume"": 390}, {""year"": 2026, ""month"": 4, ""search_volume"": 390}, {""year"": 2026, ""month"": 3, ""search_volume"": 480}, {""year"": 2026, ""month"": 2, ""search_volume"": 480}, {""year"": 2026, ""month"": 1, ""search_volume"": 480}, {""year"": 2025, ""month"": 12, ""search_volume"": 590}, {""year"": 2025, ""month"": 11, ""search_volume"": 590}, {""year"": 2025, ""month"": 10, ""search_volume"": 590}, {""year"": 2025, ""month"": 9, ""search_volume"": 480}, {""year"": 2025, ""month"": 8, ""search_volume"": 390}]"
A5,liseuse et pdf,480,0.5,USD_DOCUMENTED,parent,False,,,,,"liseuse générale, mini-format non demandé",dataforseo_labs/google/keyword_suggestions/live,2026-09-03T11:47:40.664088+00:00,2026-09-03-test-decouverte-search-12/02-A5-discovery.json.gz,"[{""year"": 2026, ""month"": 7, ""search_volume"": 390}, {""year"": 2026, ""month"": 6, ""search_volume"": 320}, {""year"": 2026, ""month"": 5, ""search_volume"": 390}, {""year"": 2026, ""month"": 4, ""search_volume"": 390}, {""year"": 2026, ""month"": 3, ""search_volume"": 480}, {""year"": 2026, ""month"": 2, ""search_volume"": 480}, {""year"": 2026, ""month"": 1, ""search_volume"": 480}, {""year"": 2025, ""month"": 12, ""search_volume"": 590}, {""year"": 2025, ""month"": 11, ""search_volume"": 590}, {""year"": 2025, ""month"": 10, ""search_volume"": 590}, {""year"": 2025, ""month"": 9, ""search_volume"": 480}, {""year"": 2025, ""month"": 8, ""search_volume"": 390}]"
A5,tableau liseuse,480,0.06,USD_DOCUMENTED,parent,False,,,,,"liseuse générale, mini-format non demandé",dataforseo_labs/google/keyword_suggestions/live,2026-09-03T11:47:40.664088+00:00,2026-09-03-test-decouverte-search-12/02-A5-discovery.json.gz,"[{""year"": 2026, ""month"": 7, ""search_volume"": 390}, {""year"": 2026, ""month"": 6, ""search_volume"": 480}, {""year"": 2026, ""month"": 5, ""search_volume"": 590}, {""year"": 2026, ""month"": 4, ""search_volume"": 480}, {""year"": 2026, ""month"": 3, ""search_volume"": 590}, {""year"": 2026, ""month"": 2, ""search_volume"": 480}, {""year"": 2026, ""month"": 1, ""search_volume"": 590}, {""year"": 2025, ""month"": 12, ""search_volume"": 480}, {""year"": 2025, ""month"": 11, ""search_volume"": 590}, {""year"": 2025, ""month"": 10, ""search_volume"": 480}, {""year"": 2025, ""month"": 9, ""search_volume"": 590}, {""year"": 2025, ""month"": 8, ""search_volume"": 590}]"
A5,darty liseuse kobo,480,0.16,USD_DOCUMENTED,parent,True,,,,,"liseuse générale, mini-format non demandé",dataforseo_labs/google/keyword_suggestions/live,2026-09-03T11:47:40.664088+00:00,2026-09-03-test-decouverte-search-12/02-A5-discovery.json.gz,"[{""year"": 2026, ""month"": 7, ""search_volume"": 480}, {""year"": 2026, ""month"": 6, ""search_volume"": 320}, {""year"": 2026, ""month"": 5, ""search_volume"": 320}, {""year"": 2026, ""month"": 4, ""search_volume"": 320}, {""year"": 2026, ""month"": 3, ""search_volume"": 320}, {""year"": 2026, ""month"": 2, ""search_volume"": 320}, {""year"": 2026, ""month"": 1, ""search_volume"": 480}, {""year"": 2025, ""month"": 12, ""search_volume"": 880}, {""year"": 2025, ""month"": 11, ""search_volume"": 720}, {""year"": 2025, ""month"": 10, ""search_volume"": 320}, {""year"": 2025, ""month"": 9, ""search_volume"": 390}, {""year"": 2025, ""month"": 8, ""search_volume"": 480}]"
A5,liseuse soldes,480,0.2,USD_DOCUMENTED,parent,False,,,,,"liseuse générale, mini-format non demandé",dataforseo_labs/google/keyword_suggestions/live,2026-09-03T11:47:40.664088+00:00,2026-09-03-test-decouverte-search-12/02-A5-discovery.json.gz,"[{""year"": 2026, ""month"": 7, ""search_volume"": 1600}, {""year"": 2026, ""month"": 6, ""search_volume"": 1000}, {""year"": 2026, ""month"": 5, ""search_volume"": 30}, {""year"": 2026, ""month"": 4, ""search_volume"": 50}, {""year"": 2026, ""month"": 3, ""search_volume"": 40}, {""year"": 2026, ""month"": 2, ""search_volume"": 170}, {""year"": 2026, ""month"": 1, ""search_volume"": 2900}, {""year"": 2025, ""month"": 12, ""search_volume"": 140}, {""year"": 2025, ""month"": 11, ""search_volume"": 110}, {""year"": 2025, ""month"": 10, ""search_volume"": 50}, {""year"": 2025, ""month"": 9, ""search_volume"": 40}, {""year"": 2025, ""month"": 8, ""search_volume"": 70}]"
A5,liseuse en solde,480,0.2,USD_DOCUMENTED,parent,False,,,,,"liseuse générale, mini-format non demandé",dataforseo_labs/google/keyword_suggestions/live,2026-09-03T11:47:40.664088+00:00,2026-09-03-test-decouverte-search-12/02-A5-discovery.json.gz,"[{""year"": 2026, ""month"": 7, ""search_volume"": 1600}, {""year"": 2026, ""month"": 6, ""search_volume"": 1000}, {""year"": 2026, ""month"": 5, ""search_volume"": 30}, {""year"": 2026, ""month"": 4, ""search_volume"": 50}, {""year"": 2026, ""month"": 3, ""search_volume"": 40}, {""year"": 2026, ""month"": 2, ""search_volume"": 170}, {""year"": 2026, ""month"": 1, ""search_volume"": 2900}, {""year"": 2025, ""month"": 12, ""search_volume"": 140}, {""year"": 2025, ""month"": 11, ""search_volume"": 110}, {""year"": 2025, ""month"": 10, ""search_volume"": 50}, {""year"": 2025, ""month"": 9, ""search_volume"": 40}, {""year"": 2025, ""month"": 8, ""search_volume"": 70}]"
A5,liseuse electro depot,480,0.19,USD_DOCUMENTED,parent,True,,,,,"liseuse générale, mini-format non demandé",dataforseo_labs/google/keyword_suggestions/live,2026-09-03T11:47:40.664088+00:00,2026-09-03-test-decouverte-search-12/02-A5-discovery.json.gz,"[{""year"": 2026, ""month"": 7, ""search_volume"": 390}, {""year"": 2026, ""month"": 6, ""search_volume"": 320}, {""year"": 2026, ""month"": 5, ""search_volume"": 320}, {""year"": 2026, ""month"": 4, ""search_volume"": 260}, {""year"": 2026, ""month"": 3, ""search_volume"": 390}, {""year"": 2026, ""month"": 2, ""search_volume"": 390}, {""year"": 2026, ""month"": 1, ""search_volume"": 480}, {""year"": 2025, ""month"": 12, ""search_volume"": 1000}, {""year"": 2025, ""month"": 11, ""search_volume"": 720}, {""year"": 2025, ""month"": 10, ""search_volume"": 480}, {""year"": 2025, ""month"": 9, ""search_volume"": 390}, {""year"": 2025, ""month"": 8, ""search_volume"": 590}]"
A5,la liseuse tableau,480,0.06,USD_DOCUMENTED,parent,False,,,,,"liseuse générale, mini-format non demandé",dataforseo_labs/google/keyword_suggestions/live,2026-09-03T11:47:40.664088+00:00,2026-09-03-test-decouverte-search-12/02-A5-discovery.json.gz,"[{""year"": 2026, ""month"": 7, ""search_volume"": 390}, {""year"": 2026, ""month"": 6, ""search_volume"": 480}, {""year"": 2026, ""month"": 5, ""search_volume"": 590}, {""year"": 2026, ""month"": 4, ""search_volume"": 480}, {""year"": 2026, ""month"": 3, ""search_volume"": 590}, {""year"": 2026, ""month"": 2, ""search_volume"": 480}, {""year"": 2026, ""month"": 1, ""search_volume"": 590}, {""year"": 2025, ""month"": 12, ""search_volume"": 480}, {""year"": 2025, ""month"": 11, ""search_volume"": 590}, {""year"": 2025, ""month"": 10, ""search_volume"": 480}, {""year"": 2025, ""month"": 9, ""search_volume"": 590}, {""year"": 2025, ""month"": 8, ""search_volume"": 590}]"
A5,liseuse tableau,480,0.06,USD_DOCUMENTED,parent,False,,,,,"liseuse générale, mini-format non demandé",dataforseo_labs/google/keyword_suggestions/live,2026-09-03T11:47:40.664088+00:00,2026-09-03-test-decouverte-search-12/02-A5-discovery.json.gz,"[{""year"": 2026, ""month"": 7, ""search_volume"": 390}, {""year"": 2026, ""month"": 6, ""search_volume"": 480}, {""year"": 2026, ""month"": 5, ""search_volume"": 590}, {""year"": 2026, ""month"": 4, ""search_volume"": 480}, {""year"": 2026, ""month"": 3, ""search_volume"": 590}, {""year"": 2026, ""month"": 2, ""search_volume"": 480}, {""year"": 2026, ""month"": 1, ""search_volume"": 590}, {""year"": 2025, ""month"": 12, ""search_volume"": 480}, {""year"": 2025, ""month"": 11, ""search_volume"": 590}, {""year"": 2025, ""month"": 10, ""search_volume"": 480}, {""year"": 2025, ""month"": 9, ""search_volume"": 590}, {""year"": 2025, ""month"": 8, ""search_volume"": 590}]"
A5,lampe liseuse lit,480,0.69,USD_DOCUMENTED,incompatible,False,,,,,"lampe, logiciel, contenu ou sens non appareil",dataforseo_labs/google/keyword_suggestions/live,2026-09-03T11:47:40.664088+00:00,2026-09-03-test-decouverte-search-12/02-A5-discovery.json.gz,"[{""year"": 2026, ""month"": 7, ""search_volume"": 390}, {""year"": 2026, ""month"": 6, ""search_volume"": 390}, {""year"": 2026, ""month"": 5, ""search_volume"": 390}, {""year"": 2026, ""month"": 4, ""search_volume"": 320}, {""year"": 2026, ""month"": 3, ""search_volume"": 480}, {""year"": 2026, ""month"": 2, ""search_volume"": 590}, {""year"": 2026, ""month"": 1, ""search_volume"": 590}, {""year"": 2025, ""month"": 12, ""search_volume"": 880}, {""year"": 2025, ""month"": 11, ""search_volume"": 590}, {""year"": 2025, ""month"": 10, ""search_volume"": 390}, {""year"": 2025, ""month"": 9, ""search_volume"": 390}, {""year"": 2025, ""month"": 8, ""search_volume"": 480}]"
A5,liseuse apple,480,0.38,USD_DOCUMENTED,parent,False,,,,,"liseuse générale, mini-format non demandé",dataforseo_labs/google/keyword_suggestions/live,2026-09-03T11:47:40.664088+00:00,2026-09-03-test-decouverte-search-12/02-A5-discovery.json.gz,"[{""year"": 2026, ""month"": 7, ""search_volume"": 390}, {""year"": 2026, ""month"": 6, ""search_volume"": 320}, {""year"": 2026, ""month"": 5, ""search_volume"": 390}, {""year"": 2026, ""month"": 4, ""search_volume"": 320}, {""year"": 2026, ""month"": 3, ""search_volume"": 320}, {""year"": 2026, ""month"": 2, ""search_volume"": 390}, {""year"": 2026, ""month"": 1, ""search_volume"": 480}, {""year"": 2025, ""month"": 12, ""search_volume"": 720}, {""year"": 2025, ""month"": 11, ""search_volume"": 720}, {""year"": 2025, ""month"": 10, ""search_volume"": 480}, {""year"": 2025, ""month"": 9, ""search_volume"": 390}, {""year"": 2025, ""month"": 8, ""search_volume"": 590}]"
A5,liseuse ebook,480,0.36,USD_DOCUMENTED,parent,False,,,,,"liseuse générale, mini-format non demandé",dataforseo_labs/google/keyword_suggestions/live,2026-09-03T11:47:40.664088+00:00,2026-09-03-test-decouverte-search-12/02-A5-discovery.json.gz,"[{""year"": 2026, ""month"": 7, ""search_volume"": 320}, {""year"": 2026, ""month"": 6, ""search_volume"": 260}, {""year"": 2026, ""month"": 5, ""search_volume"": 320}, {""year"": 2026, ""month"": 4, ""search_volume"": 320}, {""year"": 2026, ""month"": 3, ""search_volume"": 390}, {""year"": 2026, ""month"": 2, ""search_volume"": 390}, {""year"": 2026, ""month"": 1, ""search_volume"": 590}, {""year"": 2025, ""month"": 12, ""search_volume"": 880}, {""year"": 2025, ""month"": 11, ""search_volume"": 880}, {""year"": 2025, ""month"": 10, ""search_volume"": 480}, {""year"": 2025, ""month"": 9, ""search_volume"": 480}, {""year"": 2025, ""month"": 8, ""search_volume"": 590}]"
A5,liseuse luminaire,480,0.82,USD_DOCUMENTED,parent,False,,,,,"liseuse générale, mini-format non demandé",dataforseo_labs/google/keyword_suggestions/live,2026-09-03T11:47:40.664088+00:00,2026-09-03-test-decouverte-search-12/02-A5-discovery.json.gz,"[{""year"": 2026, ""month"": 7, ""search_volume"": 320}, {""year"": 2026, ""month"": 6, ""search_volume"": 260}, {""year"": 2026, ""month"": 5, ""search_volume"": 390}, {""year"": 2026, ""month"": 4, ""search_volume"": 320}, {""year"": 2026, ""month"": 3, ""search_volume"": 320}, {""year"": 2026, ""month"": 2, ""search_volume"": 480}, {""year"": 2026, ""month"": 1, ""search_volume"": 480}, {""year"": 2025, ""month"": 12, ""search_volume"": 590}, {""year"": 2025, ""month"": 11, ""search_volume"": 720}, {""year"": 2025, ""month"": 10, ""search_volume"": 480}, {""year"": 2025, ""month"": 9, ""search_volume"": 480}, {""year"": 2025, ""month"": 8, ""search_volume"": 390}]"
A5,liseuse quelle est la meilleure,480,0.32,USD_DOCUMENTED,parent,False,,,,,"liseuse générale, mini-format non demandé",dataforseo_labs/google/keyword_suggestions/live,2026-09-03T11:47:40.664088+00:00,2026-09-03-test-decouverte-search-12/02-A5-discovery.json.gz,"[{""year"": 2026, ""month"": 7, ""search_volume"": 390}, {""year"": 2026, ""month"": 6, ""search_volume"": 320}, {""year"": 2026, ""month"": 5, ""search_volume"": 320}, {""year"": 2026, ""month"": 4, ""search_volume"": 390}, {""year"": 2026, ""month"": 3, ""search_volume"": 390}, {""year"": 2026, ""month"": 2, ""search_volume"": 390}, {""year"": 2026, ""month"": 1, ""search_volume"": 590}, {""year"": 2025, ""month"": 12, ""search_volume"": 880}, {""year"": 2025, ""month"": 11, ""search_volume"": 880}, {""year"": 2025, ""month"": 10, ""search_volume"": 480}, {""year"": 2025, ""month"": 9, ""search_volume"": 480}, {""year"": 2025, ""month"": 8, ""search_volume"": 480}]"
A5,luminaire liseuse,480,0.82,USD_DOCUMENTED,parent,False,,,,,"liseuse générale, mini-format non demandé",dataforseo_labs/google/keyword_suggestions/live,2026-09-03T11:47:40.664088+00:00,2026-09-03-test-decouverte-search-12/02-A5-discovery.json.gz,"[{""year"": 2026, ""month"": 7, ""search_volume"": 320}, {""year"": 2026, ""month"": 6, ""search_volume"": 260}, {""year"": 2026, ""month"": 5, ""search_volume"": 390}, {""year"": 2026, ""month"": 4, ""search_volume"": 320}, {""year"": 2026, ""month"": 3, ""search_volume"": 320}, {""year"": 2026, ""month"": 2, ""search_volume"": 480}, {""year"": 2026, ""month"": 1, ""search_volume"": 480}, {""year"": 2025, ""month"": 12, ""search_volume"": 590}, {""year"": 2025, ""month"": 11, ""search_volume"": 720}, {""year"": 2025, ""month"": 10, ""search_volume"": 480}, {""year"": 2025, ""month"": 9, ""search_volume"": 480}, {""year"": 2025, ""month"": 8, ""search_volume"": 390}]"
A5,liseuse 7 pouce,480,0.25,USD_DOCUMENTED,parent,False,,,,,"liseuse générale, mini-format non demandé",dataforseo_labs/google/keyword_suggestions/live,2026-09-03T11:47:40.664088+00:00,2026-09-03-test-decouverte-search-12/02-A5-discovery.json.gz,"[{""year"": 2026, ""month"": 7, ""search_volume"": 390}, {""year"": 2026, ""month"": 6, ""search_volume"": 390}, {""year"": 2026, ""month"": 5, ""search_volume"": 390}, {""year"": 2026, ""month"": 4, ""search_volume"": 320}, {""year"": 2026, ""month"": 3, ""search_volume"": 320}, {""year"": 2026, ""month"": 2, ""search_volume"": 320}, {""year"": 2026, ""month"": 1, ""search_volume"": 480}, {""year"": 2025, ""month"": 12, ""search_volume"": 1000}, {""year"": 2025, ""month"": 11, ""search_volume"": 880}, {""year"": 2025, ""month"": 10, ""search_volume"": 390}, {""year"": 2025, ""month"": 9, ""search_volume"": 390}, {""year"": 2025, ""month"": 8, ""search_volume"": 480}]"
A5,solde liseuse,480,0.2,USD_DOCUMENTED,parent,False,,,,,"liseuse générale, mini-format non demandé",dataforseo_labs/google/keyword_suggestions/live,2026-09-03T11:47:40.664088+00:00,2026-09-03-test-decouverte-search-12/02-A5-discovery.json.gz,"[{""year"": 2026, ""month"": 7, ""search_volume"": 1600}, {""year"": 2026, ""month"": 6, ""search_volume"": 1000}, {""year"": 2026, ""month"": 5, ""search_volume"": 30}, {""year"": 2026, ""month"": 4, ""search_volume"": 50}, {""year"": 2026, ""month"": 3, ""search_volume"": 40}, {""year"": 2026, ""month"": 2, ""search_volume"": 170}, {""year"": 2026, ""month"": 1, ""search_volume"": 2900}, {""year"": 2025, ""month"": 12, ""search_volume"": 140}, {""year"": 2025, ""month"": 11, ""search_volume"": 110}, {""year"": 2025, ""month"": 10, ""search_volume"": 50}, {""year"": 2025, ""month"": 9, ""search_volume"": 40}, {""year"": 2025, ""month"": 8, ""search_volume"": 70}]"
A5,lampe liseuse pour lit,480,0.69,USD_DOCUMENTED,incompatible,False,,,,,"lampe, logiciel, contenu ou sens non appareil",dataforseo_labs/google/keyword_suggestions/live,2026-09-03T11:47:40.664088+00:00,2026-09-03-test-decouverte-search-12/02-A5-discovery.json.gz,"[{""year"": 2026, ""month"": 7, ""search_volume"": 390}, {""year"": 2026, ""month"": 6, ""search_volume"": 390}, {""year"": 2026, ""month"": 5, ""search_volume"": 390}, {""year"": 2026, ""month"": 4, ""search_volume"": 320}, {""year"": 2026, ""month"": 3, ""search_volume"": 480}, {""year"": 2026, ""month"": 2, ""search_volume"": 590}, {""year"": 2026, ""month"": 1, ""search_volume"": 590}, {""year"": 2025, ""month"": 12, ""search_volume"": 880}, {""year"": 2025, ""month"": 11, ""search_volume"": 590}, {""year"": 2025, ""month"": 10, ""search_volume"": 390}, {""year"": 2025, ""month"": 9, ""search_volume"": 390}, {""year"": 2025, ""month"": 8, ""search_volume"": 480}]"
A5,lampadaire avec liseuse,480,0.45,USD_DOCUMENTED,incompatible,False,,,,,"lampe, logiciel, contenu ou sens non appareil",dataforseo_labs/google/keyword_suggestions/live,2026-09-03T11:47:40.664088+00:00,2026-09-03-test-decouverte-search-12/02-A5-discovery.json.gz,"[{""year"": 2026, ""month"": 7, ""search_volume"": 210}, {""year"": 2026, ""month"": 6, ""search_volume"": 170}, {""year"": 2026, ""month"": 5, ""search_volume"": 320}, {""year"": 2026, ""month"": 4, ""search_volume"": 320}, {""year"": 2026, ""month"": 3, ""search_volume"": 480}, {""year"": 2026, ""month"": 2, ""search_volume"": 480}, {""year"": 2026, ""month"": 1, ""search_volume"": 1000}, {""year"": 2025, ""month"": 12, ""search_volume"": 880}, {""year"": 2025, ""month"": 11, ""search_volume"": 880}, {""year"": 2025, ""month"": 10, ""search_volume"": 480}, {""year"": 2025, ""month"": 9, ""search_volume"": 390}, {""year"": 2025, ""month"": 8, ""search_volume"": 320}]"
A5,la liseuse à la fenêtre,480,0.18,USD_DOCUMENTED,parent,False,,,,,"liseuse générale, mini-format non demandé",dataforseo_labs/google/keyword_suggestions/live,2026-09-03T11:47:40.664088+00:00,2026-09-03-test-decouverte-search-12/02-A5-discovery.json.gz,"[{""year"": 2026, ""month"": 7, ""search_volume"": 140}, {""year"": 2026, ""month"": 6, ""search_volume"": 210}, {""year"": 2026, ""month"": 5, ""search_volume"": 390}, {""year"": 2026, ""month"": 4, ""search_volume"": 320}, {""year"": 2026, ""month"": 3, ""search_volume"": 390}, {""year"": 2026, ""month"": 2, ""search_volume"": 480}, {""year"": 2026, ""month"": 1, ""search_volume"": 480}, {""year"": 2025, ""month"": 12, ""search_volume"": 590}, {""year"": 2025, ""month"": 11, ""search_volume"": 880}, {""year"": 2025, ""month"": 10, ""search_volume"": 720}, {""year"": 2025, ""month"": 9, ""search_volume"": 720}, {""year"": 2025, ""month"": 8, ""search_volume"": 720}]"
A5,liseuse vivlio light hd,480,0.31,USD_DOCUMENTED,parent,True,,,,,"liseuse générale, mini-format non demandé",dataforseo_labs/google/keyword_suggestions/live,2026-09-03T11:47:40.664088+00:00,2026-09-03-test-decouverte-search-12/02-A5-discovery.json.gz,"[{""year"": 2026, ""month"": 7, ""search_volume"": 390}, {""year"": 2026, ""month"": 6, ""search_volume"": 320}, {""year"": 2026, ""month"": 5, ""search_volume"": 320}, {""year"": 2026, ""month"": 4, ""search_volume"": 320}, {""year"": 2026, ""month"": 3, ""search_volume"": 320}, {""year"": 2026, ""month"": 2, ""search_volume"": 260}, {""year"": 2026, ""month"": 1, ""search_volume"": 480}, {""year"": 2025, ""month"": 12, ""search_volume"": 880}, {""year"": 2025, ""month"": 11, ""search_volume"": 1000}, {""year"": 2025, ""month"": 10, ""search_volume"": 390}, {""year"": 2025, ""month"": 9, ""search_volume"": 390}, {""year"": 2025, ""month"": 8, ""search_volume"": 590}]"
A5,lizia liseuse,480,0.36,USD_DOCUMENTED,parent,False,,,,,"liseuse générale, mini-format non demandé",dataforseo_labs/google/keyword_suggestions/live,2026-09-03T11:47:40.664088+00:00,2026-09-03-test-decouverte-search-12/02-A5-discovery.json.gz,"[{""year"": 2026, ""month"": 7, ""search_volume"": 70}, {""year"": 2026, ""month"": 6, ""search_volume"": 40}, {""year"": 2026, ""month"": 5, ""search_volume"": 110}, {""year"": 2026, ""month"": 4, ""search_volume"": 110}, {""year"": 2026, ""month"": 3, ""search_volume"": 590}, {""year"": 2026, ""month"": 2, ""search_volume"": 2900}, {""year"": 2026, ""month"": 1, ""search_volume"": 320}, {""year"": 2025, ""month"": 12, ""search_volume"": 590}, {""year"": 2025, ""month"": 11, ""search_volume"": 260}, {""year"": 2025, ""month"": 10, ""search_volume"": 140}, {""year"": 2025, ""month"": 9, ""search_volume"": 50}, {""year"": 2025, ""month"": 8, ""search_volume"": 90}]"
A5,liseuse kobo darty,480,0.16,USD_DOCUMENTED,parent,True,,,,,"liseuse générale, mini-format non demandé",dataforseo_labs/google/keyword_suggestions/live,2026-09-03T11:47:40.664088+00:00,2026-09-03-test-decouverte-search-12/02-A5-discovery.json.gz,"[{""year"": 2026, ""month"": 7, ""search_volume"": 480}, {""year"": 2026, ""month"": 6, ""search_volume"": 320}, {""year"": 2026, ""month"": 5, ""search_volume"": 320}, {""year"": 2026, ""month"": 4, ""search_volume"": 320}, {""year"": 2026, ""month"": 3, ""search_volume"": 320}, {""year"": 2026, ""month"": 2, ""search_volume"": 320}, {""year"": 2026, ""month"": 1, ""search_volume"": 480}, {""year"": 2025, ""month"": 12, ""search_volume"": 880}, {""year"": 2025, ""month"": 11, ""search_volume"": 720}, {""year"": 2025, ""month"": 10, ""search_volume"": 320}, {""year"": 2025, ""month"": 9, ""search_volume"": 390}, {""year"": 2025, ""month"": 8, ""search_volume"": 480}]"
A5,lampe avec liseuse,480,0.45,USD_DOCUMENTED,incompatible,False,,,,,"lampe, logiciel, contenu ou sens non appareil",dataforseo_labs/google/keyword_suggestions/live,2026-09-03T11:47:40.664088+00:00,2026-09-03-test-decouverte-search-12/02-A5-discovery.json.gz,"[{""year"": 2026, ""month"": 7, ""search_volume"": 210}, {""year"": 2026, ""month"": 6, ""search_volume"": 170}, {""year"": 2026, ""month"": 5, ""search_volume"": 320}, {""year"": 2026, ""month"": 4, ""search_volume"": 320}, {""year"": 2026, ""month"": 3, ""search_volume"": 480}, {""year"": 2026, ""month"": 2, ""search_volume"": 480}, {""year"": 2026, ""month"": 1, ""search_volume"": 1000}, {""year"": 2025, ""month"": 12, ""search_volume"": 880}, {""year"": 2025, ""month"": 11, ""search_volume"": 880}, {""year"": 2025, ""month"": 10, ""search_volume"": 480}, {""year"": 2025, ""month"": 9, ""search_volume"": 390}, {""year"": 2025, ""month"": 8, ""search_volume"": 320}]"
A5,liseuse kobo libra 2,480,0.3,USD_DOCUMENTED,parent,True,,,,,"liseuse générale, mini-format non demandé",dataforseo_labs/google/keyword_suggestions/live,2026-09-03T11:47:40.664088+00:00,2026-09-03-test-decouverte-search-12/02-A5-discovery.json.gz,"[{""year"": 2026, ""month"": 7, ""search_volume"": 260}, {""year"": 2026, ""month"": 6, ""search_volume"": 260}, {""year"": 2026, ""month"": 5, ""search_volume"": 390}, {""year"": 2026, ""month"": 4, ""search_volume"": 320}, {""year"": 2026, ""month"": 3, ""search_volume"": 320}, {""year"": 2026, ""month"": 2, ""search_volume"": 320}, {""year"": 2026, ""month"": 1, ""search_volume"": 480}, {""year"": 2025, ""month"": 12, ""search_volume"": 720}, {""year"": 2025, ""month"": 11, ""search_volume"": 880}, {""year"": 2025, ""month"": 10, ""search_volume"": 480}, {""year"": 2025, ""month"": 9, ""search_volume"": 480}, {""year"": 2025, ""month"": 8, ""search_volume"": 590}]"
A5,liseuse darty kobo,480,0.16,USD_DOCUMENTED,parent,True,,,,,"liseuse générale, mini-format non demandé",dataforseo_labs/google/keyword_suggestions/live,2026-09-03T11:47:40.664088+00:00,2026-09-03-test-decouverte-search-12/02-A5-discovery.json.gz,"[{""year"": 2026, ""month"": 7, ""search_volume"": 480}, {""year"": 2026, ""month"": 6, ""search_volume"": 320}, {""year"": 2026, ""month"": 5, ""search_volume"": 320}, {""year"": 2026, ""month"": 4, ""search_volume"": 320}, {""year"": 2026, ""month"": 3, ""search_volume"": 320}, {""year"": 2026, ""month"": 2, ""search_volume"": 320}, {""year"": 2026, ""month"": 1, ""search_volume"": 480}, {""year"": 2025, ""month"": 12, ""search_volume"": 880}, {""year"": 2025, ""month"": 11, ""search_volume"": 720}, {""year"": 2025, ""month"": 10, ""search_volume"": 320}, {""year"": 2025, ""month"": 9, ""search_volume"": 390}, {""year"": 2025, ""month"": 8, ""search_volume"": 480}]"
A5,electro depot liseuse,480,0.19,USD_DOCUMENTED,parent,True,,,,,"liseuse générale, mini-format non demandé",dataforseo_labs/google/keyword_suggestions/live,2026-09-03T11:47:40.664088+00:00,2026-09-03-test-decouverte-search-12/02-A5-discovery.json.gz,"[{""year"": 2026, ""month"": 7, ""search_volume"": 390}, {""year"": 2026, ""month"": 6, ""search_volume"": 320}, {""year"": 2026, ""month"": 5, ""search_volume"": 320}, {""year"": 2026, ""month"": 4, ""search_volume"": 260}, {""year"": 2026, ""month"": 3, ""search_volume"": 390}, {""year"": 2026, ""month"": 2, ""search_volume"": 390}, {""year"": 2026, ""month"": 1, ""search_volume"": 480}, {""year"": 2025, ""month"": 12, ""search_volume"": 1000}, {""year"": 2025, ""month"": 11, ""search_volume"": 720}, {""year"": 2025, ""month"": 10, ""search_volume"": 480}, {""year"": 2025, ""month"": 9, ""search_volume"": 390}, {""year"": 2025, ""month"": 8, ""search_volume"": 590}]"
A5,liseuse solde,480,0.2,USD_DOCUMENTED,parent,False,,,,,"liseuse générale, mini-format non demandé",dataforseo_labs/google/keyword_suggestions/live,2026-09-03T11:47:40.664088+00:00,2026-09-03-test-decouverte-search-12/02-A5-discovery.json.gz,"[{""year"": 2026, ""month"": 7, ""search_volume"": 1600}, {""year"": 2026, ""month"": 6, ""search_volume"": 1000}, {""year"": 2026, ""month"": 5, ""search_volume"": 30}, {""year"": 2026, ""month"": 4, ""search_volume"": 50}, {""year"": 2026, ""month"": 3, ""search_volume"": 40}, {""year"": 2026, ""month"": 2, ""search_volume"": 170}, {""year"": 2026, ""month"": 1, ""search_volume"": 2900}, {""year"": 2025, ""month"": 12, ""search_volume"": 140}, {""year"": 2025, ""month"": 11, ""search_volume"": 110}, {""year"": 2025, ""month"": 10, ""search_volume"": 50}, {""year"": 2025, ""month"": 9, ""search_volume"": 40}, {""year"": 2025, ""month"": 8, ""search_volume"": 70}]"
A5,liseuse lit,480,1.01,USD_DOCUMENTED,incompatible,False,,,,,"lampe, logiciel, contenu ou sens non appareil",dataforseo_labs/google/keyword_suggestions/live,2026-09-03T11:47:40.664088+00:00,2026-09-03-test-decouverte-search-12/02-A5-discovery.json.gz,"[{""year"": 2026, ""month"": 7, ""search_volume"": 390}, {""year"": 2026, ""month"": 6, ""search_volume"": 390}, {""year"": 2026, ""month"": 5, ""search_volume"": 480}, {""year"": 2026, ""month"": 4, ""search_volume"": 390}, {""year"": 2026, ""month"": 3, ""search_volume"": 480}, {""year"": 2026, ""month"": 2, ""search_volume"": 590}, {""year"": 2026, ""month"": 1, ""search_volume"": 720}, {""year"": 2025, ""month"": 12, ""search_volume"": 590}, {""year"": 2025, ""month"": 11, ""search_volume"": 720}, {""year"": 2025, ""month"": 10, ""search_volume"": 720}, {""year"": 2025, ""month"": 9, ""search_volume"": 480}, {""year"": 2025, ""month"": 8, ""search_volume"": 480}]"
A5,tableau la liseuse,480,0.06,USD_DOCUMENTED,parent,False,,,,,"liseuse générale, mini-format non demandé",dataforseo_labs/google/keyword_suggestions/live,2026-09-03T11:47:40.664088+00:00,2026-09-03-test-decouverte-search-12/02-A5-discovery.json.gz,"[{""year"": 2026, ""month"": 7, ""search_volume"": 390}, {""year"": 2026, ""month"": 6, ""search_volume"": 480}, {""year"": 2026, ""month"": 5, ""search_volume"": 590}, {""year"": 2026, ""month"": 4, ""search_volume"": 480}, {""year"": 2026, ""month"": 3, ""search_volume"": 590}, {""year"": 2026, ""month"": 2, ""search_volume"": 480}, {""year"": 2026, ""month"": 1, ""search_volume"": 590}, {""year"": 2025, ""month"": 12, ""search_volume"": 480}, {""year"": 2025, ""month"": 11, ""search_volume"": 590}, {""year"": 2025, ""month"": 10, ""search_volume"": 480}, {""year"": 2025, ""month"": 9, ""search_volume"": 590}, {""year"": 2025, ""month"": 8, ""search_volume"": 590}]"
A5,liseuse pour lit,480,1.01,USD_DOCUMENTED,parent,False,,,,,"liseuse générale, mini-format non demandé",dataforseo_labs/google/keyword_suggestions/live,2026-09-03T11:47:40.664088+00:00,2026-09-03-test-decouverte-search-12/02-A5-discovery.json.gz,"[{""year"": 2026, ""month"": 7, ""search_volume"": 390}, {""year"": 2026, ""month"": 6, ""search_volume"": 390}, {""year"": 2026, ""month"": 5, ""search_volume"": 480}, {""year"": 2026, ""month"": 4, ""search_volume"": 390}, {""year"": 2026, ""month"": 3, ""search_volume"": 480}, {""year"": 2026, ""month"": 2, ""search_volume"": 590}, {""year"": 2026, ""month"": 1, ""search_volume"": 720}, {""year"": 2025, ""month"": 12, ""search_volume"": 590}, {""year"": 2025, ""month"": 11, ""search_volume"": 720}, {""year"": 2025, ""month"": 10, ""search_volume"": 720}, {""year"": 2025, ""month"": 9, ""search_volume"": 480}, {""year"": 2025, ""month"": 8, ""search_volume"": 480}]"
A5,coque pour liseuse,390,0.3,USD_DOCUMENTED,parent,False,,,,,"liseuse générale, mini-format non demandé",dataforseo_labs/google/keyword_suggestions/live,2026-09-03T11:47:40.664088+00:00,2026-09-03-test-decouverte-search-12/02-A5-discovery.json.gz,"[{""year"": 2026, ""month"": 7, ""search_volume"": 320}, {""year"": 2026, ""month"": 6, ""search_volume"": 260}, {""year"": 2026, ""month"": 5, ""search_volume"": 320}, {""year"": 2026, ""month"": 4, ""search_volume"": 210}, {""year"": 2026, ""month"": 3, ""search_volume"": 320}, {""year"": 2026, ""month"": 2, ""search_volume"": 260}, {""year"": 2026, ""month"": 1, ""search_volume"": 390}, {""year"": 2025, ""month"": 12, ""search_volume"": 880}, {""year"": 2025, ""month"": 11, ""search_volume"": 720}, {""year"": 2025, ""month"": 10, ""search_volume"": 320}, {""year"": 2025, ""month"": 9, ""search_volume"": 210}, {""year"": 2025, ""month"": 8, ""search_volume"": 320}]"
A5,choisir une liseuse,390,0.24,USD_DOCUMENTED,parent,False,,,,,"liseuse générale, mini-format non demandé",dataforseo_labs/google/keyword_suggestions/live,2026-09-03T11:47:40.664088+00:00,2026-09-03-test-decouverte-search-12/02-A5-discovery.json.gz,"[{""year"": 2026, ""month"": 7, ""search_volume"": 260}, {""year"": 2026, ""month"": 6, ""search_volume"": 210}, {""year"": 2026, ""month"": 5, ""search_volume"": 260}, {""year"": 2026, ""month"": 4, ""search_volume"": 210}, {""year"": 2026, ""month"": 3, ""search_volume"": 210}, {""year"": 2026, ""month"": 2, ""search_volume"": 260}, {""year"": 2026, ""month"": 1, ""search_volume"": 320}, {""year"": 2025, ""month"": 12, ""search_volume"": 590}, {""year"": 2025, ""month"": 11, ""search_volume"": 720}, {""year"": 2025, ""month"": 10, ""search_volume"": 320}, {""year"": 2025, ""month"": 9, ""search_volume"": 320}, {""year"": 2025, ""month"": 8, ""search_volume"": 480}]"
A5,etui pour liseuse kobo,390,0.3,USD_DOCUMENTED,incompatible,True,,,,,"lampe, logiciel, contenu ou sens non appareil",dataforseo_labs/google/keyword_suggestions/live,2026-09-03T11:47:40.664088+00:00,2026-09-03-test-decouverte-search-12/02-A5-discovery.json.gz,"[{""year"": 2026, ""month"": 7, ""search_volume"": 320}, {""year"": 2026, ""month"": 6, ""search_volume"": 260}, {""year"": 2026, ""month"": 5, ""search_volume"": 320}, {""year"": 2026, ""month"": 4, ""search_volume"": 260}, {""year"": 2026, ""month"": 3, ""search_volume"": 320}, {""year"": 2026, ""month"": 2, ""search_volume"": 260}, {""year"": 2026, ""month"": 1, ""search_volume"": 390}, {""year"": 2025, ""month"": 12, ""search_volume"": 720}, {""year"": 2025, ""month"": 11, ""search_volume"": 480}, {""year"": 2025, ""month"": 10, ""search_volume"": 260}, {""year"": 2025, ""month"": 9, ""search_volume"": 320}, {""year"": 2025, ""month"": 8, ""search_volume"": 480}]"
A5,kobo liseuse aura,390,0.21,USD_DOCUMENTED,parent,True,,,,,"liseuse générale, mini-format non demandé",dataforseo_labs/google/keyword_suggestions/live,2026-09-03T11:47:40.664088+00:00,2026-09-03-test-decouverte-search-12/02-A5-discovery.json.gz,"[{""year"": 2026, ""month"": 7, ""search_volume"": 320}, {""year"": 2026, ""month"": 6, ""search_volume"": 260}, {""year"": 2026, ""month"": 5, ""search_volume"": 320}, {""year"": 2026, ""month"": 4, ""search_volume"": 260}, {""year"": 2026, ""month"": 3, ""search_volume"": 720}, {""year"": 2026, ""month"": 2, ""search_volume"": 720}, {""year"": 2026, ""month"": 1, ""search_volume"": 320}, {""year"": 2025, ""month"": 12, ""search_volume"": 390}, {""year"": 2025, ""month"": 11, ""search_volume"": 390}, {""year"": 2025, ""month"": 10, ""search_volume"": 260}, {""year"": 2025, ""month"": 9, ""search_volume"": 480}, {""year"": 2025, ""month"": 8, ""search_volume"": 590}]"
A5,prix d'un livre sur liseuse,390,0.68,USD_DOCUMENTED,parent,False,,,,,"liseuse générale, mini-format non demandé",dataforseo_labs/google/keyword_suggestions/live,2026-09-03T11:47:40.664088+00:00,2026-09-03-test-decouverte-search-12/02-A5-discovery.json.gz,"[{""year"": 2026, ""month"": 7, ""search_volume"": 320}, {""year"": 2026, ""month"": 6, ""search_volume"": 210}, {""year"": 2026, ""month"": 5, ""search_volume"": 210}, {""year"": 2026, ""month"": 4, ""search_volume"": 210}, {""year"": 2026, ""month"": 3, ""search_volume"": 210}, {""year"": 2026, ""month"": 2, ""search_volume"": 260}, {""year"": 2026, ""month"": 1, ""search_volume"": 390}, {""year"": 2025, ""month"": 12, ""search_volume"": 590}, {""year"": 2025, ""month"": 11, ""search_volume"": 590}, {""year"": 2025, ""month"": 10, ""search_volume"": 480}, {""year"": 2025, ""month"": 9, ""search_volume"": 390}, {""year"": 2025, ""month"": 8, ""search_volume"": 720}]"
A5,etui liseuse kobo,390,0.3,USD_DOCUMENTED,incompatible,True,,,,,"lampe, logiciel, contenu ou sens non appareil",dataforseo_labs/google/keyword_suggestions/live,2026-09-03T11:47:40.664088+00:00,2026-09-03-test-decouverte-search-12/02-A5-discovery.json.gz,"[{""year"": 2026, ""month"": 7, ""search_volume"": 320}, {""year"": 2026, ""month"": 6, ""search_volume"": 260}, {""year"": 2026, ""month"": 5, ""search_volume"": 320}, {""year"": 2026, ""month"": 4, ""search_volume"": 260}, {""year"": 2026, ""month"": 3, ""search_volume"": 320}, {""year"": 2026, ""month"": 2, ""search_volume"": 260}, {""year"": 2026, ""month"": 1, ""search_volume"": 390}, {""year"": 2025, ""month"": 12, ""search_volume"": 720}, {""year"": 2025, ""month"": 11, ""search_volume"": 480}, {""year"": 2025, ""month"": 10, ""search_volume"": 260}, {""year"": 2025, ""month"": 9, ""search_volume"": 320}, {""year"": 2025, ""month"": 8, ""search_volume"": 480}]"
A5,prix liseuse kindle,390,0.17,USD_DOCUMENTED,parent,True,,,,,"liseuse générale, mini-format non demandé",dataforseo_labs/google/keyword_suggestions/live,2026-09-03T11:47:40.664088+00:00,2026-09-03-test-decouverte-search-12/02-A5-discovery.json.gz,"[{""year"": 2026, ""month"": 7, ""search_volume"": 320}, {""year"": 2026, ""month"": 6, ""search_volume"": 260}, {""year"": 2026, ""month"": 5, ""search_volume"": 320}, {""year"": 2026, ""month"": 4, ""search_volume"": 260}, {""year"": 2026, ""month"": 3, ""search_volume"": 260}, {""year"": 2026, ""month"": 2, ""search_volume"": 260}, {""year"": 2026, ""month"": 1, ""search_volume"": 390}, {""year"": 2025, ""month"": 12, ""search_volume"": 590}, {""year"": 2025, ""month"": 11, ""search_volume"": 480}, {""year"": 2025, ""month"": 10, ""search_volume"": 390}, {""year"": 2025, ""month"": 9, ""search_volume"": 390}, {""year"": 2025, ""month"": 8, ""search_volume"": 480}]"
A5,étui liseuse kobo,390,0.3,USD_DOCUMENTED,incompatible,True,,,,,"lampe, logiciel, contenu ou sens non appareil",dataforseo_labs/google/keyword_suggestions/live,2026-09-03T11:47:40.664088+00:00,2026-09-03-test-decouverte-search-12/02-A5-discovery.json.gz,"[{""year"": 2026, ""month"": 7, ""search_volume"": 320}, {""year"": 2026, ""month"": 6, ""search_volume"": 260}, {""year"": 2026, ""month"": 5, ""search_volume"": 320}, {""year"": 2026, ""month"": 4, ""search_volume"": 260}, {""year"": 2026, ""month"": 3, ""search_volume"": 320}, {""year"": 2026, ""month"": 2, ""search_volume"": 260}, {""year"": 2026, ""month"": 1, ""search_volume"": 390}, {""year"": 2025, ""month"": 12, ""search_volume"": 720}, {""year"": 2025, ""month"": 11, ""search_volume"": 480}, {""year"": 2025, ""month"": 10, ""search_volume"": 260}, {""year"": 2025, ""month"": 9, ""search_volume"": 320}, {""year"": 2025, ""month"": 8, ""search_volume"": 480}]"
A5,test liseuse,390,0.37,USD_DOCUMENTED,parent,False,,,,,"liseuse générale, mini-format non demandé",dataforseo_labs/google/keyword_suggestions/live,2026-09-03T11:47:40.664088+00:00,2026-09-03-test-decouverte-search-12/02-A5-discovery.json.gz,"[{""year"": 2026, ""month"": 7, ""search_volume"": 210}, {""year"": 2026, ""month"": 6, ""search_volume"": 170}, {""year"": 2026, ""month"": 5, ""search_volume"": 210}, {""year"": 2026, ""month"": 4, ""search_volume"": 210}, {""year"": 2026, ""month"": 3, ""search_volume"": 320}, {""year"": 2026, ""month"": 2, ""search_volume"": 260}, {""year"": 2026, ""month"": 1, ""search_volume"": 390}, {""year"": 2025, ""month"": 12, ""search_volume"": 590}, {""year"": 2025, ""month"": 11, ""search_volume"": 720}, {""year"": 2025, ""month"": 10, ""search_volume"": 390}, {""year"": 2025, ""month"": 9, ""search_volume"": 390}, {""year"": 2025, ""month"": 8, ""search_volume"": 480}]"
A5,liseuse laquelle choisir,390,0.24,USD_DOCUMENTED,parent,False,,,,,"liseuse générale, mini-format non demandé",dataforseo_labs/google/keyword_suggestions/live,2026-09-03T11:47:40.664088+00:00,2026-09-03-test-decouverte-search-12/02-A5-discovery.json.gz,"[{""year"": 2026, ""month"": 7, ""search_volume"": 260}, {""year"": 2026, ""month"": 6, ""search_volume"": 210}, {""year"": 2026, ""month"": 5, ""search_volume"": 260}, {""year"": 2026, ""month"": 4, ""search_volume"": 210}, {""year"": 2026, ""month"": 3, ""search_volume"": 210}, {""year"": 2026, ""month"": 2, ""search_volume"": 260}, {""year"": 2026, ""month"": 1, ""search_volume"": 320}, {""year"": 2025, ""month"": 12, ""search_volume"": 590}, {""year"": 2025, ""month"": 11, ""search_volume"": 720}, {""year"": 2025, ""month"": 10, ""search_volume"": 320}, {""year"": 2025, ""month"": 9, ""search_volume"": 320}, {""year"": 2025, ""month"": 8, ""search_volume"": 480}]"
A5,abonnement pour liseuse,390,1.12,USD_DOCUMENTED,parent,False,,,,,"liseuse générale, mini-format non demandé",dataforseo_labs/google/keyword_suggestions/live,2026-09-03T11:47:40.664088+00:00,2026-09-03-test-decouverte-search-12/02-A5-discovery.json.gz,"[{""year"": 2026, ""month"": 7, ""search_volume"": 170}, {""year"": 2026, ""month"": 6, ""search_volume"": 170}, {""year"": 2026, ""month"": 5, ""search_volume"": 260}, {""year"": 2026, ""month"": 4, ""search_volume"": 170}, {""year"": 2026, ""month"": 3, ""search_volume"": 260}, {""year"": 2026, ""month"": 2, ""search_volume"": 210}, {""year"": 2026, ""month"": 1, ""search_volume"": 390}, {""year"": 2025, ""month"": 12, ""search_volume"": 720}, {""year"": 2025, ""month"": 11, ""search_volume"": 720}, {""year"": 2025, ""month"": 10, ""search_volume"": 390}, {""year"": 2025, ""month"": 9, ""search_volume"": 320}, {""year"": 2025, ""month"": 8, ""search_volume"": 390}]"
A5,prix livres liseuse,390,0.68,USD_DOCUMENTED,parent,False,,,,,"liseuse générale, mini-format non demandé",dataforseo_labs/google/keyword_suggestions/live,2026-09-03T11:47:40.664088+00:00,2026-09-03-test-decouverte-search-12/02-A5-discovery.json.gz,"[{""year"": 2026, ""month"": 7, ""search_volume"": 320}, {""year"": 2026, ""month"": 6, ""search_volume"": 210}, {""year"": 2026, ""month"": 5, ""search_volume"": 210}, {""year"": 2026, ""month"": 4, ""search_volume"": 210}, {""year"": 2026, ""month"": 3, ""search_volume"": 210}, {""year"": 2026, ""month"": 2, ""search_volume"": 260}, {""year"": 2026, ""month"": 1, ""search_volume"": 390}, {""year"": 2025, ""month"": 12, ""search_volume"": 590}, {""year"": 2025, ""month"": 11, ""search_volume"": 590}, {""year"": 2025, ""month"": 10, ""search_volume"": 480}, {""year"": 2025, ""month"": 9, ""search_volume"": 390}, {""year"": 2025, ""month"": 8, ""search_volume"": 720}]"
A5,liseuse carrefour,390,0.25,USD_DOCUMENTED,parent,True,,,,,"liseuse générale, mini-format non demandé",dataforseo_labs/google/keyword_suggestions/live,2026-09-03T11:47:40.664088+00:00,2026-09-03-test-decouverte-search-12/02-A5-discovery.json.gz,"[{""year"": 2026, ""month"": 7, ""search_volume"": 320}, {""year"": 2026, ""month"": 6, ""search_volume"": 260}, {""year"": 2026, ""month"": 5, ""search_volume"": 320}, {""year"": 2026, ""month"": 4, ""search_volume"": 210}, {""year"": 2026, ""month"": 3, ""search_volume"": 260}, {""year"": 2026, ""month"": 2, ""search_volume"": 320}, {""year"": 2026, ""month"": 1, ""search_volume"": 390}, {""year"": 2025, ""month"": 12, ""search_volume"": 720}, {""year"": 2025, ""month"": 11, ""search_volume"": 590}, {""year"": 2025, ""month"": 10, ""search_volume"": 320}, {""year"": 2025, ""month"": 9, ""search_volume"": 320}, {""year"": 2025, ""month"": 8, ""search_volume"": 480}]"
A5,choisir liseuse,390,0.24,USD_DOCUMENTED,parent,False,,,,,"liseuse générale, mini-format non demandé",dataforseo_labs/google/keyword_suggestions/live,2026-09-03T11:47:40.664088+00:00,2026-09-03-test-decouverte-search-12/02-A5-discovery.json.gz,"[{""year"": 2026, ""month"": 7, ""search_volume"": 260}, {""year"": 2026, ""month"": 6, ""search_volume"": 210}, {""year"": 2026, ""month"": 5, ""search_volume"": 260}, {""year"": 2026, ""month"": 4, ""search_volume"": 210}, {""year"": 2026, ""month"": 3, ""search_volume"": 210}, {""year"": 2026, ""month"": 2, ""search_volume"": 260}, {""year"": 2026, ""month"": 1, ""search_volume"": 320}, {""year"": 2025, ""month"": 12, ""search_volume"": 590}, {""year"": 2025, ""month"": 11, ""search_volume"": 720}, {""year"": 2025, ""month"": 10, ""search_volume"": 320}, {""year"": 2025, ""month"": 9, ""search_volume"": 320}, {""year"": 2025, ""month"": 8, ""search_volume"": 480}]"
A5,liseuse comment choisir,390,0.24,USD_DOCUMENTED,information,False,,,,,"usage/SAV/risque, hors demande achat directe",dataforseo_labs/google/keyword_suggestions/live,2026-09-03T11:47:40.664088+00:00,2026-09-03-test-decouverte-search-12/02-A5-discovery.json.gz,"[{""year"": 2026, ""month"": 7, ""search_volume"": 260}, {""year"": 2026, ""month"": 6, ""search_volume"": 210}, {""year"": 2026, ""month"": 5, ""search_volume"": 260}, {""year"": 2026, ""month"": 4, ""search_volume"": 210}, {""year"": 2026, ""month"": 3, ""search_volume"": 210}, {""year"": 2026, ""month"": 2, ""search_volume"": 260}, {""year"": 2026, ""month"": 1, ""search_volume"": 320}, {""year"": 2025, ""month"": 12, ""search_volume"": 590}, {""year"": 2025, ""month"": 11, ""search_volume"": 720}, {""year"": 2025, ""month"": 10, ""search_volume"": 320}, {""year"": 2025, ""month"": 9, ""search_volume"": 320}, {""year"": 2025, ""month"": 8, ""search_volume"": 480}]"
A5,prix livre liseuse,390,0.68,USD_DOCUMENTED,parent,False,,,,,"liseuse générale, mini-format non demandé",dataforseo_labs/google/keyword_suggestions/live,2026-09-03T11:47:40.664088+00:00,2026-09-03-test-decouverte-search-12/02-A5-discovery.json.gz,"[{""year"": 2026, ""month"": 7, ""search_volume"": 320}, {""year"": 2026, ""month"": 6, ""search_volume"": 210}, {""year"": 2026, ""month"": 5, ""search_volume"": 210}, {""year"": 2026, ""month"": 4, ""search_volume"": 210}, {""year"": 2026, ""month"": 3, ""search_volume"": 210}, {""year"": 2026, ""month"": 2, ""search_volume"": 260}, {""year"": 2026, ""month"": 1, ""search_volume"": 390}, {""year"": 2025, ""month"": 12, ""search_volume"": 590}, {""year"": 2025, ""month"": 11, ""search_volume"": 590}, {""year"": 2025, ""month"": 10, ""search_volume"": 480}, {""year"": 2025, ""month"": 9, ""search_volume"": 390}, {""year"": 2025, ""month"": 8, ""search_volume"": 720}]"
A5,canapé liseuse,390,0.56,USD_DOCUMENTED,parent,False,,,,,"liseuse générale, mini-format non demandé",dataforseo_labs/google/keyword_suggestions/live,2026-09-03T11:47:40.664088+00:00,2026-09-03-test-decouverte-search-12/02-A5-discovery.json.gz,"[{""year"": 2026, ""month"": 7, ""search_volume"": 260}, {""year"": 2026, ""month"": 6, ""search_volume"": 210}, {""year"": 2026, ""month"": 5, ""search_volume"": 320}, {""year"": 2026, ""month"": 4, ""search_volume"": 320}, {""year"": 2026, ""month"": 3, ""search_volume"": 390}, {""year"": 2026, ""month"": 2, ""search_volume"": 480}, {""year"": 2026, ""month"": 1, ""search_volume"": 590}, {""year"": 2025, ""month"": 12, ""search_volume"": 480}, {""year"": 2025, ""month"": 11, ""search_volume"": 590}, {""year"": 2025, ""month"": 10, ""search_volume"": 590}, {""year"": 2025, ""month"": 9, ""search_volume"": 480}, {""year"": 2025, ""month"": 8, ""search_volume"": 480}]"
A5,prix des livres sur liseuse,390,0.68,USD_DOCUMENTED,parent,False,,,,,"liseuse générale, mini-format non demandé",dataforseo_labs/google/keyword_suggestions/live,2026-09-03T11:47:40.664088+00:00,2026-09-03-test-decouverte-search-12/02-A5-discovery.json.gz,"[{""year"": 2026, ""month"": 7, ""search_volume"": 320}, {""year"": 2026, ""month"": 6, ""search_volume"": 210}, {""year"": 2026, ""month"": 5, ""search_volume"": 210}, {""year"": 2026, ""month"": 4, ""search_volume"": 210}, {""year"": 2026, ""month"": 3, ""search_volume"": 210}, {""year"": 2026, ""month"": 2, ""search_volume"": 260}, {""year"": 2026, ""month"": 1, ""search_volume"": 390}, {""year"": 2025, ""month"": 12, ""search_volume"": 590}, {""year"": 2025, ""month"": 11, ""search_volume"": 590}, {""year"": 2025, ""month"": 10, ""search_volume"": 480}, {""year"": 2025, ""month"": 9, ""search_volume"": 390}, {""year"": 2025, ""month"": 8, ""search_volume"": 720}]"
A5,support liseuse,390,0.19,USD_DOCUMENTED,parent,False,,,,,"liseuse générale, mini-format non demandé",dataforseo_labs/google/keyword_suggestions/live,2026-09-03T11:47:40.664088+00:00,2026-09-03-test-decouverte-search-12/02-A5-discovery.json.gz,"[{""year"": 2026, ""month"": 7, ""search_volume"": 390}, {""year"": 2026, ""month"": 6, ""search_volume"": 210}, {""year"": 2026, ""month"": 5, ""search_volume"": 320}, {""year"": 2026, ""month"": 4, ""search_volume"": 320}, {""year"": 2026, ""month"": 3, ""search_volume"": 390}, {""year"": 2026, ""month"": 2, ""search_volume"": 390}, {""year"": 2026, ""month"": 1, ""search_volume"": 590}, {""year"": 2025, ""month"": 12, ""search_volume"": 880}, {""year"": 2025, ""month"": 11, ""search_volume"": 720}, {""year"": 2025, ""month"": 10, ""search_volume"": 320}, {""year"": 2025, ""month"": 9, ""search_volume"": 260}, {""year"": 2025, ""month"": 8, ""search_volume"": 390}]"
A5,liseuse test,390,0.37,USD_DOCUMENTED,parent,False,,,,,"liseuse générale, mini-format non demandé",dataforseo_labs/google/keyword_suggestions/live,2026-09-03T11:47:40.664088+00:00,2026-09-03-test-decouverte-search-12/02-A5-discovery.json.gz,"[{""year"": 2026, ""month"": 7, ""search_volume"": 210}, {""year"": 2026, ""month"": 6, ""search_volume"": 170}, {""year"": 2026, ""month"": 5, ""search_volume"": 210}, {""year"": 2026, ""month"": 4, ""search_volume"": 210}, {""year"": 2026, ""month"": 3, ""search_volume"": 320}, {""year"": 2026, ""month"": 2, ""search_volume"": 260}, {""year"": 2026, ""month"": 1, ""search_volume"": 390}, {""year"": 2025, ""month"": 12, ""search_volume"": 590}, {""year"": 2025, ""month"": 11, ""search_volume"": 720}, {""year"": 2025, ""month"": 10, ""search_volume"": 390}, {""year"": 2025, ""month"": 9, ""search_volume"": 390}, {""year"": 2025, ""month"": 8, ""search_volume"": 480}]"
A5,prix d'une liseuse kindle,390,0.17,USD_DOCUMENTED,parent,True,,,,,"liseuse générale, mini-format non demandé",dataforseo_labs/google/keyword_suggestions/live,2026-09-03T11:47:40.664088+00:00,2026-09-03-test-decouverte-search-12/02-A5-discovery.json.gz,"[{""year"": 2026, ""month"": 7, ""search_volume"": 320}, {""year"": 2026, ""month"": 6, ""search_volume"": 260}, {""year"": 2026, ""month"": 5, ""search_volume"": 320}, {""year"": 2026, ""month"": 4, ""search_volume"": 260}, {""year"": 2026, ""month"": 3, ""search_volume"": 260}, {""year"": 2026, ""month"": 2, ""search_volume"": 260}, {""year"": 2026, ""month"": 1, ""search_volume"": 390}, {""year"": 2025, ""month"": 12, ""search_volume"": 590}, {""year"": 2025, ""month"": 11, ""search_volume"": 480}, {""year"": 2025, ""month"": 10, ""search_volume"": 390}, {""year"": 2025, ""month"": 9, ""search_volume"": 390}, {""year"": 2025, ""month"": 8, ""search_volume"": 480}]"
A5,back market liseuse,390,0.52,USD_DOCUMENTED,parent,False,,,,,"liseuse générale, mini-format non demandé",dataforseo_labs/google/keyword_suggestions/live,2026-09-03T11:47:40.664088+00:00,2026-09-03-test-decouverte-search-12/02-A5-discovery.json.gz,"[{""year"": 2026, ""month"": 7, ""search_volume"": 390}, {""year"": 2026, ""month"": 6, ""search_volume"": 320}, {""year"": 2026, ""month"": 5, ""search_volume"": 320}, {""year"": 2026, ""month"": 4, ""search_volume"": 320}, {""year"": 2026, ""month"": 3, ""search_volume"": 260}, {""year"": 2026, ""month"": 2, ""search_volume"": 320}, {""year"": 2026, ""month"": 1, ""search_volume"": 390}, {""year"": 2025, ""month"": 12, ""search_volume"": 480}, {""year"": 2025, ""month"": 11, ""search_volume"": 590}, {""year"": 2025, ""month"": 10, ""search_volume"": 320}, {""year"": 2025, ""month"": 9, ""search_volume"": 320}, {""year"": 2025, ""month"": 8, ""search_volume"": 480}]"
A5,liseuse kobo libra,390,0.3,USD_DOCUMENTED,parent,True,,,,,"liseuse générale, mini-format non demandé",dataforseo_labs/google/keyword_suggestions/live,2026-09-03T11:47:40.664088+00:00,2026-09-03-test-decouverte-search-12/02-A5-discovery.json.gz,"[{""year"": 2026, ""month"": 7, ""search_volume"": 480}, {""year"": 2026, ""month"": 6, ""search_volume"": 320}, {""year"": 2026, ""month"": 5, ""search_volume"": 390}, {""year"": 2026, ""month"": 4, ""search_volume"": 260}, {""year"": 2026, ""month"": 3, ""search_volume"": 320}, {""year"": 2026, ""month"": 2, ""search_volume"": 320}, {""year"": 2026, ""month"": 1, ""search_volume"": 480}, {""year"": 2025, ""month"": 12, ""search_volume"": 720}, {""year"": 2025, ""month"": 11, ""search_volume"": 880}, {""year"": 2025, ""month"": 10, ""search_volume"": 320}, {""year"": 2025, ""month"": 9, ""search_volume"": 260}, {""year"": 2025, ""month"": 8, ""search_volume"": 390}]"
A5,liseuse kobo aura,390,0.21,USD_DOCUMENTED,parent,True,,,,,"liseuse générale, mini-format non demandé",dataforseo_labs/google/keyword_suggestions/live,2026-09-03T11:47:40.664088+00:00,2026-09-03-test-decouverte-search-12/02-A5-discovery.json.gz,"[{""year"": 2026, ""month"": 7, ""search_volume"": 320}, {""year"": 2026, ""month"": 6, ""search_volume"": 260}, {""year"": 2026, ""month"": 5, ""search_volume"": 320}, {""year"": 2026, ""month"": 4, ""search_volume"": 260}, {""year"": 2026, ""month"": 3, ""search_volume"": 720}, {""year"": 2026, ""month"": 2, ""search_volume"": 720}, {""year"": 2026, ""month"": 1, ""search_volume"": 320}, {""year"": 2025, ""month"": 12, ""search_volume"": 390}, {""year"": 2025, ""month"": 11, ""search_volume"": 390}, {""year"": 2025, ""month"": 10, ""search_volume"": 260}, {""year"": 2025, ""month"": 9, ""search_volume"": 480}, {""year"": 2025, ""month"": 8, ""search_volume"": 590}]"
A5,support pour liseuse,390,0.19,USD_DOCUMENTED,parent,False,,,,,"liseuse générale, mini-format non demandé",dataforseo_labs/google/keyword_suggestions/live,2026-09-03T11:47:40.664088+00:00,2026-09-03-test-decouverte-search-12/02-A5-discovery.json.gz,"[{""year"": 2026, ""month"": 7, ""search_volume"": 390}, {""year"": 2026, ""month"": 6, ""search_volume"": 210}, {""year"": 2026, ""month"": 5, ""search_volume"": 320}, {""year"": 2026, ""month"": 4, ""search_volume"": 320}, {""year"": 2026, ""month"": 3, ""search_volume"": 390}, {""year"": 2026, ""month"": 2, ""search_volume"": 390}, {""year"": 2026, ""month"": 1, ""search_volume"": 590}, {""year"": 2025, ""month"": 12, ""search_volume"": 880}, {""year"": 2025, ""month"": 11, ""search_volume"": 720}, {""year"": 2025, ""month"": 10, ""search_volume"": 320}, {""year"": 2025, ""month"": 9, ""search_volume"": 260}, {""year"": 2025, ""month"": 8, ""search_volume"": 390}]"
A5,prix d'un livre pour liseuse,390,0.68,USD_DOCUMENTED,parent,False,,,,,"liseuse générale, mini-format non demandé",dataforseo_labs/google/keyword_suggestions/live,2026-09-03T11:47:40.664088+00:00,2026-09-03-test-decouverte-search-12/02-A5-discovery.json.gz,"[{""year"": 2026, ""month"": 7, ""search_volume"": 320}, {""year"": 2026, ""month"": 6, ""search_volume"": 210}, {""year"": 2026, ""month"": 5, ""search_volume"": 210}, {""year"": 2026, ""month"": 4, ""search_volume"": 210}, {""year"": 2026, ""month"": 3, ""search_volume"": 210}, {""year"": 2026, ""month"": 2, ""search_volume"": 260}, {""year"": 2026, ""month"": 1, ""search_volume"": 390}, {""year"": 2025, ""month"": 12, ""search_volume"": 590}, {""year"": 2025, ""month"": 11, ""search_volume"": 590}, {""year"": 2025, ""month"": 10, ""search_volume"": 480}, {""year"": 2025, ""month"": 9, ""search_volume"": 390}, {""year"": 2025, ""month"": 8, ""search_volume"": 720}]"
A5,liseuse grand format,390,0.36,USD_DOCUMENTED,parent,False,,,,,"liseuse générale, mini-format non demandé",dataforseo_labs/google/keyword_suggestions/live,2026-09-03T11:47:40.664088+00:00,2026-09-03-test-decouverte-search-12/02-A5-discovery.json.gz,"[{""year"": 2026, ""month"": 7, ""search_volume"": 390}, {""year"": 2026, ""month"": 6, ""search_volume"": 320}, {""year"": 2026, ""month"": 5, ""search_volume"": 390}, {""year"": 2026, ""month"": 4, ""search_volume"": 260}, {""year"": 2026, ""month"": 3, ""search_volume"": 320}, {""year"": 2026, ""month"": 2, ""search_volume"": 390}, {""year"": 2026, ""month"": 1, ""search_volume"": 480}, {""year"": 2025, ""month"": 12, ""search_volume"": 590}, {""year"": 2025, ""month"": 11, ""search_volume"": 720}, {""year"": 2025, ""month"": 10, ""search_volume"": 480}, {""year"": 2025, ""month"": 9, ""search_volume"": 390}, {""year"": 2025, ""month"": 8, ""search_volume"": 390}]"
A5,liseuse prix des livres,390,0.68,USD_DOCUMENTED,parent,False,,,,,"liseuse générale, mini-format non demandé",dataforseo_labs/google/keyword_suggestions/live,2026-09-03T11:47:40.664088+00:00,2026-09-03-test-decouverte-search-12/02-A5-discovery.json.gz,"[{""year"": 2026, ""month"": 7, ""search_volume"": 320}, {""year"": 2026, ""month"": 6, ""search_volume"": 210}, {""year"": 2026, ""month"": 5, ""search_volume"": 210}, {""year"": 2026, ""month"": 4, ""search_volume"": 210}, {""year"": 2026, ""month"": 3, ""search_volume"": 210}, {""year"": 2026, ""month"": 2, ""search_volume"": 260}, {""year"": 2026, ""month"": 1, ""search_volume"": 390}, {""year"": 2025, ""month"": 12, ""search_volume"": 590}, {""year"": 2025, ""month"": 11, ""search_volume"": 590}, {""year"": 2025, ""month"": 10, ""search_volume"": 480}, {""year"": 2025, ""month"": 9, ""search_volume"": 390}, {""year"": 2025, ""month"": 8, ""search_volume"": 720}]"
A5,liseuse aura kobo,390,0.21,USD_DOCUMENTED,parent,True,,,,,"liseuse générale, mini-format non demandé",dataforseo_labs/google/keyword_suggestions/live,2026-09-03T11:47:40.664088+00:00,2026-09-03-test-decouverte-search-12/02-A5-discovery.json.gz,"[{""year"": 2026, ""month"": 7, ""search_volume"": 320}, {""year"": 2026, ""month"": 6, ""search_volume"": 260}, {""year"": 2026, ""month"": 5, ""search_volume"": 320}, {""year"": 2026, ""month"": 4, ""search_volume"": 260}, {""year"": 2026, ""month"": 3, ""search_volume"": 720}, {""year"": 2026, ""month"": 2, ""search_volume"": 720}, {""year"": 2026, ""month"": 1, ""search_volume"": 320}, {""year"": 2025, ""month"": 12, ""search_volume"": 390}, {""year"": 2025, ""month"": 11, ""search_volume"": 390}, {""year"": 2025, ""month"": 10, ""search_volume"": 260}, {""year"": 2025, ""month"": 9, ""search_volume"": 480}, {""year"": 2025, ""month"": 8, ""search_volume"": 590}]"
A5,liseuse boox,390,0.25,USD_DOCUMENTED,parent,True,,,,,"liseuse générale, mini-format non demandé",dataforseo_labs/google/keyword_suggestions/live,2026-09-03T11:47:40.664088+00:00,2026-09-03-test-decouverte-search-12/02-A5-discovery.json.gz,"[{""year"": 2026, ""month"": 7, ""search_volume"": 390}, {""year"": 2026, ""month"": 6, ""search_volume"": 320}, {""year"": 2026, ""month"": 5, ""search_volume"": 320}, {""year"": 2026, ""month"": 4, ""search_volume"": 320}, {""year"": 2026, ""month"": 3, ""search_volume"": 320}, {""year"": 2026, ""month"": 2, ""search_volume"": 320}, {""year"": 2026, ""month"": 1, ""search_volume"": 480}, {""year"": 2025, ""month"": 12, ""search_volume"": 590}, {""year"": 2025, ""month"": 11, ""search_volume"": 720}, {""year"": 2025, ""month"": 10, ""search_volume"": 320}, {""year"": 2025, ""month"": 9, ""search_volume"": 320}, {""year"": 2025, ""month"": 8, ""search_volume"": 320}]"
A5,tests liseuse,390,0.37,USD_DOCUMENTED,parent,False,,,,,"liseuse générale, mini-format non demandé",dataforseo_labs/google/keyword_suggestions/live,2026-09-03T11:47:40.664088+00:00,2026-09-03-test-decouverte-search-12/02-A5-discovery.json.gz,"[{""year"": 2026, ""month"": 7, ""search_volume"": 210}, {""year"": 2026, ""month"": 6, ""search_volume"": 170}, {""year"": 2026, ""month"": 5, ""search_volume"": 210}, {""year"": 2026, ""month"": 4, ""search_volume"": 210}, {""year"": 2026, ""month"": 3, ""search_volume"": 320}, {""year"": 2026, ""month"": 2, ""search_volume"": 260}, {""year"": 2026, ""month"": 1, ""search_volume"": 390}, {""year"": 2025, ""month"": 12, ""search_volume"": 590}, {""year"": 2025, ""month"": 11, ""search_volume"": 720}, {""year"": 2025, ""month"": 10, ""search_volume"": 390}, {""year"": 2025, ""month"": 9, ""search_volume"": 390}, {""year"": 2025, ""month"": 8, ""search_volume"": 480}]"
A5,carrefour liseuse,390,0.25,USD_DOCUMENTED,parent,True,,,,,"liseuse générale, mini-format non demandé",dataforseo_labs/google/keyword_suggestions/live,2026-09-03T11:47:40.664088+00:00,2026-09-03-test-decouverte-search-12/02-A5-discovery.json.gz,"[{""year"": 2026, ""month"": 7, ""search_volume"": 320}, {""year"": 2026, ""month"": 6, ""search_volume"": 260}, {""year"": 2026, ""month"": 5, ""search_volume"": 320}, {""year"": 2026, ""month"": 4, ""search_volume"": 210}, {""year"": 2026, ""month"": 3, ""search_volume"": 260}, {""year"": 2026, ""month"": 2, ""search_volume"": 320}, {""year"": 2026, ""month"": 1, ""search_volume"": 390}, {""year"": 2025, ""month"": 12, ""search_volume"": 720}, {""year"": 2025, ""month"": 11, ""search_volume"": 590}, {""year"": 2025, ""month"": 10, ""search_volume"": 320}, {""year"": 2025, ""month"": 9, ""search_volume"": 320}, {""year"": 2025, ""month"": 8, ""search_volume"": 480}]"
A5,liseuse kobo etui,390,0.3,USD_DOCUMENTED,incompatible,True,,,,,"lampe, logiciel, contenu ou sens non appareil",dataforseo_labs/google/keyword_suggestions/live,2026-09-03T11:47:40.664088+00:00,2026-09-03-test-decouverte-search-12/02-A5-discovery.json.gz,"[{""year"": 2026, ""month"": 7, ""search_volume"": 320}, {""year"": 2026, ""month"": 6, ""search_volume"": 260}, {""year"": 2026, ""month"": 5, ""search_volume"": 320}, {""year"": 2026, ""month"": 4, ""search_volume"": 260}, {""year"": 2026, ""month"": 3, ""search_volume"": 320}, {""year"": 2026, ""month"": 2, ""search_volume"": 260}, {""year"": 2026, ""month"": 1, ""search_volume"": 390}, {""year"": 2025, ""month"": 12, ""search_volume"": 720}, {""year"": 2025, ""month"": 11, ""search_volume"": 480}, {""year"": 2025, ""month"": 10, ""search_volume"": 260}, {""year"": 2025, ""month"": 9, ""search_volume"": 320}, {""year"": 2025, ""month"": 8, ""search_volume"": 480}]"
A5,liseuse canapé,390,0.56,USD_DOCUMENTED,parent,False,,,,,"liseuse générale, mini-format non demandé",dataforseo_labs/google/keyword_suggestions/live,2026-09-03T11:47:40.664088+00:00,2026-09-03-test-decouverte-search-12/02-A5-discovery.json.gz,"[{""year"": 2026, ""month"": 7, ""search_volume"": 260}, {""year"": 2026, ""month"": 6, ""search_volume"": 210}, {""year"": 2026, ""month"": 5, ""search_volume"": 320}, {""year"": 2026, ""month"": 4, ""search_volume"": 320}, {""year"": 2026, ""month"": 3, ""search_volume"": 390}, {""year"": 2026, ""month"": 2, ""search_volume"": 480}, {""year"": 2026, ""month"": 1, ""search_volume"": 590}, {""year"": 2025, ""month"": 12, ""search_volume"": 480}, {""year"": 2025, ""month"": 11, ""search_volume"": 590}, {""year"": 2025, ""month"": 10, ""search_volume"": 590}, {""year"": 2025, ""month"": 9, ""search_volume"": 480}, {""year"": 2025, ""month"": 8, ""search_volume"": 480}]"
A5,liseuse 8 pouce,390,0.25,USD_DOCUMENTED,parent,False,,,,,"liseuse générale, mini-format non demandé",dataforseo_labs/google/keyword_suggestions/live,2026-09-03T11:47:40.664088+00:00,2026-09-03-test-decouverte-search-12/02-A5-discovery.json.gz,"[{""year"": 2026, ""month"": 7, ""search_volume"": 260}, {""year"": 2026, ""month"": 6, ""search_volume"": 260}, {""year"": 2026, ""month"": 5, ""search_volume"": 320}, {""year"": 2026, ""month"": 4, ""search_volume"": 320}, {""year"": 2026, ""month"": 3, ""search_volume"": 320}, {""year"": 2026, ""month"": 2, ""search_volume"": 320}, {""year"": 2026, ""month"": 1, ""search_volume"": 390}, {""year"": 2025, ""month"": 12, ""search_volume"": 590}, {""year"": 2025, ""month"": 11, ""search_volume"": 720}, {""year"": 2025, ""month"": 10, ""search_volume"": 390}, {""year"": 2025, ""month"": 9, ""search_volume"": 320}, {""year"": 2025, ""month"": 8, ""search_volume"": 390}]"
A5,prix d un livre sur liseuse,390,0.68,USD_DOCUMENTED,parent,False,,,,,"liseuse générale, mini-format non demandé",dataforseo_labs/google/keyword_suggestions/live,2026-09-03T11:47:40.664088+00:00,2026-09-03-test-decouverte-search-12/02-A5-discovery.json.gz,"[{""year"": 2026, ""month"": 7, ""search_volume"": 320}, {""year"": 2026, ""month"": 6, ""search_volume"": 210}, {""year"": 2026, ""month"": 5, ""search_volume"": 210}, {""year"": 2026, ""month"": 4, ""search_volume"": 210}, {""year"": 2026, ""month"": 3, ""search_volume"": 210}, {""year"": 2026, ""month"": 2, ""search_volume"": 260}, {""year"": 2026, ""month"": 1, ""search_volume"": 390}, {""year"": 2025, ""month"": 12, ""search_volume"": 590}, {""year"": 2025, ""month"": 11, ""search_volume"": 590}, {""year"": 2025, ""month"": 10, ""search_volume"": 480}, {""year"": 2025, ""month"": 9, ""search_volume"": 390}, {""year"": 2025, ""month"": 8, ""search_volume"": 720}]"
A5,coque liseuse,390,0.3,USD_DOCUMENTED,parent,False,,,,,"liseuse générale, mini-format non demandé",dataforseo_labs/google/keyword_suggestions/live,2026-09-03T11:47:40.664088+00:00,2026-09-03-test-decouverte-search-12/02-A5-discovery.json.gz,"[{""year"": 2026, ""month"": 7, ""search_volume"": 320}, {""year"": 2026, ""month"": 6, ""search_volume"": 260}, {""year"": 2026, ""month"": 5, ""search_volume"": 320}, {""year"": 2026, ""month"": 4, ""search_volume"": 210}, {""year"": 2026, ""month"": 3, ""search_volume"": 320}, {""year"": 2026, ""month"": 2, ""search_volume"": 260}, {""year"": 2026, ""month"": 1, ""search_volume"": 390}, {""year"": 2025, ""month"": 12, ""search_volume"": 880}, {""year"": 2025, ""month"": 11, ""search_volume"": 720}, {""year"": 2025, ""month"": 10, ""search_volume"": 320}, {""year"": 2025, ""month"": 9, ""search_volume"": 210}, {""year"": 2025, ""month"": 8, ""search_volume"": 320}]"
A5,liseuse kindle prix,390,0.17,USD_DOCUMENTED,parent,True,,,,,"liseuse générale, mini-format non demandé",dataforseo_labs/google/keyword_suggestions/live,2026-09-03T11:47:40.664088+00:00,2026-09-03-test-decouverte-search-12/02-A5-discovery.json.gz,"[{""year"": 2026, ""month"": 7, ""search_volume"": 320}, {""year"": 2026, ""month"": 6, ""search_volume"": 260}, {""year"": 2026, ""month"": 5, ""search_volume"": 320}, {""year"": 2026, ""month"": 4, ""search_volume"": 260}, {""year"": 2026, ""month"": 3, ""search_volume"": 260}, {""year"": 2026, ""month"": 2, ""search_volume"": 260}, {""year"": 2026, ""month"": 1, ""search_volume"": 390}, {""year"": 2025, ""month"": 12, ""search_volume"": 590}, {""year"": 2025, ""month"": 11, ""search_volume"": 480}, {""year"": 2025, ""month"": 10, ""search_volume"": 390}, {""year"": 2025, ""month"": 9, ""search_volume"": 390}, {""year"": 2025, ""month"": 8, ""search_volume"": 480}]"
A5,prix livre pour liseuse,390,0.68,USD_DOCUMENTED,parent,False,,,,,"liseuse générale, mini-format non demandé",dataforseo_labs/google/keyword_suggestions/live,2026-09-03T11:47:40.664088+00:00,2026-09-03-test-decouverte-search-12/02-A5-discovery.json.gz,"[{""year"": 2026, ""month"": 7, ""search_volume"": 320}, {""year"": 2026, ""month"": 6, ""search_volume"": 210}, {""year"": 2026, ""month"": 5, ""search_volume"": 210}, {""year"": 2026, ""month"": 4, ""search_volume"": 210}, {""year"": 2026, ""month"": 3, ""search_volume"": 210}, {""year"": 2026, ""month"": 2, ""search_volume"": 260}, {""year"": 2026, ""month"": 1, ""search_volume"": 390}, {""year"": 2025, ""month"": 12, ""search_volume"": 590}, {""year"": 2025, ""month"": 11, ""search_volume"": 590}, {""year"": 2025, ""month"": 10, ""search_volume"": 480}, {""year"": 2025, ""month"": 9, ""search_volume"": 390}, {""year"": 2025, ""month"": 8, ""search_volume"": 720}]"
A5,abonnement liseuse,390,1.12,USD_DOCUMENTED,parent,False,,,,,"liseuse générale, mini-format non demandé",dataforseo_labs/google/keyword_suggestions/live,2026-09-03T11:47:40.664088+00:00,2026-09-03-test-decouverte-search-12/02-A5-discovery.json.gz,"[{""year"": 2026, ""month"": 7, ""search_volume"": 170}, {""year"": 2026, ""month"": 6, ""search_volume"": 170}, {""year"": 2026, ""month"": 5, ""search_volume"": 260}, {""year"": 2026, ""month"": 4, ""search_volume"": 170}, {""year"": 2026, ""month"": 3, ""search_volume"": 260}, {""year"": 2026, ""month"": 2, ""search_volume"": 210}, {""year"": 2026, ""month"": 1, ""search_volume"": 390}, {""year"": 2025, ""month"": 12, ""search_volume"": 720}, {""year"": 2025, ""month"": 11, ""search_volume"": 720}, {""year"": 2025, ""month"": 10, ""search_volume"": 390}, {""year"": 2025, ""month"": 9, ""search_volume"": 320}, {""year"": 2025, ""month"": 8, ""search_volume"": 390}]"
A5,liseuse 8 pouces,390,0.25,USD_DOCUMENTED,parent,False,,,,,"liseuse générale, mini-format non demandé",dataforseo_labs/google/keyword_suggestions/live,2026-09-03T11:47:40.664088+00:00,2026-09-03-test-decouverte-search-12/02-A5-discovery.json.gz,"[{""year"": 2026, ""month"": 7, ""search_volume"": 260}, {""year"": 2026, ""month"": 6, ""search_volume"": 260}, {""year"": 2026, ""month"": 5, ""search_volume"": 320}, {""year"": 2026, ""month"": 4, ""search_volume"": 320}, {""year"": 2026, ""month"": 3, ""search_volume"": 320}, {""year"": 2026, ""month"": 2, ""search_volume"": 320}, {""year"": 2026, ""month"": 1, ""search_volume"": 390}, {""year"": 2025, ""month"": 12, ""search_volume"": 590}, {""year"": 2025, ""month"": 11, ""search_volume"": 720}, {""year"": 2025, ""month"": 10, ""search_volume"": 390}, {""year"": 2025, ""month"": 9, ""search_volume"": 320}, {""year"": 2025, ""month"": 8, ""search_volume"": 390}]"
A5,prix livre sur liseuse,390,0.68,USD_DOCUMENTED,parent,False,,,,,"liseuse générale, mini-format non demandé",dataforseo_labs/google/keyword_suggestions/live,2026-09-03T11:47:40.664088+00:00,2026-09-03-test-decouverte-search-12/02-A5-discovery.json.gz,"[{""year"": 2026, ""month"": 7, ""search_volume"": 320}, {""year"": 2026, ""month"": 6, ""search_volume"": 210}, {""year"": 2026, ""month"": 5, ""search_volume"": 210}, {""year"": 2026, ""month"": 4, ""search_volume"": 210}, {""year"": 2026, ""month"": 3, ""search_volume"": 210}, {""year"": 2026, ""month"": 2, ""search_volume"": 260}, {""year"": 2026, ""month"": 1, ""search_volume"": 390}, {""year"": 2025, ""month"": 12, ""search_volume"": 590}, {""year"": 2025, ""month"": 11, ""search_volume"": 590}, {""year"": 2025, ""month"": 10, ""search_volume"": 480}, {""year"": 2025, ""month"": 9, ""search_volume"": 390}, {""year"": 2025, ""month"": 8, ""search_volume"": 720}]"
A5,liseuse abonnement,390,1.12,USD_DOCUMENTED,parent,False,,,,,"liseuse générale, mini-format non demandé",dataforseo_labs/google/keyword_suggestions/live,2026-09-03T11:47:40.664088+00:00,2026-09-03-test-decouverte-search-12/02-A5-discovery.json.gz,"[{""year"": 2026, ""month"": 7, ""search_volume"": 170}, {""year"": 2026, ""month"": 6, ""search_volume"": 170}, {""year"": 2026, ""month"": 5, ""search_volume"": 260}, {""year"": 2026, ""month"": 4, ""search_volume"": 170}, {""year"": 2026, ""month"": 3, ""search_volume"": 260}, {""year"": 2026, ""month"": 2, ""search_volume"": 210}, {""year"": 2026, ""month"": 1, ""search_volume"": 390}, {""year"": 2025, ""month"": 12, ""search_volume"": 720}, {""year"": 2025, ""month"": 11, ""search_volume"": 720}, {""year"": 2025, ""month"": 10, ""search_volume"": 390}, {""year"": 2025, ""month"": 9, ""search_volume"": 320}, {""year"": 2025, ""month"": 8, ""search_volume"": 390}]"
A5,liseuse prix livre,390,0.68,USD_DOCUMENTED,parent,False,,,,,"liseuse générale, mini-format non demandé",dataforseo_labs/google/keyword_suggestions/live,2026-09-03T11:47:40.664088+00:00,2026-09-03-test-decouverte-search-12/02-A5-discovery.json.gz,"[{""year"": 2026, ""month"": 7, ""search_volume"": 320}, {""year"": 2026, ""month"": 6, ""search_volume"": 210}, {""year"": 2026, ""month"": 5, ""search_volume"": 210}, {""year"": 2026, ""month"": 4, ""search_volume"": 210}, {""year"": 2026, ""month"": 3, ""search_volume"": 210}, {""year"": 2026, ""month"": 2, ""search_volume"": 260}, {""year"": 2026, ""month"": 1, ""search_volume"": 390}, {""year"": 2025, ""month"": 12, ""search_volume"": 590}, {""year"": 2025, ""month"": 11, ""search_volume"": 590}, {""year"": 2025, ""month"": 10, ""search_volume"": 480}, {""year"": 2025, ""month"": 9, ""search_volume"": 390}, {""year"": 2025, ""month"": 8, ""search_volume"": 720}]"
A5,étui pour liseuse kobo,390,0.3,USD_DOCUMENTED,incompatible,True,,,,,"lampe, logiciel, contenu ou sens non appareil",dataforseo_labs/google/keyword_suggestions/live,2026-09-03T11:47:40.664088+00:00,2026-09-03-test-decouverte-search-12/02-A5-discovery.json.gz,"[{""year"": 2026, ""month"": 7, ""search_volume"": 320}, {""year"": 2026, ""month"": 6, ""search_volume"": 260}, {""year"": 2026, ""month"": 5, ""search_volume"": 320}, {""year"": 2026, ""month"": 4, ""search_volume"": 260}, {""year"": 2026, ""month"": 3, ""search_volume"": 320}, {""year"": 2026, ""month"": 2, ""search_volume"": 260}, {""year"": 2026, ""month"": 1, ""search_volume"": 390}, {""year"": 2025, ""month"": 12, ""search_volume"": 720}, {""year"": 2025, ""month"": 11, ""search_volume"": 480}, {""year"": 2025, ""month"": 10, ""search_volume"": 260}, {""year"": 2025, ""month"": 9, ""search_volume"": 320}, {""year"": 2025, ""month"": 8, ""search_volume"": 480}]"
A5,liseuse kobo avis,320,0.27,USD_DOCUMENTED,parent,True,,,,,"liseuse générale, mini-format non demandé",dataforseo_labs/google/keyword_suggestions/live,2026-09-03T11:47:40.664088+00:00,2026-09-03-test-decouverte-search-12/02-A5-discovery.json.gz,"[{""year"": 2026, ""month"": 7, ""search_volume"": 260}, {""year"": 2026, ""month"": 6, ""search_volume"": 210}, {""year"": 2026, ""month"": 5, ""search_volume"": 260}, {""year"": 2026, ""month"": 4, ""search_volume"": 210}, {""year"": 2026, ""month"": 3, ""search_volume"": 260}, {""year"": 2026, ""month"": 2, ""search_volume"": 320}, {""year"": 2026, ""month"": 1, ""search_volume"": 320}, {""year"": 2025, ""month"": 12, ""search_volume"": 720}, {""year"": 2025, ""month"": 11, ""search_volume"": 590}, {""year"": 2025, ""month"": 10, ""search_volume"": 320}, {""year"": 2025, ""month"": 9, ""search_volume"": 390}, {""year"": 2025, ""month"": 8, ""search_volume"": 390}]"
A5,liseuse couleur grand format,320,0.26,USD_DOCUMENTED,parent,False,,,,,"liseuse générale, mini-format non demandé",dataforseo_labs/google/keyword_suggestions/live,2026-09-03T11:47:40.664088+00:00,2026-09-03-test-decouverte-search-12/02-A5-discovery.json.gz,"[{""year"": 2026, ""month"": 7, ""search_volume"": 210}, {""year"": 2026, ""month"": 6, ""search_volume"": 210}, {""year"": 2026, ""month"": 5, ""search_volume"": 260}, {""year"": 2026, ""month"": 4, ""search_volume"": 210}, {""year"": 2026, ""month"": 3, ""search_volume"": 260}, {""year"": 2026, ""month"": 2, ""search_volume"": 260}, {""year"": 2026, ""month"": 1, ""search_volume"": 320}, {""year"": 2025, ""month"": 12, ""search_volume"": 480}, {""year"": 2025, ""month"": 11, ""search_volume"": 480}, {""year"": 2025, ""month"": 10, ""search_volume"": 390}, {""year"": 2025, ""month"": 9, ""search_volume"": 320}, {""year"": 2025, ""month"": 8, ""search_volume"": 390}]"
A5,kobo liseuse avis,320,0.27,USD_DOCUMENTED,parent,True,,,,,"liseuse générale, mini-format non demandé",dataforseo_labs/google/keyword_suggestions/live,2026-09-03T11:47:40.664088+00:00,2026-09-03-test-decouverte-search-12/02-A5-discovery.json.gz,"[{""year"": 2026, ""month"": 7, ""search_volume"": 260}, {""year"": 2026, ""month"": 6, ""search_volume"": 210}, {""year"": 2026, ""month"": 5, ""search_volume"": 260}, {""year"": 2026, ""month"": 4, ""search_volume"": 210}, {""year"": 2026, ""month"": 3, ""search_volume"": 260}, {""year"": 2026, ""month"": 2, ""search_volume"": 320}, {""year"": 2026, ""month"": 1, ""search_volume"": 320}, {""year"": 2025, ""month"": 12, ""search_volume"": 720}, {""year"": 2025, ""month"": 11, ""search_volume"": 590}, {""year"": 2025, ""month"": 10, ""search_volume"": 320}, {""year"": 2025, ""month"": 9, ""search_volume"": 390}, {""year"": 2025, ""month"": 8, ""search_volume"": 390}]"
A5,liseuse lizia,320,0.21,USD_DOCUMENTED,parent,False,,,,,"liseuse générale, mini-format non demandé",dataforseo_labs/google/keyword_suggestions/live,2026-09-03T11:47:40.664088+00:00,2026-09-03-test-decouverte-search-12/02-A5-discovery.json.gz,"[{""year"": 2026, ""month"": 7, ""search_volume"": 90}, {""year"": 2026, ""month"": 6, ""search_volume"": 110}, {""year"": 2026, ""month"": 5, ""search_volume"": 320}, {""year"": 2026, ""month"": 4, ""search_volume"": 90}, {""year"": 2026, ""month"": 3, ""search_volume"": 170}, {""year"": 2026, ""month"": 2, ""search_volume"": 480}, {""year"": 2026, ""month"": 1, ""search_volume"": 1300}, {""year"": 2025, ""month"": 12, ""search_volume"": 590}, {""year"": 2025, ""month"": 11, ""search_volume"": 320}, {""year"": 2025, ""month"": 10, ""search_volume"": 140}, {""year"": 2025, ""month"": 9, ""search_volume"": 110}, {""year"": 2025, ""month"": 8, ""search_volume"": 210}]"
A5,darty liseuse kindle,320,0.49,USD_DOCUMENTED,parent,True,,,,,"liseuse générale, mini-format non demandé",dataforseo_labs/google/keyword_suggestions/live,2026-09-03T11:47:40.664088+00:00,2026-09-03-test-decouverte-search-12/02-A5-discovery.json.gz,"[{""year"": 2026, ""month"": 7, ""search_volume"": 260}, {""year"": 2026, ""month"": 6, ""search_volume"": 210}, {""year"": 2026, ""month"": 5, ""search_volume"": 210}, {""year"": 2026, ""month"": 4, ""search_volume"": 140}, {""year"": 2026, ""month"": 3, ""search_volume"": 210}, {""year"": 2026, ""month"": 2, ""search_volume"": 210}, {""year"": 2026, ""month"": 1, ""search_volume"": 320}, {""year"": 2025, ""month"": 12, ""search_volume"": 720}, {""year"": 2025, ""month"": 11, ""search_volume"": 590}, {""year"": 2025, ""month"": 10, ""search_volume"": 210}, {""year"": 2025, ""month"": 9, ""search_volume"": 210}, {""year"": 2025, ""month"": 8, ""search_volume"": 320}]"
A5,liseuse leroy merlin,320,0.35,USD_DOCUMENTED,parent,True,,,,,"liseuse générale, mini-format non demandé",dataforseo_labs/google/keyword_suggestions/live,2026-09-03T11:47:40.664088+00:00,2026-09-03-test-decouverte-search-12/02-A5-discovery.json.gz,"[{""year"": 2026, ""month"": 7, ""search_volume"": 210}, {""year"": 2026, ""month"": 6, ""search_volume"": 170}, {""year"": 2026, ""month"": 5, ""search_volume"": 260}, {""year"": 2026, ""month"": 4, ""search_volume"": 260}, {""year"": 2026, ""month"": 3, ""search_volume"": 320}, {""year"": 2026, ""month"": 2, ""search_volume"": 320}, {""year"": 2026, ""month"": 1, ""search_volume"": 390}, {""year"": 2025, ""month"": 12, ""search_volume"": 390}, {""year"": 2025, ""month"": 11, ""search_volume"": 480}, {""year"": 2025, ""month"": 10, ""search_volume"": 320}, {""year"": 2025, ""month"": 9, ""search_volume"": 260}, {""year"": 2025, ""month"": 8, ""search_volume"": 260}]"
A5,liseuse lampe de chevet,320,0.68,USD_DOCUMENTED,incompatible,False,,,,,"lampe, logiciel, contenu ou sens non appareil",dataforseo_labs/google/keyword_suggestions/live,2026-09-03T11:47:40.664088+00:00,2026-09-03-test-decouverte-search-12/02-A5-discovery.json.gz,"[{""year"": 2026, ""month"": 7, ""search_volume"": 170}, {""year"": 2026, ""month"": 6, ""search_volume"": 170}, {""year"": 2026, ""month"": 5, ""search_volume"": 260}, {""year"": 2026, ""month"": 4, ""search_volume"": 210}, {""year"": 2026, ""month"": 3, ""search_volume"": 260}, {""year"": 2026, ""month"": 2, ""search_volume"": 390}, {""year"": 2026, ""month"": 1, ""search_volume"": 390}, {""year"": 2025, ""month"": 12, ""search_volume"": 480}, {""year"": 2025, ""month"": 11, ""search_volume"": 590}, {""year"": 2025, ""month"": 10, ""search_volume"": 480}, {""year"": 2025, ""month"": 9, ""search_volume"": 320}, {""year"": 2025, ""month"": 8, ""search_volume"": 320}]"
A5,liseuse epub,320,0.3,USD_DOCUMENTED,conditional,False,,,G0001,320,format EPUB mais taille et DRM à confirmer,keywords_data/google_ads/search_volume/live,2026-09-03T14:41:31.031518+00:00,2026-09-03-qualification-9-produits-pur/raw/20-controls-0.json.gz,"[{""year"": 2026, ""month"": 7, ""search_volume"": 210}, {""year"": 2026, ""month"": 6, ""search_volume"": 170}, {""year"": 2026, ""month"": 5, ""search_volume"": 210}, {""year"": 2026, ""month"": 4, ""search_volume"": 210}, {""year"": 2026, ""month"": 3, ""search_volume"": 260}, {""year"": 2026, ""month"": 2, ""search_volume"": 260}, {""year"": 2026, ""month"": 1, ""search_volume"": 260}, {""year"": 2025, ""month"": 12, ""search_volume"": 320}, {""year"": 2025, ""month"": 11, ""search_volume"": 480}, {""year"": 2025, ""month"": 10, ""search_volume"": 320}, {""year"": 2025, ""month"": 9, ""search_volume"": 320}, {""year"": 2025, ""month"": 8, ""search_volume"": 320}]"
A5,liseuse kindle darty,320,0.49,USD_DOCUMENTED,parent,True,,,,,"liseuse générale, mini-format non demandé",dataforseo_labs/google/keyword_suggestions/live,2026-09-03T11:47:40.664088+00:00,2026-09-03-test-decouverte-search-12/02-A5-discovery.json.gz,"[{""year"": 2026, ""month"": 7, ""search_volume"": 260}, {""year"": 2026, ""month"": 6, ""search_volume"": 210}, {""year"": 2026, ""month"": 5, ""search_volume"": 210}, {""year"": 2026, ""month"": 4, ""search_volume"": 140}, {""year"": 2026, ""month"": 3, ""search_volume"": 210}, {""year"": 2026, ""month"": 2, ""search_volume"": 210}, {""year"": 2026, ""month"": 1, ""search_volume"": 320}, {""year"": 2025, ""month"": 12, ""search_volume"": 720}, {""year"": 2025, ""month"": 11, ""search_volume"": 590}, {""year"": 2025, ""month"": 10, ""search_volume"": 210}, {""year"": 2025, ""month"": 9, ""search_volume"": 210}, {""year"": 2025, ""month"": 8, ""search_volume"": 320}]"
A5,nolim liseuse,320,0.15,USD_DOCUMENTED,parent,True,,,,,"liseuse générale, mini-format non demandé",dataforseo_labs/google/keyword_suggestions/live,2026-09-03T11:47:40.664088+00:00,2026-09-03-test-decouverte-search-12/02-A5-discovery.json.gz,"[{""year"": 2026, ""month"": 7, ""search_volume"": 320}, {""year"": 2026, ""month"": 6, ""search_volume"": 210}, {""year"": 2026, ""month"": 5, ""search_volume"": 260}, {""year"": 2026, ""month"": 4, ""search_volume"": 260}, {""year"": 2026, ""month"": 3, ""search_volume"": 260}, {""year"": 2026, ""month"": 2, ""search_volume"": 260}, {""year"": 2026, ""month"": 1, ""search_volume"": 260}, {""year"": 2025, ""month"": 12, ""search_volume"": 320}, {""year"": 2025, ""month"": 11, ""search_volume"": 320}, {""year"": 2025, ""month"": 10, ""search_volume"": 320}, {""year"": 2025, ""month"": 9, ""search_volume"": 320}, {""year"": 2025, ""month"": 8, ""search_volume"": 480}]"
A5,vetement liseuse,320,0.27,USD_DOCUMENTED,parent,False,,,,,"liseuse générale, mini-format non demandé",dataforseo_labs/google/keyword_suggestions/live,2026-09-03T11:47:40.664088+00:00,2026-09-03-test-decouverte-search-12/02-A5-discovery.json.gz,"[{""year"": 2026, ""month"": 7, ""search_volume"": 140}, {""year"": 2026, ""month"": 6, ""search_volume"": 110}, {""year"": 2026, ""month"": 5, ""search_volume"": 210}, {""year"": 2026, ""month"": 4, ""search_volume"": 170}, {""year"": 2026, ""month"": 3, ""search_volume"": 260}, {""year"": 2026, ""month"": 2, ""search_volume"": 260}, {""year"": 2026, ""month"": 1, ""search_volume"": 320}, {""year"": 2025, ""month"": 12, ""search_volume"": 720}, {""year"": 2025, ""month"": 11, ""search_volume"": 590}, {""year"": 2025, ""month"": 10, ""search_volume"": 590}, {""year"": 2025, ""month"": 9, ""search_volume"": 390}, {""year"": 2025, ""month"": 8, ""search_volume"": 210}]"
A5,comparatif liseuse 2025,320,0.27,USD_DOCUMENTED,parent,False,,,,,"liseuse générale, mini-format non demandé",dataforseo_labs/google/keyword_suggestions/live,2026-09-03T11:47:40.664088+00:00,2026-09-03-test-decouverte-search-12/02-A5-discovery.json.gz,"[{""year"": 2026, ""month"": 7, ""search_volume"": 10}, {""year"": 2026, ""month"": 6, ""search_volume"": 10}, {""year"": 2026, ""month"": 5, ""search_volume"": 20}, {""year"": 2026, ""month"": 4, ""search_volume"": 70}, {""year"": 2026, ""month"": 3, ""search_volume"": 110}, {""year"": 2026, ""month"": 2, ""search_volume"": 170}, {""year"": 2026, ""month"": 1, ""search_volume"": 390}, {""year"": 2025, ""month"": 12, ""search_volume"": 880}, {""year"": 2025, ""month"": 11, ""search_volume"": 1000}, {""year"": 2025, ""month"": 10, ""search_volume"": 480}, {""year"": 2025, ""month"": 9, ""search_volume"": 390}, {""year"": 2025, ""month"": 8, ""search_volume"": 480}]"
A5,liseuse 10 pouces,320,0.33,USD_DOCUMENTED,parent,False,,,,,"liseuse générale, mini-format non demandé",dataforseo_labs/google/keyword_suggestions/live,2026-09-03T11:47:40.664088+00:00,2026-09-03-test-decouverte-search-12/02-A5-discovery.json.gz,"[{""year"": 2026, ""month"": 7, ""search_volume"": 260}, {""year"": 2026, ""month"": 6, ""search_volume"": 210}, {""year"": 2026, ""month"": 5, ""search_volume"": 260}, {""year"": 2026, ""month"": 4, ""search_volume"": 260}, {""year"": 2026, ""month"": 3, ""search_volume"": 260}, {""year"": 2026, ""month"": 2, ""search_volume"": 260}, {""year"": 2026, ""month"": 1, ""search_volume"": 390}, {""year"": 2025, ""month"": 12, ""search_volume"": 590}, {""year"": 2025, ""month"": 11, ""search_volume"": 590}, {""year"": 2025, ""month"": 10, ""search_volume"": 390}, {""year"": 2025, ""month"": 9, ""search_volume"": 320}, {""year"": 2025, ""month"": 8, ""search_volume"": 320}]"
A5,housse liseuse kobo,320,0.31,USD_DOCUMENTED,incompatible,True,,,,,"lampe, logiciel, contenu ou sens non appareil",dataforseo_labs/google/keyword_suggestions/live,2026-09-03T11:47:40.664088+00:00,2026-09-03-test-decouverte-search-12/02-A5-discovery.json.gz,"[{""year"": 2026, ""month"": 7, ""search_volume"": 320}, {""year"": 2026, ""month"": 6, ""search_volume"": 210}, {""year"": 2026, ""month"": 5, ""search_volume"": 320}, {""year"": 2026, ""month"": 4, ""search_volume"": 210}, {""year"": 2026, ""month"": 3, ""search_volume"": 260}, {""year"": 2026, ""month"": 2, ""search_volume"": 210}, {""year"": 2026, ""month"": 1, ""search_volume"": 320}, {""year"": 2025, ""month"": 12, ""search_volume"": 720}, {""year"": 2025, ""month"": 11, ""search_volume"": 480}, {""year"": 2025, ""month"": 10, ""search_volume"": 260}, {""year"": 2025, ""month"": 9, ""search_volume"": 260}, {""year"": 2025, ""month"": 8, ""search_volume"": 320}]"
A5,liseuse en promo,320,0.2,USD_DOCUMENTED,parent,False,,,,,"liseuse générale, mini-format non demandé",dataforseo_labs/google/keyword_suggestions/live,2026-09-03T11:47:40.664088+00:00,2026-09-03-test-decouverte-search-12/02-A5-discovery.json.gz,"[{""year"": 2026, ""month"": 7, ""search_volume"": 480}, {""year"": 2026, ""month"": 6, ""search_volume"": 320}, {""year"": 2026, ""month"": 5, ""search_volume"": 210}, {""year"": 2026, ""month"": 4, ""search_volume"": 140}, {""year"": 2026, ""month"": 3, ""search_volume"": 170}, {""year"": 2026, ""month"": 2, ""search_volume"": 320}, {""year"": 2026, ""month"": 1, ""search_volume"": 590}, {""year"": 2025, ""month"": 12, ""search_volume"": 480}, {""year"": 2025, ""month"": 11, ""search_volume"": 590}, {""year"": 2025, ""month"": 10, ""search_volume"": 210}, {""year"": 2025, ""month"": 9, ""search_volume"": 260}, {""year"": 2025, ""month"": 8, ""search_volume"": 320}]"
A5,lampe de chevet liseuse,320,0.68,USD_DOCUMENTED,incompatible,False,,,,,"lampe, logiciel, contenu ou sens non appareil",dataforseo_labs/google/keyword_suggestions/live,2026-09-03T11:47:40.664088+00:00,2026-09-03-test-decouverte-search-12/02-A5-discovery.json.gz,"[{""year"": 2026, ""month"": 7, ""search_volume"": 170}, {""year"": 2026, ""month"": 6, ""search_volume"": 170}, {""year"": 2026, ""month"": 5, ""search_volume"": 260}, {""year"": 2026, ""month"": 4, ""search_volume"": 210}, {""year"": 2026, ""month"": 3, ""search_volume"": 260}, {""year"": 2026, ""month"": 2, ""search_volume"": 390}, {""year"": 2026, ""month"": 1, ""search_volume"": 390}, {""year"": 2025, ""month"": 12, ""search_volume"": 480}, {""year"": 2025, ""month"": 11, ""search_volume"": 590}, {""year"": 2025, ""month"": 10, ""search_volume"": 480}, {""year"": 2025, ""month"": 9, ""search_volume"": 320}, {""year"": 2025, ""month"": 8, ""search_volume"": 320}]"
A5,avis liseuse kobo,320,0.27,USD_DOCUMENTED,parent,True,,,,,"liseuse générale, mini-format non demandé",dataforseo_labs/google/keyword_suggestions/live,2026-09-03T11:47:40.664088+00:00,2026-09-03-test-decouverte-search-12/02-A5-discovery.json.gz,"[{""year"": 2026, ""month"": 7, ""search_volume"": 260}, {""year"": 2026, ""month"": 6, ""search_volume"": 210}, {""year"": 2026, ""month"": 5, ""search_volume"": 260}, {""year"": 2026, ""month"": 4, ""search_volume"": 210}, {""year"": 2026, ""month"": 3, ""search_volume"": 260}, {""year"": 2026, ""month"": 2, ""search_volume"": 320}, {""year"": 2026, ""month"": 1, ""search_volume"": 320}, {""year"": 2025, ""month"": 12, ""search_volume"": 720}, {""year"": 2025, ""month"": 11, ""search_volume"": 590}, {""year"": 2025, ""month"": 10, ""search_volume"": 320}, {""year"": 2025, ""month"": 9, ""search_volume"": 390}, {""year"": 2025, ""month"": 8, ""search_volume"": 390}]"
A5,liseuse def,320,,USD_DOCUMENTED,parent,False,,,,,"liseuse générale, mini-format non demandé",dataforseo_labs/google/keyword_suggestions/live,2026-09-03T11:47:40.664088+00:00,2026-09-03-test-decouverte-search-12/02-A5-discovery.json.gz,"[{""year"": 2026, ""month"": 7, ""search_volume"": 480}, {""year"": 2026, ""month"": 6, ""search_volume"": 320}, {""year"": 2026, ""month"": 5, ""search_volume"": 390}, {""year"": 2026, ""month"": 4, ""search_volume"": 260}, {""year"": 2026, ""month"": 3, ""search_volume"": 320}, {""year"": 2026, ""month"": 2, ""search_volume"": 320}, {""year"": 2026, ""month"": 1, ""search_volume"": 320}, {""year"": 2025, ""month"": 12, ""search_volume"": 320}, {""year"": 2025, ""month"": 11, ""search_volume"": 320}, {""year"": 2025, ""month"": 10, ""search_volume"": 480}, {""year"": 2025, ""month"": 9, ""search_volume"": 260}, {""year"": 2025, ""month"": 8, ""search_volume"": 320}]"
A5,liseuse kindle avis,320,0.24,USD_DOCUMENTED,parent,True,,,,,"liseuse générale, mini-format non demandé",dataforseo_labs/google/keyword_suggestions/live,2026-09-03T11:47:40.664088+00:00,2026-09-03-test-decouverte-search-12/02-A5-discovery.json.gz,"[{""year"": 2026, ""month"": 7, ""search_volume"": 210}, {""year"": 2026, ""month"": 6, ""search_volume"": 210}, {""year"": 2026, ""month"": 5, ""search_volume"": 210}, {""year"": 2026, ""month"": 4, ""search_volume"": 170}, {""year"": 2026, ""month"": 3, ""search_volume"": 210}, {""year"": 2026, ""month"": 2, ""search_volume"": 210}, {""year"": 2026, ""month"": 1, ""search_volume"": 320}, {""year"": 2025, ""month"": 12, ""search_volume"": 590}, {""year"": 2025, ""month"": 11, ""search_volume"": 590}, {""year"": 2025, ""month"": 10, ""search_volume"": 260}, {""year"": 2025, ""month"": 9, ""search_volume"": 260}, {""year"": 2025, ""month"": 8, ""search_volume"": 320}]"
A5,pocketbook liseuse,320,0.26,USD_DOCUMENTED,parent,True,,,,,"liseuse générale, mini-format non demandé",dataforseo_labs/google/keyword_suggestions/live,2026-09-03T11:47:40.664088+00:00,2026-09-03-test-decouverte-search-12/02-A5-discovery.json.gz,"[{""year"": 2026, ""month"": 7, ""search_volume"": 260}, {""year"": 2026, ""month"": 6, ""search_volume"": 210}, {""year"": 2026, ""month"": 5, ""search_volume"": 210}, {""year"": 2026, ""month"": 4, ""search_volume"": 260}, {""year"": 2026, ""month"": 3, ""search_volume"": 260}, {""year"": 2026, ""month"": 2, ""search_volume"": 210}, {""year"": 2026, ""month"": 1, ""search_volume"": 320}, {""year"": 2025, ""month"": 12, ""search_volume"": 390}, {""year"": 2025, ""month"": 11, ""search_volume"": 480}, {""year"": 2025, ""month"": 10, ""search_volume"": 320}, {""year"": 2025, ""month"": 9, ""search_volume"": 320}, {""year"": 2025, ""month"": 8, ""search_volume"": 390}]"
A5,lampe liseuse de chevet,320,0.68,USD_DOCUMENTED,incompatible,False,,,,,"lampe, logiciel, contenu ou sens non appareil",dataforseo_labs/google/keyword_suggestions/live,2026-09-03T11:47:40.664088+00:00,2026-09-03-test-decouverte-search-12/02-A5-discovery.json.gz,"[{""year"": 2026, ""month"": 7, ""search_volume"": 170}, {""year"": 2026, ""month"": 6, ""search_volume"": 170}, {""year"": 2026, ""month"": 5, ""search_volume"": 260}, {""year"": 2026, ""month"": 4, ""search_volume"": 210}, {""year"": 2026, ""month"": 3, ""search_volume"": 260}, {""year"": 2026, ""month"": 2, ""search_volume"": 390}, {""year"": 2026, ""month"": 1, ""search_volume"": 390}, {""year"": 2025, ""month"": 12, ""search_volume"": 480}, {""year"": 2025, ""month"": 11, ""search_volume"": 590}, {""year"": 2025, ""month"": 10, ""search_volume"": 480}, {""year"": 2025, ""month"": 9, ""search_volume"": 320}, {""year"": 2025, ""month"": 8, ""search_volume"": 320}]"
A5,liseuse comment ça marche,320,0.14,USD_DOCUMENTED,information,False,,,,,"usage/SAV/risque, hors demande achat directe",dataforseo_labs/google/keyword_suggestions/live,2026-09-03T11:47:40.664088+00:00,2026-09-03-test-decouverte-search-12/02-A5-discovery.json.gz,"[{""year"": 2026, ""month"": 7, ""search_volume"": 260}, {""year"": 2026, ""month"": 6, ""search_volume"": 210}, {""year"": 2026, ""month"": 5, ""search_volume"": 260}, {""year"": 2026, ""month"": 4, ""search_volume"": 170}, {""year"": 2026, ""month"": 3, ""search_volume"": 260}, {""year"": 2026, ""month"": 2, ""search_volume"": 260}, {""year"": 2026, ""month"": 1, ""search_volume"": 320}, {""year"": 2025, ""month"": 12, ""search_volume"": 590}, {""year"": 2025, ""month"": 11, ""search_volume"": 590}, {""year"": 2025, ""month"": 10, ""search_volume"": 320}, {""year"": 2025, ""month"": 9, ""search_volume"": 320}, {""year"": 2025, ""month"": 8, ""search_volume"": 390}]"
A5,liseuse nolim,320,0.15,USD_DOCUMENTED,parent,True,,,,,"liseuse générale, mini-format non demandé",dataforseo_labs/google/keyword_suggestions/live,2026-09-03T11:47:40.664088+00:00,2026-09-03-test-decouverte-search-12/02-A5-discovery.json.gz,"[{""year"": 2026, ""month"": 7, ""search_volume"": 320}, {""year"": 2026, ""month"": 6, ""search_volume"": 210}, {""year"": 2026, ""month"": 5, ""search_volume"": 260}, {""year"": 2026, ""month"": 4, ""search_volume"": 260}, {""year"": 2026, ""month"": 3, ""search_volume"": 260}, {""year"": 2026, ""month"": 2, ""search_volume"": 260}, {""year"": 2026, ""month"": 1, ""search_volume"": 260}, {""year"": 2025, ""month"": 12, ""search_volume"": 320}, {""year"": 2025, ""month"": 11, ""search_volume"": 320}, {""year"": 2025, ""month"": 10, ""search_volume"": 320}, {""year"": 2025, ""month"": 9, ""search_volume"": 320}, {""year"": 2025, ""month"": 8, ""search_volume"": 480}]"
A5,liseuse kindle couleur,320,0.32,USD_DOCUMENTED,parent,True,,,,,"liseuse générale, mini-format non demandé",dataforseo_labs/google/keyword_suggestions/live,2026-09-03T11:47:40.664088+00:00,2026-09-03-test-decouverte-search-12/02-A5-discovery.json.gz,"[{""year"": 2026, ""month"": 7, ""search_volume"": 260}, {""year"": 2026, ""month"": 6, ""search_volume"": 170}, {""year"": 2026, ""month"": 5, ""search_volume"": 260}, {""year"": 2026, ""month"": 4, ""search_volume"": 210}, {""year"": 2026, ""month"": 3, ""search_volume"": 170}, {""year"": 2026, ""month"": 2, ""search_volume"": 260}, {""year"": 2026, ""month"": 1, ""search_volume"": 260}, {""year"": 2025, ""month"": 12, ""search_volume"": 480}, {""year"": 2025, ""month"": 11, ""search_volume"": 590}, {""year"": 2025, ""month"": 10, ""search_volume"": 320}, {""year"": 2025, ""month"": 9, ""search_volume"": 210}, {""year"": 2025, ""month"": 8, ""search_volume"": 320}]"
A5,liseuse pour epub,320,0.3,USD_DOCUMENTED,conditional,False,,,G0001,0,format EPUB mais taille et DRM à confirmer,keywords_data/google_ads/search_volume/live,2026-09-03T14:41:31.031518+00:00,2026-09-03-qualification-9-produits-pur/raw/20-controls-0.json.gz,"[{""year"": 2026, ""month"": 7, ""search_volume"": 210}, {""year"": 2026, ""month"": 6, ""search_volume"": 170}, {""year"": 2026, ""month"": 5, ""search_volume"": 210}, {""year"": 2026, ""month"": 4, ""search_volume"": 210}, {""year"": 2026, ""month"": 3, ""search_volume"": 260}, {""year"": 2026, ""month"": 2, ""search_volume"": 260}, {""year"": 2026, ""month"": 1, ""search_volume"": 260}, {""year"": 2025, ""month"": 12, ""search_volume"": 320}, {""year"": 2025, ""month"": 11, ""search_volume"": 480}, {""year"": 2025, ""month"": 10, ""search_volume"": 320}, {""year"": 2025, ""month"": 9, ""search_volume"": 320}, {""year"": 2025, ""month"": 8, ""search_volume"": 320}]"
A5,liseuse vetement,320,0.27,USD_DOCUMENTED,parent,False,,,,,"liseuse générale, mini-format non demandé",dataforseo_labs/google/keyword_suggestions/live,2026-09-03T11:47:40.664088+00:00,2026-09-03-test-decouverte-search-12/02-A5-discovery.json.gz,"[{""year"": 2026, ""month"": 7, ""search_volume"": 140}, {""year"": 2026, ""month"": 6, ""search_volume"": 110}, {""year"": 2026, ""month"": 5, ""search_volume"": 210}, {""year"": 2026, ""month"": 4, ""search_volume"": 170}, {""year"": 2026, ""month"": 3, ""search_volume"": 260}, {""year"": 2026, ""month"": 2, ""search_volume"": 260}, {""year"": 2026, ""month"": 1, ""search_volume"": 320}, {""year"": 2025, ""month"": 12, ""search_volume"": 720}, {""year"": 2025, ""month"": 11, ""search_volume"": 590}, {""year"": 2025, ""month"": 10, ""search_volume"": 590}, {""year"": 2025, ""month"": 9, ""search_volume"": 390}, {""year"": 2025, ""month"": 8, ""search_volume"": 210}]"
A5,kobo liseuse prix,320,0.21,USD_DOCUMENTED,parent,True,,,,,"liseuse générale, mini-format non demandé",dataforseo_labs/google/keyword_suggestions/live,2026-09-03T11:47:40.664088+00:00,2026-09-03-test-decouverte-search-12/02-A5-discovery.json.gz,"[{""year"": 2026, ""month"": 7, ""search_volume"": 320}, {""year"": 2026, ""month"": 6, ""search_volume"": 320}, {""year"": 2026, ""month"": 5, ""search_volume"": 260}, {""year"": 2026, ""month"": 4, ""search_volume"": 260}, {""year"": 2026, ""month"": 3, ""search_volume"": 260}, {""year"": 2026, ""month"": 2, ""search_volume"": 260}, {""year"": 2026, ""month"": 1, ""search_volume"": 320}, {""year"": 2025, ""month"": 12, ""search_volume"": 390}, {""year"": 2025, ""month"": 11, ""search_volume"": 390}, {""year"": 2025, ""month"": 10, ""search_volume"": 260}, {""year"": 2025, ""month"": 9, ""search_volume"": 260}, {""year"": 2025, ""month"": 8, ""search_volume"": 390}]"
A5,liseuse audio,320,0.47,USD_DOCUMENTED,parent,False,,,,,"liseuse générale, mini-format non demandé",dataforseo_labs/google/keyword_suggestions/live,2026-09-03T11:47:40.664088+00:00,2026-09-03-test-decouverte-search-12/02-A5-discovery.json.gz,"[{""year"": 2026, ""month"": 7, ""search_volume"": 170}, {""year"": 2026, ""month"": 6, ""search_volume"": 140}, {""year"": 2026, ""month"": 5, ""search_volume"": 260}, {""year"": 2026, ""month"": 4, ""search_volume"": 210}, {""year"": 2026, ""month"": 3, ""search_volume"": 260}, {""year"": 2026, ""month"": 2, ""search_volume"": 260}, {""year"": 2026, ""month"": 1, ""search_volume"": 320}, {""year"": 2025, ""month"": 12, ""search_volume"": 720}, {""year"": 2025, ""month"": 11, ""search_volume"": 590}, {""year"": 2025, ""month"": 10, ""search_volume"": 320}, {""year"": 2025, ""month"": 9, ""search_volume"": 320}, {""year"": 2025, ""month"": 8, ""search_volume"": 320}]"
A5,la liseuse dombasle,320,,USD_DOCUMENTED,parent,False,,,,,"liseuse générale, mini-format non demandé",dataforseo_labs/google/keyword_suggestions/live,2026-09-03T11:47:40.664088+00:00,2026-09-03-test-decouverte-search-12/02-A5-discovery.json.gz,"[{""year"": 2026, ""month"": 7, ""search_volume"": 170}, {""year"": 2026, ""month"": 6, ""search_volume"": 320}, {""year"": 2026, ""month"": 5, ""search_volume"": 480}, {""year"": 2026, ""month"": 4, ""search_volume"": 260}, {""year"": 2026, ""month"": 3, ""search_volume"": 320}, {""year"": 2026, ""month"": 2, ""search_volume"": 320}, {""year"": 2026, ""month"": 1, ""search_volume"": 260}, {""year"": 2025, ""month"": 12, ""search_volume"": 390}, {""year"": 2025, ""month"": 11, ""search_volume"": 390}, {""year"": 2025, ""month"": 10, ""search_volume"": 260}, {""year"": 2025, ""month"": 9, ""search_volume"": 320}, {""year"": 2025, ""month"": 8, ""search_volume"": 320}]"
A5,avis sur liseuse kindle,320,0.24,USD_DOCUMENTED,parent,True,,,,,"liseuse générale, mini-format non demandé",dataforseo_labs/google/keyword_suggestions/live,2026-09-03T11:47:40.664088+00:00,2026-09-03-test-decouverte-search-12/02-A5-discovery.json.gz,"[{""year"": 2026, ""month"": 7, ""search_volume"": 210}, {""year"": 2026, ""month"": 6, ""search_volume"": 210}, {""year"": 2026, ""month"": 5, ""search_volume"": 210}, {""year"": 2026, ""month"": 4, ""search_volume"": 170}, {""year"": 2026, ""month"": 3, ""search_volume"": 210}, {""year"": 2026, ""month"": 2, ""search_volume"": 210}, {""year"": 2026, ""month"": 1, ""search_volume"": 320}, {""year"": 2025, ""month"": 12, ""search_volume"": 590}, {""year"": 2025, ""month"": 11, ""search_volume"": 590}, {""year"": 2025, ""month"": 10, ""search_volume"": 260}, {""year"": 2025, ""month"": 9, ""search_volume"": 260}, {""year"": 2025, ""month"": 8, ""search_volume"": 320}]"
A5,liseuse kobo prix,320,0.21,USD_DOCUMENTED,parent,True,,,,,"liseuse générale, mini-format non demandé",dataforseo_labs/google/keyword_suggestions/live,2026-09-03T11:47:40.664088+00:00,2026-09-03-test-decouverte-search-12/02-A5-discovery.json.gz,"[{""year"": 2026, ""month"": 7, ""search_volume"": 320}, {""year"": 2026, ""month"": 6, ""search_volume"": 320}, {""year"": 2026, ""month"": 5, ""search_volume"": 260}, {""year"": 2026, ""month"": 4, ""search_volume"": 260}, {""year"": 2026, ""month"": 3, ""search_volume"": 260}, {""year"": 2026, ""month"": 2, ""search_volume"": 260}, {""year"": 2026, ""month"": 1, ""search_volume"": 320}, {""year"": 2025, ""month"": 12, ""search_volume"": 390}, {""year"": 2025, ""month"": 11, ""search_volume"": 390}, {""year"": 2025, ""month"": 10, ""search_volume"": 260}, {""year"": 2025, ""month"": 9, ""search_volume"": 260}, {""year"": 2025, ""month"": 8, ""search_volume"": 390}]"
A5,prix liseuse kobo,320,0.21,USD_DOCUMENTED,parent,True,,,,,"liseuse générale, mini-format non demandé",dataforseo_labs/google/keyword_suggestions/live,2026-09-03T11:47:40.664088+00:00,2026-09-03-test-decouverte-search-12/02-A5-discovery.json.gz,"[{""year"": 2026, ""month"": 7, ""search_volume"": 320}, {""year"": 2026, ""month"": 6, ""search_volume"": 320}, {""year"": 2026, ""month"": 5, ""search_volume"": 260}, {""year"": 2026, ""month"": 4, ""search_volume"": 260}, {""year"": 2026, ""month"": 3, ""search_volume"": 260}, {""year"": 2026, ""month"": 2, ""search_volume"": 260}, {""year"": 2026, ""month"": 1, ""search_volume"": 320}, {""year"": 2025, ""month"": 12, ""search_volume"": 390}, {""year"": 2025, ""month"": 11, ""search_volume"": 390}, {""year"": 2025, ""month"": 10, ""search_volume"": 260}, {""year"": 2025, ""month"": 9, ""search_volume"": 260}, {""year"": 2025, ""month"": 8, ""search_volume"": 390}]"
A5,liseuse kobo black friday,320,0.31,USD_DOCUMENTED,parent,True,,,,,"liseuse générale, mini-format non demandé",dataforseo_labs/google/keyword_suggestions/live,2026-09-03T11:47:40.664088+00:00,2026-09-03-test-decouverte-search-12/02-A5-discovery.json.gz,"[{""year"": 2026, ""month"": 7, ""search_volume"": 10}, {""year"": 2026, ""month"": 6, ""search_volume"": 10}, {""year"": 2026, ""month"": 5, ""search_volume"": 10}, {""year"": 2026, ""month"": 4, ""search_volume"": 10}, {""year"": 2026, ""month"": 3, ""search_volume"": 20}, {""year"": 2026, ""month"": 2, ""search_volume"": 30}, {""year"": 2026, ""month"": 1, ""search_volume"": 40}, {""year"": 2025, ""month"": 12, ""search_volume"": 140}, {""year"": 2025, ""month"": 11, ""search_volume"": 3600}, {""year"": 2025, ""month"": 10, ""search_volume"": 30}, {""year"": 2025, ""month"": 9, ""search_volume"": 10}, {""year"": 2025, ""month"": 8, ""search_volume"": 10}]"
A5,vêtement liseuse,320,0.27,USD_DOCUMENTED,parent,False,,,,,"liseuse générale, mini-format non demandé",dataforseo_labs/google/keyword_suggestions/live,2026-09-03T11:47:40.664088+00:00,2026-09-03-test-decouverte-search-12/02-A5-discovery.json.gz,"[{""year"": 2026, ""month"": 7, ""search_volume"": 140}, {""year"": 2026, ""month"": 6, ""search_volume"": 110}, {""year"": 2026, ""month"": 5, ""search_volume"": 210}, {""year"": 2026, ""month"": 4, ""search_volume"": 170}, {""year"": 2026, ""month"": 3, ""search_volume"": 260}, {""year"": 2026, ""month"": 2, ""search_volume"": 260}, {""year"": 2026, ""month"": 1, ""search_volume"": 320}, {""year"": 2025, ""month"": 12, ""search_volume"": 720}, {""year"": 2025, ""month"": 11, ""search_volume"": 590}, {""year"": 2025, ""month"": 10, ""search_volume"": 590}, {""year"": 2025, ""month"": 9, ""search_volume"": 390}, {""year"": 2025, ""month"": 8, ""search_volume"": 210}]"
A5,liseuse vêtements,320,0.27,USD_DOCUMENTED,parent,False,,,,,"liseuse générale, mini-format non demandé",dataforseo_labs/google/keyword_suggestions/live,2026-09-03T11:47:40.664088+00:00,2026-09-03-test-decouverte-search-12/02-A5-discovery.json.gz,"[{""year"": 2026, ""month"": 7, ""search_volume"": 140}, {""year"": 2026, ""month"": 6, ""search_volume"": 110}, {""year"": 2026, ""month"": 5, ""search_volume"": 210}, {""year"": 2026, ""month"": 4, ""search_volume"": 170}, {""year"": 2026, ""month"": 3, ""search_volume"": 260}, {""year"": 2026, ""month"": 2, ""search_volume"": 260}, {""year"": 2026, ""month"": 1, ""search_volume"": 320}, {""year"": 2025, ""month"": 12, ""search_volume"": 720}, {""year"": 2025, ""month"": 11, ""search_volume"": 590}, {""year"": 2025, ""month"": 10, ""search_volume"": 590}, {""year"": 2025, ""month"": 9, ""search_volume"": 390}, {""year"": 2025, ""month"": 8, ""search_volume"": 210}]"
A5,avis sur liseuse kobo,320,0.27,USD_DOCUMENTED,parent,True,,,,,"liseuse générale, mini-format non demandé",dataforseo_labs/google/keyword_suggestions/live,2026-09-03T11:47:40.664088+00:00,2026-09-03-test-decouverte-search-12/02-A5-discovery.json.gz,"[{""year"": 2026, ""month"": 7, ""search_volume"": 260}, {""year"": 2026, ""month"": 6, ""search_volume"": 210}, {""year"": 2026, ""month"": 5, ""search_volume"": 260}, {""year"": 2026, ""month"": 4, ""search_volume"": 210}, {""year"": 2026, ""month"": 3, ""search_volume"": 260}, {""year"": 2026, ""month"": 2, ""search_volume"": 320}, {""year"": 2026, ""month"": 1, ""search_volume"": 320}, {""year"": 2025, ""month"": 12, ""search_volume"": 720}, {""year"": 2025, ""month"": 11, ""search_volume"": 590}, {""year"": 2025, ""month"": 10, ""search_volume"": 320}, {""year"": 2025, ""month"": 9, ""search_volume"": 390}, {""year"": 2025, ""month"": 8, ""search_volume"": 390}]"
A5,liseuse pocketbook,320,0.26,USD_DOCUMENTED,parent,True,,,,,"liseuse générale, mini-format non demandé",keywords_data/google_ads/search_volume/live,2026-09-03T11:50:48.626635+00:00,2026-09-03-test-decouverte-search-12/05-live-volume-controls.json.gz,"[{""year"": 2026, ""month"": 7, ""search_volume"": 260}, {""year"": 2026, ""month"": 6, ""search_volume"": 210}, {""year"": 2026, ""month"": 5, ""search_volume"": 210}, {""year"": 2026, ""month"": 4, ""search_volume"": 260}, {""year"": 2026, ""month"": 3, ""search_volume"": 260}, {""year"": 2026, ""month"": 2, ""search_volume"": 210}, {""year"": 2026, ""month"": 1, ""search_volume"": 320}, {""year"": 2025, ""month"": 12, ""search_volume"": 390}, {""year"": 2025, ""month"": 11, ""search_volume"": 480}, {""year"": 2025, ""month"": 10, ""search_volume"": 320}, {""year"": 2025, ""month"": 9, ""search_volume"": 320}, {""year"": 2025, ""month"": 8, ""search_volume"": 390}]"
A5,leroy merlin liseuse,320,0.35,USD_DOCUMENTED,parent,True,,,,,"liseuse générale, mini-format non demandé",dataforseo_labs/google/keyword_suggestions/live,2026-09-03T11:47:40.664088+00:00,2026-09-03-test-decouverte-search-12/02-A5-discovery.json.gz,"[{""year"": 2026, ""month"": 7, ""search_volume"": 210}, {""year"": 2026, ""month"": 6, ""search_volume"": 170}, {""year"": 2026, ""month"": 5, ""search_volume"": 260}, {""year"": 2026, ""month"": 4, ""search_volume"": 260}, {""year"": 2026, ""month"": 3, ""search_volume"": 320}, {""year"": 2026, ""month"": 2, ""search_volume"": 320}, {""year"": 2026, ""month"": 1, ""search_volume"": 390}, {""year"": 2025, ""month"": 12, ""search_volume"": 390}, {""year"": 2025, ""month"": 11, ""search_volume"": 480}, {""year"": 2025, ""month"": 10, ""search_volume"": 320}, {""year"": 2025, ""month"": 9, ""search_volume"": 260}, {""year"": 2025, ""month"": 8, ""search_volume"": 260}]"
A5,liseuse kindle : avis,320,0.24,USD_DOCUMENTED,parent,True,,,,,"liseuse générale, mini-format non demandé",dataforseo_labs/google/keyword_suggestions/live,2026-09-03T11:47:40.664088+00:00,2026-09-03-test-decouverte-search-12/02-A5-discovery.json.gz,"[{""year"": 2026, ""month"": 7, ""search_volume"": 210}, {""year"": 2026, ""month"": 6, ""search_volume"": 210}, {""year"": 2026, ""month"": 5, ""search_volume"": 210}, {""year"": 2026, ""month"": 4, ""search_volume"": 170}, {""year"": 2026, ""month"": 3, ""search_volume"": 210}, {""year"": 2026, ""month"": 2, ""search_volume"": 210}, {""year"": 2026, ""month"": 1, ""search_volume"": 320}, {""year"": 2025, ""month"": 12, ""search_volume"": 590}, {""year"": 2025, ""month"": 11, ""search_volume"": 590}, {""year"": 2025, ""month"": 10, ""search_volume"": 260}, {""year"": 2025, ""month"": 9, ""search_volume"": 260}, {""year"": 2025, ""month"": 8, ""search_volume"": 320}]"
A5,liseuse comment ca marche,320,0.14,USD_DOCUMENTED,information,False,,,,,"usage/SAV/risque, hors demande achat directe",dataforseo_labs/google/keyword_suggestions/live,2026-09-03T11:47:40.664088+00:00,2026-09-03-test-decouverte-search-12/02-A5-discovery.json.gz,"[{""year"": 2026, ""month"": 7, ""search_volume"": 260}, {""year"": 2026, ""month"": 6, ""search_volume"": 210}, {""year"": 2026, ""month"": 5, ""search_volume"": 260}, {""year"": 2026, ""month"": 4, ""search_volume"": 170}, {""year"": 2026, ""month"": 3, ""search_volume"": 260}, {""year"": 2026, ""month"": 2, ""search_volume"": 260}, {""year"": 2026, ""month"": 1, ""search_volume"": 320}, {""year"": 2025, ""month"": 12, ""search_volume"": 590}, {""year"": 2025, ""month"": 11, ""search_volume"": 590}, {""year"": 2025, ""month"": 10, ""search_volume"": 320}, {""year"": 2025, ""month"": 9, ""search_volume"": 320}, {""year"": 2025, ""month"": 8, ""search_volume"": 390}]"
A5,housse pour liseuse kobo,320,0.31,USD_DOCUMENTED,incompatible,True,,,,,"lampe, logiciel, contenu ou sens non appareil",dataforseo_labs/google/keyword_suggestions/live,2026-09-03T11:47:40.664088+00:00,2026-09-03-test-decouverte-search-12/02-A5-discovery.json.gz,"[{""year"": 2026, ""month"": 7, ""search_volume"": 320}, {""year"": 2026, ""month"": 6, ""search_volume"": 210}, {""year"": 2026, ""month"": 5, ""search_volume"": 320}, {""year"": 2026, ""month"": 4, ""search_volume"": 210}, {""year"": 2026, ""month"": 3, ""search_volume"": 260}, {""year"": 2026, ""month"": 2, ""search_volume"": 210}, {""year"": 2026, ""month"": 1, ""search_volume"": 320}, {""year"": 2025, ""month"": 12, ""search_volume"": 720}, {""year"": 2025, ""month"": 11, ""search_volume"": 480}, {""year"": 2025, ""month"": 10, ""search_volume"": 260}, {""year"": 2025, ""month"": 9, ""search_volume"": 260}, {""year"": 2025, ""month"": 8, ""search_volume"": 320}]"
A5,margaud liseuse,320,,USD_DOCUMENTED,parent,False,,,,,"liseuse générale, mini-format non demandé",dataforseo_labs/google/keyword_suggestions/live,2026-09-03T11:47:40.664088+00:00,2026-09-03-test-decouverte-search-12/02-A5-discovery.json.gz,"[{""year"": 2026, ""month"": 7, ""search_volume"": 320}, {""year"": 2026, ""month"": 6, ""search_volume"": 320}, {""year"": 2026, ""month"": 5, ""search_volume"": 320}, {""year"": 2026, ""month"": 4, ""search_volume"": 260}, {""year"": 2026, ""month"": 3, ""search_volume"": 260}, {""year"": 2026, ""month"": 2, ""search_volume"": 260}, {""year"": 2026, ""month"": 1, ""search_volume"": 390}, {""year"": 2025, ""month"": 12, ""search_volume"": 320}, {""year"": 2025, ""month"": 11, ""search_volume"": 260}, {""year"": 2025, ""month"": 10, ""search_volume"": 320}, {""year"": 2025, ""month"": 9, ""search_volume"": 260}, {""year"": 2025, ""month"": 8, ""search_volume"": 320}]"
A5,rakuten kobo / liseuse,320,0.35,USD_DOCUMENTED,parent,True,,,,,"liseuse générale, mini-format non demandé",dataforseo_labs/google/keyword_suggestions/live,2026-09-03T11:47:40.664088+00:00,2026-09-03-test-decouverte-search-12/02-A5-discovery.json.gz,"[{""year"": 2026, ""month"": 7, ""search_volume"": 320}, {""year"": 2026, ""month"": 6, ""search_volume"": 260}, {""year"": 2026, ""month"": 5, ""search_volume"": 320}, {""year"": 2026, ""month"": 4, ""search_volume"": 320}, {""year"": 2026, ""month"": 3, ""search_volume"": 320}, {""year"": 2026, ""month"": 2, ""search_volume"": 320}, {""year"": 2026, ""month"": 1, ""search_volume"": 390}, {""year"": 2025, ""month"": 12, ""search_volume"": 480}, {""year"": 2025, ""month"": 11, ""search_volume"": 390}, {""year"": 2025, ""month"": 10, ""search_volume"": 260}, {""year"": 2025, ""month"": 9, ""search_volume"": 320}, {""year"": 2025, ""month"": 8, ""search_volume"": 390}]"
A5,liseuse net,320,0.15,USD_DOCUMENTED,parent,False,,,,,"liseuse générale, mini-format non demandé",dataforseo_labs/google/keyword_suggestions/live,2026-09-03T11:47:40.664088+00:00,2026-09-03-test-decouverte-search-12/02-A5-discovery.json.gz,"[{""year"": 2026, ""month"": 7, ""search_volume"": 320}, {""year"": 2026, ""month"": 6, ""search_volume"": 320}, {""year"": 2026, ""month"": 5, ""search_volume"": 320}, {""year"": 2026, ""month"": 4, ""search_volume"": 210}, {""year"": 2026, ""month"": 3, ""search_volume"": 260}, {""year"": 2026, ""month"": 2, ""search_volume"": 210}, {""year"": 2026, ""month"": 1, ""search_volume"": 320}, {""year"": 2025, ""month"": 12, ""search_volume"": 390}, {""year"": 2025, ""month"": 11, ""search_volume"": 390}, {""year"": 2025, ""month"": 10, ""search_volume"": 320}, {""year"": 2025, ""month"": 9, ""search_volume"": 320}, {""year"": 2025, ""month"": 8, ""search_volume"": 320}]"
A5,liseuse vêtement,320,0.27,USD_DOCUMENTED,parent,False,,,,,"liseuse générale, mini-format non demandé",dataforseo_labs/google/keyword_suggestions/live,2026-09-03T11:47:40.664088+00:00,2026-09-03-test-decouverte-search-12/02-A5-discovery.json.gz,"[{""year"": 2026, ""month"": 7, ""search_volume"": 140}, {""year"": 2026, ""month"": 6, ""search_volume"": 110}, {""year"": 2026, ""month"": 5, ""search_volume"": 210}, {""year"": 2026, ""month"": 4, ""search_volume"": 170}, {""year"": 2026, ""month"": 3, ""search_volume"": 260}, {""year"": 2026, ""month"": 2, ""search_volume"": 260}, {""year"": 2026, ""month"": 1, ""search_volume"": 320}, {""year"": 2025, ""month"": 12, ""search_volume"": 720}, {""year"": 2025, ""month"": 11, ""search_volume"": 590}, {""year"": 2025, ""month"": 10, ""search_volume"": 590}, {""year"": 2025, ""month"": 9, ""search_volume"": 390}, {""year"": 2025, ""month"": 8, ""search_volume"": 210}]"
A5,liseuse en promotion,320,0.2,USD_DOCUMENTED,parent,False,,,,,"liseuse générale, mini-format non demandé",dataforseo_labs/google/keyword_suggestions/live,2026-09-03T11:47:40.664088+00:00,2026-09-03-test-decouverte-search-12/02-A5-discovery.json.gz,"[{""year"": 2026, ""month"": 7, ""search_volume"": 480}, {""year"": 2026, ""month"": 6, ""search_volume"": 320}, {""year"": 2026, ""month"": 5, ""search_volume"": 210}, {""year"": 2026, ""month"": 4, ""search_volume"": 140}, {""year"": 2026, ""month"": 3, ""search_volume"": 170}, {""year"": 2026, ""month"": 2, ""search_volume"": 320}, {""year"": 2026, ""month"": 1, ""search_volume"": 590}, {""year"": 2025, ""month"": 12, ""search_volume"": 480}, {""year"": 2025, ""month"": 11, ""search_volume"": 590}, {""year"": 2025, ""month"": 10, ""search_volume"": 210}, {""year"": 2025, ""month"": 9, ""search_volume"": 260}, {""year"": 2025, ""month"": 8, ""search_volume"": 320}]"
A5,comment marche une liseuse,320,0.14,USD_DOCUMENTED,information,False,,,,,"usage/SAV/risque, hors demande achat directe",dataforseo_labs/google/keyword_suggestions/live,2026-09-03T11:47:40.664088+00:00,2026-09-03-test-decouverte-search-12/02-A5-discovery.json.gz,"[{""year"": 2026, ""month"": 7, ""search_volume"": 260}, {""year"": 2026, ""month"": 6, ""search_volume"": 210}, {""year"": 2026, ""month"": 5, ""search_volume"": 260}, {""year"": 2026, ""month"": 4, ""search_volume"": 170}, {""year"": 2026, ""month"": 3, ""search_volume"": 260}, {""year"": 2026, ""month"": 2, ""search_volume"": 260}, {""year"": 2026, ""month"": 1, ""search_volume"": 320}, {""year"": 2025, ""month"": 12, ""search_volume"": 590}, {""year"": 2025, ""month"": 11, ""search_volume"": 590}, {""year"": 2025, ""month"": 10, ""search_volume"": 320}, {""year"": 2025, ""month"": 9, ""search_volume"": 320}, {""year"": 2025, ""month"": 8, ""search_volume"": 390}]"
A5,liseuse vivlio light zen,320,0.25,USD_DOCUMENTED,parent,True,,,,,"liseuse générale, mini-format non demandé",dataforseo_labs/google/keyword_suggestions/live,2026-09-03T11:47:40.664088+00:00,2026-09-03-test-decouverte-search-12/02-A5-discovery.json.gz,"[{""year"": 2026, ""month"": 7, ""search_volume"": 260}, {""year"": 2026, ""month"": 6, ""search_volume"": 170}, {""year"": 2026, ""month"": 5, ""search_volume"": 720}, {""year"": 2026, ""month"": 4, ""search_volume"": 140}, {""year"": 2026, ""month"": 3, ""search_volume"": 170}, {""year"": 2026, ""month"": 2, ""search_volume"": 170}, {""year"": 2026, ""month"": 1, ""search_volume"": 320}, {""year"": 2025, ""month"": 12, ""search_volume"": 590}, {""year"": 2025, ""month"": 11, ""search_volume"": 590}, {""year"": 2025, ""month"": 10, ""search_volume"": 210}, {""year"": 2025, ""month"": 9, ""search_volume"": 210}, {""year"": 2025, ""month"": 8, ""search_volume"": 260}]"
A5,liseuse de lit,320,1.13,USD_DOCUMENTED,parent,False,,,,,"liseuse générale, mini-format non demandé",dataforseo_labs/google/keyword_suggestions/live,2026-09-03T11:47:40.664088+00:00,2026-09-03-test-decouverte-search-12/02-A5-discovery.json.gz,"[{""year"": 2026, ""month"": 7, ""search_volume"": 260}, {""year"": 2026, ""month"": 6, ""search_volume"": 210}, {""year"": 2026, ""month"": 5, ""search_volume"": 260}, {""year"": 2026, ""month"": 4, ""search_volume"": 260}, {""year"": 2026, ""month"": 3, ""search_volume"": 320}, {""year"": 2026, ""month"": 2, ""search_volume"": 320}, {""year"": 2026, ""month"": 1, ""search_volume"": 390}, {""year"": 2025, ""month"": 12, ""search_volume"": 390}, {""year"": 2025, ""month"": 11, ""search_volume"": 390}, {""year"": 2025, ""month"": 10, ""search_volume"": 390}, {""year"": 2025, ""month"": 9, ""search_volume"": 320}, {""year"": 2025, ""month"": 8, ""search_volume"": 260}]"
A5,meilleure liseuse pour les yeux,320,0.28,USD_DOCUMENTED,parent,False,,,,,"liseuse générale, mini-format non demandé",dataforseo_labs/google/keyword_suggestions/live,2026-09-03T11:47:40.664088+00:00,2026-09-03-test-decouverte-search-12/02-A5-discovery.json.gz,"[{""year"": 2026, ""month"": 7, ""search_volume"": 260}, {""year"": 2026, ""month"": 6, ""search_volume"": 210}, {""year"": 2026, ""month"": 5, ""search_volume"": 260}, {""year"": 2026, ""month"": 4, ""search_volume"": 170}, {""year"": 2026, ""month"": 3, ""search_volume"": 210}, {""year"": 2026, ""month"": 2, ""search_volume"": 210}, {""year"": 2026, ""month"": 1, ""search_volume"": 260}, {""year"": 2025, ""month"": 12, ""search_volume"": 390}, {""year"": 2025, ""month"": 11, ""search_volume"": 590}, {""year"": 2025, ""month"": 10, ""search_volume"": 260}, {""year"": 2025, ""month"": 9, ""search_volume"": 260}, {""year"": 2025, ""month"": 8, ""search_volume"": 390}]"
A5,avis liseuse kindle,320,0.24,USD_DOCUMENTED,parent,True,,,,,"liseuse générale, mini-format non demandé",dataforseo_labs/google/keyword_suggestions/live,2026-09-03T11:47:40.664088+00:00,2026-09-03-test-decouverte-search-12/02-A5-discovery.json.gz,"[{""year"": 2026, ""month"": 7, ""search_volume"": 210}, {""year"": 2026, ""month"": 6, ""search_volume"": 210}, {""year"": 2026, ""month"": 5, ""search_volume"": 210}, {""year"": 2026, ""month"": 4, ""search_volume"": 170}, {""year"": 2026, ""month"": 3, ""search_volume"": 210}, {""year"": 2026, ""month"": 2, ""search_volume"": 210}, {""year"": 2026, ""month"": 1, ""search_volume"": 320}, {""year"": 2025, ""month"": 12, ""search_volume"": 590}, {""year"": 2025, ""month"": 11, ""search_volume"": 590}, {""year"": 2025, ""month"": 10, ""search_volume"": 260}, {""year"": 2025, ""month"": 9, ""search_volume"": 260}, {""year"": 2025, ""month"": 8, ""search_volume"": 320}]"
A5,liseuse kobo housse,320,0.31,USD_DOCUMENTED,incompatible,True,,,,,"lampe, logiciel, contenu ou sens non appareil",dataforseo_labs/google/keyword_suggestions/live,2026-09-03T11:47:40.664088+00:00,2026-09-03-test-decouverte-search-12/02-A5-discovery.json.gz,"[{""year"": 2026, ""month"": 7, ""search_volume"": 320}, {""year"": 2026, ""month"": 6, ""search_volume"": 210}, {""year"": 2026, ""month"": 5, ""search_volume"": 320}, {""year"": 2026, ""month"": 4, ""search_volume"": 210}, {""year"": 2026, ""month"": 3, ""search_volume"": 260}, {""year"": 2026, ""month"": 2, ""search_volume"": 210}, {""year"": 2026, ""month"": 1, ""search_volume"": 320}, {""year"": 2025, ""month"": 12, ""search_volume"": 720}, {""year"": 2025, ""month"": 11, ""search_volume"": 480}, {""year"": 2025, ""month"": 10, ""search_volume"": 260}, {""year"": 2025, ""month"": 9, ""search_volume"": 260}, {""year"": 2025, ""month"": 8, ""search_volume"": 320}]"
A5,rakuten kobo liseuse,320,0.35,USD_DOCUMENTED,parent,True,,,,,"liseuse générale, mini-format non demandé",dataforseo_labs/google/keyword_suggestions/live,2026-09-03T11:47:40.664088+00:00,2026-09-03-test-decouverte-search-12/02-A5-discovery.json.gz,"[{""year"": 2026, ""month"": 7, ""search_volume"": 320}, {""year"": 2026, ""month"": 6, ""search_volume"": 260}, {""year"": 2026, ""month"": 5, ""search_volume"": 320}, {""year"": 2026, ""month"": 4, ""search_volume"": 320}, {""year"": 2026, ""month"": 3, ""search_volume"": 320}, {""year"": 2026, ""month"": 2, ""search_volume"": 320}, {""year"": 2026, ""month"": 1, ""search_volume"": 390}, {""year"": 2025, ""month"": 12, ""search_volume"": 480}, {""year"": 2025, ""month"": 11, ""search_volume"": 390}, {""year"": 2025, ""month"": 10, ""search_volume"": 260}, {""year"": 2025, ""month"": 9, ""search_volume"": 320}, {""year"": 2025, ""month"": 8, ""search_volume"": 390}]"
A5,liseuse définition,320,,USD_DOCUMENTED,parent,False,,,,,"liseuse générale, mini-format non demandé",dataforseo_labs/google/keyword_suggestions/live,2026-09-03T11:47:40.664088+00:00,2026-09-03-test-decouverte-search-12/02-A5-discovery.json.gz,"[{""year"": 2026, ""month"": 7, ""search_volume"": 480}, {""year"": 2026, ""month"": 6, ""search_volume"": 320}, {""year"": 2026, ""month"": 5, ""search_volume"": 390}, {""year"": 2026, ""month"": 4, ""search_volume"": 260}, {""year"": 2026, ""month"": 3, ""search_volume"": 320}, {""year"": 2026, ""month"": 2, ""search_volume"": 320}, {""year"": 2026, ""month"": 1, ""search_volume"": 320}, {""year"": 2025, ""month"": 12, ""search_volume"": 320}, {""year"": 2025, ""month"": 11, ""search_volume"": 320}, {""year"": 2025, ""month"": 10, ""search_volume"": 480}, {""year"": 2025, ""month"": 9, ""search_volume"": 260}, {""year"": 2025, ""month"": 8, ""search_volume"": 320}]"
A5,liseuse promo,320,0.2,USD_DOCUMENTED,parent,False,,,,,"liseuse générale, mini-format non demandé",dataforseo_labs/google/keyword_suggestions/live,2026-09-03T11:47:40.664088+00:00,2026-09-03-test-decouverte-search-12/02-A5-discovery.json.gz,"[{""year"": 2026, ""month"": 7, ""search_volume"": 480}, {""year"": 2026, ""month"": 6, ""search_volume"": 320}, {""year"": 2026, ""month"": 5, ""search_volume"": 210}, {""year"": 2026, ""month"": 4, ""search_volume"": 140}, {""year"": 2026, ""month"": 3, ""search_volume"": 170}, {""year"": 2026, ""month"": 2, ""search_volume"": 320}, {""year"": 2026, ""month"": 1, ""search_volume"": 590}, {""year"": 2025, ""month"": 12, ""search_volume"": 480}, {""year"": 2025, ""month"": 11, ""search_volume"": 590}, {""year"": 2025, ""month"": 10, ""search_volume"": 210}, {""year"": 2025, ""month"": 9, ""search_volume"": 260}, {""year"": 2025, ""month"": 8, ""search_volume"": 320}]"
A5,etui liseuse kindle,260,0.56,USD_DOCUMENTED,incompatible,True,,,,,"lampe, logiciel, contenu ou sens non appareil",dataforseo_labs/google/keyword_suggestions/live,2026-09-03T11:47:40.664088+00:00,2026-09-03-test-decouverte-search-12/02-A5-discovery.json.gz,"[{""year"": 2026, ""month"": 7, ""search_volume"": 210}, {""year"": 2026, ""month"": 6, ""search_volume"": 170}, {""year"": 2026, ""month"": 5, ""search_volume"": 210}, {""year"": 2026, ""month"": 4, ""search_volume"": 170}, {""year"": 2026, ""month"": 3, ""search_volume"": 210}, {""year"": 2026, ""month"": 2, ""search_volume"": 210}, {""year"": 2026, ""month"": 1, ""search_volume"": 320}, {""year"": 2025, ""month"": 12, ""search_volume"": 590}, {""year"": 2025, ""month"": 11, ""search_volume"": 390}, {""year"": 2025, ""month"": 10, ""search_volume"": 170}, {""year"": 2025, ""month"": 9, ""search_volume"": 170}, {""year"": 2025, ""month"": 8, ""search_volume"": 210}]"
A5,liseuse kindle boulanger,260,0.41,USD_DOCUMENTED,parent,True,,,,,"liseuse générale, mini-format non demandé",dataforseo_labs/google/keyword_suggestions/live,2026-09-03T11:47:40.664088+00:00,2026-09-03-test-decouverte-search-12/02-A5-discovery.json.gz,"[{""year"": 2026, ""month"": 7, ""search_volume"": 260}, {""year"": 2026, ""month"": 6, ""search_volume"": 170}, {""year"": 2026, ""month"": 5, ""search_volume"": 210}, {""year"": 2026, ""month"": 4, ""search_volume"": 170}, {""year"": 2026, ""month"": 3, ""search_volume"": 170}, {""year"": 2026, ""month"": 2, ""search_volume"": 210}, {""year"": 2026, ""month"": 1, ""search_volume"": 260}, {""year"": 2025, ""month"": 12, ""search_volume"": 720}, {""year"": 2025, ""month"": 11, ""search_volume"": 590}, {""year"": 2025, ""month"": 10, ""search_volume"": 210}, {""year"": 2025, ""month"": 9, ""search_volume"": 210}, {""year"": 2025, ""month"": 8, ""search_volume"": 210}]"
A5,etui pour liseuse kindle,260,0.56,USD_DOCUMENTED,incompatible,True,,,,,"lampe, logiciel, contenu ou sens non appareil",dataforseo_labs/google/keyword_suggestions/live,2026-09-03T11:47:40.664088+00:00,2026-09-03-test-decouverte-search-12/02-A5-discovery.json.gz,"[{""year"": 2026, ""month"": 7, ""search_volume"": 210}, {""year"": 2026, ""month"": 6, ""search_volume"": 170}, {""year"": 2026, ""month"": 5, ""search_volume"": 210}, {""year"": 2026, ""month"": 4, ""search_volume"": 170}, {""year"": 2026, ""month"": 3, ""search_volume"": 210}, {""year"": 2026, ""month"": 2, ""search_volume"": 210}, {""year"": 2026, ""month"": 1, ""search_volume"": 320}, {""year"": 2025, ""month"": 12, ""search_volume"": 590}, {""year"": 2025, ""month"": 11, ""search_volume"": 390}, {""year"": 2025, ""month"": 10, ""search_volume"": 170}, {""year"": 2025, ""month"": 9, ""search_volume"": 170}, {""year"": 2025, ""month"": 8, ""search_volume"": 210}]"
A5,liseuse vivlio inkpad 4,260,0.57,USD_DOCUMENTED,parent,True,,,,,"liseuse générale, mini-format non demandé",dataforseo_labs/google/keyword_suggestions/live,2026-09-03T11:47:40.664088+00:00,2026-09-03-test-decouverte-search-12/02-A5-discovery.json.gz,"[{""year"": 2026, ""month"": 7, ""search_volume"": 140}, {""year"": 2026, ""month"": 6, ""search_volume"": 140}, {""year"": 2026, ""month"": 5, ""search_volume"": 170}, {""year"": 2026, ""month"": 4, ""search_volume"": 140}, {""year"": 2026, ""month"": 3, ""search_volume"": 210}, {""year"": 2026, ""month"": 2, ""search_volume"": 170}, {""year"": 2026, ""month"": 1, ""search_volume"": 260}, {""year"": 2025, ""month"": 12, ""search_volume"": 390}, {""year"": 2025, ""month"": 11, ""search_volume"": 480}, {""year"": 2025, ""month"": 10, ""search_volume"": 260}, {""year"": 2025, ""month"": 9, ""search_volume"": 210}, {""year"": 2025, ""month"": 8, ""search_volume"": 320}]"
A5,liseuse en anglais,260,,USD_DOCUMENTED,parent,False,,,,,"liseuse générale, mini-format non demandé",dataforseo_labs/google/keyword_suggestions/live,2026-09-03T11:47:40.664088+00:00,2026-09-03-test-decouverte-search-12/02-A5-discovery.json.gz,"[{""year"": 2026, ""month"": 7, ""search_volume"": 260}, {""year"": 2026, ""month"": 6, ""search_volume"": 260}, {""year"": 2026, ""month"": 5, ""search_volume"": 260}, {""year"": 2026, ""month"": 4, ""search_volume"": 260}, {""year"": 2026, ""month"": 3, ""search_volume"": 260}, {""year"": 2026, ""month"": 2, ""search_volume"": 260}, {""year"": 2026, ""month"": 1, ""search_volume"": 390}, {""year"": 2025, ""month"": 12, ""search_volume"": 390}, {""year"": 2025, ""month"": 11, ""search_volume"": 390}, {""year"": 2025, ""month"": 10, ""search_volume"": 260}, {""year"": 2025, ""month"": 9, ""search_volume"": 260}, {""year"": 2025, ""month"": 8, ""search_volume"": 320}]"
A5,liseuse en laiton,260,1.64,USD_DOCUMENTED,parent,False,,,,,"liseuse générale, mini-format non demandé",dataforseo_labs/google/keyword_suggestions/live,2026-09-03T11:47:40.664088+00:00,2026-09-03-test-decouverte-search-12/02-A5-discovery.json.gz,"[{""year"": 2026, ""month"": 7, ""search_volume"": 260}, {""year"": 2026, ""month"": 6, ""search_volume"": 170}, {""year"": 2026, ""month"": 5, ""search_volume"": 210}, {""year"": 2026, ""month"": 4, ""search_volume"": 210}, {""year"": 2026, ""month"": 3, ""search_volume"": 260}, {""year"": 2026, ""month"": 2, ""search_volume"": 260}, {""year"": 2026, ""month"": 1, ""search_volume"": 260}, {""year"": 2025, ""month"": 12, ""search_volume"": 260}, {""year"": 2025, ""month"": 11, ""search_volume"": 390}, {""year"": 2025, ""month"": 10, ""search_volume"": 320}, {""year"": 2025, ""month"": 9, ""search_volume"": 260}, {""year"": 2025, ""month"": 8, ""search_volume"": 170}]"
A5,c'est quoi une liseuse,260,0.19,USD_DOCUMENTED,parent,False,,,,,"liseuse générale, mini-format non demandé",dataforseo_labs/google/keyword_suggestions/live,2026-09-03T11:47:40.664088+00:00,2026-09-03-test-decouverte-search-12/02-A5-discovery.json.gz,"[{""year"": 2026, ""month"": 7, ""search_volume"": 210}, {""year"": 2026, ""month"": 6, ""search_volume"": 170}, {""year"": 2026, ""month"": 5, ""search_volume"": 170}, {""year"": 2026, ""month"": 4, ""search_volume"": 210}, {""year"": 2026, ""month"": 3, ""search_volume"": 170}, {""year"": 2026, ""month"": 2, ""search_volume"": 320}, {""year"": 2026, ""month"": 1, ""search_volume"": 260}, {""year"": 2025, ""month"": 12, ""search_volume"": 320}, {""year"": 2025, ""month"": 11, ""search_volume"": 320}, {""year"": 2025, ""month"": 10, ""search_volume"": 260}, {""year"": 2025, ""month"": 9, ""search_volume"": 210}, {""year"": 2025, ""month"": 8, ""search_volume"": 260}]"
A5,liseuse lampe livre,260,0.45,USD_DOCUMENTED,incompatible,False,,,,,"lampe, logiciel, contenu ou sens non appareil",dataforseo_labs/google/keyword_suggestions/live,2026-09-03T11:47:40.664088+00:00,2026-09-03-test-decouverte-search-12/02-A5-discovery.json.gz,"[{""year"": 2026, ""month"": 7, ""search_volume"": 210}, {""year"": 2026, ""month"": 6, ""search_volume"": 110}, {""year"": 2026, ""month"": 5, ""search_volume"": 140}, {""year"": 2026, ""month"": 4, ""search_volume"": 170}, {""year"": 2026, ""month"": 3, ""search_volume"": 210}, {""year"": 2026, ""month"": 2, ""search_volume"": 260}, {""year"": 2026, ""month"": 1, ""search_volume"": 320}, {""year"": 2025, ""month"": 12, ""search_volume"": 720}, {""year"": 2025, ""month"": 11, ""search_volume"": 390}, {""year"": 2025, ""month"": 10, ""search_volume"": 320}, {""year"": 2025, ""month"": 9, ""search_volume"": 210}, {""year"": 2025, ""month"": 8, ""search_volume"": 260}]"
A5,télécharger des livres pour liseuse,260,0.94,USD_DOCUMENTED,incompatible,False,,,,,"lampe, logiciel, contenu ou sens non appareil",dataforseo_labs/google/keyword_suggestions/live,2026-09-03T11:47:40.664088+00:00,2026-09-03-test-decouverte-search-12/02-A5-discovery.json.gz,"[{""year"": 2026, ""month"": 7, ""search_volume"": 320}, {""year"": 2026, ""month"": 6, ""search_volume"": 210}, {""year"": 2026, ""month"": 5, ""search_volume"": 320}, {""year"": 2026, ""month"": 4, ""search_volume"": 260}, {""year"": 2026, ""month"": 3, ""search_volume"": 260}, {""year"": 2026, ""month"": 2, ""search_volume"": 260}, {""year"": 2026, ""month"": 1, ""search_volume"": 260}, {""year"": 2025, ""month"": 12, ""search_volume"": 320}, {""year"": 2025, ""month"": 11, ""search_volume"": 260}, {""year"": 2025, ""month"": 10, ""search_volume"": 170}, {""year"": 2025, ""month"": 9, ""search_volume"": 170}, {""year"": 2025, ""month"": 8, ""search_volume"": 260}]"
A5,télécommande liseuse,260,0.16,USD_DOCUMENTED,parent,False,,,,,"liseuse générale, mini-format non demandé",dataforseo_labs/google/keyword_suggestions/live,2026-09-03T11:47:40.664088+00:00,2026-09-03-test-decouverte-search-12/02-A5-discovery.json.gz,"[{""year"": 2026, ""month"": 7, ""search_volume"": 140}, {""year"": 2026, ""month"": 6, ""search_volume"": 110}, {""year"": 2026, ""month"": 5, ""search_volume"": 170}, {""year"": 2026, ""month"": 4, ""search_volume"": 170}, {""year"": 2026, ""month"": 3, ""search_volume"": 210}, {""year"": 2026, ""month"": 2, ""search_volume"": 210}, {""year"": 2026, ""month"": 1, ""search_volume"": 390}, {""year"": 2025, ""month"": 12, ""search_volume"": 720}, {""year"": 2025, ""month"": 11, ""search_volume"": 480}, {""year"": 2025, ""month"": 10, ""search_volume"": 170}, {""year"": 2025, ""month"": 9, ""search_volume"": 170}, {""year"": 2025, ""month"": 8, ""search_volume"": 210}]"
A5,lampe liseuse pince,260,0.51,USD_DOCUMENTED,incompatible,False,,,,,"lampe, logiciel, contenu ou sens non appareil",dataforseo_labs/google/keyword_suggestions/live,2026-09-03T11:47:40.664088+00:00,2026-09-03-test-decouverte-search-12/02-A5-discovery.json.gz,"[{""year"": 2026, ""month"": 7, ""search_volume"": 110}, {""year"": 2026, ""month"": 6, ""search_volume"": 140}, {""year"": 2026, ""month"": 5, ""search_volume"": 170}, {""year"": 2026, ""month"": 4, ""search_volume"": 140}, {""year"": 2026, ""month"": 3, ""search_volume"": 210}, {""year"": 2026, ""month"": 2, ""search_volume"": 260}, {""year"": 2026, ""month"": 1, ""search_volume"": 320}, {""year"": 2025, ""month"": 12, ""search_volume"": 590}, {""year"": 2025, ""month"": 11, ""search_volume"": 480}, {""year"": 2025, ""month"": 10, ""search_volume"": 260}, {""year"": 2025, ""month"": 9, ""search_volume"": 260}, {""year"": 2025, ""month"": 8, ""search_volume"": 260}]"
A5,liseuse couleur pour bd,260,0.26,USD_DOCUMENTED,parent,False,,,,,"liseuse générale, mini-format non demandé",dataforseo_labs/google/keyword_suggestions/live,2026-09-03T11:47:40.664088+00:00,2026-09-03-test-decouverte-search-12/02-A5-discovery.json.gz,"[{""year"": 2026, ""month"": 7, ""search_volume"": 210}, {""year"": 2026, ""month"": 6, ""search_volume"": 210}, {""year"": 2026, ""month"": 5, ""search_volume"": 210}, {""year"": 2026, ""month"": 4, ""search_volume"": 170}, {""year"": 2026, ""month"": 3, ""search_volume"": 260}, {""year"": 2026, ""month"": 2, ""search_volume"": 210}, {""year"": 2026, ""month"": 1, ""search_volume"": 320}, {""year"": 2025, ""month"": 12, ""search_volume"": 390}, {""year"": 2025, ""month"": 11, ""search_volume"": 320}, {""year"": 2025, ""month"": 10, ""search_volume"": 390}, {""year"": 2025, ""month"": 9, ""search_volume"": 260}, {""year"": 2025, ""month"": 8, ""search_volume"": 320}]"
A5,liseuse led,260,1.2,USD_DOCUMENTED,incompatible,False,,,,,"lampe, logiciel, contenu ou sens non appareil",dataforseo_labs/google/keyword_suggestions/live,2026-09-03T11:47:40.664088+00:00,2026-09-03-test-decouverte-search-12/02-A5-discovery.json.gz,"[{""year"": 2026, ""month"": 7, ""search_volume"": 140}, {""year"": 2026, ""month"": 6, ""search_volume"": 140}, {""year"": 2026, ""month"": 5, ""search_volume"": 210}, {""year"": 2026, ""month"": 4, ""search_volume"": 170}, {""year"": 2026, ""month"": 3, ""search_volume"": 320}, {""year"": 2026, ""month"": 2, ""search_volume"": 320}, {""year"": 2026, ""month"": 1, ""search_volume"": 320}, {""year"": 2025, ""month"": 12, ""search_volume"": 390}, {""year"": 2025, ""month"": 11, ""search_volume"": 320}, {""year"": 2025, ""month"": 10, ""search_volume"": 260}, {""year"": 2025, ""month"": 9, ""search_volume"": 260}, {""year"": 2025, ""month"": 8, ""search_volume"": 260}]"
A5,liseuse kobo color,260,0.28,USD_DOCUMENTED,parent,True,,,,,"liseuse générale, mini-format non demandé",dataforseo_labs/google/keyword_suggestions/live,2026-09-03T11:47:40.664088+00:00,2026-09-03-test-decouverte-search-12/02-A5-discovery.json.gz,"[{""year"": 2026, ""month"": 7, ""search_volume"": 260}, {""year"": 2026, ""month"": 6, ""search_volume"": 210}, {""year"": 2026, ""month"": 5, ""search_volume"": 170}, {""year"": 2026, ""month"": 4, ""search_volume"": 140}, {""year"": 2026, ""month"": 3, ""search_volume"": 170}, {""year"": 2026, ""month"": 2, ""search_volume"": 170}, {""year"": 2026, ""month"": 1, ""search_volume"": 320}, {""year"": 2025, ""month"": 12, ""search_volume"": 390}, {""year"": 2025, ""month"": 11, ""search_volume"": 480}, {""year"": 2025, ""month"": 10, ""search_volume"": 210}, {""year"": 2025, ""month"": 9, ""search_volume"": 170}, {""year"": 2025, ""month"": 8, ""search_volume"": 170}]"
A5,liseuse merlin,260,0.43,USD_DOCUMENTED,parent,False,,,,,"liseuse générale, mini-format non demandé",dataforseo_labs/google/keyword_suggestions/live,2026-09-03T11:47:40.664088+00:00,2026-09-03-test-decouverte-search-12/02-A5-discovery.json.gz,"[{""year"": 2026, ""month"": 7, ""search_volume"": 210}, {""year"": 2026, ""month"": 6, ""search_volume"": 170}, {""year"": 2026, ""month"": 5, ""search_volume"": 140}, {""year"": 2026, ""month"": 4, ""search_volume"": 140}, {""year"": 2026, ""month"": 3, ""search_volume"": 140}, {""year"": 2026, ""month"": 2, ""search_volume"": 140}, {""year"": 2026, ""month"": 1, ""search_volume"": 170}, {""year"": 2025, ""month"": 12, ""search_volume"": 390}, {""year"": 2025, ""month"": 11, ""search_volume"": 590}, {""year"": 2025, ""month"": 10, ""search_volume"": 260}, {""year"": 2025, ""month"": 9, ""search_volume"": 170}, {""year"": 2025, ""month"": 8, ""search_volume"": 260}]"
A5,étui liseuse kindle,260,0.56,USD_DOCUMENTED,incompatible,True,,,,,"lampe, logiciel, contenu ou sens non appareil",dataforseo_labs/google/keyword_suggestions/live,2026-09-03T11:47:40.664088+00:00,2026-09-03-test-decouverte-search-12/02-A5-discovery.json.gz,"[{""year"": 2026, ""month"": 7, ""search_volume"": 210}, {""year"": 2026, ""month"": 6, ""search_volume"": 170}, {""year"": 2026, ""month"": 5, ""search_volume"": 210}, {""year"": 2026, ""month"": 4, ""search_volume"": 170}, {""year"": 2026, ""month"": 3, ""search_volume"": 210}, {""year"": 2026, ""month"": 2, ""search_volume"": 210}, {""year"": 2026, ""month"": 1, ""search_volume"": 320}, {""year"": 2025, ""month"": 12, ""search_volume"": 590}, {""year"": 2025, ""month"": 11, ""search_volume"": 390}, {""year"": 2025, ""month"": 10, ""search_volume"": 170}, {""year"": 2025, ""month"": 9, ""search_volume"": 170}, {""year"": 2025, ""month"": 8, ""search_volume"": 210}]"
A5,liseuse telecharger livre,260,0.94,USD_DOCUMENTED,incompatible,False,,,,,"lampe, logiciel, contenu ou sens non appareil",dataforseo_labs/google/keyword_suggestions/live,2026-09-03T11:47:40.664088+00:00,2026-09-03-test-decouverte-search-12/02-A5-discovery.json.gz,"[{""year"": 2026, ""month"": 7, ""search_volume"": 320}, {""year"": 2026, ""month"": 6, ""search_volume"": 210}, {""year"": 2026, ""month"": 5, ""search_volume"": 320}, {""year"": 2026, ""month"": 4, ""search_volume"": 260}, {""year"": 2026, ""month"": 3, ""search_volume"": 260}, {""year"": 2026, ""month"": 2, ""search_volume"": 260}, {""year"": 2026, ""month"": 1, ""search_volume"": 260}, {""year"": 2025, ""month"": 12, ""search_volume"": 320}, {""year"": 2025, ""month"": 11, ""search_volume"": 260}, {""year"": 2025, ""month"": 10, ""search_volume"": 170}, {""year"": 2025, ""month"": 9, ""search_volume"": 170}, {""year"": 2025, ""month"": 8, ""search_volume"": 260}]"
A5,télécharger livre liseuse,260,0.94,USD_DOCUMENTED,incompatible,False,,,,,"lampe, logiciel, contenu ou sens non appareil",dataforseo_labs/google/keyword_suggestions/live,2026-09-03T11:47:40.664088+00:00,2026-09-03-test-decouverte-search-12/02-A5-discovery.json.gz,"[{""year"": 2026, ""month"": 7, ""search_volume"": 320}, {""year"": 2026, ""month"": 6, ""search_volume"": 210}, {""year"": 2026, ""month"": 5, ""search_volume"": 320}, {""year"": 2026, ""month"": 4, ""search_volume"": 260}, {""year"": 2026, ""month"": 3, ""search_volume"": 260}, {""year"": 2026, ""month"": 2, ""search_volume"": 260}, {""year"": 2026, ""month"": 1, ""search_volume"": 260}, {""year"": 2025, ""month"": 12, ""search_volume"": 320}, {""year"": 2025, ""month"": 11, ""search_volume"": 260}, {""year"": 2025, ""month"": 10, ""search_volume"": 170}, {""year"": 2025, ""month"": 9, ""search_volume"": 170}, {""year"": 2025, ""month"": 8, ""search_volume"": 260}]"
A5,liseuse meuble,260,0.62,USD_DOCUMENTED,parent,False,,,,,"liseuse générale, mini-format non demandé",dataforseo_labs/google/keyword_suggestions/live,2026-09-03T11:47:40.664088+00:00,2026-09-03-test-decouverte-search-12/02-A5-discovery.json.gz,"[{""year"": 2026, ""month"": 7, ""search_volume"": 210}, {""year"": 2026, ""month"": 6, ""search_volume"": 210}, {""year"": 2026, ""month"": 5, ""search_volume"": 210}, {""year"": 2026, ""month"": 4, ""search_volume"": 210}, {""year"": 2026, ""month"": 3, ""search_volume"": 210}, {""year"": 2026, ""month"": 2, ""search_volume"": 260}, {""year"": 2026, ""month"": 1, ""search_volume"": 320}, {""year"": 2025, ""month"": 12, ""search_volume"": 320}, {""year"": 2025, ""month"": 11, ""search_volume"": 390}, {""year"": 2025, ""month"": 10, ""search_volume"": 320}, {""year"": 2025, ""month"": 9, ""search_volume"": 260}, {""year"": 2025, ""month"": 8, ""search_volume"": 320}]"
A5,sony liseuse,260,0.12,USD_DOCUMENTED,parent,True,,,,,"liseuse générale, mini-format non demandé",dataforseo_labs/google/keyword_suggestions/live,2026-09-03T11:47:40.664088+00:00,2026-09-03-test-decouverte-search-12/02-A5-discovery.json.gz,"[{""year"": 2026, ""month"": 7, ""search_volume"": 210}, {""year"": 2026, ""month"": 6, ""search_volume"": 210}, {""year"": 2026, ""month"": 5, ""search_volume"": 210}, {""year"": 2026, ""month"": 4, ""search_volume"": 210}, {""year"": 2026, ""month"": 3, ""search_volume"": 260}, {""year"": 2026, ""month"": 2, ""search_volume"": 210}, {""year"": 2026, ""month"": 1, ""search_volume"": 260}, {""year"": 2025, ""month"": 12, ""search_volume"": 260}, {""year"": 2025, ""month"": 11, ""search_volume"": 320}, {""year"": 2025, ""month"": 10, ""search_volume"": 260}, {""year"": 2025, ""month"": 9, ""search_volume"": 320}, {""year"": 2025, ""month"": 8, ""search_volume"": 320}]"
A5,housse liseuse,260,0.22,USD_DOCUMENTED,incompatible,False,,,,,"lampe, logiciel, contenu ou sens non appareil",dataforseo_labs/google/keyword_suggestions/live,2026-09-03T11:47:40.664088+00:00,2026-09-03-test-decouverte-search-12/02-A5-discovery.json.gz,"[{""year"": 2026, ""month"": 7, ""search_volume"": 210}, {""year"": 2026, ""month"": 6, ""search_volume"": 170}, {""year"": 2026, ""month"": 5, ""search_volume"": 210}, {""year"": 2026, ""month"": 4, ""search_volume"": 170}, {""year"": 2026, ""month"": 3, ""search_volume"": 210}, {""year"": 2026, ""month"": 2, ""search_volume"": 260}, {""year"": 2026, ""month"": 1, ""search_volume"": 320}, {""year"": 2025, ""month"": 12, ""search_volume"": 590}, {""year"": 2025, ""month"": 11, ""search_volume"": 480}, {""year"": 2025, ""month"": 10, ""search_volume"": 210}, {""year"": 2025, ""month"": 9, ""search_volume"": 210}, {""year"": 2025, ""month"": 8, ""search_volume"": 170}]"
A5,liseuse anglais,260,,USD_DOCUMENTED,parent,False,,,,,"liseuse générale, mini-format non demandé",dataforseo_labs/google/keyword_suggestions/live,2026-09-03T11:47:40.664088+00:00,2026-09-03-test-decouverte-search-12/02-A5-discovery.json.gz,"[{""year"": 2026, ""month"": 7, ""search_volume"": 260}, {""year"": 2026, ""month"": 6, ""search_volume"": 260}, {""year"": 2026, ""month"": 5, ""search_volume"": 260}, {""year"": 2026, ""month"": 4, ""search_volume"": 260}, {""year"": 2026, ""month"": 3, ""search_volume"": 260}, {""year"": 2026, ""month"": 2, ""search_volume"": 260}, {""year"": 2026, ""month"": 1, ""search_volume"": 390}, {""year"": 2025, ""month"": 12, ""search_volume"": 390}, {""year"": 2025, ""month"": 11, ""search_volume"": 390}, {""year"": 2025, ""month"": 10, ""search_volume"": 260}, {""year"": 2025, ""month"": 9, ""search_volume"": 260}, {""year"": 2025, ""month"": 8, ""search_volume"": 320}]"
A5,vermeer la liseuse,260,0.04,USD_DOCUMENTED,parent,False,,,,,"liseuse générale, mini-format non demandé",dataforseo_labs/google/keyword_suggestions/live,2026-09-03T11:47:40.664088+00:00,2026-09-03-test-decouverte-search-12/02-A5-discovery.json.gz,"[{""year"": 2026, ""month"": 7, ""search_volume"": 140}, {""year"": 2026, ""month"": 6, ""search_volume"": 140}, {""year"": 2026, ""month"": 5, ""search_volume"": 210}, {""year"": 2026, ""month"": 4, ""search_volume"": 210}, {""year"": 2026, ""month"": 3, ""search_volume"": 260}, {""year"": 2026, ""month"": 2, ""search_volume"": 260}, {""year"": 2026, ""month"": 1, ""search_volume"": 260}, {""year"": 2025, ""month"": 12, ""search_volume"": 210}, {""year"": 2025, ""month"": 11, ""search_volume"": 260}, {""year"": 2025, ""month"": 10, ""search_volume"": 260}, {""year"": 2025, ""month"": 9, ""search_volume"": 260}, {""year"": 2025, ""month"": 8, ""search_volume"": 260}]"
A5,télécharger livre pour liseuse,260,0.94,USD_DOCUMENTED,incompatible,False,,,,,"lampe, logiciel, contenu ou sens non appareil",dataforseo_labs/google/keyword_suggestions/live,2026-09-03T11:47:40.664088+00:00,2026-09-03-test-decouverte-search-12/02-A5-discovery.json.gz,"[{""year"": 2026, ""month"": 7, ""search_volume"": 320}, {""year"": 2026, ""month"": 6, ""search_volume"": 210}, {""year"": 2026, ""month"": 5, ""search_volume"": 320}, {""year"": 2026, ""month"": 4, ""search_volume"": 260}, {""year"": 2026, ""month"": 3, ""search_volume"": 260}, {""year"": 2026, ""month"": 2, ""search_volume"": 260}, {""year"": 2026, ""month"": 1, ""search_volume"": 260}, {""year"": 2025, ""month"": 12, ""search_volume"": 320}, {""year"": 2025, ""month"": 11, ""search_volume"": 260}, {""year"": 2025, ""month"": 10, ""search_volume"": 170}, {""year"": 2025, ""month"": 9, ""search_volume"": 170}, {""year"": 2025, ""month"": 8, ""search_volume"": 260}]"
A5,telecharger livre pour liseuse,260,0.94,USD_DOCUMENTED,incompatible,False,,,,,"lampe, logiciel, contenu ou sens non appareil",dataforseo_labs/google/keyword_suggestions/live,2026-09-03T11:47:40.664088+00:00,2026-09-03-test-decouverte-search-12/02-A5-discovery.json.gz,"[{""year"": 2026, ""month"": 7, ""search_volume"": 320}, {""year"": 2026, ""month"": 6, ""search_volume"": 210}, {""year"": 2026, ""month"": 5, ""search_volume"": 320}, {""year"": 2026, ""month"": 4, ""search_volume"": 260}, {""year"": 2026, ""month"": 3, ""search_volume"": 260}, {""year"": 2026, ""month"": 2, ""search_volume"": 260}, {""year"": 2026, ""month"": 1, ""search_volume"": 260}, {""year"": 2025, ""month"": 12, ""search_volume"": 320}, {""year"": 2025, ""month"": 11, ""search_volume"": 260}, {""year"": 2025, ""month"": 10, ""search_volume"": 170}, {""year"": 2025, ""month"": 9, ""search_volume"": 170}, {""year"": 2025, ""month"": 8, ""search_volume"": 260}]"
A5,télécharger livre sur liseuse,260,0.94,USD_DOCUMENTED,incompatible,False,,,,,"lampe, logiciel, contenu ou sens non appareil",dataforseo_labs/google/keyword_suggestions/live,2026-09-03T11:47:40.664088+00:00,2026-09-03-test-decouverte-search-12/02-A5-discovery.json.gz,"[{""year"": 2026, ""month"": 7, ""search_volume"": 320}, {""year"": 2026, ""month"": 6, ""search_volume"": 210}, {""year"": 2026, ""month"": 5, ""search_volume"": 320}, {""year"": 2026, ""month"": 4, ""search_volume"": 260}, {""year"": 2026, ""month"": 3, ""search_volume"": 260}, {""year"": 2026, ""month"": 2, ""search_volume"": 260}, {""year"": 2026, ""month"": 1, ""search_volume"": 260}, {""year"": 2025, ""month"": 12, ""search_volume"": 320}, {""year"": 2025, ""month"": 11, ""search_volume"": 260}, {""year"": 2025, ""month"": 10, ""search_volume"": 170}, {""year"": 2025, ""month"": 9, ""search_volume"": 170}, {""year"": 2025, ""month"": 8, ""search_volume"": 260}]"
A5,liseuse tete de lit ikea,260,0.47,USD_DOCUMENTED,parent,True,,,,,"liseuse générale, mini-format non demandé",dataforseo_labs/google/keyword_suggestions/live,2026-09-03T11:47:40.664088+00:00,2026-09-03-test-decouverte-search-12/02-A5-discovery.json.gz,"[{""year"": 2026, ""month"": 7, ""search_volume"": 140}, {""year"": 2026, ""month"": 6, ""search_volume"": 140}, {""year"": 2026, ""month"": 5, ""search_volume"": 210}, {""year"": 2026, ""month"": 4, ""search_volume"": 170}, {""year"": 2026, ""month"": 3, ""search_volume"": 210}, {""year"": 2026, ""month"": 2, ""search_volume"": 260}, {""year"": 2026, ""month"": 1, ""search_volume"": 320}, {""year"": 2025, ""month"": 12, ""search_volume"": 210}, {""year"": 2025, ""month"": 11, ""search_volume"": 320}, {""year"": 2025, ""month"": 10, ""search_volume"": 320}, {""year"": 2025, ""month"": 9, ""search_volume"": 260}, {""year"": 2025, ""month"": 8, ""search_volume"": 320}]"
A5,liseuse cdiscount,260,0.23,USD_DOCUMENTED,parent,True,,,,,"liseuse générale, mini-format non demandé",dataforseo_labs/google/keyword_suggestions/live,2026-09-03T11:47:40.664088+00:00,2026-09-03-test-decouverte-search-12/02-A5-discovery.json.gz,"[{""year"": 2026, ""month"": 7, ""search_volume"": 210}, {""year"": 2026, ""month"": 6, ""search_volume"": 140}, {""year"": 2026, ""month"": 5, ""search_volume"": 170}, {""year"": 2026, ""month"": 4, ""search_volume"": 110}, {""year"": 2026, ""month"": 3, ""search_volume"": 140}, {""year"": 2026, ""month"": 2, ""search_volume"": 210}, {""year"": 2026, ""month"": 1, ""search_volume"": 320}, {""year"": 2025, ""month"": 12, ""search_volume"": 480}, {""year"": 2025, ""month"": 11, ""search_volume"": 590}, {""year"": 2025, ""month"": 10, ""search_volume"": 210}, {""year"": 2025, ""month"": 9, ""search_volume"": 210}, {""year"": 2025, ""month"": 8, ""search_volume"": 260}]"
A5,liseuse bd couleur,260,0.26,USD_DOCUMENTED,parent,False,,,,,"liseuse générale, mini-format non demandé",dataforseo_labs/google/keyword_suggestions/live,2026-09-03T11:47:40.664088+00:00,2026-09-03-test-decouverte-search-12/02-A5-discovery.json.gz,"[{""year"": 2026, ""month"": 7, ""search_volume"": 210}, {""year"": 2026, ""month"": 6, ""search_volume"": 210}, {""year"": 2026, ""month"": 5, ""search_volume"": 210}, {""year"": 2026, ""month"": 4, ""search_volume"": 170}, {""year"": 2026, ""month"": 3, ""search_volume"": 260}, {""year"": 2026, ""month"": 2, ""search_volume"": 210}, {""year"": 2026, ""month"": 1, ""search_volume"": 320}, {""year"": 2025, ""month"": 12, ""search_volume"": 390}, {""year"": 2025, ""month"": 11, ""search_volume"": 320}, {""year"": 2025, ""month"": 10, ""search_volume"": 390}, {""year"": 2025, ""month"": 9, ""search_volume"": 260}, {""year"": 2025, ""month"": 8, ""search_volume"": 320}]"
A5,housse pour liseuse,260,0.22,USD_DOCUMENTED,incompatible,False,,,,,"lampe, logiciel, contenu ou sens non appareil",dataforseo_labs/google/keyword_suggestions/live,2026-09-03T11:47:40.664088+00:00,2026-09-03-test-decouverte-search-12/02-A5-discovery.json.gz,"[{""year"": 2026, ""month"": 7, ""search_volume"": 210}, {""year"": 2026, ""month"": 6, ""search_volume"": 170}, {""year"": 2026, ""month"": 5, ""search_volume"": 210}, {""year"": 2026, ""month"": 4, ""search_volume"": 170}, {""year"": 2026, ""month"": 3, ""search_volume"": 210}, {""year"": 2026, ""month"": 2, ""search_volume"": 260}, {""year"": 2026, ""month"": 1, ""search_volume"": 320}, {""year"": 2025, ""month"": 12, ""search_volume"": 590}, {""year"": 2025, ""month"": 11, ""search_volume"": 480}, {""year"": 2025, ""month"": 10, ""search_volume"": 210}, {""year"": 2025, ""month"": 9, ""search_volume"": 210}, {""year"": 2025, ""month"": 8, ""search_volume"": 170}]"
A5,liseuse laiton,260,1.64,USD_DOCUMENTED,parent,False,,,,,"liseuse générale, mini-format non demandé",dataforseo_labs/google/keyword_suggestions/live,2026-09-03T11:47:40.664088+00:00,2026-09-03-test-decouverte-search-12/02-A5-discovery.json.gz,"[{""year"": 2026, ""month"": 7, ""search_volume"": 260}, {""year"": 2026, ""month"": 6, ""search_volume"": 170}, {""year"": 2026, ""month"": 5, ""search_volume"": 210}, {""year"": 2026, ""month"": 4, ""search_volume"": 210}, {""year"": 2026, ""month"": 3, ""search_volume"": 260}, {""year"": 2026, ""month"": 2, ""search_volume"": 260}, {""year"": 2026, ""month"": 1, ""search_volume"": 260}, {""year"": 2025, ""month"": 12, ""search_volume"": 260}, {""year"": 2025, ""month"": 11, ""search_volume"": 390}, {""year"": 2025, ""month"": 10, ""search_volume"": 320}, {""year"": 2025, ""month"": 9, ""search_volume"": 260}, {""year"": 2025, ""month"": 8, ""search_volume"": 170}]"
A5,la liseuse vermeer,260,0.04,USD_DOCUMENTED,parent,False,,,,,"liseuse générale, mini-format non demandé",dataforseo_labs/google/keyword_suggestions/live,2026-09-03T11:47:40.664088+00:00,2026-09-03-test-decouverte-search-12/02-A5-discovery.json.gz,"[{""year"": 2026, ""month"": 7, ""search_volume"": 140}, {""year"": 2026, ""month"": 6, ""search_volume"": 140}, {""year"": 2026, ""month"": 5, ""search_volume"": 210}, {""year"": 2026, ""month"": 4, ""search_volume"": 210}, {""year"": 2026, ""month"": 3, ""search_volume"": 260}, {""year"": 2026, ""month"": 2, ""search_volume"": 260}, {""year"": 2026, ""month"": 1, ""search_volume"": 260}, {""year"": 2025, ""month"": 12, ""search_volume"": 210}, {""year"": 2025, ""month"": 11, ""search_volume"": 260}, {""year"": 2025, ""month"": 10, ""search_volume"": 260}, {""year"": 2025, ""month"": 9, ""search_volume"": 260}, {""year"": 2025, ""month"": 8, ""search_volume"": 260}]"
A5,liseuse sony,260,0.12,USD_DOCUMENTED,parent,True,,,,,"liseuse générale, mini-format non demandé",dataforseo_labs/google/keyword_suggestions/live,2026-09-03T11:47:40.664088+00:00,2026-09-03-test-decouverte-search-12/02-A5-discovery.json.gz,"[{""year"": 2026, ""month"": 7, ""search_volume"": 210}, {""year"": 2026, ""month"": 6, ""search_volume"": 210}, {""year"": 2026, ""month"": 5, ""search_volume"": 210}, {""year"": 2026, ""month"": 4, ""search_volume"": 210}, {""year"": 2026, ""month"": 3, ""search_volume"": 260}, {""year"": 2026, ""month"": 2, ""search_volume"": 210}, {""year"": 2026, ""month"": 1, ""search_volume"": 260}, {""year"": 2025, ""month"": 12, ""search_volume"": 260}, {""year"": 2025, ""month"": 11, ""search_volume"": 320}, {""year"": 2025, ""month"": 10, ""search_volume"": 260}, {""year"": 2025, ""month"": 9, ""search_volume"": 320}, {""year"": 2025, ""month"": 8, ""search_volume"": 320}]"
A5,pochette liseuse kobo,260,0.37,USD_DOCUMENTED,incompatible,True,,,,,"lampe, logiciel, contenu ou sens non appareil",keywords_data/google_ads/search_volume/live,2026-09-03T14:41:31.031518+00:00,2026-09-03-qualification-9-produits-pur/raw/20-controls-0.json.gz,"[{""year"": 2026, ""month"": 7, ""search_volume"": 210}, {""year"": 2026, ""month"": 6, ""search_volume"": 170}, {""year"": 2026, ""month"": 5, ""search_volume"": 210}, {""year"": 2026, ""month"": 4, ""search_volume"": 170}, {""year"": 2026, ""month"": 3, ""search_volume"": 170}, {""year"": 2026, ""month"": 2, ""search_volume"": 170}, {""year"": 2026, ""month"": 1, ""search_volume"": 260}, {""year"": 2025, ""month"": 12, ""search_volume"": 480}, {""year"": 2025, ""month"": 11, ""search_volume"": 320}, {""year"": 2025, ""month"": 10, ""search_volume"": 210}, {""year"": 2025, ""month"": 9, ""search_volume"": 210}, {""year"": 2025, ""month"": 8, ""search_volume"": 260}]"
A5,protection pour liseuse kobo,260,0.25,USD_DOCUMENTED,parent,True,,,,,"liseuse générale, mini-format non demandé",dataforseo_labs/google/keyword_suggestions/live,2026-09-03T11:47:40.664088+00:00,2026-09-03-test-decouverte-search-12/02-A5-discovery.json.gz,"[{""year"": 2026, ""month"": 7, ""search_volume"": 210}, {""year"": 2026, ""month"": 6, ""search_volume"": 210}, {""year"": 2026, ""month"": 5, ""search_volume"": 210}, {""year"": 2026, ""month"": 4, ""search_volume"": 170}, {""year"": 2026, ""month"": 3, ""search_volume"": 210}, {""year"": 2026, ""month"": 2, ""search_volume"": 260}, {""year"": 2026, ""month"": 1, ""search_volume"": 320}, {""year"": 2025, ""month"": 12, ""search_volume"": 590}, {""year"": 2025, ""month"": 11, ""search_volume"": 390}, {""year"": 2025, ""month"": 10, ""search_volume"": 210}, {""year"": 2025, ""month"": 9, ""search_volume"": 210}, {""year"": 2025, ""month"": 8, ""search_volume"": 320}]"
A5,meuble liseuse,260,0.62,USD_DOCUMENTED,parent,False,,,,,"liseuse générale, mini-format non demandé",dataforseo_labs/google/keyword_suggestions/live,2026-09-03T11:47:40.664088+00:00,2026-09-03-test-decouverte-search-12/02-A5-discovery.json.gz,"[{""year"": 2026, ""month"": 7, ""search_volume"": 210}, {""year"": 2026, ""month"": 6, ""search_volume"": 210}, {""year"": 2026, ""month"": 5, ""search_volume"": 210}, {""year"": 2026, ""month"": 4, ""search_volume"": 210}, {""year"": 2026, ""month"": 3, ""search_volume"": 210}, {""year"": 2026, ""month"": 2, ""search_volume"": 260}, {""year"": 2026, ""month"": 1, ""search_volume"": 320}, {""year"": 2025, ""month"": 12, ""search_volume"": 320}, {""year"": 2025, ""month"": 11, ""search_volume"": 390}, {""year"": 2025, ""month"": 10, ""search_volume"": 320}, {""year"": 2025, ""month"": 9, ""search_volume"": 260}, {""year"": 2025, ""month"": 8, ""search_volume"": 320}]"
A5,liseuse kobo sage,260,0.28,USD_DOCUMENTED,parent,True,,,,,"liseuse générale, mini-format non demandé",dataforseo_labs/google/keyword_suggestions/live,2026-09-03T11:47:40.664088+00:00,2026-09-03-test-decouverte-search-12/02-A5-discovery.json.gz,"[{""year"": 2026, ""month"": 7, ""search_volume"": 110}, {""year"": 2026, ""month"": 6, ""search_volume"": 90}, {""year"": 2026, ""month"": 5, ""search_volume"": 90}, {""year"": 2026, ""month"": 4, ""search_volume"": 110}, {""year"": 2026, ""month"": 3, ""search_volume"": 140}, {""year"": 2026, ""month"": 2, ""search_volume"": 170}, {""year"": 2026, ""month"": 1, ""search_volume"": 210}, {""year"": 2025, ""month"": 12, ""search_volume"": 390}, {""year"": 2025, ""month"": 11, ""search_volume"": 720}, {""year"": 2025, ""month"": 10, ""search_volume"": 260}, {""year"": 2025, ""month"": 9, ""search_volume"": 210}, {""year"": 2025, ""month"": 8, ""search_volume"": 390}]"
A5,comparaison liseuse kobo,260,0.3,USD_DOCUMENTED,parent,True,,,,,"liseuse générale, mini-format non demandé",dataforseo_labs/google/keyword_suggestions/live,2026-09-03T11:47:40.664088+00:00,2026-09-03-test-decouverte-search-12/02-A5-discovery.json.gz,"[{""year"": 2026, ""month"": 7, ""search_volume"": 170}, {""year"": 2026, ""month"": 6, ""search_volume"": 170}, {""year"": 2026, ""month"": 5, ""search_volume"": 210}, {""year"": 2026, ""month"": 4, ""search_volume"": 170}, {""year"": 2026, ""month"": 3, ""search_volume"": 210}, {""year"": 2026, ""month"": 2, ""search_volume"": 170}, {""year"": 2026, ""month"": 1, ""search_volume"": 260}, {""year"": 2025, ""month"": 12, ""search_volume"": 390}, {""year"": 2025, ""month"": 11, ""search_volume"": 480}, {""year"": 2025, ""month"": 10, ""search_volume"": 260}, {""year"": 2025, ""month"": 9, ""search_volume"": 260}, {""year"": 2025, ""month"": 8, ""search_volume"": 320}]"
A5,livre à télécharger sur liseuse,260,0.94,USD_DOCUMENTED,incompatible,False,,,,,"lampe, logiciel, contenu ou sens non appareil",dataforseo_labs/google/keyword_suggestions/live,2026-09-03T11:47:40.664088+00:00,2026-09-03-test-decouverte-search-12/02-A5-discovery.json.gz,"[{""year"": 2026, ""month"": 7, ""search_volume"": 320}, {""year"": 2026, ""month"": 6, ""search_volume"": 210}, {""year"": 2026, ""month"": 5, ""search_volume"": 320}, {""year"": 2026, ""month"": 4, ""search_volume"": 260}, {""year"": 2026, ""month"": 3, ""search_volume"": 260}, {""year"": 2026, ""month"": 2, ""search_volume"": 260}, {""year"": 2026, ""month"": 1, ""search_volume"": 260}, {""year"": 2025, ""month"": 12, ""search_volume"": 320}, {""year"": 2025, ""month"": 11, ""search_volume"": 260}, {""year"": 2025, ""month"": 10, ""search_volume"": 170}, {""year"": 2025, ""month"": 9, ""search_volume"": 170}, {""year"": 2025, ""month"": 8, ""search_volume"": 260}]"
A5,liseuse kobo reconditionnée,260,0.37,USD_DOCUMENTED,parent,True,,,,,"liseuse générale, mini-format non demandé",dataforseo_labs/google/keyword_suggestions/live,2026-09-03T11:47:40.664088+00:00,2026-09-03-test-decouverte-search-12/02-A5-discovery.json.gz,"[{""year"": 2026, ""month"": 7, ""search_volume"": 320}, {""year"": 2026, ""month"": 6, ""search_volume"": 260}, {""year"": 2026, ""month"": 5, ""search_volume"": 170}, {""year"": 2026, ""month"": 4, ""search_volume"": 260}, {""year"": 2026, ""month"": 3, ""search_volume"": 170}, {""year"": 2026, ""month"": 2, ""search_volume"": 170}, {""year"": 2026, ""month"": 1, ""search_volume"": 260}, {""year"": 2025, ""month"": 12, ""search_volume"": 320}, {""year"": 2025, ""month"": 11, ""search_volume"": 390}, {""year"": 2025, ""month"": 10, ""search_volume"": 210}, {""year"": 2025, ""month"": 9, ""search_volume"": 260}, {""year"": 2025, ""month"": 8, ""search_volume"": 390}]"
A5,lampe liseuse pour livre,260,0.45,USD_DOCUMENTED,incompatible,False,,,,,"lampe, logiciel, contenu ou sens non appareil",dataforseo_labs/google/keyword_suggestions/live,2026-09-03T11:47:40.664088+00:00,2026-09-03-test-decouverte-search-12/02-A5-discovery.json.gz,"[{""year"": 2026, ""month"": 7, ""search_volume"": 210}, {""year"": 2026, ""month"": 6, ""search_volume"": 110}, {""year"": 2026, ""month"": 5, ""search_volume"": 140}, {""year"": 2026, ""month"": 4, ""search_volume"": 170}, {""year"": 2026, ""month"": 3, ""search_volume"": 210}, {""year"": 2026, ""month"": 2, ""search_volume"": 260}, {""year"": 2026, ""month"": 1, ""search_volume"": 320}, {""year"": 2025, ""month"": 12, ""search_volume"": 720}, {""year"": 2025, ""month"": 11, ""search_volume"": 390}, {""year"": 2025, ""month"": 10, ""search_volume"": 320}, {""year"": 2025, ""month"": 9, ""search_volume"": 210}, {""year"": 2025, ""month"": 8, ""search_volume"": 260}]"
A5,liseuse pour chambre,260,1.07,USD_DOCUMENTED,parent,False,,,,,"liseuse générale, mini-format non demandé",dataforseo_labs/google/keyword_suggestions/live,2026-09-03T11:47:40.664088+00:00,2026-09-03-test-decouverte-search-12/02-A5-discovery.json.gz,"[{""year"": 2026, ""month"": 7, ""search_volume"": 210}, {""year"": 2026, ""month"": 6, ""search_volume"": 210}, {""year"": 2026, ""month"": 5, ""search_volume"": 260}, {""year"": 2026, ""month"": 4, ""search_volume"": 260}, {""year"": 2026, ""month"": 3, ""search_volume"": 320}, {""year"": 2026, ""month"": 2, ""search_volume"": 320}, {""year"": 2026, ""month"": 1, ""search_volume"": 320}, {""year"": 2025, ""month"": 12, ""search_volume"": 210}, {""year"": 2025, ""month"": 11, ""search_volume"": 480}, {""year"": 2025, ""month"": 10, ""search_volume"": 390}, {""year"": 2025, ""month"": 9, ""search_volume"": 320}, {""year"": 2025, ""month"": 8, ""search_volume"": 260}]"
A5,mini liseuse,260,0.13,USD_DOCUMENTED,core,False,G0001,260,G0002,260,petit appareil explicitement recherché,keywords_data/google_ads/search_volume/live,2026-09-03T14:41:31.031518+00:00,2026-09-03-qualification-9-produits-pur/raw/20-controls-0.json.gz,"[{""year"": 2026, ""month"": 7, ""search_volume"": 480}, {""year"": 2026, ""month"": 6, ""search_volume"": 320}, {""year"": 2026, ""month"": 5, ""search_volume"": 390}, {""year"": 2026, ""month"": 4, ""search_volume"": 720}, {""year"": 2026, ""month"": 3, ""search_volume"": 390}, {""year"": 2026, ""month"": 2, ""search_volume"": 170}, {""year"": 2026, ""month"": 1, ""search_volume"": 210}, {""year"": 2025, ""month"": 12, ""search_volume"": 170}, {""year"": 2025, ""month"": 11, ""search_volume"": 110}, {""year"": 2025, ""month"": 10, ""search_volume"": 110}, {""year"": 2025, ""month"": 9, ""search_volume"": 110}, {""year"": 2025, ""month"": 8, ""search_volume"": 110}]"
A5,pochette pour liseuse kobo,260,0.37,USD_DOCUMENTED,incompatible,True,,,,,"lampe, logiciel, contenu ou sens non appareil",keywords_data/google_ads/search_volume/live,2026-09-03T14:41:31.031518+00:00,2026-09-03-qualification-9-produits-pur/raw/20-controls-0.json.gz,"[{""year"": 2026, ""month"": 7, ""search_volume"": 210}, {""year"": 2026, ""month"": 6, ""search_volume"": 170}, {""year"": 2026, ""month"": 5, ""search_volume"": 210}, {""year"": 2026, ""month"": 4, ""search_volume"": 170}, {""year"": 2026, ""month"": 3, ""search_volume"": 170}, {""year"": 2026, ""month"": 2, ""search_volume"": 170}, {""year"": 2026, ""month"": 1, ""search_volume"": 260}, {""year"": 2025, ""month"": 12, ""search_volume"": 480}, {""year"": 2025, ""month"": 11, ""search_volume"": 320}, {""year"": 2025, ""month"": 10, ""search_volume"": 210}, {""year"": 2025, ""month"": 9, ""search_volume"": 210}, {""year"": 2025, ""month"": 8, ""search_volume"": 260}]"
A5,lampe liseuse sur livre,260,0.45,USD_DOCUMENTED,incompatible,False,,,,,"lampe, logiciel, contenu ou sens non appareil",dataforseo_labs/google/keyword_suggestions/live,2026-09-03T11:47:40.664088+00:00,2026-09-03-test-decouverte-search-12/02-A5-discovery.json.gz,"[{""year"": 2026, ""month"": 7, ""search_volume"": 210}, {""year"": 2026, ""month"": 6, ""search_volume"": 110}, {""year"": 2026, ""month"": 5, ""search_volume"": 140}, {""year"": 2026, ""month"": 4, ""search_volume"": 170}, {""year"": 2026, ""month"": 3, ""search_volume"": 210}, {""year"": 2026, ""month"": 2, ""search_volume"": 260}, {""year"": 2026, ""month"": 1, ""search_volume"": 320}, {""year"": 2025, ""month"": 12, ""search_volume"": 720}, {""year"": 2025, ""month"": 11, ""search_volume"": 390}, {""year"": 2025, ""month"": 10, ""search_volume"": 320}, {""year"": 2025, ""month"": 9, ""search_volume"": 210}, {""year"": 2025, ""month"": 8, ""search_volume"": 260}]"
A5,liseuse tête de lit ikea,260,0.47,USD_DOCUMENTED,parent,True,,,,,"liseuse générale, mini-format non demandé",dataforseo_labs/google/keyword_suggestions/live,2026-09-03T11:47:40.664088+00:00,2026-09-03-test-decouverte-search-12/02-A5-discovery.json.gz,"[{""year"": 2026, ""month"": 7, ""search_volume"": 140}, {""year"": 2026, ""month"": 6, ""search_volume"": 140}, {""year"": 2026, ""month"": 5, ""search_volume"": 210}, {""year"": 2026, ""month"": 4, ""search_volume"": 170}, {""year"": 2026, ""month"": 3, ""search_volume"": 210}, {""year"": 2026, ""month"": 2, ""search_volume"": 260}, {""year"": 2026, ""month"": 1, ""search_volume"": 320}, {""year"": 2025, ""month"": 12, ""search_volume"": 210}, {""year"": 2025, ""month"": 11, ""search_volume"": 320}, {""year"": 2025, ""month"": 10, ""search_volume"": 320}, {""year"": 2025, ""month"": 9, ""search_volume"": 260}, {""year"": 2025, ""month"": 8, ""search_volume"": 320}]"
A5,comparatif liseuse kobo,260,0.3,USD_DOCUMENTED,parent,True,,,,,"liseuse générale, mini-format non demandé",dataforseo_labs/google/keyword_suggestions/live,2026-09-03T11:47:40.664088+00:00,2026-09-03-test-decouverte-search-12/02-A5-discovery.json.gz,"[{""year"": 2026, ""month"": 7, ""search_volume"": 170}, {""year"": 2026, ""month"": 6, ""search_volume"": 170}, {""year"": 2026, ""month"": 5, ""search_volume"": 210}, {""year"": 2026, ""month"": 4, ""search_volume"": 170}, {""year"": 2026, ""month"": 3, ""search_volume"": 210}, {""year"": 2026, ""month"": 2, ""search_volume"": 170}, {""year"": 2026, ""month"": 1, ""search_volume"": 260}, {""year"": 2025, ""month"": 12, ""search_volume"": 390}, {""year"": 2025, ""month"": 11, ""search_volume"": 480}, {""year"": 2025, ""month"": 10, ""search_volume"": 260}, {""year"": 2025, ""month"": 9, ""search_volume"": 260}, {""year"": 2025, ""month"": 8, ""search_volume"": 320}]"
A5,que choisir liseuse,260,0.35,USD_DOCUMENTED,parent,False,,,,,"liseuse générale, mini-format non demandé",dataforseo_labs/google/keyword_suggestions/live,2026-09-03T11:47:40.664088+00:00,2026-09-03-test-decouverte-search-12/02-A5-discovery.json.gz,"[{""year"": 2026, ""month"": 7, ""search_volume"": 260}, {""year"": 2026, ""month"": 6, ""search_volume"": 210}, {""year"": 2026, ""month"": 5, ""search_volume"": 170}, {""year"": 2026, ""month"": 4, ""search_volume"": 170}, {""year"": 2026, ""month"": 3, ""search_volume"": 170}, {""year"": 2026, ""month"": 2, ""search_volume"": 210}, {""year"": 2026, ""month"": 1, ""search_volume"": 210}, {""year"": 2025, ""month"": 12, ""search_volume"": 480}, {""year"": 2025, ""month"": 11, ""search_volume"": 480}, {""year"": 2025, ""month"": 10, ""search_volume"": 260}, {""year"": 2025, ""month"": 9, ""search_volume"": 210}, {""year"": 2025, ""month"": 8, ""search_volume"": 320}]"
A5,étui pour liseuse kindle,260,0.56,USD_DOCUMENTED,incompatible,True,,,,,"lampe, logiciel, contenu ou sens non appareil",dataforseo_labs/google/keyword_suggestions/live,2026-09-03T11:47:40.664088+00:00,2026-09-03-test-decouverte-search-12/02-A5-discovery.json.gz,"[{""year"": 2026, ""month"": 7, ""search_volume"": 210}, {""year"": 2026, ""month"": 6, ""search_volume"": 170}, {""year"": 2026, ""month"": 5, ""search_volume"": 210}, {""year"": 2026, ""month"": 4, ""search_volume"": 170}, {""year"": 2026, ""month"": 3, ""search_volume"": 210}, {""year"": 2026, ""month"": 2, ""search_volume"": 210}, {""year"": 2026, ""month"": 1, ""search_volume"": 320}, {""year"": 2025, ""month"": 12, ""search_volume"": 590}, {""year"": 2025, ""month"": 11, ""search_volume"": 390}, {""year"": 2025, ""month"": 10, ""search_volume"": 170}, {""year"": 2025, ""month"": 9, ""search_volume"": 170}, {""year"": 2025, ""month"": 8, ""search_volume"": 210}]"
A5,cdiscount liseuse,260,0.23,USD_DOCUMENTED,parent,True,,,,,"liseuse générale, mini-format non demandé",dataforseo_labs/google/keyword_suggestions/live,2026-09-03T11:47:40.664088+00:00,2026-09-03-test-decouverte-search-12/02-A5-discovery.json.gz,"[{""year"": 2026, ""month"": 7, ""search_volume"": 210}, {""year"": 2026, ""month"": 6, ""search_volume"": 140}, {""year"": 2026, ""month"": 5, ""search_volume"": 170}, {""year"": 2026, ""month"": 4, ""search_volume"": 110}, {""year"": 2026, ""month"": 3, ""search_volume"": 140}, {""year"": 2026, ""month"": 2, ""search_volume"": 210}, {""year"": 2026, ""month"": 1, ""search_volume"": 320}, {""year"": 2025, ""month"": 12, ""search_volume"": 480}, {""year"": 2025, ""month"": 11, ""search_volume"": 590}, {""year"": 2025, ""month"": 10, ""search_volume"": 210}, {""year"": 2025, ""month"": 9, ""search_volume"": 210}, {""year"": 2025, ""month"": 8, ""search_volume"": 260}]"
A5,lampe liseuse livre,260,0.45,USD_DOCUMENTED,incompatible,False,,,,,"lampe, logiciel, contenu ou sens non appareil",dataforseo_labs/google/keyword_suggestions/live,2026-09-03T11:47:40.664088+00:00,2026-09-03-test-decouverte-search-12/02-A5-discovery.json.gz,"[{""year"": 2026, ""month"": 7, ""search_volume"": 210}, {""year"": 2026, ""month"": 6, ""search_volume"": 110}, {""year"": 2026, ""month"": 5, ""search_volume"": 140}, {""year"": 2026, ""month"": 4, ""search_volume"": 170}, {""year"": 2026, ""month"": 3, ""search_volume"": 210}, {""year"": 2026, ""month"": 2, ""search_volume"": 260}, {""year"": 2026, ""month"": 1, ""search_volume"": 320}, {""year"": 2025, ""month"": 12, ""search_volume"": 720}, {""year"": 2025, ""month"": 11, ""search_volume"": 390}, {""year"": 2025, ""month"": 10, ""search_volume"": 320}, {""year"": 2025, ""month"": 9, ""search_volume"": 210}, {""year"": 2025, ""month"": 8, ""search_volume"": 260}]"
A5,liseuse kobo comparatif,260,0.3,USD_DOCUMENTED,parent,True,,,,,"liseuse générale, mini-format non demandé",dataforseo_labs/google/keyword_suggestions/live,2026-09-03T11:47:40.664088+00:00,2026-09-03-test-decouverte-search-12/02-A5-discovery.json.gz,"[{""year"": 2026, ""month"": 7, ""search_volume"": 170}, {""year"": 2026, ""month"": 6, ""search_volume"": 170}, {""year"": 2026, ""month"": 5, ""search_volume"": 210}, {""year"": 2026, ""month"": 4, ""search_volume"": 170}, {""year"": 2026, ""month"": 3, ""search_volume"": 210}, {""year"": 2026, ""month"": 2, ""search_volume"": 170}, {""year"": 2026, ""month"": 1, ""search_volume"": 260}, {""year"": 2025, ""month"": 12, ""search_volume"": 390}, {""year"": 2025, ""month"": 11, ""search_volume"": 480}, {""year"": 2025, ""month"": 10, ""search_volume"": 260}, {""year"": 2025, ""month"": 9, ""search_volume"": 260}, {""year"": 2025, ""month"": 8, ""search_volume"": 320}]"
A5,liseuse que choisir,260,0.35,USD_DOCUMENTED,parent,False,,,,,"liseuse générale, mini-format non demandé",dataforseo_labs/google/keyword_suggestions/live,2026-09-03T11:47:40.664088+00:00,2026-09-03-test-decouverte-search-12/02-A5-discovery.json.gz,"[{""year"": 2026, ""month"": 7, ""search_volume"": 260}, {""year"": 2026, ""month"": 6, ""search_volume"": 210}, {""year"": 2026, ""month"": 5, ""search_volume"": 170}, {""year"": 2026, ""month"": 4, ""search_volume"": 170}, {""year"": 2026, ""month"": 3, ""search_volume"": 170}, {""year"": 2026, ""month"": 2, ""search_volume"": 210}, {""year"": 2026, ""month"": 1, ""search_volume"": 210}, {""year"": 2025, ""month"": 12, ""search_volume"": 480}, {""year"": 2025, ""month"": 11, ""search_volume"": 480}, {""year"": 2025, ""month"": 10, ""search_volume"": 260}, {""year"": 2025, ""month"": 9, ""search_volume"": 210}, {""year"": 2025, ""month"": 8, ""search_volume"": 320}]"
A5,protection liseuse kobo,260,0.25,USD_DOCUMENTED,parent,True,,,,,"liseuse générale, mini-format non demandé",dataforseo_labs/google/keyword_suggestions/live,2026-09-03T11:47:40.664088+00:00,2026-09-03-test-decouverte-search-12/02-A5-discovery.json.gz,"[{""year"": 2026, ""month"": 7, ""search_volume"": 210}, {""year"": 2026, ""month"": 6, ""search_volume"": 210}, {""year"": 2026, ""month"": 5, ""search_volume"": 210}, {""year"": 2026, ""month"": 4, ""search_volume"": 170}, {""year"": 2026, ""month"": 3, ""search_volume"": 210}, {""year"": 2026, ""month"": 2, ""search_volume"": 260}, {""year"": 2026, ""month"": 1, ""search_volume"": 320}, {""year"": 2025, ""month"": 12, ""search_volume"": 590}, {""year"": 2025, ""month"": 11, ""search_volume"": 390}, {""year"": 2025, ""month"": 10, ""search_volume"": 210}, {""year"": 2025, ""month"": 9, ""search_volume"": 210}, {""year"": 2025, ""month"": 8, ""search_volume"": 320}]"
A5,liseuse murale chambre,260,1.55,USD_DOCUMENTED,parent,False,,,,,"liseuse générale, mini-format non demandé",dataforseo_labs/google/keyword_suggestions/live,2026-09-03T11:47:40.664088+00:00,2026-09-03-test-decouverte-search-12/02-A5-discovery.json.gz,"[{""year"": 2026, ""month"": 7, ""search_volume"": 210}, {""year"": 2026, ""month"": 6, ""search_volume"": 210}, {""year"": 2026, ""month"": 5, ""search_volume"": 260}, {""year"": 2026, ""month"": 4, ""search_volume"": 320}, {""year"": 2026, ""month"": 3, ""search_volume"": 390}, {""year"": 2026, ""month"": 2, ""search_volume"": 260}, {""year"": 2026, ""month"": 1, ""search_volume"": 320}, {""year"": 2025, ""month"": 12, ""search_volume"": 260}, {""year"": 2025, ""month"": 11, ""search_volume"": 140}, {""year"": 2025, ""month"": 10, ""search_volume"": 170}, {""year"": 2025, ""month"": 9, ""search_volume"": 320}, {""year"": 2025, ""month"": 8, ""search_volume"": 260}]"
A5,liseuse kobo clara colour,260,0.38,USD_DOCUMENTED,parent,True,,,,,"liseuse générale, mini-format non demandé",dataforseo_labs/google/keyword_suggestions/live,2026-09-03T11:47:40.664088+00:00,2026-09-03-test-decouverte-search-12/02-A5-discovery.json.gz,"[{""year"": 2026, ""month"": 7, ""search_volume"": 210}, {""year"": 2026, ""month"": 6, ""search_volume"": 210}, {""year"": 2026, ""month"": 5, ""search_volume"": 140}, {""year"": 2026, ""month"": 4, ""search_volume"": 170}, {""year"": 2026, ""month"": 3, ""search_volume"": 170}, {""year"": 2026, ""month"": 2, ""search_volume"": 170}, {""year"": 2026, ""month"": 1, ""search_volume"": 260}, {""year"": 2025, ""month"": 12, ""search_volume"": 390}, {""year"": 2025, ""month"": 11, ""search_volume"": 480}, {""year"": 2025, ""month"": 10, ""search_volume"": 170}, {""year"": 2025, ""month"": 9, ""search_volume"": 210}, {""year"": 2025, ""month"": 8, ""search_volume"": 170}]"
A5,liseuse mini,260,0.13,USD_DOCUMENTED,core,False,G0001,0,G0002,0,petit appareil explicitement recherché,keywords_data/google_ads/search_volume/live,2026-09-03T14:41:31.031518+00:00,2026-09-03-qualification-9-produits-pur/raw/20-controls-0.json.gz,"[{""year"": 2026, ""month"": 7, ""search_volume"": 480}, {""year"": 2026, ""month"": 6, ""search_volume"": 320}, {""year"": 2026, ""month"": 5, ""search_volume"": 390}, {""year"": 2026, ""month"": 4, ""search_volume"": 720}, {""year"": 2026, ""month"": 3, ""search_volume"": 390}, {""year"": 2026, ""month"": 2, ""search_volume"": 170}, {""year"": 2026, ""month"": 1, ""search_volume"": 210}, {""year"": 2025, ""month"": 12, ""search_volume"": 170}, {""year"": 2025, ""month"": 11, ""search_volume"": 110}, {""year"": 2025, ""month"": 10, ""search_volume"": 110}, {""year"": 2025, ""month"": 9, ""search_volume"": 110}, {""year"": 2025, ""month"": 8, ""search_volume"": 110}]"
A5,lampe liseuse à pince,260,0.51,USD_DOCUMENTED,incompatible,False,,,,,"lampe, logiciel, contenu ou sens non appareil",dataforseo_labs/google/keyword_suggestions/live,2026-09-03T11:47:40.664088+00:00,2026-09-03-test-decouverte-search-12/02-A5-discovery.json.gz,"[{""year"": 2026, ""month"": 7, ""search_volume"": 110}, {""year"": 2026, ""month"": 6, ""search_volume"": 140}, {""year"": 2026, ""month"": 5, ""search_volume"": 170}, {""year"": 2026, ""month"": 4, ""search_volume"": 140}, {""year"": 2026, ""month"": 3, ""search_volume"": 210}, {""year"": 2026, ""month"": 2, ""search_volume"": 260}, {""year"": 2026, ""month"": 1, ""search_volume"": 320}, {""year"": 2025, ""month"": 12, ""search_volume"": 590}, {""year"": 2025, ""month"": 11, ""search_volume"": 480}, {""year"": 2025, ""month"": 10, ""search_volume"": 260}, {""year"": 2025, ""month"": 9, ""search_volume"": 260}, {""year"": 2025, ""month"": 8, ""search_volume"": 260}]"
A5,liseuse couleur bd,260,0.26,USD_DOCUMENTED,parent,False,,,,,"liseuse générale, mini-format non demandé",dataforseo_labs/google/keyword_suggestions/live,2026-09-03T11:47:40.664088+00:00,2026-09-03-test-decouverte-search-12/02-A5-discovery.json.gz,"[{""year"": 2026, ""month"": 7, ""search_volume"": 210}, {""year"": 2026, ""month"": 6, ""search_volume"": 210}, {""year"": 2026, ""month"": 5, ""search_volume"": 210}, {""year"": 2026, ""month"": 4, ""search_volume"": 170}, {""year"": 2026, ""month"": 3, ""search_volume"": 260}, {""year"": 2026, ""month"": 2, ""search_volume"": 210}, {""year"": 2026, ""month"": 1, ""search_volume"": 320}, {""year"": 2025, ""month"": 12, ""search_volume"": 390}, {""year"": 2025, ""month"": 11, ""search_volume"": 320}, {""year"": 2025, ""month"": 10, ""search_volume"": 390}, {""year"": 2025, ""month"": 9, ""search_volume"": 260}, {""year"": 2025, ""month"": 8, ""search_volume"": 320}]"
A5,liseuse chambre,260,1.07,USD_DOCUMENTED,parent,False,,,,,"liseuse générale, mini-format non demandé",dataforseo_labs/google/keyword_suggestions/live,2026-09-03T11:47:40.664088+00:00,2026-09-03-test-decouverte-search-12/02-A5-discovery.json.gz,"[{""year"": 2026, ""month"": 7, ""search_volume"": 210}, {""year"": 2026, ""month"": 6, ""search_volume"": 210}, {""year"": 2026, ""month"": 5, ""search_volume"": 260}, {""year"": 2026, ""month"": 4, ""search_volume"": 260}, {""year"": 2026, ""month"": 3, ""search_volume"": 320}, {""year"": 2026, ""month"": 2, ""search_volume"": 320}, {""year"": 2026, ""month"": 1, ""search_volume"": 320}, {""year"": 2025, ""month"": 12, ""search_volume"": 210}, {""year"": 2025, ""month"": 11, ""search_volume"": 480}, {""year"": 2025, ""month"": 10, ""search_volume"": 390}, {""year"": 2025, ""month"": 9, ""search_volume"": 320}, {""year"": 2025, ""month"": 8, ""search_volume"": 260}]"
A5,lampe de lecture liseuse,210,0.28,USD_DOCUMENTED,incompatible,False,,,,,"lampe, logiciel, contenu ou sens non appareil",dataforseo_labs/google/keyword_suggestions/live,2026-09-03T11:47:40.664088+00:00,2026-09-03-test-decouverte-search-12/02-A5-discovery.json.gz,"[{""year"": 2026, ""month"": 7, ""search_volume"": 40}, {""year"": 2026, ""month"": 6, ""search_volume"": 40}, {""year"": 2026, ""month"": 5, ""search_volume"": 70}, {""year"": 2026, ""month"": 4, ""search_volume"": 170}, {""year"": 2026, ""month"": 3, ""search_volume"": 260}, {""year"": 2026, ""month"": 2, ""search_volume"": 320}, {""year"": 2026, ""month"": 1, ""search_volume"": 390}, {""year"": 2025, ""month"": 12, ""search_volume"": 480}, {""year"": 2025, ""month"": 11, ""search_volume"": 390}, {""year"": 2025, ""month"": 10, ""search_volume"": 170}, {""year"": 2025, ""month"": 9, ""search_volume"": 170}, {""year"": 2025, ""month"": 8, ""search_volume"": 140}]"
A5,abonnement liseuse kindle,210,1.93,USD_DOCUMENTED,parent,True,,,,,"liseuse générale, mini-format non demandé",dataforseo_labs/google/keyword_suggestions/live,2026-09-03T11:47:40.664088+00:00,2026-09-03-test-decouverte-search-12/02-A5-discovery.json.gz,"[{""year"": 2026, ""month"": 7, ""search_volume"": 140}, {""year"": 2026, ""month"": 6, ""search_volume"": 110}, {""year"": 2026, ""month"": 5, ""search_volume"": 170}, {""year"": 2026, ""month"": 4, ""search_volume"": 140}, {""year"": 2026, ""month"": 3, ""search_volume"": 210}, {""year"": 2026, ""month"": 2, ""search_volume"": 170}, {""year"": 2026, ""month"": 1, ""search_volume"": 170}, {""year"": 2025, ""month"": 12, ""search_volume"": 390}, {""year"": 2025, ""month"": 11, ""search_volume"": 390}, {""year"": 2025, ""month"": 10, ""search_volume"": 260}, {""year"": 2025, ""month"": 9, ""search_volume"": 170}, {""year"": 2025, ""month"": 8, ""search_volume"": 210}]"
A5,livre gratuit liseuse kobo,210,0.19,USD_DOCUMENTED,incompatible,True,,,,,"lampe, logiciel, contenu ou sens non appareil",dataforseo_labs/google/keyword_suggestions/live,2026-09-03T11:47:40.664088+00:00,2026-09-03-test-decouverte-search-12/02-A5-discovery.json.gz,"[{""year"": 2026, ""month"": 7, ""search_volume"": 210}, {""year"": 2026, ""month"": 6, ""search_volume"": 140}, {""year"": 2026, ""month"": 5, ""search_volume"": 210}, {""year"": 2026, ""month"": 4, ""search_volume"": 210}, {""year"": 2026, ""month"": 3, ""search_volume"": 210}, {""year"": 2026, ""month"": 2, ""search_volume"": 260}, {""year"": 2026, ""month"": 1, ""search_volume"": 260}, {""year"": 2025, ""month"": 12, ""search_volume"": 320}, {""year"": 2025, ""month"": 11, ""search_volume"": 170}, {""year"": 2025, ""month"": 10, ""search_volume"": 170}, {""year"": 2025, ""month"": 9, ""search_volume"": 140}, {""year"": 2025, ""month"": 8, ""search_volume"": 170}]"
A5,telecharger livres gratuits pour liseuse,210,0.78,USD_DOCUMENTED,incompatible,False,,,,,"lampe, logiciel, contenu ou sens non appareil",dataforseo_labs/google/keyword_suggestions/live,2026-09-03T11:47:40.664088+00:00,2026-09-03-test-decouverte-search-12/02-A5-discovery.json.gz,"[{""year"": 2026, ""month"": 7, ""search_volume"": 390}, {""year"": 2026, ""month"": 6, ""search_volume"": 260}, {""year"": 2026, ""month"": 5, ""search_volume"": 140}, {""year"": 2026, ""month"": 4, ""search_volume"": 260}, {""year"": 2026, ""month"": 3, ""search_volume"": 320}, {""year"": 2026, ""month"": 2, ""search_volume"": 170}, {""year"": 2026, ""month"": 1, ""search_volume"": 260}, {""year"": 2025, ""month"": 12, ""search_volume"": 260}, {""year"": 2025, ""month"": 11, ""search_volume"": 110}, {""year"": 2025, ""month"": 10, ""search_volume"": 170}, {""year"": 2025, ""month"": 9, ""search_volume"": 140}, {""year"": 2025, ""month"": 8, ""search_volume"": 210}]"
A5,liseuse auchan,210,0.12,USD_DOCUMENTED,parent,True,,,,,"liseuse générale, mini-format non demandé",dataforseo_labs/google/keyword_suggestions/live,2026-09-03T11:47:40.664088+00:00,2026-09-03-test-decouverte-search-12/02-A5-discovery.json.gz,"[{""year"": 2026, ""month"": 7, ""search_volume"": 170}, {""year"": 2026, ""month"": 6, ""search_volume"": 110}, {""year"": 2026, ""month"": 5, ""search_volume"": 140}, {""year"": 2026, ""month"": 4, ""search_volume"": 110}, {""year"": 2026, ""month"": 3, ""search_volume"": 140}, {""year"": 2026, ""month"": 2, ""search_volume"": 170}, {""year"": 2026, ""month"": 1, ""search_volume"": 210}, {""year"": 2025, ""month"": 12, ""search_volume"": 480}, {""year"": 2025, ""month"": 11, ""search_volume"": 320}, {""year"": 2025, ""month"": 10, ""search_volume"": 170}, {""year"": 2025, ""month"": 9, ""search_volume"": 170}, {""year"": 2025, ""month"": 8, ""search_volume"": 260}]"
A5,livres liseuse kobo,210,0.42,USD_DOCUMENTED,parent,True,,,,,"liseuse générale, mini-format non demandé",dataforseo_labs/google/keyword_suggestions/live,2026-09-03T11:47:40.664088+00:00,2026-09-03-test-decouverte-search-12/02-A5-discovery.json.gz,"[{""year"": 2026, ""month"": 7, ""search_volume"": 210}, {""year"": 2026, ""month"": 6, ""search_volume"": 170}, {""year"": 2026, ""month"": 5, ""search_volume"": 210}, {""year"": 2026, ""month"": 4, ""search_volume"": 170}, {""year"": 2026, ""month"": 3, ""search_volume"": 170}, {""year"": 2026, ""month"": 2, ""search_volume"": 210}, {""year"": 2026, ""month"": 1, ""search_volume"": 260}, {""year"": 2025, ""month"": 12, ""search_volume"": 320}, {""year"": 2025, ""month"": 11, ""search_volume"": 210}, {""year"": 2025, ""month"": 10, ""search_volume"": 140}, {""year"": 2025, ""month"": 9, ""search_volume"": 170}, {""year"": 2025, ""month"": 8, ""search_volume"": 260}]"
A5,kobo liseuse livre gratuit,210,0.19,USD_DOCUMENTED,incompatible,True,,,,,"lampe, logiciel, contenu ou sens non appareil",dataforseo_labs/google/keyword_suggestions/live,2026-09-03T11:47:40.664088+00:00,2026-09-03-test-decouverte-search-12/02-A5-discovery.json.gz,"[{""year"": 2026, ""month"": 7, ""search_volume"": 210}, {""year"": 2026, ""month"": 6, ""search_volume"": 140}, {""year"": 2026, ""month"": 5, ""search_volume"": 210}, {""year"": 2026, ""month"": 4, ""search_volume"": 210}, {""year"": 2026, ""month"": 3, ""search_volume"": 210}, {""year"": 2026, ""month"": 2, ""search_volume"": 260}, {""year"": 2026, ""month"": 1, ""search_volume"": 260}, {""year"": 2025, ""month"": 12, ""search_volume"": 320}, {""year"": 2025, ""month"": 11, ""search_volume"": 170}, {""year"": 2025, ""month"": 10, ""search_volume"": 170}, {""year"": 2025, ""month"": 9, ""search_volume"": 140}, {""year"": 2025, ""month"": 8, ""search_volume"": 170}]"
A5,livres gratuits liseuse kobo,210,0.19,USD_DOCUMENTED,incompatible,True,,,,,"lampe, logiciel, contenu ou sens non appareil",dataforseo_labs/google/keyword_suggestions/live,2026-09-03T11:47:40.664088+00:00,2026-09-03-test-decouverte-search-12/02-A5-discovery.json.gz,"[{""year"": 2026, ""month"": 7, ""search_volume"": 210}, {""year"": 2026, ""month"": 6, ""search_volume"": 140}, {""year"": 2026, ""month"": 5, ""search_volume"": 210}, {""year"": 2026, ""month"": 4, ""search_volume"": 210}, {""year"": 2026, ""month"": 3, ""search_volume"": 210}, {""year"": 2026, ""month"": 2, ""search_volume"": 260}, {""year"": 2026, ""month"": 1, ""search_volume"": 260}, {""year"": 2025, ""month"": 12, ""search_volume"": 320}, {""year"": 2025, ""month"": 11, ""search_volume"": 170}, {""year"": 2025, ""month"": 10, ""search_volume"": 170}, {""year"": 2025, ""month"": 9, ""search_volume"": 140}, {""year"": 2025, ""month"": 8, ""search_volume"": 170}]"
A5,pochette liseuse kindle,210,0.36,USD_DOCUMENTED,incompatible,True,,,,,"lampe, logiciel, contenu ou sens non appareil",keywords_data/google_ads/search_volume/live,2026-09-03T14:41:31.031518+00:00,2026-09-03-qualification-9-produits-pur/raw/20-controls-0.json.gz,"[{""year"": 2026, ""month"": 7, ""search_volume"": 170}, {""year"": 2026, ""month"": 6, ""search_volume"": 170}, {""year"": 2026, ""month"": 5, ""search_volume"": 170}, {""year"": 2026, ""month"": 4, ""search_volume"": 140}, {""year"": 2026, ""month"": 3, ""search_volume"": 170}, {""year"": 2026, ""month"": 2, ""search_volume"": 170}, {""year"": 2026, ""month"": 1, ""search_volume"": 260}, {""year"": 2025, ""month"": 12, ""search_volume"": 590}, {""year"": 2025, ""month"": 11, ""search_volume"": 320}, {""year"": 2025, ""month"": 10, ""search_volume"": 170}, {""year"": 2025, ""month"": 9, ""search_volume"": 140}, {""year"": 2025, ""month"": 8, ""search_volume"": 140}]"
A5,quel liseuse acheter,210,0.33,USD_DOCUMENTED,parent,False,,,,,"liseuse générale, mini-format non demandé",dataforseo_labs/google/keyword_suggestions/live,2026-09-03T11:47:40.664088+00:00,2026-09-03-test-decouverte-search-12/02-A5-discovery.json.gz,"[{""year"": 2026, ""month"": 7, ""search_volume"": 140}, {""year"": 2026, ""month"": 6, ""search_volume"": 110}, {""year"": 2026, ""month"": 5, ""search_volume"": 110}, {""year"": 2026, ""month"": 4, ""search_volume"": 90}, {""year"": 2026, ""month"": 3, ""search_volume"": 110}, {""year"": 2026, ""month"": 2, ""search_volume"": 110}, {""year"": 2026, ""month"": 1, ""search_volume"": 210}, {""year"": 2025, ""month"": 12, ""search_volume"": 320}, {""year"": 2025, ""month"": 11, ""search_volume"": 480}, {""year"": 2025, ""month"": 10, ""search_volume"": 210}, {""year"": 2025, ""month"": 9, ""search_volume"": 210}, {""year"": 2025, ""month"": 8, ""search_volume"": 320}]"
A5,meilleure liseuse couleur,210,0.29,USD_DOCUMENTED,parent,False,,,,,"liseuse générale, mini-format non demandé",dataforseo_labs/google/keyword_suggestions/live,2026-09-03T11:47:40.664088+00:00,2026-09-03-test-decouverte-search-12/02-A5-discovery.json.gz,"[{""year"": 2026, ""month"": 7, ""search_volume"": 140}, {""year"": 2026, ""month"": 6, ""search_volume"": 140}, {""year"": 2026, ""month"": 5, ""search_volume"": 110}, {""year"": 2026, ""month"": 4, ""search_volume"": 90}, {""year"": 2026, ""month"": 3, ""search_volume"": 140}, {""year"": 2026, ""month"": 2, ""search_volume"": 140}, {""year"": 2026, ""month"": 1, ""search_volume"": 210}, {""year"": 2025, ""month"": 12, ""search_volume"": 260}, {""year"": 2025, ""month"": 11, ""search_volume"": 320}, {""year"": 2025, ""month"": 10, ""search_volume"": 210}, {""year"": 2025, ""month"": 9, ""search_volume"": 210}, {""year"": 2025, ""month"": 8, ""search_volume"": 320}]"
A5,taille liseuse,210,0.46,USD_DOCUMENTED,parent,False,,,,,"liseuse générale, mini-format non demandé",dataforseo_labs/google/keyword_suggestions/live,2026-09-03T11:47:40.664088+00:00,2026-09-03-test-decouverte-search-12/02-A5-discovery.json.gz,"[{""year"": 2026, ""month"": 7, ""search_volume"": 140}, {""year"": 2026, ""month"": 6, ""search_volume"": 140}, {""year"": 2026, ""month"": 5, ""search_volume"": 170}, {""year"": 2026, ""month"": 4, ""search_volume"": 110}, {""year"": 2026, ""month"": 3, ""search_volume"": 140}, {""year"": 2026, ""month"": 2, ""search_volume"": 140}, {""year"": 2026, ""month"": 1, ""search_volume"": 210}, {""year"": 2025, ""month"": 12, ""search_volume"": 390}, {""year"": 2025, ""month"": 11, ""search_volume"": 390}, {""year"": 2025, ""month"": 10, ""search_volume"": 170}, {""year"": 2025, ""month"": 9, ""search_volume"": 170}, {""year"": 2025, ""month"": 8, ""search_volume"": 210}]"
A5,lampadaire liseuse ikea,210,0.23,USD_DOCUMENTED,incompatible,True,,,,,"lampe, logiciel, contenu ou sens non appareil",dataforseo_labs/google/keyword_suggestions/live,2026-09-03T11:47:40.664088+00:00,2026-09-03-test-decouverte-search-12/02-A5-discovery.json.gz,"[{""year"": 2026, ""month"": 7, ""search_volume"": 90}, {""year"": 2026, ""month"": 6, ""search_volume"": 90}, {""year"": 2026, ""month"": 5, ""search_volume"": 110}, {""year"": 2026, ""month"": 4, ""search_volume"": 140}, {""year"": 2026, ""month"": 3, ""search_volume"": 140}, {""year"": 2026, ""month"": 2, ""search_volume"": 210}, {""year"": 2026, ""month"": 1, ""search_volume"": 320}, {""year"": 2025, ""month"": 12, ""search_volume"": 320}, {""year"": 2025, ""month"": 11, ""search_volume"": 320}, {""year"": 2025, ""month"": 10, ""search_volume"": 210}, {""year"": 2025, ""month"": 9, ""search_volume"": 210}, {""year"": 2025, ""month"": 8, ""search_volume"": 210}]"
A5,quelle liseuse acheter,210,0.33,USD_DOCUMENTED,parent,False,,,,,"liseuse générale, mini-format non demandé",dataforseo_labs/google/keyword_suggestions/live,2026-09-03T11:47:40.664088+00:00,2026-09-03-test-decouverte-search-12/02-A5-discovery.json.gz,"[{""year"": 2026, ""month"": 7, ""search_volume"": 140}, {""year"": 2026, ""month"": 6, ""search_volume"": 110}, {""year"": 2026, ""month"": 5, ""search_volume"": 110}, {""year"": 2026, ""month"": 4, ""search_volume"": 90}, {""year"": 2026, ""month"": 3, ""search_volume"": 110}, {""year"": 2026, ""month"": 2, ""search_volume"": 110}, {""year"": 2026, ""month"": 1, ""search_volume"": 210}, {""year"": 2025, ""month"": 12, ""search_volume"": 320}, {""year"": 2025, ""month"": 11, ""search_volume"": 480}, {""year"": 2025, ""month"": 10, ""search_volume"": 210}, {""year"": 2025, ""month"": 9, ""search_volume"": 210}, {""year"": 2025, ""month"": 8, ""search_volume"": 320}]"
A5,applique liseuse chambre,210,1.2,USD_DOCUMENTED,parent,False,,,,,"liseuse générale, mini-format non demandé",dataforseo_labs/google/keyword_suggestions/live,2026-09-03T11:47:40.664088+00:00,2026-09-03-test-decouverte-search-12/02-A5-discovery.json.gz,"[{""year"": 2026, ""month"": 7, ""search_volume"": 260}, {""year"": 2026, ""month"": 6, ""search_volume"": 210}, {""year"": 2026, ""month"": 5, ""search_volume"": 210}, {""year"": 2026, ""month"": 4, ""search_volume"": 170}, {""year"": 2026, ""month"": 3, ""search_volume"": 170}, {""year"": 2026, ""month"": 2, ""search_volume"": 210}, {""year"": 2026, ""month"": 1, ""search_volume"": 210}, {""year"": 2025, ""month"": 12, ""search_volume"": 140}, {""year"": 2025, ""month"": 11, ""search_volume"": 170}, {""year"": 2025, ""month"": 10, ""search_volume"": 140}, {""year"": 2025, ""month"": 9, ""search_volume"": 170}, {""year"": 2025, ""month"": 8, ""search_volume"": 170}]"
A5,liseuse noir,210,2,USD_DOCUMENTED,parent,False,,,,,"liseuse générale, mini-format non demandé",dataforseo_labs/google/keyword_suggestions/live,2026-09-03T11:47:40.664088+00:00,2026-09-03-test-decouverte-search-12/02-A5-discovery.json.gz,"[{""year"": 2026, ""month"": 7, ""search_volume"": 170}, {""year"": 2026, ""month"": 6, ""search_volume"": 170}, {""year"": 2026, ""month"": 5, ""search_volume"": 170}, {""year"": 2026, ""month"": 4, ""search_volume"": 170}, {""year"": 2026, ""month"": 3, ""search_volume"": 260}, {""year"": 2026, ""month"": 2, ""search_volume"": 170}, {""year"": 2026, ""month"": 1, ""search_volume"": 210}, {""year"": 2025, ""month"": 12, ""search_volume"": 210}, {""year"": 2025, ""month"": 11, ""search_volume"": 260}, {""year"": 2025, ""month"": 10, ""search_volume"": 260}, {""year"": 2025, ""month"": 9, ""search_volume"": 210}, {""year"": 2025, ""month"": 8, ""search_volume"": 110}]"
A5,pochette pour liseuse kindle,210,0.36,USD_DOCUMENTED,incompatible,True,,,,,"lampe, logiciel, contenu ou sens non appareil",keywords_data/google_ads/search_volume/live,2026-09-03T14:41:31.031518+00:00,2026-09-03-qualification-9-produits-pur/raw/20-controls-0.json.gz,"[{""year"": 2026, ""month"": 7, ""search_volume"": 170}, {""year"": 2026, ""month"": 6, ""search_volume"": 170}, {""year"": 2026, ""month"": 5, ""search_volume"": 170}, {""year"": 2026, ""month"": 4, ""search_volume"": 140}, {""year"": 2026, ""month"": 3, ""search_volume"": 170}, {""year"": 2026, ""month"": 2, ""search_volume"": 170}, {""year"": 2026, ""month"": 1, ""search_volume"": 260}, {""year"": 2025, ""month"": 12, ""search_volume"": 590}, {""year"": 2025, ""month"": 11, ""search_volume"": 320}, {""year"": 2025, ""month"": 10, ""search_volume"": 170}, {""year"": 2025, ""month"": 9, ""search_volume"": 140}, {""year"": 2025, ""month"": 8, ""search_volume"": 140}]"
A5,liseuse noire,210,2,USD_DOCUMENTED,parent,False,,,,,"liseuse générale, mini-format non demandé",dataforseo_labs/google/keyword_suggestions/live,2026-09-03T11:47:40.664088+00:00,2026-09-03-test-decouverte-search-12/02-A5-discovery.json.gz,"[{""year"": 2026, ""month"": 7, ""search_volume"": 170}, {""year"": 2026, ""month"": 6, ""search_volume"": 170}, {""year"": 2026, ""month"": 5, ""search_volume"": 170}, {""year"": 2026, ""month"": 4, ""search_volume"": 170}, {""year"": 2026, ""month"": 3, ""search_volume"": 260}, {""year"": 2026, ""month"": 2, ""search_volume"": 170}, {""year"": 2026, ""month"": 1, ""search_volume"": 210}, {""year"": 2025, ""month"": 12, ""search_volume"": 210}, {""year"": 2025, ""month"": 11, ""search_volume"": 260}, {""year"": 2025, ""month"": 10, ""search_volume"": 260}, {""year"": 2025, ""month"": 9, ""search_volume"": 210}, {""year"": 2025, ""month"": 8, ""search_volume"": 110}]"
A5,livres gratuits pour liseuse kobo,210,0.19,USD_DOCUMENTED,incompatible,True,,,,,"lampe, logiciel, contenu ou sens non appareil",dataforseo_labs/google/keyword_suggestions/live,2026-09-03T11:47:40.664088+00:00,2026-09-03-test-decouverte-search-12/02-A5-discovery.json.gz,"[{""year"": 2026, ""month"": 7, ""search_volume"": 210}, {""year"": 2026, ""month"": 6, ""search_volume"": 140}, {""year"": 2026, ""month"": 5, ""search_volume"": 210}, {""year"": 2026, ""month"": 4, ""search_volume"": 210}, {""year"": 2026, ""month"": 3, ""search_volume"": 210}, {""year"": 2026, ""month"": 2, ""search_volume"": 260}, {""year"": 2026, ""month"": 1, ""search_volume"": 260}, {""year"": 2025, ""month"": 12, ""search_volume"": 320}, {""year"": 2025, ""month"": 11, ""search_volume"": 170}, {""year"": 2025, ""month"": 10, ""search_volume"": 170}, {""year"": 2025, ""month"": 9, ""search_volume"": 140}, {""year"": 2025, ""month"": 8, ""search_volume"": 170}]"
A5,liseuse kobo livre gratuit,210,0.19,USD_DOCUMENTED,incompatible,True,,,,,"lampe, logiciel, contenu ou sens non appareil",dataforseo_labs/google/keyword_suggestions/live,2026-09-03T11:47:40.664088+00:00,2026-09-03-test-decouverte-search-12/02-A5-discovery.json.gz,"[{""year"": 2026, ""month"": 7, ""search_volume"": 210}, {""year"": 2026, ""month"": 6, ""search_volume"": 140}, {""year"": 2026, ""month"": 5, ""search_volume"": 210}, {""year"": 2026, ""month"": 4, ""search_volume"": 210}, {""year"": 2026, ""month"": 3, ""search_volume"": 210}, {""year"": 2026, ""month"": 2, ""search_volume"": 260}, {""year"": 2026, ""month"": 1, ""search_volume"": 260}, {""year"": 2025, ""month"": 12, ""search_volume"": 320}, {""year"": 2025, ""month"": 11, ""search_volume"": 170}, {""year"": 2025, ""month"": 10, ""search_volume"": 170}, {""year"": 2025, ""month"": 9, ""search_volume"": 140}, {""year"": 2025, ""month"": 8, ""search_volume"": 170}]"
A5,liseuse d occasion,210,0.24,USD_DOCUMENTED,parent,False,,,,,"liseuse générale, mini-format non demandé",dataforseo_labs/google/keyword_suggestions/live,2026-09-03T11:47:40.664088+00:00,2026-09-03-test-decouverte-search-12/02-A5-discovery.json.gz,"[{""year"": 2026, ""month"": 7, ""search_volume"": 170}, {""year"": 2026, ""month"": 6, ""search_volume"": 170}, {""year"": 2026, ""month"": 5, ""search_volume"": 140}, {""year"": 2026, ""month"": 4, ""search_volume"": 170}, {""year"": 2026, ""month"": 3, ""search_volume"": 210}, {""year"": 2026, ""month"": 2, ""search_volume"": 210}, {""year"": 2026, ""month"": 1, ""search_volume"": 260}, {""year"": 2025, ""month"": 12, ""search_volume"": 320}, {""year"": 2025, ""month"": 11, ""search_volume"": 260}, {""year"": 2025, ""month"": 10, ""search_volume"": 260}, {""year"": 2025, ""month"": 9, ""search_volume"": 260}, {""year"": 2025, ""month"": 8, ""search_volume"": 390}]"
A5,liseuse taille,210,0.46,USD_DOCUMENTED,parent,False,,,,,"liseuse générale, mini-format non demandé",dataforseo_labs/google/keyword_suggestions/live,2026-09-03T11:47:40.664088+00:00,2026-09-03-test-decouverte-search-12/02-A5-discovery.json.gz,"[{""year"": 2026, ""month"": 7, ""search_volume"": 140}, {""year"": 2026, ""month"": 6, ""search_volume"": 140}, {""year"": 2026, ""month"": 5, ""search_volume"": 170}, {""year"": 2026, ""month"": 4, ""search_volume"": 110}, {""year"": 2026, ""month"": 3, ""search_volume"": 140}, {""year"": 2026, ""month"": 2, ""search_volume"": 140}, {""year"": 2026, ""month"": 1, ""search_volume"": 210}, {""year"": 2025, ""month"": 12, ""search_volume"": 390}, {""year"": 2025, ""month"": 11, ""search_volume"": 390}, {""year"": 2025, ""month"": 10, ""search_volume"": 170}, {""year"": 2025, ""month"": 9, ""search_volume"": 170}, {""year"": 2025, ""month"": 8, ""search_volume"": 210}]"
A5,les numériques liseuse,210,0.28,USD_DOCUMENTED,parent,False,,,,,"liseuse générale, mini-format non demandé",dataforseo_labs/google/keyword_suggestions/live,2026-09-03T11:47:40.664088+00:00,2026-09-03-test-decouverte-search-12/02-A5-discovery.json.gz,"[{""year"": 2026, ""month"": 7, ""search_volume"": 170}, {""year"": 2026, ""month"": 6, ""search_volume"": 170}, {""year"": 2026, ""month"": 5, ""search_volume"": 170}, {""year"": 2026, ""month"": 4, ""search_volume"": 140}, {""year"": 2026, ""month"": 3, ""search_volume"": 140}, {""year"": 2026, ""month"": 2, ""search_volume"": 140}, {""year"": 2026, ""month"": 1, ""search_volume"": 210}, {""year"": 2025, ""month"": 12, ""search_volume"": 320}, {""year"": 2025, ""month"": 11, ""search_volume"": 390}, {""year"": 2025, ""month"": 10, ""search_volume"": 210}, {""year"": 2025, ""month"": 9, ""search_volume"": 170}, {""year"": 2025, ""month"": 8, ""search_volume"": 260}]"
A5,liseuse malvoyant,210,0.78,USD_DOCUMENTED,parent,False,,,,,"liseuse générale, mini-format non demandé",dataforseo_labs/google/keyword_suggestions/live,2026-09-03T11:47:40.664088+00:00,2026-09-03-test-decouverte-search-12/02-A5-discovery.json.gz,"[{""year"": 2026, ""month"": 7, ""search_volume"": 140}, {""year"": 2026, ""month"": 6, ""search_volume"": 140}, {""year"": 2026, ""month"": 5, ""search_volume"": 140}, {""year"": 2026, ""month"": 4, ""search_volume"": 140}, {""year"": 2026, ""month"": 3, ""search_volume"": 210}, {""year"": 2026, ""month"": 2, ""search_volume"": 170}, {""year"": 2026, ""month"": 1, ""search_volume"": 140}, {""year"": 2025, ""month"": 12, ""search_volume"": 260}, {""year"": 2025, ""month"": 11, ""search_volume"": 260}, {""year"": 2025, ""month"": 10, ""search_volume"": 210}, {""year"": 2025, ""month"": 9, ""search_volume"": 260}, {""year"": 2025, ""month"": 8, ""search_volume"": 260}]"
A5,telechargement livre gratuit pour liseuse,210,0.78,USD_DOCUMENTED,incompatible,False,,,,,"lampe, logiciel, contenu ou sens non appareil",dataforseo_labs/google/keyword_suggestions/live,2026-09-03T11:47:40.664088+00:00,2026-09-03-test-decouverte-search-12/02-A5-discovery.json.gz,"[{""year"": 2026, ""month"": 7, ""search_volume"": 390}, {""year"": 2026, ""month"": 6, ""search_volume"": 260}, {""year"": 2026, ""month"": 5, ""search_volume"": 140}, {""year"": 2026, ""month"": 4, ""search_volume"": 260}, {""year"": 2026, ""month"": 3, ""search_volume"": 320}, {""year"": 2026, ""month"": 2, ""search_volume"": 170}, {""year"": 2026, ""month"": 1, ""search_volume"": 260}, {""year"": 2025, ""month"": 12, ""search_volume"": 260}, {""year"": 2025, ""month"": 11, ""search_volume"": 110}, {""year"": 2025, ""month"": 10, ""search_volume"": 170}, {""year"": 2025, ""month"": 9, ""search_volume"": 140}, {""year"": 2025, ""month"": 8, ""search_volume"": 210}]"
A5,liseuse kindle occasion,210,0.26,USD_DOCUMENTED,parent,True,,,,,"liseuse générale, mini-format non demandé",dataforseo_labs/google/keyword_suggestions/live,2026-09-03T11:47:40.664088+00:00,2026-09-03-test-decouverte-search-12/02-A5-discovery.json.gz,"[{""year"": 2026, ""month"": 7, ""search_volume"": 210}, {""year"": 2026, ""month"": 6, ""search_volume"": 170}, {""year"": 2026, ""month"": 5, ""search_volume"": 170}, {""year"": 2026, ""month"": 4, ""search_volume"": 140}, {""year"": 2026, ""month"": 3, ""search_volume"": 170}, {""year"": 2026, ""month"": 2, ""search_volume"": 170}, {""year"": 2026, ""month"": 1, ""search_volume"": 210}, {""year"": 2025, ""month"": 12, ""search_volume"": 260}, {""year"": 2025, ""month"": 11, ""search_volume"": 210}, {""year"": 2025, ""month"": 10, ""search_volume"": 210}, {""year"": 2025, ""month"": 9, ""search_volume"": 210}, {""year"": 2025, ""month"": 8, ""search_volume"": 260}]"
A5,telecharger livre liseuse gratuit,210,0.78,USD_DOCUMENTED,incompatible,False,,,,,"lampe, logiciel, contenu ou sens non appareil",dataforseo_labs/google/keyword_suggestions/live,2026-09-03T11:47:40.664088+00:00,2026-09-03-test-decouverte-search-12/02-A5-discovery.json.gz,"[{""year"": 2026, ""month"": 7, ""search_volume"": 390}, {""year"": 2026, ""month"": 6, ""search_volume"": 260}, {""year"": 2026, ""month"": 5, ""search_volume"": 140}, {""year"": 2026, ""month"": 4, ""search_volume"": 260}, {""year"": 2026, ""month"": 3, ""search_volume"": 320}, {""year"": 2026, ""month"": 2, ""search_volume"": 170}, {""year"": 2026, ""month"": 1, ""search_volume"": 260}, {""year"": 2025, ""month"": 12, ""search_volume"": 260}, {""year"": 2025, ""month"": 11, ""search_volume"": 110}, {""year"": 2025, ""month"": 10, ""search_volume"": 170}, {""year"": 2025, ""month"": 9, ""search_volume"": 140}, {""year"": 2025, ""month"": 8, ""search_volume"": 210}]"
A5,télécommande liseuse kobo,210,0.18,USD_DOCUMENTED,parent,True,,,,,"liseuse générale, mini-format non demandé",dataforseo_labs/google/keyword_suggestions/live,2026-09-03T11:47:40.664088+00:00,2026-09-03-test-decouverte-search-12/02-A5-discovery.json.gz,"[{""year"": 2026, ""month"": 7, ""search_volume"": 110}, {""year"": 2026, ""month"": 6, ""search_volume"": 90}, {""year"": 2026, ""month"": 5, ""search_volume"": 110}, {""year"": 2026, ""month"": 4, ""search_volume"": 140}, {""year"": 2026, ""month"": 3, ""search_volume"": 170}, {""year"": 2026, ""month"": 2, ""search_volume"": 210}, {""year"": 2026, ""month"": 1, ""search_volume"": 480}, {""year"": 2025, ""month"": 12, ""search_volume"": 720}, {""year"": 2025, ""month"": 11, ""search_volume"": 320}, {""year"": 2025, ""month"": 10, ""search_volume"": 140}, {""year"": 2025, ""month"": 9, ""search_volume"": 110}, {""year"": 2025, ""month"": 8, ""search_volume"": 90}]"
A5,liseuse kindle colorsoft,210,0.4,USD_DOCUMENTED,parent,True,,,,,"liseuse générale, mini-format non demandé",dataforseo_labs/google/keyword_suggestions/live,2026-09-03T11:47:40.664088+00:00,2026-09-03-test-decouverte-search-12/02-A5-discovery.json.gz,"[{""year"": 2026, ""month"": 7, ""search_volume"": 170}, {""year"": 2026, ""month"": 6, ""search_volume"": 170}, {""year"": 2026, ""month"": 5, ""search_volume"": 140}, {""year"": 2026, ""month"": 4, ""search_volume"": 110}, {""year"": 2026, ""month"": 3, ""search_volume"": 140}, {""year"": 2026, ""month"": 2, ""search_volume"": 170}, {""year"": 2026, ""month"": 1, ""search_volume"": 210}, {""year"": 2025, ""month"": 12, ""search_volume"": 390}, {""year"": 2025, ""month"": 11, ""search_volume"": 480}, {""year"": 2025, ""month"": 10, ""search_volume"": 260}, {""year"": 2025, ""month"": 9, ""search_volume"": 140}, {""year"": 2025, ""month"": 8, ""search_volume"": 170}]"
A5,auchan liseuse,210,0.12,USD_DOCUMENTED,parent,True,,,,,"liseuse générale, mini-format non demandé",dataforseo_labs/google/keyword_suggestions/live,2026-09-03T11:47:40.664088+00:00,2026-09-03-test-decouverte-search-12/02-A5-discovery.json.gz,"[{""year"": 2026, ""month"": 7, ""search_volume"": 170}, {""year"": 2026, ""month"": 6, ""search_volume"": 110}, {""year"": 2026, ""month"": 5, ""search_volume"": 140}, {""year"": 2026, ""month"": 4, ""search_volume"": 110}, {""year"": 2026, ""month"": 3, ""search_volume"": 140}, {""year"": 2026, ""month"": 2, ""search_volume"": 170}, {""year"": 2026, ""month"": 1, ""search_volume"": 210}, {""year"": 2025, ""month"": 12, ""search_volume"": 480}, {""year"": 2025, ""month"": 11, ""search_volume"": 320}, {""year"": 2025, ""month"": 10, ""search_volume"": 170}, {""year"": 2025, ""month"": 9, ""search_volume"": 170}, {""year"": 2025, ""month"": 8, ""search_volume"": 260}]"
A5,applique mural avec liseuse,210,1.45,USD_DOCUMENTED,parent,False,,,,,"liseuse générale, mini-format non demandé",dataforseo_labs/google/keyword_suggestions/live,2026-09-03T11:47:40.664088+00:00,2026-09-03-test-decouverte-search-12/02-A5-discovery.json.gz,"[{""year"": 2026, ""month"": 7, ""search_volume"": 170}, {""year"": 2026, ""month"": 6, ""search_volume"": 140}, {""year"": 2026, ""month"": 5, ""search_volume"": 260}, {""year"": 2026, ""month"": 4, ""search_volume"": 170}, {""year"": 2026, ""month"": 3, ""search_volume"": 210}, {""year"": 2026, ""month"": 2, ""search_volume"": 210}, {""year"": 2026, ""month"": 1, ""search_volume"": 260}, {""year"": 2025, ""month"": 12, ""search_volume"": 170}, {""year"": 2025, ""month"": 11, ""search_volume"": 210}, {""year"": 2025, ""month"": 10, ""search_volume"": 260}, {""year"": 2025, ""month"": 9, ""search_volume"": 210}, {""year"": 2025, ""month"": 8, ""search_volume"": 170}]"
A5,liseuse rose,210,0.19,USD_DOCUMENTED,parent,False,,,,,"liseuse générale, mini-format non demandé",dataforseo_labs/google/keyword_suggestions/live,2026-09-03T11:47:40.664088+00:00,2026-09-03-test-decouverte-search-12/02-A5-discovery.json.gz,"[{""year"": 2026, ""month"": 7, ""search_volume"": 210}, {""year"": 2026, ""month"": 6, ""search_volume"": 140}, {""year"": 2026, ""month"": 5, ""search_volume"": 170}, {""year"": 2026, ""month"": 4, ""search_volume"": 140}, {""year"": 2026, ""month"": 3, ""search_volume"": 170}, {""year"": 2026, ""month"": 2, ""search_volume"": 140}, {""year"": 2026, ""month"": 1, ""search_volume"": 260}, {""year"": 2025, ""month"": 12, ""search_volume"": 320}, {""year"": 2025, ""month"": 11, ""search_volume"": 320}, {""year"": 2025, ""month"": 10, ""search_volume"": 210}, {""year"": 2025, ""month"": 9, ""search_volume"": 210}, {""year"": 2025, ""month"": 8, ""search_volume"": 210}]"
A5,liseuse française,210,0.31,USD_DOCUMENTED,parent,False,,,,,"liseuse générale, mini-format non demandé",dataforseo_labs/google/keyword_suggestions/live,2026-09-03T11:47:40.664088+00:00,2026-09-03-test-decouverte-search-12/02-A5-discovery.json.gz,"[{""year"": 2026, ""month"": 7, ""search_volume"": 210}, {""year"": 2026, ""month"": 6, ""search_volume"": 170}, {""year"": 2026, ""month"": 5, ""search_volume"": 170}, {""year"": 2026, ""month"": 4, ""search_volume"": 170}, {""year"": 2026, ""month"": 3, ""search_volume"": 170}, {""year"": 2026, ""month"": 2, ""search_volume"": 210}, {""year"": 2026, ""month"": 1, ""search_volume"": 260}, {""year"": 2025, ""month"": 12, ""search_volume"": 390}, {""year"": 2025, ""month"": 11, ""search_volume"": 390}, {""year"": 2025, ""month"": 10, ""search_volume"": 170}, {""year"": 2025, ""month"": 9, ""search_volume"": 170}, {""year"": 2025, ""month"": 8, ""search_volume"": 210}]"
A5,livre liseuse kobo,210,0.42,USD_DOCUMENTED,parent,True,,,,,"liseuse générale, mini-format non demandé",dataforseo_labs/google/keyword_suggestions/live,2026-09-03T11:47:40.664088+00:00,2026-09-03-test-decouverte-search-12/02-A5-discovery.json.gz,"[{""year"": 2026, ""month"": 7, ""search_volume"": 210}, {""year"": 2026, ""month"": 6, ""search_volume"": 170}, {""year"": 2026, ""month"": 5, ""search_volume"": 210}, {""year"": 2026, ""month"": 4, ""search_volume"": 170}, {""year"": 2026, ""month"": 3, ""search_volume"": 170}, {""year"": 2026, ""month"": 2, ""search_volume"": 210}, {""year"": 2026, ""month"": 1, ""search_volume"": 260}, {""year"": 2025, ""month"": 12, ""search_volume"": 320}, {""year"": 2025, ""month"": 11, ""search_volume"": 210}, {""year"": 2025, ""month"": 10, ""search_volume"": 140}, {""year"": 2025, ""month"": 9, ""search_volume"": 170}, {""year"": 2025, ""month"": 8, ""search_volume"": 260}]"
A5,coque liseuse vivlio,210,0.22,USD_DOCUMENTED,parent,True,,,,,"liseuse générale, mini-format non demandé",dataforseo_labs/google/keyword_suggestions/live,2026-09-03T11:47:40.664088+00:00,2026-09-03-test-decouverte-search-12/02-A5-discovery.json.gz,"[{""year"": 2026, ""month"": 7, ""search_volume"": 210}, {""year"": 2026, ""month"": 6, ""search_volume"": 140}, {""year"": 2026, ""month"": 5, ""search_volume"": 210}, {""year"": 2026, ""month"": 4, ""search_volume"": 140}, {""year"": 2026, ""month"": 3, ""search_volume"": 170}, {""year"": 2026, ""month"": 2, ""search_volume"": 210}, {""year"": 2026, ""month"": 1, ""search_volume"": 320}, {""year"": 2025, ""month"": 12, ""search_volume"": 390}, {""year"": 2025, ""month"": 11, ""search_volume"": 210}, {""year"": 2025, ""month"": 10, ""search_volume"": 170}, {""year"": 2025, ""month"": 9, ""search_volume"": 140}, {""year"": 2025, ""month"": 8, ""search_volume"": 170}]"
A5,applique chambre liseuse,210,1.2,USD_DOCUMENTED,parent,False,,,,,"liseuse générale, mini-format non demandé",dataforseo_labs/google/keyword_suggestions/live,2026-09-03T11:47:40.664088+00:00,2026-09-03-test-decouverte-search-12/02-A5-discovery.json.gz,"[{""year"": 2026, ""month"": 7, ""search_volume"": 260}, {""year"": 2026, ""month"": 6, ""search_volume"": 210}, {""year"": 2026, ""month"": 5, ""search_volume"": 210}, {""year"": 2026, ""month"": 4, ""search_volume"": 170}, {""year"": 2026, ""month"": 3, ""search_volume"": 170}, {""year"": 2026, ""month"": 2, ""search_volume"": 210}, {""year"": 2026, ""month"": 1, ""search_volume"": 210}, {""year"": 2025, ""month"": 12, ""search_volume"": 140}, {""year"": 2025, ""month"": 11, ""search_volume"": 170}, {""year"": 2025, ""month"": 10, ""search_volume"": 140}, {""year"": 2025, ""month"": 9, ""search_volume"": 170}, {""year"": 2025, ""month"": 8, ""search_volume"": 170}]"
A5,livres pour liseuse kobo,210,0.42,USD_DOCUMENTED,parent,True,,,,,"liseuse générale, mini-format non demandé",dataforseo_labs/google/keyword_suggestions/live,2026-09-03T11:47:40.664088+00:00,2026-09-03-test-decouverte-search-12/02-A5-discovery.json.gz,"[{""year"": 2026, ""month"": 7, ""search_volume"": 210}, {""year"": 2026, ""month"": 6, ""search_volume"": 170}, {""year"": 2026, ""month"": 5, ""search_volume"": 210}, {""year"": 2026, ""month"": 4, ""search_volume"": 170}, {""year"": 2026, ""month"": 3, ""search_volume"": 170}, {""year"": 2026, ""month"": 2, ""search_volume"": 210}, {""year"": 2026, ""month"": 1, ""search_volume"": 260}, {""year"": 2025, ""month"": 12, ""search_volume"": 320}, {""year"": 2025, ""month"": 11, ""search_volume"": 210}, {""year"": 2025, ""month"": 10, ""search_volume"": 140}, {""year"": 2025, ""month"": 9, ""search_volume"": 170}, {""year"": 2025, ""month"": 8, ""search_volume"": 260}]"
A5,tourne page liseuse,210,0.14,USD_DOCUMENTED,parent,False,,,,,"liseuse générale, mini-format non demandé",dataforseo_labs/google/keyword_suggestions/live,2026-09-03T11:47:40.664088+00:00,2026-09-03-test-decouverte-search-12/02-A5-discovery.json.gz,"[{""year"": 2026, ""month"": 7, ""search_volume"": 90}, {""year"": 2026, ""month"": 6, ""search_volume"": 90}, {""year"": 2026, ""month"": 5, ""search_volume"": 110}, {""year"": 2026, ""month"": 4, ""search_volume"": 140}, {""year"": 2026, ""month"": 3, ""search_volume"": 170}, {""year"": 2026, ""month"": 2, ""search_volume"": 210}, {""year"": 2026, ""month"": 1, ""search_volume"": 320}, {""year"": 2025, ""month"": 12, ""search_volume"": 480}, {""year"": 2025, ""month"": 11, ""search_volume"": 480}, {""year"": 2025, ""month"": 10, ""search_volume"": 170}, {""year"": 2025, ""month"": 9, ""search_volume"": 210}, {""year"": 2025, ""month"": 8, ""search_volume"": 170}]"
A5,livre pour liseuse kobo,210,0.42,USD_DOCUMENTED,parent,True,,,,,"liseuse générale, mini-format non demandé",dataforseo_labs/google/keyword_suggestions/live,2026-09-03T11:47:40.664088+00:00,2026-09-03-test-decouverte-search-12/02-A5-discovery.json.gz,"[{""year"": 2026, ""month"": 7, ""search_volume"": 210}, {""year"": 2026, ""month"": 6, ""search_volume"": 170}, {""year"": 2026, ""month"": 5, ""search_volume"": 210}, {""year"": 2026, ""month"": 4, ""search_volume"": 170}, {""year"": 2026, ""month"": 3, ""search_volume"": 170}, {""year"": 2026, ""month"": 2, ""search_volume"": 210}, {""year"": 2026, ""month"": 1, ""search_volume"": 260}, {""year"": 2025, ""month"": 12, ""search_volume"": 320}, {""year"": 2025, ""month"": 11, ""search_volume"": 210}, {""year"": 2025, ""month"": 10, ""search_volume"": 140}, {""year"": 2025, ""month"": 9, ""search_volume"": 170}, {""year"": 2025, ""month"": 8, ""search_volume"": 260}]"
A5,télécharger des livres gratuits pour liseuse,210,0.78,USD_DOCUMENTED,incompatible,False,,,,,"lampe, logiciel, contenu ou sens non appareil",dataforseo_labs/google/keyword_suggestions/live,2026-09-03T11:47:40.664088+00:00,2026-09-03-test-decouverte-search-12/02-A5-discovery.json.gz,"[{""year"": 2026, ""month"": 7, ""search_volume"": 390}, {""year"": 2026, ""month"": 6, ""search_volume"": 260}, {""year"": 2026, ""month"": 5, ""search_volume"": 140}, {""year"": 2026, ""month"": 4, ""search_volume"": 260}, {""year"": 2026, ""month"": 3, ""search_volume"": 320}, {""year"": 2026, ""month"": 2, ""search_volume"": 170}, {""year"": 2026, ""month"": 1, ""search_volume"": 260}, {""year"": 2025, ""month"": 12, ""search_volume"": 260}, {""year"": 2025, ""month"": 11, ""search_volume"": 110}, {""year"": 2025, ""month"": 10, ""search_volume"": 170}, {""year"": 2025, ""month"": 9, ""search_volume"": 140}, {""year"": 2025, ""month"": 8, ""search_volume"": 210}]"
A5,livre gratuit pour liseuse kobo,210,0.19,USD_DOCUMENTED,incompatible,True,,,,,"lampe, logiciel, contenu ou sens non appareil",dataforseo_labs/google/keyword_suggestions/live,2026-09-03T11:47:40.664088+00:00,2026-09-03-test-decouverte-search-12/02-A5-discovery.json.gz,"[{""year"": 2026, ""month"": 7, ""search_volume"": 210}, {""year"": 2026, ""month"": 6, ""search_volume"": 140}, {""year"": 2026, ""month"": 5, ""search_volume"": 210}, {""year"": 2026, ""month"": 4, ""search_volume"": 210}, {""year"": 2026, ""month"": 3, ""search_volume"": 210}, {""year"": 2026, ""month"": 2, ""search_volume"": 260}, {""year"": 2026, ""month"": 1, ""search_volume"": 260}, {""year"": 2025, ""month"": 12, ""search_volume"": 320}, {""year"": 2025, ""month"": 11, ""search_volume"": 170}, {""year"": 2025, ""month"": 10, ""search_volume"": 170}, {""year"": 2025, ""month"": 9, ""search_volume"": 140}, {""year"": 2025, ""month"": 8, ""search_volume"": 170}]"
A5,modèle liseuse tricot gratuit,210,1.11,USD_DOCUMENTED,incompatible,False,,,,,"lampe, logiciel, contenu ou sens non appareil",dataforseo_labs/google/keyword_suggestions/live,2026-09-03T11:47:40.664088+00:00,2026-09-03-test-decouverte-search-12/02-A5-discovery.json.gz,"[{""year"": 2026, ""month"": 7, ""search_volume"": 70}, {""year"": 2026, ""month"": 6, ""search_volume"": 90}, {""year"": 2026, ""month"": 5, ""search_volume"": 140}, {""year"": 2026, ""month"": 4, ""search_volume"": 110}, {""year"": 2026, ""month"": 3, ""search_volume"": 210}, {""year"": 2026, ""month"": 2, ""search_volume"": 260}, {""year"": 2026, ""month"": 1, ""search_volume"": 320}, {""year"": 2025, ""month"": 12, ""search_volume"": 320}, {""year"": 2025, ""month"": 11, ""search_volume"": 320}, {""year"": 2025, ""month"": 10, ""search_volume"": 390}, {""year"": 2025, ""month"": 9, ""search_volume"": 320}, {""year"": 2025, ""month"": 8, ""search_volume"": 140}]"
A5,ecran liseuse,210,0.19,USD_DOCUMENTED,parent,False,,,,,"liseuse générale, mini-format non demandé",dataforseo_labs/google/keyword_suggestions/live,2026-09-03T11:47:40.664088+00:00,2026-09-03-test-decouverte-search-12/02-A5-discovery.json.gz,"[{""year"": 2026, ""month"": 7, ""search_volume"": 210}, {""year"": 2026, ""month"": 6, ""search_volume"": 140}, {""year"": 2026, ""month"": 5, ""search_volume"": 260}, {""year"": 2026, ""month"": 4, ""search_volume"": 170}, {""year"": 2026, ""month"": 3, ""search_volume"": 210}, {""year"": 2026, ""month"": 2, ""search_volume"": 210}, {""year"": 2026, ""month"": 1, ""search_volume"": 260}, {""year"": 2025, ""month"": 12, ""search_volume"": 320}, {""year"": 2025, ""month"": 11, ""search_volume"": 260}, {""year"": 2025, ""month"": 10, ""search_volume"": 170}, {""year"": 2025, ""month"": 9, ""search_volume"": 210}, {""year"": 2025, ""month"": 8, ""search_volume"": 210}]"
A5,liseuse d'occasion,210,0.24,USD_DOCUMENTED,parent,False,,,,,"liseuse générale, mini-format non demandé",dataforseo_labs/google/keyword_suggestions/live,2026-09-03T11:47:40.664088+00:00,2026-09-03-test-decouverte-search-12/02-A5-discovery.json.gz,"[{""year"": 2026, ""month"": 7, ""search_volume"": 170}, {""year"": 2026, ""month"": 6, ""search_volume"": 170}, {""year"": 2026, ""month"": 5, ""search_volume"": 140}, {""year"": 2026, ""month"": 4, ""search_volume"": 170}, {""year"": 2026, ""month"": 3, ""search_volume"": 210}, {""year"": 2026, ""month"": 2, ""search_volume"": 210}, {""year"": 2026, ""month"": 1, ""search_volume"": 260}, {""year"": 2025, ""month"": 12, ""search_volume"": 320}, {""year"": 2025, ""month"": 11, ""search_volume"": 260}, {""year"": 2025, ""month"": 10, ""search_volume"": 260}, {""year"": 2025, ""month"": 9, ""search_volume"": 260}, {""year"": 2025, ""month"": 8, ""search_volume"": 390}]"
A5,qu est ce qu une liseuse,210,0.24,USD_DOCUMENTED,parent,False,,,,,"liseuse générale, mini-format non demandé",dataforseo_labs/google/keyword_suggestions/live,2026-09-03T11:47:40.664088+00:00,2026-09-03-test-decouverte-search-12/02-A5-discovery.json.gz,"[{""year"": 2026, ""month"": 7, ""search_volume"": 210}, {""year"": 2026, ""month"": 6, ""search_volume"": 170}, {""year"": 2026, ""month"": 5, ""search_volume"": 170}, {""year"": 2026, ""month"": 4, ""search_volume"": 170}, {""year"": 2026, ""month"": 3, ""search_volume"": 140}, {""year"": 2026, ""month"": 2, ""search_volume"": 260}, {""year"": 2026, ""month"": 1, ""search_volume"": 210}, {""year"": 2025, ""month"": 12, ""search_volume"": 320}, {""year"": 2025, ""month"": 11, ""search_volume"": 260}, {""year"": 2025, ""month"": 10, ""search_volume"": 210}, {""year"": 2025, ""month"": 9, ""search_volume"": 210}, {""year"": 2025, ""month"": 8, ""search_volume"": 210}]"
A5,telecharger livre gratuit liseuse,210,0.78,USD_DOCUMENTED,incompatible,False,,,,,"lampe, logiciel, contenu ou sens non appareil",dataforseo_labs/google/keyword_suggestions/live,2026-09-03T11:47:40.664088+00:00,2026-09-03-test-decouverte-search-12/02-A5-discovery.json.gz,"[{""year"": 2026, ""month"": 7, ""search_volume"": 390}, {""year"": 2026, ""month"": 6, ""search_volume"": 260}, {""year"": 2026, ""month"": 5, ""search_volume"": 140}, {""year"": 2026, ""month"": 4, ""search_volume"": 260}, {""year"": 2026, ""month"": 3, ""search_volume"": 320}, {""year"": 2026, ""month"": 2, ""search_volume"": 170}, {""year"": 2026, ""month"": 1, ""search_volume"": 260}, {""year"": 2025, ""month"": 12, ""search_volume"": 260}, {""year"": 2025, ""month"": 11, ""search_volume"": 110}, {""year"": 2025, ""month"": 10, ""search_volume"": 170}, {""year"": 2025, ""month"": 9, ""search_volume"": 140}, {""year"": 2025, ""month"": 8, ""search_volume"": 210}]"
A5,livres gratuits à télécharger sur liseuse,210,0.78,USD_DOCUMENTED,incompatible,False,,,,,"lampe, logiciel, contenu ou sens non appareil",dataforseo_labs/google/keyword_suggestions/live,2026-09-03T11:47:40.664088+00:00,2026-09-03-test-decouverte-search-12/02-A5-discovery.json.gz,"[{""year"": 2026, ""month"": 7, ""search_volume"": 390}, {""year"": 2026, ""month"": 6, ""search_volume"": 260}, {""year"": 2026, ""month"": 5, ""search_volume"": 140}, {""year"": 2026, ""month"": 4, ""search_volume"": 260}, {""year"": 2026, ""month"": 3, ""search_volume"": 320}, {""year"": 2026, ""month"": 2, ""search_volume"": 170}, {""year"": 2026, ""month"": 1, ""search_volume"": 260}, {""year"": 2025, ""month"": 12, ""search_volume"": 260}, {""year"": 2025, ""month"": 11, ""search_volume"": 110}, {""year"": 2025, ""month"": 10, ""search_volume"": 170}, {""year"": 2025, ""month"": 9, ""search_volume"": 140}, {""year"": 2025, ""month"": 8, ""search_volume"": 210}]"
A5,applique murale avec liseuse,210,1.45,USD_DOCUMENTED,parent,False,,,,,"liseuse générale, mini-format non demandé",dataforseo_labs/google/keyword_suggestions/live,2026-09-03T11:47:40.664088+00:00,2026-09-03-test-decouverte-search-12/02-A5-discovery.json.gz,"[{""year"": 2026, ""month"": 7, ""search_volume"": 170}, {""year"": 2026, ""month"": 6, ""search_volume"": 140}, {""year"": 2026, ""month"": 5, ""search_volume"": 260}, {""year"": 2026, ""month"": 4, ""search_volume"": 170}, {""year"": 2026, ""month"": 3, ""search_volume"": 210}, {""year"": 2026, ""month"": 2, ""search_volume"": 210}, {""year"": 2026, ""month"": 1, ""search_volume"": 260}, {""year"": 2025, ""month"": 12, ""search_volume"": 170}, {""year"": 2025, ""month"": 11, ""search_volume"": 210}, {""year"": 2025, ""month"": 10, ""search_volume"": 260}, {""year"": 2025, ""month"": 9, ""search_volume"": 210}, {""year"": 2025, ""month"": 8, ""search_volume"": 170}]"
A5,liseuse france,210,0.31,USD_DOCUMENTED,parent,False,,,,,"liseuse générale, mini-format non demandé",dataforseo_labs/google/keyword_suggestions/live,2026-09-03T11:47:40.664088+00:00,2026-09-03-test-decouverte-search-12/02-A5-discovery.json.gz,"[{""year"": 2026, ""month"": 7, ""search_volume"": 210}, {""year"": 2026, ""month"": 6, ""search_volume"": 170}, {""year"": 2026, ""month"": 5, ""search_volume"": 170}, {""year"": 2026, ""month"": 4, ""search_volume"": 170}, {""year"": 2026, ""month"": 3, ""search_volume"": 170}, {""year"": 2026, ""month"": 2, ""search_volume"": 210}, {""year"": 2026, ""month"": 1, ""search_volume"": 260}, {""year"": 2025, ""month"": 12, ""search_volume"": 390}, {""year"": 2025, ""month"": 11, ""search_volume"": 390}, {""year"": 2025, ""month"": 10, ""search_volume"": 170}, {""year"": 2025, ""month"": 9, ""search_volume"": 170}, {""year"": 2025, ""month"": 8, ""search_volume"": 210}]"
A5,liseuse lampe de lecture,210,0.28,USD_DOCUMENTED,incompatible,False,,,,,"lampe, logiciel, contenu ou sens non appareil",dataforseo_labs/google/keyword_suggestions/live,2026-09-03T11:47:40.664088+00:00,2026-09-03-test-decouverte-search-12/02-A5-discovery.json.gz,"[{""year"": 2026, ""month"": 7, ""search_volume"": 40}, {""year"": 2026, ""month"": 6, ""search_volume"": 40}, {""year"": 2026, ""month"": 5, ""search_volume"": 70}, {""year"": 2026, ""month"": 4, ""search_volume"": 170}, {""year"": 2026, ""month"": 3, ""search_volume"": 260}, {""year"": 2026, ""month"": 2, ""search_volume"": 320}, {""year"": 2026, ""month"": 1, ""search_volume"": 390}, {""year"": 2025, ""month"": 12, ""search_volume"": 480}, {""year"": 2025, ""month"": 11, ""search_volume"": 390}, {""year"": 2025, ""month"": 10, ""search_volume"": 170}, {""year"": 2025, ""month"": 9, ""search_volume"": 170}, {""year"": 2025, ""month"": 8, ""search_volume"": 140}]"
A5,liseuse kobo livre,210,0.42,USD_DOCUMENTED,parent,True,,,,,"liseuse générale, mini-format non demandé",dataforseo_labs/google/keyword_suggestions/live,2026-09-03T11:47:40.664088+00:00,2026-09-03-test-decouverte-search-12/02-A5-discovery.json.gz,"[{""year"": 2026, ""month"": 7, ""search_volume"": 210}, {""year"": 2026, ""month"": 6, ""search_volume"": 170}, {""year"": 2026, ""month"": 5, ""search_volume"": 210}, {""year"": 2026, ""month"": 4, ""search_volume"": 170}, {""year"": 2026, ""month"": 3, ""search_volume"": 170}, {""year"": 2026, ""month"": 2, ""search_volume"": 210}, {""year"": 2026, ""month"": 1, ""search_volume"": 260}, {""year"": 2025, ""month"": 12, ""search_volume"": 320}, {""year"": 2025, ""month"": 11, ""search_volume"": 210}, {""year"": 2025, ""month"": 10, ""search_volume"": 140}, {""year"": 2025, ""month"": 9, ""search_volume"": 170}, {""year"": 2025, ""month"": 8, ""search_volume"": 260}]"
A5,amazon liseuse ebook kindle colorsoft signature edition,210,0.25,USD_DOCUMENTED,parent,True,,,,,"liseuse générale, mini-format non demandé",dataforseo_labs/google/keyword_suggestions/live,2026-09-03T11:47:40.664088+00:00,2026-09-03-test-decouverte-search-12/02-A5-discovery.json.gz,"[{""year"": 2026, ""month"": 7, ""search_volume"": 10}, {""year"": 2026, ""month"": 6, ""search_volume"": 50}, {""year"": 2026, ""month"": 5, ""search_volume"": 10}, {""year"": 2026, ""month"": 4, ""search_volume"": 10}, {""year"": 2026, ""month"": 3, ""search_volume"": 1000}, {""year"": 2026, ""month"": 2, ""search_volume"": 90}, {""year"": 2026, ""month"": 1, ""search_volume"": 30}, {""year"": 2025, ""month"": 12, ""search_volume"": 320}, {""year"": 2025, ""month"": 11, ""search_volume"": 480}, {""year"": 2025, ""month"": 10, ""search_volume"": 720}, {""year"": 2025, ""month"": 9, ""search_volume"": 10}, {""year"": 2025, ""month"": 8, ""search_volume"": 30}]"
A5,combien coûte une liseuse,210,0.25,USD_DOCUMENTED,parent,False,,,,,"liseuse générale, mini-format non demandé",dataforseo_labs/google/keyword_suggestions/live,2026-09-03T11:47:40.664088+00:00,2026-09-03-test-decouverte-search-12/02-A5-discovery.json.gz,"[{""year"": 2026, ""month"": 7, ""search_volume"": 170}, {""year"": 2026, ""month"": 6, ""search_volume"": 140}, {""year"": 2026, ""month"": 5, ""search_volume"": 140}, {""year"": 2026, ""month"": 4, ""search_volume"": 140}, {""year"": 2026, ""month"": 3, ""search_volume"": 210}, {""year"": 2026, ""month"": 2, ""search_volume"": 210}, {""year"": 2026, ""month"": 1, ""search_volume"": 260}, {""year"": 2025, ""month"": 12, ""search_volume"": 260}, {""year"": 2025, ""month"": 11, ""search_volume"": 260}, {""year"": 2025, ""month"": 10, ""search_volume"": 210}, {""year"": 2025, ""month"": 9, ""search_volume"": 210}, {""year"": 2025, ""month"": 8, ""search_volume"": 260}]"
A5,combien coute une liseuse,210,0.25,USD_DOCUMENTED,parent,False,,,,,"liseuse générale, mini-format non demandé",dataforseo_labs/google/keyword_suggestions/live,2026-09-03T11:47:40.664088+00:00,2026-09-03-test-decouverte-search-12/02-A5-discovery.json.gz,"[{""year"": 2026, ""month"": 7, ""search_volume"": 170}, {""year"": 2026, ""month"": 6, ""search_volume"": 140}, {""year"": 2026, ""month"": 5, ""search_volume"": 140}, {""year"": 2026, ""month"": 4, ""search_volume"": 140}, {""year"": 2026, ""month"": 3, ""search_volume"": 210}, {""year"": 2026, ""month"": 2, ""search_volume"": 210}, {""year"": 2026, ""month"": 1, ""search_volume"": 260}, {""year"": 2025, ""month"": 12, ""search_volume"": 260}, {""year"": 2025, ""month"": 11, ""search_volume"": 260}, {""year"": 2025, ""month"": 10, ""search_volume"": 210}, {""year"": 2025, ""month"": 9, ""search_volume"": 210}, {""year"": 2025, ""month"": 8, ""search_volume"": 260}]"
A5,liseuse kobo nia,210,0.37,USD_DOCUMENTED,parent,True,,,,,"liseuse générale, mini-format non demandé",dataforseo_labs/google/keyword_suggestions/live,2026-09-03T11:47:40.664088+00:00,2026-09-03-test-decouverte-search-12/02-A5-discovery.json.gz,"[{""year"": 2026, ""month"": 7, ""search_volume"": 140}, {""year"": 2026, ""month"": 6, ""search_volume"": 140}, {""year"": 2026, ""month"": 5, ""search_volume"": 140}, {""year"": 2026, ""month"": 4, ""search_volume"": 110}, {""year"": 2026, ""month"": 3, ""search_volume"": 170}, {""year"": 2026, ""month"": 2, ""search_volume"": 170}, {""year"": 2026, ""month"": 1, ""search_volume"": 210}, {""year"": 2025, ""month"": 12, ""search_volume"": 260}, {""year"": 2025, ""month"": 11, ""search_volume"": 390}, {""year"": 2025, ""month"": 10, ""search_volume"": 210}, {""year"": 2025, ""month"": 9, ""search_volume"": 170}, {""year"": 2025, ""month"": 8, ""search_volume"": 260}]"
A5,appliques murales avec liseuse,210,1.45,USD_DOCUMENTED,parent,False,,,,,"liseuse générale, mini-format non demandé",dataforseo_labs/google/keyword_suggestions/live,2026-09-03T11:47:40.664088+00:00,2026-09-03-test-decouverte-search-12/02-A5-discovery.json.gz,"[{""year"": 2026, ""month"": 7, ""search_volume"": 170}, {""year"": 2026, ""month"": 6, ""search_volume"": 140}, {""year"": 2026, ""month"": 5, ""search_volume"": 260}, {""year"": 2026, ""month"": 4, ""search_volume"": 170}, {""year"": 2026, ""month"": 3, ""search_volume"": 210}, {""year"": 2026, ""month"": 2, ""search_volume"": 210}, {""year"": 2026, ""month"": 1, ""search_volume"": 260}, {""year"": 2025, ""month"": 12, ""search_volume"": 170}, {""year"": 2025, ""month"": 11, ""search_volume"": 210}, {""year"": 2025, ""month"": 10, ""search_volume"": 260}, {""year"": 2025, ""month"": 9, ""search_volume"": 210}, {""year"": 2025, ""month"": 8, ""search_volume"": 170}]"
A5,avis liseuse vivlio,210,0.23,USD_DOCUMENTED,parent,True,,,,,"liseuse générale, mini-format non demandé",dataforseo_labs/google/keyword_suggestions/live,2026-09-03T11:47:40.664088+00:00,2026-09-03-test-decouverte-search-12/02-A5-discovery.json.gz,"[{""year"": 2026, ""month"": 7, ""search_volume"": 210}, {""year"": 2026, ""month"": 6, ""search_volume"": 140}, {""year"": 2026, ""month"": 5, ""search_volume"": 110}, {""year"": 2026, ""month"": 4, ""search_volume"": 110}, {""year"": 2026, ""month"": 3, ""search_volume"": 110}, {""year"": 2026, ""month"": 2, ""search_volume"": 170}, {""year"": 2026, ""month"": 1, ""search_volume"": 170}, {""year"": 2025, ""month"": 12, ""search_volume"": 390}, {""year"": 2025, ""month"": 11, ""search_volume"": 390}, {""year"": 2025, ""month"": 10, ""search_volume"": 170}, {""year"": 2025, ""month"": 9, ""search_volume"": 170}, {""year"": 2025, ""month"": 8, ""search_volume"": 210}]"
A5,liseuse pour malvoyant,210,0.78,USD_DOCUMENTED,parent,False,,,,,"liseuse générale, mini-format non demandé",dataforseo_labs/google/keyword_suggestions/live,2026-09-03T11:47:40.664088+00:00,2026-09-03-test-decouverte-search-12/02-A5-discovery.json.gz,"[{""year"": 2026, ""month"": 7, ""search_volume"": 140}, {""year"": 2026, ""month"": 6, ""search_volume"": 140}, {""year"": 2026, ""month"": 5, ""search_volume"": 140}, {""year"": 2026, ""month"": 4, ""search_volume"": 140}, {""year"": 2026, ""month"": 3, ""search_volume"": 210}, {""year"": 2026, ""month"": 2, ""search_volume"": 170}, {""year"": 2026, ""month"": 1, ""search_volume"": 140}, {""year"": 2025, ""month"": 12, ""search_volume"": 260}, {""year"": 2025, ""month"": 11, ""search_volume"": 260}, {""year"": 2025, ""month"": 10, ""search_volume"": 210}, {""year"": 2025, ""month"": 9, ""search_volume"": 260}, {""year"": 2025, ""month"": 8, ""search_volume"": 260}]"
A5,télécharger livre gratuit pour liseuse,210,2.11,USD_DOCUMENTED,incompatible,False,,,,,"lampe, logiciel, contenu ou sens non appareil",dataforseo_labs/google/keyword_suggestions/live,2026-09-03T11:47:40.664088+00:00,2026-09-03-test-decouverte-search-12/02-A5-discovery.json.gz,"[{""year"": 2026, ""month"": 6, ""search_volume"": 260}, {""year"": 2026, ""month"": 5, ""search_volume"": 140}, {""year"": 2026, ""month"": 4, ""search_volume"": 260}, {""year"": 2026, ""month"": 3, ""search_volume"": 320}, {""year"": 2026, ""month"": 2, ""search_volume"": 170}, {""year"": 2026, ""month"": 1, ""search_volume"": 260}, {""year"": 2025, ""month"": 12, ""search_volume"": 260}, {""year"": 2025, ""month"": 11, ""search_volume"": 110}, {""year"": 2025, ""month"": 10, ""search_volume"": 170}, {""year"": 2025, ""month"": 9, ""search_volume"": 140}, {""year"": 2025, ""month"": 8, ""search_volume"": 210}, {""year"": 2025, ""month"": 7, ""search_volume"": 210}]"
A5,livres gratuit pour liseuse kobo,210,0.19,USD_DOCUMENTED,incompatible,True,,,,,"lampe, logiciel, contenu ou sens non appareil",dataforseo_labs/google/keyword_suggestions/live,2026-09-03T11:47:40.664088+00:00,2026-09-03-test-decouverte-search-12/02-A5-discovery.json.gz,"[{""year"": 2026, ""month"": 7, ""search_volume"": 210}, {""year"": 2026, ""month"": 6, ""search_volume"": 140}, {""year"": 2026, ""month"": 5, ""search_volume"": 210}, {""year"": 2026, ""month"": 4, ""search_volume"": 210}, {""year"": 2026, ""month"": 3, ""search_volume"": 210}, {""year"": 2026, ""month"": 2, ""search_volume"": 260}, {""year"": 2026, ""month"": 1, ""search_volume"": 260}, {""year"": 2025, ""month"": 12, ""search_volume"": 320}, {""year"": 2025, ""month"": 11, ""search_volume"": 170}, {""year"": 2025, ""month"": 10, ""search_volume"": 170}, {""year"": 2025, ""month"": 9, ""search_volume"": 140}, {""year"": 2025, ""month"": 8, ""search_volume"": 170}]"
A5,liseuse vivlio one,210,0.25,USD_DOCUMENTED,parent,True,,,,,"liseuse générale, mini-format non demandé",dataforseo_labs/google/keyword_suggestions/live,2026-09-03T11:47:40.664088+00:00,2026-09-03-test-decouverte-search-12/02-A5-discovery.json.gz,"[{""year"": 2026, ""month"": 7, ""search_volume"": 90}, {""year"": 2026, ""month"": 6, ""search_volume"": 70}, {""year"": 2026, ""month"": 5, ""search_volume"": 110}, {""year"": 2026, ""month"": 4, ""search_volume"": 140}, {""year"": 2026, ""month"": 3, ""search_volume"": 140}, {""year"": 2026, ""month"": 2, ""search_volume"": 170}, {""year"": 2026, ""month"": 1, ""search_volume"": 210}, {""year"": 2025, ""month"": 12, ""search_volume"": 590}, {""year"": 2025, ""month"": 11, ""search_volume"": 880}, {""year"": 2025, ""month"": 10, ""search_volume"": 170}, {""year"": 2025, ""month"": 9, ""search_volume"": 0}, {""year"": 2025, ""month"": 8, ""search_volume"": 0}]"
A5,boox liseuse,210,0.21,USD_DOCUMENTED,parent,True,,,,,"liseuse générale, mini-format non demandé",dataforseo_labs/google/keyword_suggestions/live,2026-09-03T11:47:40.664088+00:00,2026-09-03-test-decouverte-search-12/02-A5-discovery.json.gz,"[{""year"": 2026, ""month"": 7, ""search_volume"": 140}, {""year"": 2026, ""month"": 6, ""search_volume"": 110}, {""year"": 2026, ""month"": 5, ""search_volume"": 140}, {""year"": 2026, ""month"": 4, ""search_volume"": 140}, {""year"": 2026, ""month"": 3, ""search_volume"": 170}, {""year"": 2026, ""month"": 2, ""search_volume"": 140}, {""year"": 2026, ""month"": 1, ""search_volume"": 260}, {""year"": 2025, ""month"": 12, ""search_volume"": 320}, {""year"": 2025, ""month"": 11, ""search_volume"": 390}, {""year"": 2025, ""month"": 10, ""search_volume"": 210}, {""year"": 2025, ""month"": 9, ""search_volume"": 140}, {""year"": 2025, ""month"": 8, ""search_volume"": 170}]"
A5,liseuse vivlio touch lux 5,210,0.25,USD_DOCUMENTED,parent,True,,,,,"liseuse générale, mini-format non demandé",dataforseo_labs/google/keyword_suggestions/live,2026-09-03T11:47:40.664088+00:00,2026-09-03-test-decouverte-search-12/02-A5-discovery.json.gz,"[{""year"": 2026, ""month"": 7, ""search_volume"": 140}, {""year"": 2026, ""month"": 6, ""search_volume"": 140}, {""year"": 2026, ""month"": 5, ""search_volume"": 170}, {""year"": 2026, ""month"": 4, ""search_volume"": 170}, {""year"": 2026, ""month"": 3, ""search_volume"": 110}, {""year"": 2026, ""month"": 2, ""search_volume"": 140}, {""year"": 2026, ""month"": 1, ""search_volume"": 260}, {""year"": 2025, ""month"": 12, ""search_volume"": 390}, {""year"": 2025, ""month"": 11, ""search_volume"": 320}, {""year"": 2025, ""month"": 10, ""search_volume"": 170}, {""year"": 2025, ""month"": 9, ""search_volume"": 170}, {""year"": 2025, ""month"": 8, ""search_volume"": 260}]"
A5,tourne-page liseuse,210,0.14,USD_DOCUMENTED,parent,False,,,,,"liseuse générale, mini-format non demandé",dataforseo_labs/google/keyword_suggestions/live,2026-09-03T11:47:40.664088+00:00,2026-09-03-test-decouverte-search-12/02-A5-discovery.json.gz,"[{""year"": 2026, ""month"": 7, ""search_volume"": 90}, {""year"": 2026, ""month"": 6, ""search_volume"": 90}, {""year"": 2026, ""month"": 5, ""search_volume"": 110}, {""year"": 2026, ""month"": 4, ""search_volume"": 140}, {""year"": 2026, ""month"": 3, ""search_volume"": 170}, {""year"": 2026, ""month"": 2, ""search_volume"": 210}, {""year"": 2026, ""month"": 1, ""search_volume"": 320}, {""year"": 2025, ""month"": 12, ""search_volume"": 480}, {""year"": 2025, ""month"": 11, ""search_volume"": 480}, {""year"": 2025, ""month"": 10, ""search_volume"": 170}, {""year"": 2025, ""month"": 9, ""search_volume"": 210}, {""year"": 2025, ""month"": 8, ""search_volume"": 170}]"
A5,liseuse ecran,210,0.19,USD_DOCUMENTED,parent,False,,,,,"liseuse générale, mini-format non demandé",dataforseo_labs/google/keyword_suggestions/live,2026-09-03T11:47:40.664088+00:00,2026-09-03-test-decouverte-search-12/02-A5-discovery.json.gz,"[{""year"": 2026, ""month"": 7, ""search_volume"": 210}, {""year"": 2026, ""month"": 6, ""search_volume"": 140}, {""year"": 2026, ""month"": 5, ""search_volume"": 260}, {""year"": 2026, ""month"": 4, ""search_volume"": 170}, {""year"": 2026, ""month"": 3, ""search_volume"": 210}, {""year"": 2026, ""month"": 2, ""search_volume"": 210}, {""year"": 2026, ""month"": 1, ""search_volume"": 260}, {""year"": 2025, ""month"": 12, ""search_volume"": 320}, {""year"": 2025, ""month"": 11, ""search_volume"": 260}, {""year"": 2025, ""month"": 10, ""search_volume"": 170}, {""year"": 2025, ""month"": 9, ""search_volume"": 210}, {""year"": 2025, ""month"": 8, ""search_volume"": 210}]"
A5,liseuse kobo occasion,210,0.17,USD_DOCUMENTED,parent,True,,,,,"liseuse générale, mini-format non demandé",dataforseo_labs/google/keyword_suggestions/live,2026-09-03T11:47:40.664088+00:00,2026-09-03-test-decouverte-search-12/02-A5-discovery.json.gz,"[{""year"": 2026, ""month"": 7, ""search_volume"": 260}, {""year"": 2026, ""month"": 6, ""search_volume"": 170}, {""year"": 2026, ""month"": 5, ""search_volume"": 140}, {""year"": 2026, ""month"": 4, ""search_volume"": 210}, {""year"": 2026, ""month"": 3, ""search_volume"": 210}, {""year"": 2026, ""month"": 2, ""search_volume"": 140}, {""year"": 2026, ""month"": 1, ""search_volume"": 210}, {""year"": 2025, ""month"": 12, ""search_volume"": 260}, {""year"": 2025, ""month"": 11, ""search_volume"": 260}, {""year"": 2025, ""month"": 10, ""search_volume"": 210}, {""year"": 2025, ""month"": 9, ""search_volume"": 210}, {""year"": 2025, ""month"": 8, ""search_volume"": 320}]"
A5,les numeriques liseuse,210,0.28,USD_DOCUMENTED,parent,False,,,,,"liseuse générale, mini-format non demandé",dataforseo_labs/google/keyword_suggestions/live,2026-09-03T11:47:40.664088+00:00,2026-09-03-test-decouverte-search-12/02-A5-discovery.json.gz,"[{""year"": 2026, ""month"": 7, ""search_volume"": 170}, {""year"": 2026, ""month"": 6, ""search_volume"": 170}, {""year"": 2026, ""month"": 5, ""search_volume"": 170}, {""year"": 2026, ""month"": 4, ""search_volume"": 140}, {""year"": 2026, ""month"": 3, ""search_volume"": 140}, {""year"": 2026, ""month"": 2, ""search_volume"": 140}, {""year"": 2026, ""month"": 1, ""search_volume"": 210}, {""year"": 2025, ""month"": 12, ""search_volume"": 320}, {""year"": 2025, ""month"": 11, ""search_volume"": 390}, {""year"": 2025, ""month"": 10, ""search_volume"": 210}, {""year"": 2025, ""month"": 9, ""search_volume"": 170}, {""year"": 2025, ""month"": 8, ""search_volume"": 260}]"
A5,applique liseuse pour chambre,210,1.2,USD_DOCUMENTED,parent,False,,,,,"liseuse générale, mini-format non demandé",dataforseo_labs/google/keyword_suggestions/live,2026-09-03T11:47:40.664088+00:00,2026-09-03-test-decouverte-search-12/02-A5-discovery.json.gz,"[{""year"": 2026, ""month"": 7, ""search_volume"": 260}, {""year"": 2026, ""month"": 6, ""search_volume"": 210}, {""year"": 2026, ""month"": 5, ""search_volume"": 210}, {""year"": 2026, ""month"": 4, ""search_volume"": 170}, {""year"": 2026, ""month"": 3, ""search_volume"": 170}, {""year"": 2026, ""month"": 2, ""search_volume"": 210}, {""year"": 2026, ""month"": 1, ""search_volume"": 210}, {""year"": 2025, ""month"": 12, ""search_volume"": 140}, {""year"": 2025, ""month"": 11, ""search_volume"": 170}, {""year"": 2025, ""month"": 10, ""search_volume"": 140}, {""year"": 2025, ""month"": 9, ""search_volume"": 170}, {""year"": 2025, ""month"": 8, ""search_volume"": 170}]"
A5,lampe liseuse ikea,210,0.23,USD_DOCUMENTED,incompatible,True,,,,,"lampe, logiciel, contenu ou sens non appareil",dataforseo_labs/google/keyword_suggestions/live,2026-09-03T11:47:40.664088+00:00,2026-09-03-test-decouverte-search-12/02-A5-discovery.json.gz,"[{""year"": 2026, ""month"": 7, ""search_volume"": 90}, {""year"": 2026, ""month"": 6, ""search_volume"": 90}, {""year"": 2026, ""month"": 5, ""search_volume"": 110}, {""year"": 2026, ""month"": 4, ""search_volume"": 140}, {""year"": 2026, ""month"": 3, ""search_volume"": 140}, {""year"": 2026, ""month"": 2, ""search_volume"": 210}, {""year"": 2026, ""month"": 1, ""search_volume"": 320}, {""year"": 2025, ""month"": 12, ""search_volume"": 320}, {""year"": 2025, ""month"": 11, ""search_volume"": 320}, {""year"": 2025, ""month"": 10, ""search_volume"": 210}, {""year"": 2025, ""month"": 9, ""search_volume"": 210}, {""year"": 2025, ""month"": 8, ""search_volume"": 210}]"
A5,écran liseuse,210,0.19,USD_DOCUMENTED,parent,False,,,,,"liseuse générale, mini-format non demandé",dataforseo_labs/google/keyword_suggestions/live,2026-09-03T11:47:40.664088+00:00,2026-09-03-test-decouverte-search-12/02-A5-discovery.json.gz,"[{""year"": 2026, ""month"": 7, ""search_volume"": 210}, {""year"": 2026, ""month"": 6, ""search_volume"": 140}, {""year"": 2026, ""month"": 5, ""search_volume"": 260}, {""year"": 2026, ""month"": 4, ""search_volume"": 170}, {""year"": 2026, ""month"": 3, ""search_volume"": 210}, {""year"": 2026, ""month"": 2, ""search_volume"": 210}, {""year"": 2026, ""month"": 1, ""search_volume"": 260}, {""year"": 2025, ""month"": 12, ""search_volume"": 320}, {""year"": 2025, ""month"": 11, ""search_volume"": 260}, {""year"": 2025, ""month"": 10, ""search_volume"": 170}, {""year"": 2025, ""month"": 9, ""search_volume"": 210}, {""year"": 2025, ""month"": 8, ""search_volume"": 210}]"
A5,qu'est ce qu'une liseuse,210,0.24,USD_DOCUMENTED,parent,False,,,,,"liseuse générale, mini-format non demandé",dataforseo_labs/google/keyword_suggestions/live,2026-09-03T11:47:40.664088+00:00,2026-09-03-test-decouverte-search-12/02-A5-discovery.json.gz,"[{""year"": 2026, ""month"": 7, ""search_volume"": 210}, {""year"": 2026, ""month"": 6, ""search_volume"": 170}, {""year"": 2026, ""month"": 5, ""search_volume"": 170}, {""year"": 2026, ""month"": 4, ""search_volume"": 170}, {""year"": 2026, ""month"": 3, ""search_volume"": 140}, {""year"": 2026, ""month"": 2, ""search_volume"": 260}, {""year"": 2026, ""month"": 1, ""search_volume"": 210}, {""year"": 2025, ""month"": 12, ""search_volume"": 320}, {""year"": 2025, ""month"": 11, ""search_volume"": 260}, {""year"": 2025, ""month"": 10, ""search_volume"": 210}, {""year"": 2025, ""month"": 9, ""search_volume"": 210}, {""year"": 2025, ""month"": 8, ""search_volume"": 210}]"
A5,lampadaire/liseuse ikea,210,0.23,USD_DOCUMENTED,incompatible,True,,,,,"lampe, logiciel, contenu ou sens non appareil",dataforseo_labs/google/keyword_suggestions/live,2026-09-03T11:47:40.664088+00:00,2026-09-03-test-decouverte-search-12/02-A5-discovery.json.gz,"[{""year"": 2026, ""month"": 7, ""search_volume"": 90}, {""year"": 2026, ""month"": 6, ""search_volume"": 90}, {""year"": 2026, ""month"": 5, ""search_volume"": 110}, {""year"": 2026, ""month"": 4, ""search_volume"": 140}, {""year"": 2026, ""month"": 3, ""search_volume"": 140}, {""year"": 2026, ""month"": 2, ""search_volume"": 210}, {""year"": 2026, ""month"": 1, ""search_volume"": 320}, {""year"": 2025, ""month"": 12, ""search_volume"": 320}, {""year"": 2025, ""month"": 11, ""search_volume"": 320}, {""year"": 2025, ""month"": 10, ""search_volume"": 210}, {""year"": 2025, ""month"": 9, ""search_volume"": 210}, {""year"": 2025, ""month"": 8, ""search_volume"": 210}]"
A5,kindle amazon liseuse,210,0.3,USD_DOCUMENTED,parent,True,,,,,"liseuse générale, mini-format non demandé",dataforseo_labs/google/keyword_suggestions/live,2026-09-03T11:47:40.664088+00:00,2026-09-03-test-decouverte-search-12/02-A5-discovery.json.gz,"[{""year"": 2026, ""month"": 7, ""search_volume"": 170}, {""year"": 2026, ""month"": 6, ""search_volume"": 170}, {""year"": 2026, ""month"": 5, ""search_volume"": 170}, {""year"": 2026, ""month"": 4, ""search_volume"": 140}, {""year"": 2026, ""month"": 3, ""search_volume"": 140}, {""year"": 2026, ""month"": 2, ""search_volume"": 170}, {""year"": 2026, ""month"": 1, ""search_volume"": 210}, {""year"": 2025, ""month"": 12, ""search_volume"": 320}, {""year"": 2025, ""month"": 11, ""search_volume"": 260}, {""year"": 2025, ""month"": 10, ""search_volume"": 210}, {""year"": 2025, ""month"": 9, ""search_volume"": 170}, {""year"": 2025, ""month"": 8, ""search_volume"": 210}]"
A5,liseuse meilleur rapport qualité/prix,170,0.39,USD_DOCUMENTED,parent,False,,,,,"liseuse générale, mini-format non demandé",dataforseo_labs/google/keyword_suggestions/live,2026-09-03T11:47:40.664088+00:00,2026-09-03-test-decouverte-search-12/02-A5-discovery.json.gz,"[{""year"": 2026, ""month"": 7, ""search_volume"": 170}, {""year"": 2026, ""month"": 6, ""search_volume"": 110}, {""year"": 2026, ""month"": 5, ""search_volume"": 140}, {""year"": 2026, ""month"": 4, ""search_volume"": 110}, {""year"": 2026, ""month"": 3, ""search_volume"": 140}, {""year"": 2026, ""month"": 2, ""search_volume"": 110}, {""year"": 2026, ""month"": 1, ""search_volume"": 140}, {""year"": 2025, ""month"": 12, ""search_volume"": 170}, {""year"": 2025, ""month"": 11, ""search_volume"": 390}, {""year"": 2025, ""month"": 10, ""search_volume"": 170}, {""year"": 2025, ""month"": 9, ""search_volume"": 140}, {""year"": 2025, ""month"": 8, ""search_volume"": 210}]"
A5,tea liseuse,170,0.31,USD_DOCUMENTED,parent,False,,,,,"liseuse générale, mini-format non demandé",dataforseo_labs/google/keyword_suggestions/live,2026-09-03T11:47:40.664088+00:00,2026-09-03-test-decouverte-search-12/02-A5-discovery.json.gz,"[{""year"": 2026, ""month"": 7, ""search_volume"": 170}, {""year"": 2026, ""month"": 6, ""search_volume"": 110}, {""year"": 2026, ""month"": 5, ""search_volume"": 140}, {""year"": 2026, ""month"": 4, ""search_volume"": 140}, {""year"": 2026, ""month"": 3, ""search_volume"": 140}, {""year"": 2026, ""month"": 2, ""search_volume"": 110}, {""year"": 2026, ""month"": 1, ""search_volume"": 170}, {""year"": 2025, ""month"": 12, ""search_volume"": 170}, {""year"": 2025, ""month"": 11, ""search_volume"": 260}, {""year"": 2025, ""month"": 10, ""search_volume"": 170}, {""year"": 2025, ""month"": 9, ""search_volume"": 170}, {""year"": 2025, ""month"": 8, ""search_volume"": 260}]"
A5,application liseuse,170,1.53,USD_DOCUMENTED,incompatible,False,,,,,"lampe, logiciel, contenu ou sens non appareil",dataforseo_labs/google/keyword_suggestions/live,2026-09-03T11:47:40.664088+00:00,2026-09-03-test-decouverte-search-12/02-A5-discovery.json.gz,"[{""year"": 2026, ""month"": 7, ""search_volume"": 140}, {""year"": 2026, ""month"": 6, ""search_volume"": 140}, {""year"": 2026, ""month"": 5, ""search_volume"": 140}, {""year"": 2026, ""month"": 4, ""search_volume"": 110}, {""year"": 2026, ""month"": 3, ""search_volume"": 170}, {""year"": 2026, ""month"": 2, ""search_volume"": 170}, {""year"": 2026, ""month"": 1, ""search_volume"": 170}, {""year"": 2025, ""month"": 12, ""search_volume"": 210}, {""year"": 2025, ""month"": 11, ""search_volume"": 210}, {""year"": 2025, ""month"": 10, ""search_volume"": 210}, {""year"": 2025, ""month"": 9, ""search_volume"": 170}, {""year"": 2025, ""month"": 8, ""search_volume"": 260}]"
A5,comment choisir liseuse,170,0.29,USD_DOCUMENTED,information,False,,,,,"usage/SAV/risque, hors demande achat directe",dataforseo_labs/google/keyword_suggestions/live,2026-09-03T11:47:40.664088+00:00,2026-09-03-test-decouverte-search-12/02-A5-discovery.json.gz,"[{""year"": 2026, ""month"": 7, ""search_volume"": 140}, {""year"": 2026, ""month"": 6, ""search_volume"": 110}, {""year"": 2026, ""month"": 5, ""search_volume"": 110}, {""year"": 2026, ""month"": 4, ""search_volume"": 110}, {""year"": 2026, ""month"": 3, ""search_volume"": 110}, {""year"": 2026, ""month"": 2, ""search_volume"": 110}, {""year"": 2026, ""month"": 1, ""search_volume"": 170}, {""year"": 2025, ""month"": 12, ""search_volume"": 320}, {""year"": 2025, ""month"": 11, ""search_volume"": 390}, {""year"": 2025, ""month"": 10, ""search_volume"": 210}, {""year"": 2025, ""month"": 9, ""search_volume"": 140}, {""year"": 2025, ""month"": 8, ""search_volume"": 210}]"
A5,liseuse kobo boulanger,170,0.15,USD_DOCUMENTED,parent,True,,,,,"liseuse générale, mini-format non demandé",dataforseo_labs/google/keyword_suggestions/live,2026-09-03T11:47:40.664088+00:00,2026-09-03-test-decouverte-search-12/02-A5-discovery.json.gz,"[{""year"": 2026, ""month"": 7, ""search_volume"": 140}, {""year"": 2026, ""month"": 6, ""search_volume"": 110}, {""year"": 2026, ""month"": 5, ""search_volume"": 110}, {""year"": 2026, ""month"": 4, ""search_volume"": 110}, {""year"": 2026, ""month"": 3, ""search_volume"": 110}, {""year"": 2026, ""month"": 2, ""search_volume"": 110}, {""year"": 2026, ""month"": 1, ""search_volume"": 170}, {""year"": 2025, ""month"": 12, ""search_volume"": 320}, {""year"": 2025, ""month"": 11, ""search_volume"": 320}, {""year"": 2025, ""month"": 10, ""search_volume"": 140}, {""year"": 2025, ""month"": 9, ""search_volume"": 110}, {""year"": 2025, ""month"": 8, ""search_volume"": 170}]"
A5,liseuse kobo en solde,170,0.26,USD_DOCUMENTED,parent,True,,,,,"liseuse générale, mini-format non demandé",dataforseo_labs/google/keyword_suggestions/live,2026-09-03T11:47:40.664088+00:00,2026-09-03-test-decouverte-search-12/02-A5-discovery.json.gz,"[{""year"": 2026, ""month"": 7, ""search_volume"": 480}, {""year"": 2026, ""month"": 6, ""search_volume"": 480}, {""year"": 2026, ""month"": 5, ""search_volume"": 20}, {""year"": 2026, ""month"": 4, ""search_volume"": 30}, {""year"": 2026, ""month"": 3, ""search_volume"": 30}, {""year"": 2026, ""month"": 2, ""search_volume"": 40}, {""year"": 2026, ""month"": 1, ""search_volume"": 720}, {""year"": 2025, ""month"": 12, ""search_volume"": 50}, {""year"": 2025, ""month"": 11, ""search_volume"": 40}, {""year"": 2025, ""month"": 10, ""search_volume"": 20}, {""year"": 2025, ""month"": 9, ""search_volume"": 20}, {""year"": 2025, ""month"": 8, ""search_volume"": 40}]"
A5,comment choisir une liseuse,170,0.29,USD_DOCUMENTED,information,False,,,,,"usage/SAV/risque, hors demande achat directe",dataforseo_labs/google/keyword_suggestions/live,2026-09-03T11:47:40.664088+00:00,2026-09-03-test-decouverte-search-12/02-A5-discovery.json.gz,"[{""year"": 2026, ""month"": 7, ""search_volume"": 140}, {""year"": 2026, ""month"": 6, ""search_volume"": 110}, {""year"": 2026, ""month"": 5, ""search_volume"": 110}, {""year"": 2026, ""month"": 4, ""search_volume"": 110}, {""year"": 2026, ""month"": 3, ""search_volume"": 110}, {""year"": 2026, ""month"": 2, ""search_volume"": 110}, {""year"": 2026, ""month"": 1, ""search_volume"": 170}, {""year"": 2025, ""month"": 12, ""search_volume"": 320}, {""year"": 2025, ""month"": 11, ""search_volume"": 390}, {""year"": 2025, ""month"": 10, ""search_volume"": 210}, {""year"": 2025, ""month"": 9, ""search_volume"": 140}, {""year"": 2025, ""month"": 8, ""search_volume"": 210}]"
A5,liseuse sur pied ikea,170,0.29,USD_DOCUMENTED,parent,True,,,,,"liseuse générale, mini-format non demandé",dataforseo_labs/google/keyword_suggestions/live,2026-09-03T11:47:40.664088+00:00,2026-09-03-test-decouverte-search-12/02-A5-discovery.json.gz,"[{""year"": 2026, ""month"": 7, ""search_volume"": 90}, {""year"": 2026, ""month"": 6, ""search_volume"": 70}, {""year"": 2026, ""month"": 5, ""search_volume"": 90}, {""year"": 2026, ""month"": 4, ""search_volume"": 90}, {""year"": 2026, ""month"": 3, ""search_volume"": 170}, {""year"": 2026, ""month"": 2, ""search_volume"": 210}, {""year"": 2026, ""month"": 1, ""search_volume"": 320}, {""year"": 2025, ""month"": 12, ""search_volume"": 260}, {""year"": 2025, ""month"": 11, ""search_volume"": 320}, {""year"": 2025, ""month"": 10, ""search_volume"": 260}, {""year"": 2025, ""month"": 9, ""search_volume"": 170}, {""year"": 2025, ""month"": 8, ""search_volume"": 210}]"
A5,acheter une liseuse,170,0.49,USD_DOCUMENTED,parent,False,,,,,"liseuse générale, mini-format non demandé",dataforseo_labs/google/keyword_suggestions/live,2026-09-03T11:47:40.664088+00:00,2026-09-03-test-decouverte-search-12/02-A5-discovery.json.gz,"[{""year"": 2026, ""month"": 7, ""search_volume"": 170}, {""year"": 2026, ""month"": 6, ""search_volume"": 140}, {""year"": 2026, ""month"": 5, ""search_volume"": 140}, {""year"": 2026, ""month"": 4, ""search_volume"": 140}, {""year"": 2026, ""month"": 3, ""search_volume"": 170}, {""year"": 2026, ""month"": 2, ""search_volume"": 140}, {""year"": 2026, ""month"": 1, ""search_volume"": 170}, {""year"": 2025, ""month"": 12, ""search_volume"": 260}, {""year"": 2025, ""month"": 11, ""search_volume"": 210}, {""year"": 2025, ""month"": 10, ""search_volume"": 210}, {""year"": 2025, ""month"": 9, ""search_volume"": 210}, {""year"": 2025, ""month"": 8, ""search_volume"": 260}]"
A5,liseuse design,170,1.17,USD_DOCUMENTED,parent,False,,,,,"liseuse générale, mini-format non demandé",dataforseo_labs/google/keyword_suggestions/live,2026-09-03T11:47:40.664088+00:00,2026-09-03-test-decouverte-search-12/02-A5-discovery.json.gz,"[{""year"": 2026, ""month"": 7, ""search_volume"": 110}, {""year"": 2026, ""month"": 6, ""search_volume"": 140}, {""year"": 2026, ""month"": 5, ""search_volume"": 110}, {""year"": 2026, ""month"": 4, ""search_volume"": 140}, {""year"": 2026, ""month"": 3, ""search_volume"": 170}, {""year"": 2026, ""month"": 2, ""search_volume"": 210}, {""year"": 2026, ""month"": 1, ""search_volume"": 210}, {""year"": 2025, ""month"": 12, ""search_volume"": 210}, {""year"": 2025, ""month"": 11, ""search_volume"": 260}, {""year"": 2025, ""month"": 10, ""search_volume"": 210}, {""year"": 2025, ""month"": 9, ""search_volume"": 170}, {""year"": 2025, ""month"": 8, ""search_volume"": 170}]"
A5,liseuse vtech,170,0.09,USD_DOCUMENTED,parent,False,,,,,"liseuse générale, mini-format non demandé",dataforseo_labs/google/keyword_suggestions/live,2026-09-03T11:47:40.664088+00:00,2026-09-03-test-decouverte-search-12/02-A5-discovery.json.gz,"[{""year"": 2026, ""month"": 7, ""search_volume"": 140}, {""year"": 2026, ""month"": 6, ""search_volume"": 70}, {""year"": 2026, ""month"": 5, ""search_volume"": 70}, {""year"": 2026, ""month"": 4, ""search_volume"": 70}, {""year"": 2026, ""month"": 3, ""search_volume"": 110}, {""year"": 2026, ""month"": 2, ""search_volume"": 70}, {""year"": 2026, ""month"": 1, ""search_volume"": 140}, {""year"": 2025, ""month"": 12, ""search_volume"": 480}, {""year"": 2025, ""month"": 11, ""search_volume"": 590}, {""year"": 2025, ""month"": 10, ""search_volume"": 260}, {""year"": 2025, ""month"": 9, ""search_volume"": 70}, {""year"": 2025, ""month"": 8, ""search_volume"": 30}]"
A5,liseuse dorée,170,1.34,USD_DOCUMENTED,parent,False,,,,,"liseuse générale, mini-format non demandé",dataforseo_labs/google/keyword_suggestions/live,2026-09-03T11:47:40.664088+00:00,2026-09-03-test-decouverte-search-12/02-A5-discovery.json.gz,"[{""year"": 2026, ""month"": 7, ""search_volume"": 210}, {""year"": 2026, ""month"": 6, ""search_volume"": 140}, {""year"": 2026, ""month"": 5, ""search_volume"": 140}, {""year"": 2026, ""month"": 4, ""search_volume"": 170}, {""year"": 2026, ""month"": 3, ""search_volume"": 140}, {""year"": 2026, ""month"": 2, ""search_volume"": 210}, {""year"": 2026, ""month"": 1, ""search_volume"": 210}, {""year"": 2025, ""month"": 12, ""search_volume"": 170}, {""year"": 2025, ""month"": 11, ""search_volume"": 260}, {""year"": 2025, ""month"": 10, ""search_volume"": 210}, {""year"": 2025, ""month"": 9, ""search_volume"": 140}, {""year"": 2025, ""month"": 8, ""search_volume"": 140}]"
A5,liseuse tea,170,0.31,USD_DOCUMENTED,parent,False,,,,,"liseuse générale, mini-format non demandé",dataforseo_labs/google/keyword_suggestions/live,2026-09-03T11:47:40.664088+00:00,2026-09-03-test-decouverte-search-12/02-A5-discovery.json.gz,"[{""year"": 2026, ""month"": 7, ""search_volume"": 170}, {""year"": 2026, ""month"": 6, ""search_volume"": 110}, {""year"": 2026, ""month"": 5, ""search_volume"": 140}, {""year"": 2026, ""month"": 4, ""search_volume"": 140}, {""year"": 2026, ""month"": 3, ""search_volume"": 140}, {""year"": 2026, ""month"": 2, ""search_volume"": 110}, {""year"": 2026, ""month"": 1, ""search_volume"": 170}, {""year"": 2025, ""month"": 12, ""search_volume"": 170}, {""year"": 2025, ""month"": 11, ""search_volume"": 260}, {""year"": 2025, ""month"": 10, ""search_volume"": 170}, {""year"": 2025, ""month"": 9, ""search_volume"": 170}, {""year"": 2025, ""month"": 8, ""search_volume"": 260}]"
A5,coussin liseuse,170,0.21,USD_DOCUMENTED,parent,False,,,,,"liseuse générale, mini-format non demandé",dataforseo_labs/google/keyword_suggestions/live,2026-09-03T11:47:40.664088+00:00,2026-09-03-test-decouverte-search-12/02-A5-discovery.json.gz,"[{""year"": 2026, ""month"": 7, ""search_volume"": 140}, {""year"": 2026, ""month"": 6, ""search_volume"": 110}, {""year"": 2026, ""month"": 5, ""search_volume"": 170}, {""year"": 2026, ""month"": 4, ""search_volume"": 90}, {""year"": 2026, ""month"": 3, ""search_volume"": 140}, {""year"": 2026, ""month"": 2, ""search_volume"": 170}, {""year"": 2026, ""month"": 1, ""search_volume"": 260}, {""year"": 2025, ""month"": 12, ""search_volume"": 390}, {""year"": 2025, ""month"": 11, ""search_volume"": 260}, {""year"": 2025, ""month"": 10, ""search_volume"": 110}, {""year"": 2025, ""month"": 9, ""search_volume"": 170}, {""year"": 2025, ""month"": 8, ""search_volume"": 140}]"
A5,liseuse doré,170,1.34,USD_DOCUMENTED,parent,False,,,,,"liseuse générale, mini-format non demandé",dataforseo_labs/google/keyword_suggestions/live,2026-09-03T11:47:40.664088+00:00,2026-09-03-test-decouverte-search-12/02-A5-discovery.json.gz,"[{""year"": 2026, ""month"": 7, ""search_volume"": 210}, {""year"": 2026, ""month"": 6, ""search_volume"": 140}, {""year"": 2026, ""month"": 5, ""search_volume"": 140}, {""year"": 2026, ""month"": 4, ""search_volume"": 170}, {""year"": 2026, ""month"": 3, ""search_volume"": 140}, {""year"": 2026, ""month"": 2, ""search_volume"": 210}, {""year"": 2026, ""month"": 1, ""search_volume"": 210}, {""year"": 2025, ""month"": 12, ""search_volume"": 170}, {""year"": 2025, ""month"": 11, ""search_volume"": 260}, {""year"": 2025, ""month"": 10, ""search_volume"": 210}, {""year"": 2025, ""month"": 9, ""search_volume"": 140}, {""year"": 2025, ""month"": 8, ""search_volume"": 140}]"
A5,lumiere liseuse livre,170,0.37,USD_DOCUMENTED,parent,False,,,,,"liseuse générale, mini-format non demandé",dataforseo_labs/google/keyword_suggestions/live,2026-09-03T11:47:40.664088+00:00,2026-09-03-test-decouverte-search-12/02-A5-discovery.json.gz,"[{""year"": 2026, ""month"": 7, ""search_volume"": 90}, {""year"": 2026, ""month"": 6, ""search_volume"": 90}, {""year"": 2026, ""month"": 5, ""search_volume"": 110}, {""year"": 2026, ""month"": 4, ""search_volume"": 50}, {""year"": 2026, ""month"": 3, ""search_volume"": 110}, {""year"": 2026, ""month"": 2, ""search_volume"": 170}, {""year"": 2026, ""month"": 1, ""search_volume"": 210}, {""year"": 2025, ""month"": 12, ""search_volume"": 480}, {""year"": 2025, ""month"": 11, ""search_volume"": 390}, {""year"": 2025, ""month"": 10, ""search_volume"": 210}, {""year"": 2025, ""month"": 9, ""search_volume"": 110}, {""year"": 2025, ""month"": 8, ""search_volume"": 170}]"
A5,la liseuse renoir,170,0.04,USD_DOCUMENTED,parent,False,,,,,"liseuse générale, mini-format non demandé",dataforseo_labs/google/keyword_suggestions/live,2026-09-03T11:47:40.664088+00:00,2026-09-03-test-decouverte-search-12/02-A5-discovery.json.gz,"[{""year"": 2026, ""month"": 7, ""search_volume"": 170}, {""year"": 2026, ""month"": 6, ""search_volume"": 140}, {""year"": 2026, ""month"": 5, ""search_volume"": 210}, {""year"": 2026, ""month"": 4, ""search_volume"": 210}, {""year"": 2026, ""month"": 3, ""search_volume"": 210}, {""year"": 2026, ""month"": 2, ""search_volume"": 140}, {""year"": 2026, ""month"": 1, ""search_volume"": 210}, {""year"": 2025, ""month"": 12, ""search_volume"": 170}, {""year"": 2025, ""month"": 11, ""search_volume"": 170}, {""year"": 2025, ""month"": 10, ""search_volume"": 170}, {""year"": 2025, ""month"": 9, ""search_volume"": 170}, {""year"": 2025, ""month"": 8, ""search_volume"": 170}]"
A5,renoir la liseuse,170,0.04,USD_DOCUMENTED,parent,False,,,,,"liseuse générale, mini-format non demandé",dataforseo_labs/google/keyword_suggestions/live,2026-09-03T11:47:40.664088+00:00,2026-09-03-test-decouverte-search-12/02-A5-discovery.json.gz,"[{""year"": 2026, ""month"": 7, ""search_volume"": 170}, {""year"": 2026, ""month"": 6, ""search_volume"": 140}, {""year"": 2026, ""month"": 5, ""search_volume"": 210}, {""year"": 2026, ""month"": 4, ""search_volume"": 210}, {""year"": 2026, ""month"": 3, ""search_volume"": 210}, {""year"": 2026, ""month"": 2, ""search_volume"": 140}, {""year"": 2026, ""month"": 1, ""search_volume"": 210}, {""year"": 2025, ""month"": 12, ""search_volume"": 170}, {""year"": 2025, ""month"": 11, ""search_volume"": 170}, {""year"": 2025, ""month"": 10, ""search_volume"": 170}, {""year"": 2025, ""month"": 9, ""search_volume"": 170}, {""year"": 2025, ""month"": 8, ""search_volume"": 170}]"
A5,hauteur liseuse tête de lit,170,0.58,USD_DOCUMENTED,parent,False,,,,,"liseuse générale, mini-format non demandé",dataforseo_labs/google/keyword_suggestions/live,2026-09-03T11:47:40.664088+00:00,2026-09-03-test-decouverte-search-12/02-A5-discovery.json.gz,"[{""year"": 2026, ""month"": 7, ""search_volume"": 90}, {""year"": 2026, ""month"": 6, ""search_volume"": 90}, {""year"": 2026, ""month"": 5, ""search_volume"": 140}, {""year"": 2026, ""month"": 4, ""search_volume"": 140}, {""year"": 2026, ""month"": 3, ""search_volume"": 210}, {""year"": 2026, ""month"": 2, ""search_volume"": 210}, {""year"": 2026, ""month"": 1, ""search_volume"": 210}, {""year"": 2025, ""month"": 12, ""search_volume"": 170}, {""year"": 2025, ""month"": 11, ""search_volume"": 170}, {""year"": 2025, ""month"": 10, ""search_volume"": 170}, {""year"": 2025, ""month"": 9, ""search_volume"": 170}, {""year"": 2025, ""month"": 8, ""search_volume"": 140}]"
A5,liseuse acheter,170,0.49,USD_DOCUMENTED,parent,False,,,,,"liseuse générale, mini-format non demandé",dataforseo_labs/google/keyword_suggestions/live,2026-09-03T11:47:40.664088+00:00,2026-09-03-test-decouverte-search-12/02-A5-discovery.json.gz,"[{""year"": 2026, ""month"": 7, ""search_volume"": 170}, {""year"": 2026, ""month"": 6, ""search_volume"": 140}, {""year"": 2026, ""month"": 5, ""search_volume"": 140}, {""year"": 2026, ""month"": 4, ""search_volume"": 140}, {""year"": 2026, ""month"": 3, ""search_volume"": 170}, {""year"": 2026, ""month"": 2, ""search_volume"": 140}, {""year"": 2026, ""month"": 1, ""search_volume"": 170}, {""year"": 2025, ""month"": 12, ""search_volume"": 260}, {""year"": 2025, ""month"": 11, ""search_volume"": 210}, {""year"": 2025, ""month"": 10, ""search_volume"": 210}, {""year"": 2025, ""month"": 9, ""search_volume"": 210}, {""year"": 2025, ""month"": 8, ""search_volume"": 260}]"
A5,soldes liseuse,170,0.25,USD_DOCUMENTED,parent,False,,,,,"liseuse générale, mini-format non demandé",dataforseo_labs/google/keyword_suggestions/live,2026-09-03T11:47:40.664088+00:00,2026-09-03-test-decouverte-search-12/02-A5-discovery.json.gz,"[{""year"": 2026, ""month"": 7, ""search_volume"": 320}, {""year"": 2026, ""month"": 6, ""search_volume"": 210}, {""year"": 2026, ""month"": 5, ""search_volume"": 70}, {""year"": 2026, ""month"": 4, ""search_volume"": 30}, {""year"": 2026, ""month"": 3, ""search_volume"": 170}, {""year"": 2026, ""month"": 2, ""search_volume"": 210}, {""year"": 2026, ""month"": 1, ""search_volume"": 720}, {""year"": 2025, ""month"": 12, ""search_volume"": 20}, {""year"": 2025, ""month"": 11, ""search_volume"": 10}, {""year"": 2025, ""month"": 10, ""search_volume"": 10}, {""year"": 2025, ""month"": 9, ""search_volume"": 90}, {""year"": 2025, ""month"": 8, ""search_volume"": 90}]"
A5,tolino liseuse,170,0.16,USD_DOCUMENTED,parent,True,,,,,"liseuse générale, mini-format non demandé",dataforseo_labs/google/keyword_suggestions/live,2026-09-03T11:47:40.664088+00:00,2026-09-03-test-decouverte-search-12/02-A5-discovery.json.gz,"[{""year"": 2026, ""month"": 7, ""search_volume"": 210}, {""year"": 2026, ""month"": 6, ""search_volume"": 140}, {""year"": 2026, ""month"": 5, ""search_volume"": 140}, {""year"": 2026, ""month"": 4, ""search_volume"": 140}, {""year"": 2026, ""month"": 3, ""search_volume"": 170}, {""year"": 2026, ""month"": 2, ""search_volume"": 170}, {""year"": 2026, ""month"": 1, ""search_volume"": 260}, {""year"": 2025, ""month"": 12, ""search_volume"": 210}, {""year"": 2025, ""month"": 11, ""search_volume"": 210}, {""year"": 2025, ""month"": 10, ""search_volume"": 140}, {""year"": 2025, ""month"": 9, ""search_volume"": 110}, {""year"": 2025, ""month"": 8, ""search_volume"": 170}]"
A5,liseuse vivlio inkpad color 3,170,0.39,USD_DOCUMENTED,parent,True,,,,,"liseuse générale, mini-format non demandé",dataforseo_labs/google/keyword_suggestions/live,2026-09-03T11:47:40.664088+00:00,2026-09-03-test-decouverte-search-12/02-A5-discovery.json.gz,"[{""year"": 2026, ""month"": 7, ""search_volume"": 110}, {""year"": 2026, ""month"": 6, ""search_volume"": 70}, {""year"": 2026, ""month"": 5, ""search_volume"": 110}, {""year"": 2026, ""month"": 4, ""search_volume"": 70}, {""year"": 2026, ""month"": 3, ""search_volume"": 90}, {""year"": 2026, ""month"": 2, ""search_volume"": 70}, {""year"": 2026, ""month"": 1, ""search_volume"": 170}, {""year"": 2025, ""month"": 12, ""search_volume"": 320}, {""year"": 2025, ""month"": 11, ""search_volume"": 390}, {""year"": 2025, ""month"": 10, ""search_volume"": 140}, {""year"": 2025, ""month"": 9, ""search_volume"": 170}, {""year"": 2025, ""month"": 8, ""search_volume"": 170}]"
A5,promo liseuse,170,0.2,USD_DOCUMENTED,parent,False,,,,,"liseuse générale, mini-format non demandé",dataforseo_labs/google/keyword_suggestions/live,2026-09-03T11:47:40.664088+00:00,2026-09-03-test-decouverte-search-12/02-A5-discovery.json.gz,"[{""year"": 2026, ""month"": 7, ""search_volume"": 140}, {""year"": 2026, ""month"": 6, ""search_volume"": 170}, {""year"": 2026, ""month"": 5, ""search_volume"": 110}, {""year"": 2026, ""month"": 4, ""search_volume"": 110}, {""year"": 2026, ""month"": 3, ""search_volume"": 90}, {""year"": 2026, ""month"": 2, ""search_volume"": 110}, {""year"": 2026, ""month"": 1, ""search_volume"": 260}, {""year"": 2025, ""month"": 12, ""search_volume"": 260}, {""year"": 2025, ""month"": 11, ""search_volume"": 260}, {""year"": 2025, ""month"": 10, ""search_volume"": 170}, {""year"": 2025, ""month"": 9, ""search_volume"": 140}, {""year"": 2025, ""month"": 8, ""search_volume"": 170}]"
A5,liseuse meilleurs rapport qualité prix,170,0.39,USD_DOCUMENTED,parent,False,,,,,"liseuse générale, mini-format non demandé",dataforseo_labs/google/keyword_suggestions/live,2026-09-03T11:47:40.664088+00:00,2026-09-03-test-decouverte-search-12/02-A5-discovery.json.gz,"[{""year"": 2026, ""month"": 7, ""search_volume"": 170}, {""year"": 2026, ""month"": 6, ""search_volume"": 110}, {""year"": 2026, ""month"": 5, ""search_volume"": 140}, {""year"": 2026, ""month"": 4, ""search_volume"": 110}, {""year"": 2026, ""month"": 3, ""search_volume"": 140}, {""year"": 2026, ""month"": 2, ""search_volume"": 110}, {""year"": 2026, ""month"": 1, ""search_volume"": 140}, {""year"": 2025, ""month"": 12, ""search_volume"": 170}, {""year"": 2025, ""month"": 11, ""search_volume"": 390}, {""year"": 2025, ""month"": 10, ""search_volume"": 170}, {""year"": 2025, ""month"": 9, ""search_volume"": 140}, {""year"": 2025, ""month"": 8, ""search_volume"": 210}]"
A5,liseuse back market,170,0.3,USD_DOCUMENTED,parent,False,,,,,"liseuse générale, mini-format non demandé",dataforseo_labs/google/keyword_suggestions/live,2026-09-03T11:47:40.664088+00:00,2026-09-03-test-decouverte-search-12/02-A5-discovery.json.gz,"[{""year"": 2026, ""month"": 7, ""search_volume"": 210}, {""year"": 2026, ""month"": 6, ""search_volume"": 140}, {""year"": 2026, ""month"": 5, ""search_volume"": 140}, {""year"": 2026, ""month"": 4, ""search_volume"": 110}, {""year"": 2026, ""month"": 3, ""search_volume"": 140}, {""year"": 2026, ""month"": 2, ""search_volume"": 170}, {""year"": 2026, ""month"": 1, ""search_volume"": 210}, {""year"": 2025, ""month"": 12, ""search_volume"": 260}, {""year"": 2025, ""month"": 11, ""search_volume"": 260}, {""year"": 2025, ""month"": 10, ""search_volume"": 140}, {""year"": 2025, ""month"": 9, ""search_volume"": 210}, {""year"": 2025, ""month"": 8, ""search_volume"": 260}]"
A5,housse pour liseuse kindle,170,0.32,USD_DOCUMENTED,incompatible,True,,,,,"lampe, logiciel, contenu ou sens non appareil",dataforseo_labs/google/keyword_suggestions/live,2026-09-03T11:47:40.664088+00:00,2026-09-03-test-decouverte-search-12/02-A5-discovery.json.gz,"[{""year"": 2026, ""month"": 7, ""search_volume"": 140}, {""year"": 2026, ""month"": 6, ""search_volume"": 110}, {""year"": 2026, ""month"": 5, ""search_volume"": 140}, {""year"": 2026, ""month"": 4, ""search_volume"": 90}, {""year"": 2026, ""month"": 3, ""search_volume"": 140}, {""year"": 2026, ""month"": 2, ""search_volume"": 140}, {""year"": 2026, ""month"": 1, ""search_volume"": 260}, {""year"": 2025, ""month"": 12, ""search_volume"": 390}, {""year"": 2025, ""month"": 11, ""search_volume"": 320}, {""year"": 2025, ""month"": 10, ""search_volume"": 140}, {""year"": 2025, ""month"": 9, ""search_volume"": 110}, {""year"": 2025, ""month"": 8, ""search_volume"": 140}]"
A5,liseuse kobo bloqué en veille,170,,USD_DOCUMENTED,parent,True,,,,,"liseuse générale, mini-format non demandé",dataforseo_labs/google/keyword_suggestions/live,2026-09-03T11:47:40.664088+00:00,2026-09-03-test-decouverte-search-12/02-A5-discovery.json.gz,"[{""year"": 2026, ""month"": 7, ""search_volume"": 170}, {""year"": 2026, ""month"": 6, ""search_volume"": 90}, {""year"": 2026, ""month"": 5, ""search_volume"": 140}, {""year"": 2026, ""month"": 4, ""search_volume"": 110}, {""year"": 2026, ""month"": 3, ""search_volume"": 110}, {""year"": 2026, ""month"": 2, ""search_volume"": 110}, {""year"": 2026, ""month"": 1, ""search_volume"": 170}, {""year"": 2025, ""month"": 12, ""search_volume"": 210}, {""year"": 2025, ""month"": 11, ""search_volume"": 170}, {""year"": 2025, ""month"": 10, ""search_volume"": 140}, {""year"": 2025, ""month"": 9, ""search_volume"": 260}, {""year"": 2025, ""month"": 8, ""search_volume"": 480}]"
A5,housse liseuse kindle,170,0.32,USD_DOCUMENTED,incompatible,True,,,,,"lampe, logiciel, contenu ou sens non appareil",dataforseo_labs/google/keyword_suggestions/live,2026-09-03T11:47:40.664088+00:00,2026-09-03-test-decouverte-search-12/02-A5-discovery.json.gz,"[{""year"": 2026, ""month"": 7, ""search_volume"": 140}, {""year"": 2026, ""month"": 6, ""search_volume"": 110}, {""year"": 2026, ""month"": 5, ""search_volume"": 140}, {""year"": 2026, ""month"": 4, ""search_volume"": 90}, {""year"": 2026, ""month"": 3, ""search_volume"": 140}, {""year"": 2026, ""month"": 2, ""search_volume"": 140}, {""year"": 2026, ""month"": 1, ""search_volume"": 260}, {""year"": 2025, ""month"": 12, ""search_volume"": 390}, {""year"": 2025, ""month"": 11, ""search_volume"": 320}, {""year"": 2025, ""month"": 10, ""search_volume"": 140}, {""year"": 2025, ""month"": 9, ""search_volume"": 110}, {""year"": 2025, ""month"": 8, ""search_volume"": 140}]"
A5,liseuse meilleur rapport qualité prix,170,0.39,USD_DOCUMENTED,parent,False,,,,,"liseuse générale, mini-format non demandé",dataforseo_labs/google/keyword_suggestions/live,2026-09-03T11:47:40.664088+00:00,2026-09-03-test-decouverte-search-12/02-A5-discovery.json.gz,"[{""year"": 2026, ""month"": 7, ""search_volume"": 170}, {""year"": 2026, ""month"": 6, ""search_volume"": 110}, {""year"": 2026, ""month"": 5, ""search_volume"": 140}, {""year"": 2026, ""month"": 4, ""search_volume"": 110}, {""year"": 2026, ""month"": 3, ""search_volume"": 140}, {""year"": 2026, ""month"": 2, ""search_volume"": 110}, {""year"": 2026, ""month"": 1, ""search_volume"": 140}, {""year"": 2025, ""month"": 12, ""search_volume"": 170}, {""year"": 2025, ""month"": 11, ""search_volume"": 390}, {""year"": 2025, ""month"": 10, ""search_volume"": 170}, {""year"": 2025, ""month"": 9, ""search_volume"": 140}, {""year"": 2025, ""month"": 8, ""search_volume"": 210}]"
A5,liseuse dore,170,1.34,USD_DOCUMENTED,parent,False,,,,,"liseuse générale, mini-format non demandé",dataforseo_labs/google/keyword_suggestions/live,2026-09-03T11:47:40.664088+00:00,2026-09-03-test-decouverte-search-12/02-A5-discovery.json.gz,"[{""year"": 2026, ""month"": 7, ""search_volume"": 210}, {""year"": 2026, ""month"": 6, ""search_volume"": 140}, {""year"": 2026, ""month"": 5, ""search_volume"": 140}, {""year"": 2026, ""month"": 4, ""search_volume"": 170}, {""year"": 2026, ""month"": 3, ""search_volume"": 140}, {""year"": 2026, ""month"": 2, ""search_volume"": 210}, {""year"": 2026, ""month"": 1, ""search_volume"": 210}, {""year"": 2025, ""month"": 12, ""search_volume"": 170}, {""year"": 2025, ""month"": 11, ""search_volume"": 260}, {""year"": 2025, ""month"": 10, ""search_volume"": 210}, {""year"": 2025, ""month"": 9, ""search_volume"": 140}, {""year"": 2025, ""month"": 8, ""search_volume"": 140}]"
A5,appli liseuse,170,1.53,USD_DOCUMENTED,parent,False,,,,,"liseuse générale, mini-format non demandé",dataforseo_labs/google/keyword_suggestions/live,2026-09-03T11:47:40.664088+00:00,2026-09-03-test-decouverte-search-12/02-A5-discovery.json.gz,"[{""year"": 2026, ""month"": 7, ""search_volume"": 140}, {""year"": 2026, ""month"": 6, ""search_volume"": 140}, {""year"": 2026, ""month"": 5, ""search_volume"": 140}, {""year"": 2026, ""month"": 4, ""search_volume"": 110}, {""year"": 2026, ""month"": 3, ""search_volume"": 170}, {""year"": 2026, ""month"": 2, ""search_volume"": 170}, {""year"": 2026, ""month"": 1, ""search_volume"": 170}, {""year"": 2025, ""month"": 12, ""search_volume"": 210}, {""year"": 2025, ""month"": 11, ""search_volume"": 210}, {""year"": 2025, ""month"": 10, ""search_volume"": 210}, {""year"": 2025, ""month"": 9, ""search_volume"": 170}, {""year"": 2025, ""month"": 8, ""search_volume"": 260}]"
A5,liseuse meilleur rapport qualité-prix,170,0.39,USD_DOCUMENTED,parent,False,,,,,"liseuse générale, mini-format non demandé",dataforseo_labs/google/keyword_suggestions/live,2026-09-03T11:47:40.664088+00:00,2026-09-03-test-decouverte-search-12/02-A5-discovery.json.gz,"[{""year"": 2026, ""month"": 7, ""search_volume"": 170}, {""year"": 2026, ""month"": 6, ""search_volume"": 110}, {""year"": 2026, ""month"": 5, ""search_volume"": 140}, {""year"": 2026, ""month"": 4, ""search_volume"": 110}, {""year"": 2026, ""month"": 3, ""search_volume"": 140}, {""year"": 2026, ""month"": 2, ""search_volume"": 110}, {""year"": 2026, ""month"": 1, ""search_volume"": 140}, {""year"": 2025, ""month"": 12, ""search_volume"": 170}, {""year"": 2025, ""month"": 11, ""search_volume"": 390}, {""year"": 2025, ""month"": 10, ""search_volume"": 170}, {""year"": 2025, ""month"": 9, ""search_volume"": 140}, {""year"": 2025, ""month"": 8, ""search_volume"": 210}]"
A5,comparatif liseuse 2026,170,0.32,USD_DOCUMENTED,parent,False,,,,,"liseuse générale, mini-format non demandé",dataforseo_labs/google/keyword_suggestions/live,2026-09-03T11:47:40.664088+00:00,2026-09-03-test-decouverte-search-12/02-A5-discovery.json.gz,"[{""year"": 2026, ""month"": 7, ""search_volume"": 590}, {""year"": 2026, ""month"": 6, ""search_volume"": 390}, {""year"": 2026, ""month"": 5, ""search_volume"": 480}, {""year"": 2026, ""month"": 4, ""search_volume"": 260}, {""year"": 2026, ""month"": 3, ""search_volume"": 140}, {""year"": 2026, ""month"": 2, ""search_volume"": 90}, {""year"": 2026, ""month"": 1, ""search_volume"": 50}, {""year"": 2025, ""month"": 12, ""search_volume"": 0}, {""year"": 2025, ""month"": 11, ""search_volume"": 0}, {""year"": 2025, ""month"": 10, ""search_volume"": 0}, {""year"": 2025, ""month"": 9, ""search_volume"": 0}, {""year"": 2025, ""month"": 8, ""search_volume"": 0}]"
A5,liseuse murale avec interrupteur,170,1.51,USD_DOCUMENTED,parent,False,,,,,"liseuse générale, mini-format non demandé",dataforseo_labs/google/keyword_suggestions/live,2026-09-03T11:47:40.664088+00:00,2026-09-03-test-decouverte-search-12/02-A5-discovery.json.gz,"[{""year"": 2026, ""month"": 7, ""search_volume"": 110}, {""year"": 2026, ""month"": 6, ""search_volume"": 140}, {""year"": 2026, ""month"": 5, ""search_volume"": 110}, {""year"": 2026, ""month"": 4, ""search_volume"": 140}, {""year"": 2026, ""month"": 3, ""search_volume"": 170}, {""year"": 2026, ""month"": 2, ""search_volume"": 210}, {""year"": 2026, ""month"": 1, ""search_volume"": 210}, {""year"": 2025, ""month"": 12, ""search_volume"": 140}, {""year"": 2025, ""month"": 11, ""search_volume"": 170}, {""year"": 2025, ""month"": 10, ""search_volume"": 210}, {""year"": 2025, ""month"": 9, ""search_volume"": 110}, {""year"": 2025, ""month"": 8, ""search_volume"": 140}]"
A5,tête de lit avec liseuse intégrée,170,0.59,USD_DOCUMENTED,parent,False,,,,,"liseuse générale, mini-format non demandé",dataforseo_labs/google/keyword_suggestions/live,2026-09-03T11:47:40.664088+00:00,2026-09-03-test-decouverte-search-12/02-A5-discovery.json.gz,"[{""year"": 2026, ""month"": 7, ""search_volume"": 140}, {""year"": 2026, ""month"": 6, ""search_volume"": 110}, {""year"": 2026, ""month"": 5, ""search_volume"": 170}, {""year"": 2026, ""month"": 4, ""search_volume"": 140}, {""year"": 2026, ""month"": 3, ""search_volume"": 140}, {""year"": 2026, ""month"": 2, ""search_volume"": 170}, {""year"": 2026, ""month"": 1, ""search_volume"": 210}, {""year"": 2025, ""month"": 12, ""search_volume"": 170}, {""year"": 2025, ""month"": 11, ""search_volume"": 210}, {""year"": 2025, ""month"": 10, ""search_volume"": 210}, {""year"": 2025, ""month"": 9, ""search_volume"": 170}, {""year"": 2025, ""month"": 8, ""search_volume"": 170}]"
A5,promotion liseuse,170,0.2,USD_DOCUMENTED,parent,False,,,,,"liseuse générale, mini-format non demandé",dataforseo_labs/google/keyword_suggestions/live,2026-09-03T11:47:40.664088+00:00,2026-09-03-test-decouverte-search-12/02-A5-discovery.json.gz,"[{""year"": 2026, ""month"": 7, ""search_volume"": 140}, {""year"": 2026, ""month"": 6, ""search_volume"": 170}, {""year"": 2026, ""month"": 5, ""search_volume"": 110}, {""year"": 2026, ""month"": 4, ""search_volume"": 110}, {""year"": 2026, ""month"": 3, ""search_volume"": 90}, {""year"": 2026, ""month"": 2, ""search_volume"": 110}, {""year"": 2026, ""month"": 1, ""search_volume"": 260}, {""year"": 2025, ""month"": 12, ""search_volume"": 260}, {""year"": 2025, ""month"": 11, ""search_volume"": 260}, {""year"": 2025, ""month"": 10, ""search_volume"": 170}, {""year"": 2025, ""month"": 9, ""search_volume"": 140}, {""year"": 2025, ""month"": 8, ""search_volume"": 170}]"
A5,soldes liseuse kobo,170,0.26,USD_DOCUMENTED,parent,True,,,,,"liseuse générale, mini-format non demandé",dataforseo_labs/google/keyword_suggestions/live,2026-09-03T11:47:40.664088+00:00,2026-09-03-test-decouverte-search-12/02-A5-discovery.json.gz,"[{""year"": 2026, ""month"": 7, ""search_volume"": 480}, {""year"": 2026, ""month"": 6, ""search_volume"": 480}, {""year"": 2026, ""month"": 5, ""search_volume"": 20}, {""year"": 2026, ""month"": 4, ""search_volume"": 30}, {""year"": 2026, ""month"": 3, ""search_volume"": 30}, {""year"": 2026, ""month"": 2, ""search_volume"": 40}, {""year"": 2026, ""month"": 1, ""search_volume"": 720}, {""year"": 2025, ""month"": 12, ""search_volume"": 50}, {""year"": 2025, ""month"": 11, ""search_volume"": 40}, {""year"": 2025, ""month"": 10, ""search_volume"": 20}, {""year"": 2025, ""month"": 9, ""search_volume"": 20}, {""year"": 2025, ""month"": 8, ""search_volume"": 40}]"
A5,hauteur liseuse tete de lit,170,0.58,USD_DOCUMENTED,parent,False,,,,,"liseuse générale, mini-format non demandé",dataforseo_labs/google/keyword_suggestions/live,2026-09-03T11:47:40.664088+00:00,2026-09-03-test-decouverte-search-12/02-A5-discovery.json.gz,"[{""year"": 2026, ""month"": 7, ""search_volume"": 90}, {""year"": 2026, ""month"": 6, ""search_volume"": 90}, {""year"": 2026, ""month"": 5, ""search_volume"": 140}, {""year"": 2026, ""month"": 4, ""search_volume"": 140}, {""year"": 2026, ""month"": 3, ""search_volume"": 210}, {""year"": 2026, ""month"": 2, ""search_volume"": 210}, {""year"": 2026, ""month"": 1, ""search_volume"": 210}, {""year"": 2025, ""month"": 12, ""search_volume"": 170}, {""year"": 2025, ""month"": 11, ""search_volume"": 170}, {""year"": 2025, ""month"": 10, ""search_volume"": 170}, {""year"": 2025, ""month"": 9, ""search_volume"": 170}, {""year"": 2025, ""month"": 8, ""search_volume"": 140}]"
A5,acheter liseuse,170,0.49,USD_DOCUMENTED,parent,False,,,,,"liseuse générale, mini-format non demandé",dataforseo_labs/google/keyword_suggestions/live,2026-09-03T11:47:40.664088+00:00,2026-09-03-test-decouverte-search-12/02-A5-discovery.json.gz,"[{""year"": 2026, ""month"": 7, ""search_volume"": 170}, {""year"": 2026, ""month"": 6, ""search_volume"": 140}, {""year"": 2026, ""month"": 5, ""search_volume"": 140}, {""year"": 2026, ""month"": 4, ""search_volume"": 140}, {""year"": 2026, ""month"": 3, ""search_volume"": 170}, {""year"": 2026, ""month"": 2, ""search_volume"": 140}, {""year"": 2026, ""month"": 1, ""search_volume"": 170}, {""year"": 2025, ""month"": 12, ""search_volume"": 260}, {""year"": 2025, ""month"": 11, ""search_volume"": 210}, {""year"": 2025, ""month"": 10, ""search_volume"": 210}, {""year"": 2025, ""month"": 9, ""search_volume"": 210}, {""year"": 2025, ""month"": 8, ""search_volume"": 260}]"
A5,liseuse kobo solde,170,0.26,USD_DOCUMENTED,parent,True,,,,,"liseuse générale, mini-format non demandé",dataforseo_labs/google/keyword_suggestions/live,2026-09-03T11:47:40.664088+00:00,2026-09-03-test-decouverte-search-12/02-A5-discovery.json.gz,"[{""year"": 2026, ""month"": 7, ""search_volume"": 480}, {""year"": 2026, ""month"": 6, ""search_volume"": 480}, {""year"": 2026, ""month"": 5, ""search_volume"": 20}, {""year"": 2026, ""month"": 4, ""search_volume"": 30}, {""year"": 2026, ""month"": 3, ""search_volume"": 30}, {""year"": 2026, ""month"": 2, ""search_volume"": 40}, {""year"": 2026, ""month"": 1, ""search_volume"": 720}, {""year"": 2025, ""month"": 12, ""search_volume"": 50}, {""year"": 2025, ""month"": 11, ""search_volume"": 40}, {""year"": 2025, ""month"": 10, ""search_volume"": 20}, {""year"": 2025, ""month"": 9, ""search_volume"": 20}, {""year"": 2025, ""month"": 8, ""search_volume"": 40}]"
A5,liseuse kindle matcha,170,0.28,USD_DOCUMENTED,parent,True,,,,,"liseuse générale, mini-format non demandé",dataforseo_labs/google/keyword_suggestions/live,2026-09-03T11:47:40.664088+00:00,2026-09-03-test-decouverte-search-12/02-A5-discovery.json.gz,"[{""year"": 2026, ""month"": 7, ""search_volume"": 140}, {""year"": 2026, ""month"": 6, ""search_volume"": 90}, {""year"": 2026, ""month"": 5, ""search_volume"": 70}, {""year"": 2026, ""month"": 4, ""search_volume"": 70}, {""year"": 2026, ""month"": 3, ""search_volume"": 90}, {""year"": 2026, ""month"": 2, ""search_volume"": 90}, {""year"": 2026, ""month"": 1, ""search_volume"": 170}, {""year"": 2025, ""month"": 12, ""search_volume"": 320}, {""year"": 2025, ""month"": 11, ""search_volume"": 390}, {""year"": 2025, ""month"": 10, ""search_volume"": 170}, {""year"": 2025, ""month"": 9, ""search_volume"": 140}, {""year"": 2025, ""month"": 8, ""search_volume"": 210}]"
A5,solde liseuse kobo,170,0.26,USD_DOCUMENTED,parent,True,,,,,"liseuse générale, mini-format non demandé",dataforseo_labs/google/keyword_suggestions/live,2026-09-03T11:47:40.664088+00:00,2026-09-03-test-decouverte-search-12/02-A5-discovery.json.gz,"[{""year"": 2026, ""month"": 7, ""search_volume"": 480}, {""year"": 2026, ""month"": 6, ""search_volume"": 480}, {""year"": 2026, ""month"": 5, ""search_volume"": 20}, {""year"": 2026, ""month"": 4, ""search_volume"": 30}, {""year"": 2026, ""month"": 3, ""search_volume"": 30}, {""year"": 2026, ""month"": 2, ""search_volume"": 40}, {""year"": 2026, ""month"": 1, ""search_volume"": 720}, {""year"": 2025, ""month"": 12, ""search_volume"": 50}, {""year"": 2025, ""month"": 11, ""search_volume"": 40}, {""year"": 2025, ""month"": 10, ""search_volume"": 20}, {""year"": 2025, ""month"": 9, ""search_volume"": 20}, {""year"": 2025, ""month"": 8, ""search_volume"": 40}]"
A5,protection liseuse kindle,170,0.41,USD_DOCUMENTED,parent,True,,,,,"liseuse générale, mini-format non demandé",dataforseo_labs/google/keyword_suggestions/live,2026-09-03T11:47:40.664088+00:00,2026-09-03-test-decouverte-search-12/02-A5-discovery.json.gz,"[{""year"": 2026, ""month"": 7, ""search_volume"": 170}, {""year"": 2026, ""month"": 6, ""search_volume"": 110}, {""year"": 2026, ""month"": 5, ""search_volume"": 140}, {""year"": 2026, ""month"": 4, ""search_volume"": 110}, {""year"": 2026, ""month"": 3, ""search_volume"": 140}, {""year"": 2026, ""month"": 2, ""search_volume"": 140}, {""year"": 2026, ""month"": 1, ""search_volume"": 260}, {""year"": 2025, ""month"": 12, ""search_volume"": 390}, {""year"": 2025, ""month"": 11, ""search_volume"": 260}, {""year"": 2025, ""month"": 10, ""search_volume"": 90}, {""year"": 2025, ""month"": 9, ""search_volume"": 110}, {""year"": 2025, ""month"": 8, ""search_volume"": 170}]"
A5,liseuse couleur 10 pouces,170,0.43,USD_DOCUMENTED,parent,False,,,,,"liseuse générale, mini-format non demandé",dataforseo_labs/google/keyword_suggestions/live,2026-09-03T11:47:40.664088+00:00,2026-09-03-test-decouverte-search-12/02-A5-discovery.json.gz,"[{""year"": 2026, ""month"": 7, ""search_volume"": 110}, {""year"": 2026, ""month"": 6, ""search_volume"": 140}, {""year"": 2026, ""month"": 5, ""search_volume"": 170}, {""year"": 2026, ""month"": 4, ""search_volume"": 170}, {""year"": 2026, ""month"": 3, ""search_volume"": 210}, {""year"": 2026, ""month"": 2, ""search_volume"": 170}, {""year"": 2026, ""month"": 1, ""search_volume"": 210}, {""year"": 2025, ""month"": 12, ""search_volume"": 260}, {""year"": 2025, ""month"": 11, ""search_volume"": 260}, {""year"": 2025, ""month"": 10, ""search_volume"": 210}, {""year"": 2025, ""month"": 9, ""search_volume"": 140}, {""year"": 2025, ""month"": 8, ""search_volume"": 210}]"
A5,liseuse libra color,170,0.27,USD_DOCUMENTED,parent,False,,,,,"liseuse générale, mini-format non demandé",dataforseo_labs/google/keyword_suggestions/live,2026-09-03T11:47:40.664088+00:00,2026-09-03-test-decouverte-search-12/02-A5-discovery.json.gz,"[{""year"": 2026, ""month"": 7, ""search_volume"": 170}, {""year"": 2026, ""month"": 6, ""search_volume"": 110}, {""year"": 2026, ""month"": 5, ""search_volume"": 170}, {""year"": 2026, ""month"": 4, ""search_volume"": 110}, {""year"": 2026, ""month"": 3, ""search_volume"": 140}, {""year"": 2026, ""month"": 2, ""search_volume"": 140}, {""year"": 2026, ""month"": 1, ""search_volume"": 210}, {""year"": 2025, ""month"": 12, ""search_volume"": 320}, {""year"": 2025, ""month"": 11, ""search_volume"": 390}, {""year"": 2025, ""month"": 10, ""search_volume"": 140}, {""year"": 2025, ""month"": 9, ""search_volume"": 140}, {""year"": 2025, ""month"": 8, ""search_volume"": 170}]"
A5,protection pour liseuse kindle,170,0.41,USD_DOCUMENTED,parent,True,,,,,"liseuse générale, mini-format non demandé",dataforseo_labs/google/keyword_suggestions/live,2026-09-03T11:47:40.664088+00:00,2026-09-03-test-decouverte-search-12/02-A5-discovery.json.gz,"[{""year"": 2026, ""month"": 7, ""search_volume"": 170}, {""year"": 2026, ""month"": 6, ""search_volume"": 110}, {""year"": 2026, ""month"": 5, ""search_volume"": 140}, {""year"": 2026, ""month"": 4, ""search_volume"": 110}, {""year"": 2026, ""month"": 3, ""search_volume"": 140}, {""year"": 2026, ""month"": 2, ""search_volume"": 140}, {""year"": 2026, ""month"": 1, ""search_volume"": 260}, {""year"": 2025, ""month"": 12, ""search_volume"": 390}, {""year"": 2025, ""month"": 11, ""search_volume"": 260}, {""year"": 2025, ""month"": 10, ""search_volume"": 90}, {""year"": 2025, ""month"": 9, ""search_volume"": 110}, {""year"": 2025, ""month"": 8, ""search_volume"": 170}]"
A5,liseuse kobo soldes,170,0.26,USD_DOCUMENTED,parent,True,,,,,"liseuse générale, mini-format non demandé",dataforseo_labs/google/keyword_suggestions/live,2026-09-03T11:47:40.664088+00:00,2026-09-03-test-decouverte-search-12/02-A5-discovery.json.gz,"[{""year"": 2026, ""month"": 7, ""search_volume"": 480}, {""year"": 2026, ""month"": 6, ""search_volume"": 480}, {""year"": 2026, ""month"": 5, ""search_volume"": 20}, {""year"": 2026, ""month"": 4, ""search_volume"": 30}, {""year"": 2026, ""month"": 3, ""search_volume"": 30}, {""year"": 2026, ""month"": 2, ""search_volume"": 40}, {""year"": 2026, ""month"": 1, ""search_volume"": 720}, {""year"": 2025, ""month"": 12, ""search_volume"": 50}, {""year"": 2025, ""month"": 11, ""search_volume"": 40}, {""year"": 2025, ""month"": 10, ""search_volume"": 20}, {""year"": 2025, ""month"": 9, ""search_volume"": 20}, {""year"": 2025, ""month"": 8, ""search_volume"": 40}]"
A5,boulanger liseuse kindle,170,0.38,USD_DOCUMENTED,parent,True,,,,,"liseuse générale, mini-format non demandé",dataforseo_labs/google/keyword_suggestions/live,2026-09-03T11:47:40.664088+00:00,2026-09-03-test-decouverte-search-12/02-A5-discovery.json.gz,"[{""year"": 2026, ""month"": 7, ""search_volume"": 170}, {""year"": 2026, ""month"": 6, ""search_volume"": 140}, {""year"": 2026, ""month"": 5, ""search_volume"": 110}, {""year"": 2026, ""month"": 4, ""search_volume"": 70}, {""year"": 2026, ""month"": 3, ""search_volume"": 110}, {""year"": 2026, ""month"": 2, ""search_volume"": 110}, {""year"": 2026, ""month"": 1, ""search_volume"": 170}, {""year"": 2025, ""month"": 12, ""search_volume"": 390}, {""year"": 2025, ""month"": 11, ""search_volume"": 390}, {""year"": 2025, ""month"": 10, ""search_volume"": 110}, {""year"": 2025, ""month"": 9, ""search_volume"": 140}, {""year"": 2025, ""month"": 8, ""search_volume"": 170}]"
A5,télécharger livre gratuit pour liseuse vivlio,170,0.43,USD_DOCUMENTED,incompatible,True,,,,,"lampe, logiciel, contenu ou sens non appareil",dataforseo_labs/google/keyword_suggestions/live,2026-09-03T11:47:40.664088+00:00,2026-09-03-test-decouverte-search-12/02-A5-discovery.json.gz,"[{""year"": 2026, ""month"": 7, ""search_volume"": 170}, {""year"": 2026, ""month"": 6, ""search_volume"": 170}, {""year"": 2026, ""month"": 5, ""search_volume"": 110}, {""year"": 2026, ""month"": 4, ""search_volume"": 50}, {""year"": 2026, ""month"": 3, ""search_volume"": 210}, {""year"": 2026, ""month"": 2, ""search_volume"": 260}, {""year"": 2026, ""month"": 1, ""search_volume"": 210}, {""year"": 2025, ""month"": 12, ""search_volume"": 320}, {""year"": 2025, ""month"": 11, ""search_volume"": 140}, {""year"": 2025, ""month"": 10, ""search_volume"": 110}, {""year"": 2025, ""month"": 9, ""search_volume"": 110}, {""year"": 2025, ""month"": 8, ""search_volume"": 110}]"
A5,liseuse avec interrupteur,170,2.28,USD_DOCUMENTED,parent,False,,,,,"liseuse générale, mini-format non demandé",dataforseo_labs/google/keyword_suggestions/live,2026-09-03T11:47:40.664088+00:00,2026-09-03-test-decouverte-search-12/02-A5-discovery.json.gz,"[{""year"": 2026, ""month"": 7, ""search_volume"": 110}, {""year"": 2026, ""month"": 6, ""search_volume"": 110}, {""year"": 2026, ""month"": 5, ""search_volume"": 140}, {""year"": 2026, ""month"": 4, ""search_volume"": 140}, {""year"": 2026, ""month"": 3, ""search_volume"": 170}, {""year"": 2026, ""month"": 2, ""search_volume"": 170}, {""year"": 2026, ""month"": 1, ""search_volume"": 170}, {""year"": 2025, ""month"": 12, ""search_volume"": 140}, {""year"": 2025, ""month"": 11, ""search_volume"": 170}, {""year"": 2025, ""month"": 10, ""search_volume"": 210}, {""year"": 2025, ""month"": 9, ""search_volume"": 210}, {""year"": 2025, ""month"": 8, ""search_volume"": 110}]"
A5,liseuse rétro éclairée,170,0.3,USD_DOCUMENTED,parent,False,,,,,"liseuse générale, mini-format non demandé",dataforseo_labs/google/keyword_suggestions/live,2026-09-03T11:47:40.664088+00:00,2026-09-03-test-decouverte-search-12/02-A5-discovery.json.gz,"[{""year"": 2026, ""month"": 7, ""search_volume"": 140}, {""year"": 2026, ""month"": 6, ""search_volume"": 140}, {""year"": 2026, ""month"": 5, ""search_volume"": 140}, {""year"": 2026, ""month"": 4, ""search_volume"": 70}, {""year"": 2026, ""month"": 3, ""search_volume"": 70}, {""year"": 2026, ""month"": 2, ""search_volume"": 140}, {""year"": 2026, ""month"": 1, ""search_volume"": 170}, {""year"": 2025, ""month"": 12, ""search_volume"": 260}, {""year"": 2025, ""month"": 11, ""search_volume"": 320}, {""year"": 2025, ""month"": 10, ""search_volume"": 140}, {""year"": 2025, ""month"": 9, ""search_volume"": 140}, {""year"": 2025, ""month"": 8, ""search_volume"": 210}]"
A5,liseuse action,170,0.19,USD_DOCUMENTED,parent,True,,,,,"liseuse générale, mini-format non demandé",dataforseo_labs/google/keyword_suggestions/live,2026-09-03T11:47:40.664088+00:00,2026-09-03-test-decouverte-search-12/02-A5-discovery.json.gz,"[{""year"": 2026, ""month"": 7, ""search_volume"": 110}, {""year"": 2026, ""month"": 6, ""search_volume"": 90}, {""year"": 2026, ""month"": 5, ""search_volume"": 110}, {""year"": 2026, ""month"": 4, ""search_volume"": 90}, {""year"": 2026, ""month"": 3, ""search_volume"": 140}, {""year"": 2026, ""month"": 2, ""search_volume"": 210}, {""year"": 2026, ""month"": 1, ""search_volume"": 260}, {""year"": 2025, ""month"": 12, ""search_volume"": 260}, {""year"": 2025, ""month"": 11, ""search_volume"": 170}, {""year"": 2025, ""month"": 10, ""search_volume"": 170}, {""year"": 2025, ""month"": 9, ""search_volume"": 170}, {""year"": 2025, ""month"": 8, ""search_volume"": 210}]"
A5,ikea liseuse sur pied,170,0.29,USD_DOCUMENTED,parent,True,,,,,"liseuse générale, mini-format non demandé",dataforseo_labs/google/keyword_suggestions/live,2026-09-03T11:47:40.664088+00:00,2026-09-03-test-decouverte-search-12/02-A5-discovery.json.gz,"[{""year"": 2026, ""month"": 7, ""search_volume"": 90}, {""year"": 2026, ""month"": 6, ""search_volume"": 70}, {""year"": 2026, ""month"": 5, ""search_volume"": 90}, {""year"": 2026, ""month"": 4, ""search_volume"": 90}, {""year"": 2026, ""month"": 3, ""search_volume"": 170}, {""year"": 2026, ""month"": 2, ""search_volume"": 210}, {""year"": 2026, ""month"": 1, ""search_volume"": 320}, {""year"": 2025, ""month"": 12, ""search_volume"": 260}, {""year"": 2025, ""month"": 11, ""search_volume"": 320}, {""year"": 2025, ""month"": 10, ""search_volume"": 260}, {""year"": 2025, ""month"": 9, ""search_volume"": 170}, {""year"": 2025, ""month"": 8, ""search_volume"": 210}]"
A5,top liseuse,170,0.29,USD_DOCUMENTED,parent,False,,,,,"liseuse générale, mini-format non demandé",dataforseo_labs/google/keyword_suggestions/live,2026-09-03T11:47:40.664088+00:00,2026-09-03-test-decouverte-search-12/02-A5-discovery.json.gz,"[{""year"": 2026, ""month"": 7, ""search_volume"": 140}, {""year"": 2026, ""month"": 6, ""search_volume"": 110}, {""year"": 2026, ""month"": 5, ""search_volume"": 110}, {""year"": 2026, ""month"": 4, ""search_volume"": 110}, {""year"": 2026, ""month"": 3, ""search_volume"": 110}, {""year"": 2026, ""month"": 2, ""search_volume"": 110}, {""year"": 2026, ""month"": 1, ""search_volume"": 170}, {""year"": 2025, ""month"": 12, ""search_volume"": 260}, {""year"": 2025, ""month"": 11, ""search_volume"": 260}, {""year"": 2025, ""month"": 10, ""search_volume"": 170}, {""year"": 2025, ""month"": 9, ""search_volume"": 140}, {""year"": 2025, ""month"": 8, ""search_volume"": 210}]"
A5,application pour liseuse,170,1.53,USD_DOCUMENTED,incompatible,False,,,,,"lampe, logiciel, contenu ou sens non appareil",dataforseo_labs/google/keyword_suggestions/live,2026-09-03T11:47:40.664088+00:00,2026-09-03-test-decouverte-search-12/02-A5-discovery.json.gz,"[{""year"": 2026, ""month"": 7, ""search_volume"": 140}, {""year"": 2026, ""month"": 6, ""search_volume"": 140}, {""year"": 2026, ""month"": 5, ""search_volume"": 140}, {""year"": 2026, ""month"": 4, ""search_volume"": 110}, {""year"": 2026, ""month"": 3, ""search_volume"": 170}, {""year"": 2026, ""month"": 2, ""search_volume"": 170}, {""year"": 2026, ""month"": 1, ""search_volume"": 170}, {""year"": 2025, ""month"": 12, ""search_volume"": 210}, {""year"": 2025, ""month"": 11, ""search_volume"": 210}, {""year"": 2025, ""month"": 10, ""search_volume"": 210}, {""year"": 2025, ""month"": 9, ""search_volume"": 170}, {""year"": 2025, ""month"": 8, ""search_volume"": 260}]"
A5,liseuse tolino,170,0.16,USD_DOCUMENTED,parent,True,,,,,"liseuse générale, mini-format non demandé",dataforseo_labs/google/keyword_suggestions/live,2026-09-03T11:47:40.664088+00:00,2026-09-03-test-decouverte-search-12/02-A5-discovery.json.gz,"[{""year"": 2026, ""month"": 7, ""search_volume"": 210}, {""year"": 2026, ""month"": 6, ""search_volume"": 140}, {""year"": 2026, ""month"": 5, ""search_volume"": 140}, {""year"": 2026, ""month"": 4, ""search_volume"": 140}, {""year"": 2026, ""month"": 3, ""search_volume"": 170}, {""year"": 2026, ""month"": 2, ""search_volume"": 170}, {""year"": 2026, ""month"": 1, ""search_volume"": 260}, {""year"": 2025, ""month"": 12, ""search_volume"": 210}, {""year"": 2025, ""month"": 11, ""search_volume"": 210}, {""year"": 2025, ""month"": 10, ""search_volume"": 140}, {""year"": 2025, ""month"": 9, ""search_volume"": 110}, {""year"": 2025, ""month"": 8, ""search_volume"": 170}]"
A5,liseuse 10 pouces couleur,170,0.43,USD_DOCUMENTED,parent,False,,,,,"liseuse générale, mini-format non demandé",dataforseo_labs/google/keyword_suggestions/live,2026-09-03T11:47:40.664088+00:00,2026-09-03-test-decouverte-search-12/02-A5-discovery.json.gz,"[{""year"": 2026, ""month"": 7, ""search_volume"": 110}, {""year"": 2026, ""month"": 6, ""search_volume"": 140}, {""year"": 2026, ""month"": 5, ""search_volume"": 170}, {""year"": 2026, ""month"": 4, ""search_volume"": 170}, {""year"": 2026, ""month"": 3, ""search_volume"": 210}, {""year"": 2026, ""month"": 2, ""search_volume"": 170}, {""year"": 2026, ""month"": 1, ""search_volume"": 210}, {""year"": 2025, ""month"": 12, ""search_volume"": 260}, {""year"": 2025, ""month"": 11, ""search_volume"": 260}, {""year"": 2025, ""month"": 10, ""search_volume"": 210}, {""year"": 2025, ""month"": 9, ""search_volume"": 140}, {""year"": 2025, ""month"": 8, ""search_volume"": 210}]"
A5,tete de lit avec liseuse integree,170,0.59,USD_DOCUMENTED,parent,False,,,,,"liseuse générale, mini-format non demandé",dataforseo_labs/google/keyword_suggestions/live,2026-09-03T11:47:40.664088+00:00,2026-09-03-test-decouverte-search-12/02-A5-discovery.json.gz,"[{""year"": 2026, ""month"": 7, ""search_volume"": 140}, {""year"": 2026, ""month"": 6, ""search_volume"": 110}, {""year"": 2026, ""month"": 5, ""search_volume"": 170}, {""year"": 2026, ""month"": 4, ""search_volume"": 140}, {""year"": 2026, ""month"": 3, ""search_volume"": 140}, {""year"": 2026, ""month"": 2, ""search_volume"": 170}, {""year"": 2026, ""month"": 1, ""search_volume"": 210}, {""year"": 2025, ""month"": 12, ""search_volume"": 170}, {""year"": 2025, ""month"": 11, ""search_volume"": 210}, {""year"": 2025, ""month"": 10, ""search_volume"": 210}, {""year"": 2025, ""month"": 9, ""search_volume"": 170}, {""year"": 2025, ""month"": 8, ""search_volume"": 170}]"
A5,liseuse sans abonnement,170,0.28,USD_DOCUMENTED,parent,False,,,,,"liseuse générale, mini-format non demandé",keywords_data/google_ads/search_volume/live,2026-09-03T11:50:48.626635+00:00,2026-09-03-test-decouverte-search-12/05-live-volume-controls.json.gz,"[{""year"": 2026, ""month"": 7, ""search_volume"": 170}, {""year"": 2026, ""month"": 6, ""search_volume"": 170}, {""year"": 2026, ""month"": 5, ""search_volume"": 170}, {""year"": 2026, ""month"": 4, ""search_volume"": 110}, {""year"": 2026, ""month"": 3, ""search_volume"": 140}, {""year"": 2026, ""month"": 2, ""search_volume"": 140}, {""year"": 2026, ""month"": 1, ""search_volume"": 140}, {""year"": 2025, ""month"": 12, ""search_volume"": 210}, {""year"": 2025, ""month"": 11, ""search_volume"": 210}, {""year"": 2025, ""month"": 10, ""search_volume"": 110}, {""year"": 2025, ""month"": 9, ""search_volume"": 140}, {""year"": 2025, ""month"": 8, ""search_volume"": 140}]"
A5,liseuse kobo bloquée en veille,170,,USD_DOCUMENTED,parent,True,,,,,"liseuse générale, mini-format non demandé",dataforseo_labs/google/keyword_suggestions/live,2026-09-03T11:47:40.664088+00:00,2026-09-03-test-decouverte-search-12/02-A5-discovery.json.gz,"[{""year"": 2026, ""month"": 7, ""search_volume"": 170}, {""year"": 2026, ""month"": 6, ""search_volume"": 90}, {""year"": 2026, ""month"": 5, ""search_volume"": 140}, {""year"": 2026, ""month"": 4, ""search_volume"": 110}, {""year"": 2026, ""month"": 3, ""search_volume"": 110}, {""year"": 2026, ""month"": 2, ""search_volume"": 110}, {""year"": 2026, ""month"": 1, ""search_volume"": 170}, {""year"": 2025, ""month"": 12, ""search_volume"": 210}, {""year"": 2025, ""month"": 11, ""search_volume"": 170}, {""year"": 2025, ""month"": 10, ""search_volume"": 140}, {""year"": 2025, ""month"": 9, ""search_volume"": 260}, {""year"": 2025, ""month"": 8, ""search_volume"": 480}]"
A5,lumière liseuse livre,170,0.37,USD_DOCUMENTED,parent,False,,,,,"liseuse générale, mini-format non demandé",dataforseo_labs/google/keyword_suggestions/live,2026-09-03T11:47:40.664088+00:00,2026-09-03-test-decouverte-search-12/02-A5-discovery.json.gz,"[{""year"": 2026, ""month"": 7, ""search_volume"": 90}, {""year"": 2026, ""month"": 6, ""search_volume"": 90}, {""year"": 2026, ""month"": 5, ""search_volume"": 110}, {""year"": 2026, ""month"": 4, ""search_volume"": 50}, {""year"": 2026, ""month"": 3, ""search_volume"": 110}, {""year"": 2026, ""month"": 2, ""search_volume"": 170}, {""year"": 2026, ""month"": 1, ""search_volume"": 210}, {""year"": 2025, ""month"": 12, ""search_volume"": 480}, {""year"": 2025, ""month"": 11, ""search_volume"": 390}, {""year"": 2025, ""month"": 10, ""search_volume"": 210}, {""year"": 2025, ""month"": 9, ""search_volume"": 110}, {""year"": 2025, ""month"": 8, ""search_volume"": 170}]"
A5,liseuse a4,140,0.42,USD_DOCUMENTED,parent,False,,,,,"liseuse générale, mini-format non demandé",dataforseo_labs/google/keyword_suggestions/live,2026-09-03T11:47:40.664088+00:00,2026-09-03-test-decouverte-search-12/02-A5-discovery.json.gz,"[{""year"": 2026, ""month"": 7, ""search_volume"": 140}, {""year"": 2026, ""month"": 6, ""search_volume"": 110}, {""year"": 2026, ""month"": 5, ""search_volume"": 170}, {""year"": 2026, ""month"": 4, ""search_volume"": 110}, {""year"": 2026, ""month"": 3, ""search_volume"": 90}, {""year"": 2026, ""month"": 2, ""search_volume"": 110}, {""year"": 2026, ""month"": 1, ""search_volume"": 110}, {""year"": 2025, ""month"": 12, ""search_volume"": 170}, {""year"": 2025, ""month"": 11, ""search_volume"": 140}, {""year"": 2025, ""month"": 10, ""search_volume"": 140}, {""year"": 2025, ""month"": 9, ""search_volume"": 110}, {""year"": 2025, ""month"": 8, ""search_volume"": 110}]"
A5,liseuse blanche,140,1.89,USD_DOCUMENTED,parent,False,,,,,"liseuse générale, mini-format non demandé",dataforseo_labs/google/keyword_suggestions/live,2026-09-03T11:47:40.664088+00:00,2026-09-03-test-decouverte-search-12/02-A5-discovery.json.gz,"[{""year"": 2026, ""month"": 7, ""search_volume"": 140}, {""year"": 2026, ""month"": 6, ""search_volume"": 110}, {""year"": 2026, ""month"": 5, ""search_volume"": 170}, {""year"": 2026, ""month"": 4, ""search_volume"": 110}, {""year"": 2026, ""month"": 3, ""search_volume"": 140}, {""year"": 2026, ""month"": 2, ""search_volume"": 140}, {""year"": 2026, ""month"": 1, ""search_volume"": 140}, {""year"": 2025, ""month"": 12, ""search_volume"": 170}, {""year"": 2025, ""month"": 11, ""search_volume"": 210}, {""year"": 2025, ""month"": 10, ""search_volume"": 170}, {""year"": 2025, ""month"": 9, ""search_volume"": 140}, {""year"": 2025, ""month"": 8, ""search_volume"": 170}]"
A5,abonnement liseuse kobo,140,0.43,USD_DOCUMENTED,parent,True,,,,,"liseuse générale, mini-format non demandé",dataforseo_labs/google/keyword_suggestions/live,2026-09-03T11:47:40.664088+00:00,2026-09-03-test-decouverte-search-12/02-A5-discovery.json.gz,"[{""year"": 2026, ""month"": 7, ""search_volume"": 170}, {""year"": 2026, ""month"": 6, ""search_volume"": 110}, {""year"": 2026, ""month"": 5, ""search_volume"": 90}, {""year"": 2026, ""month"": 4, ""search_volume"": 70}, {""year"": 2026, ""month"": 3, ""search_volume"": 90}, {""year"": 2026, ""month"": 2, ""search_volume"": 110}, {""year"": 2026, ""month"": 1, ""search_volume"": 140}, {""year"": 2025, ""month"": 12, ""search_volume"": 260}, {""year"": 2025, ""month"": 11, ""search_volume"": 170}, {""year"": 2025, ""month"": 10, ""search_volume"": 110}, {""year"": 2025, ""month"": 9, ""search_volume"": 110}, {""year"": 2025, ""month"": 8, ""search_volume"": 110}]"
A5,applique avec liseuse,140,1.29,USD_DOCUMENTED,parent,False,,,,,"liseuse générale, mini-format non demandé",dataforseo_labs/google/keyword_suggestions/live,2026-09-03T11:47:40.664088+00:00,2026-09-03-test-decouverte-search-12/02-A5-discovery.json.gz,"[{""year"": 2026, ""month"": 7, ""search_volume"": 90}, {""year"": 2026, ""month"": 6, ""search_volume"": 110}, {""year"": 2026, ""month"": 5, ""search_volume"": 140}, {""year"": 2026, ""month"": 4, ""search_volume"": 110}, {""year"": 2026, ""month"": 3, ""search_volume"": 140}, {""year"": 2026, ""month"": 2, ""search_volume"": 170}, {""year"": 2026, ""month"": 1, ""search_volume"": 210}, {""year"": 2025, ""month"": 12, ""search_volume"": 110}, {""year"": 2025, ""month"": 11, ""search_volume"": 210}, {""year"": 2025, ""month"": 10, ""search_volume"": 210}, {""year"": 2025, ""month"": 9, ""search_volume"": 140}, {""year"": 2025, ""month"": 8, ""search_volume"": 90}]"
A5,la liseuse de visages,140,0.29,USD_DOCUMENTED,parent,False,,,,,"liseuse générale, mini-format non demandé",dataforseo_labs/google/keyword_suggestions/live,2026-09-03T11:47:40.664088+00:00,2026-09-03-test-decouverte-search-12/02-A5-discovery.json.gz,"[{""year"": 2026, ""month"": 7, ""search_volume"": 30}, {""year"": 2026, ""month"": 6, ""search_volume"": 10}, {""year"": 2026, ""month"": 5, ""search_volume"": 170}, {""year"": 2026, ""month"": 4, ""search_volume"": 90}, {""year"": 2026, ""month"": 3, ""search_volume"": 320}, {""year"": 2026, ""month"": 2, ""search_volume"": 390}, {""year"": 2026, ""month"": 1, ""search_volume"": 50}, {""year"": 2025, ""month"": 12, ""search_volume"": 50}, {""year"": 2025, ""month"": 11, ""search_volume"": 50}, {""year"": 2025, ""month"": 10, ""search_volume"": 40}, {""year"": 2025, ""month"": 9, ""search_volume"": 170}, {""year"": 2025, ""month"": 8, ""search_volume"": 170}]"
A5,liseuse onyx,140,0.32,USD_DOCUMENTED,parent,True,,,,,"liseuse générale, mini-format non demandé",dataforseo_labs/google/keyword_suggestions/live,2026-09-03T11:47:40.664088+00:00,2026-09-03-test-decouverte-search-12/02-A5-discovery.json.gz,"[{""year"": 2026, ""month"": 7, ""search_volume"": 110}, {""year"": 2026, ""month"": 6, ""search_volume"": 70}, {""year"": 2026, ""month"": 5, ""search_volume"": 140}, {""year"": 2026, ""month"": 4, ""search_volume"": 90}, {""year"": 2026, ""month"": 3, ""search_volume"": 140}, {""year"": 2026, ""month"": 2, ""search_volume"": 90}, {""year"": 2026, ""month"": 1, ""search_volume"": 140}, {""year"": 2025, ""month"": 12, ""search_volume"": 260}, {""year"": 2025, ""month"": 11, ""search_volume"": 260}, {""year"": 2025, ""month"": 10, ""search_volume"": 140}, {""year"": 2025, ""month"": 9, ""search_volume"": 110}, {""year"": 2025, ""month"": 8, ""search_volume"": 170}]"
A5,le bon coin liseuse,140,0.13,USD_DOCUMENTED,parent,False,,,,,"liseuse générale, mini-format non demandé",dataforseo_labs/google/keyword_suggestions/live,2026-09-03T11:47:40.664088+00:00,2026-09-03-test-decouverte-search-12/02-A5-discovery.json.gz,"[{""year"": 2026, ""month"": 7, ""search_volume"": 140}, {""year"": 2026, ""month"": 6, ""search_volume"": 90}, {""year"": 2026, ""month"": 5, ""search_volume"": 110}, {""year"": 2026, ""month"": 4, ""search_volume"": 90}, {""year"": 2026, ""month"": 3, ""search_volume"": 110}, {""year"": 2026, ""month"": 2, ""search_volume"": 110}, {""year"": 2026, ""month"": 1, ""search_volume"": 170}, {""year"": 2025, ""month"": 12, ""search_volume"": 210}, {""year"": 2025, ""month"": 11, ""search_volume"": 210}, {""year"": 2025, ""month"": 10, ""search_volume"": 140}, {""year"": 2025, ""month"": 9, ""search_volume"": 140}, {""year"": 2025, ""month"": 8, ""search_volume"": 210}]"
A5,liseuse tricot,140,,USD_DOCUMENTED,parent,False,,,,,"liseuse générale, mini-format non demandé",dataforseo_labs/google/keyword_suggestions/live,2026-09-03T11:47:40.664088+00:00,2026-09-03-test-decouverte-search-12/02-A5-discovery.json.gz,"[{""year"": 2026, ""month"": 7, ""search_volume"": 50}, {""year"": 2026, ""month"": 6, ""search_volume"": 40}, {""year"": 2026, ""month"": 5, ""search_volume"": 70}, {""year"": 2026, ""month"": 4, ""search_volume"": 70}, {""year"": 2026, ""month"": 3, ""search_volume"": 110}, {""year"": 2026, ""month"": 2, ""search_volume"": 110}, {""year"": 2026, ""month"": 1, ""search_volume"": 140}, {""year"": 2025, ""month"": 12, ""search_volume"": 210}, {""year"": 2025, ""month"": 11, ""search_volume"": 260}, {""year"": 2025, ""month"": 10, ""search_volume"": 210}, {""year"": 2025, ""month"": 9, ""search_volume"": 210}, {""year"": 2025, ""month"": 8, ""search_volume"": 110}]"
A5,liseuse partition musique a4,140,0.27,USD_DOCUMENTED,parent,False,,,,,"liseuse générale, mini-format non demandé",dataforseo_labs/google/keyword_suggestions/live,2026-09-03T11:47:40.664088+00:00,2026-09-03-test-decouverte-search-12/02-A5-discovery.json.gz,"[{""year"": 2026, ""month"": 7, ""search_volume"": 110}, {""year"": 2026, ""month"": 6, ""search_volume"": 140}, {""year"": 2026, ""month"": 5, ""search_volume"": 110}, {""year"": 2026, ""month"": 4, ""search_volume"": 140}, {""year"": 2026, ""month"": 3, ""search_volume"": 110}, {""year"": 2026, ""month"": 2, ""search_volume"": 110}, {""year"": 2026, ""month"": 1, ""search_volume"": 170}, {""year"": 2025, ""month"": 12, ""search_volume"": 260}, {""year"": 2025, ""month"": 11, ""search_volume"": 260}, {""year"": 2025, ""month"": 10, ""search_volume"": 140}, {""year"": 2025, ""month"": 9, ""search_volume"": 90}, {""year"": 2025, ""month"": 8, ""search_volume"": 70}]"
A5,kobo sage liseuse,140,0.26,USD_DOCUMENTED,parent,True,,,,,"liseuse générale, mini-format non demandé",dataforseo_labs/google/keyword_suggestions/live,2026-09-03T11:47:40.664088+00:00,2026-09-03-test-decouverte-search-12/02-A5-discovery.json.gz,"[{""year"": 2026, ""month"": 7, ""search_volume"": 50}, {""year"": 2026, ""month"": 6, ""search_volume"": 140}, {""year"": 2026, ""month"": 5, ""search_volume"": 170}, {""year"": 2026, ""month"": 4, ""search_volume"": 110}, {""year"": 2026, ""month"": 3, ""search_volume"": 170}, {""year"": 2026, ""month"": 2, ""search_volume"": 140}, {""year"": 2026, ""month"": 1, ""search_volume"": 210}, {""year"": 2025, ""month"": 12, ""search_volume"": 210}, {""year"": 2025, ""month"": 11, ""search_volume"": 170}, {""year"": 2025, ""month"": 10, ""search_volume"": 90}, {""year"": 2025, ""month"": 9, ""search_volume"": 30}, {""year"": 2025, ""month"": 8, ""search_volume"": 70}]"
A5,liseuse schneider,140,0.8,USD_DOCUMENTED,parent,False,,,,,"liseuse générale, mini-format non demandé",dataforseo_labs/google/keyword_suggestions/live,2026-09-03T11:47:40.664088+00:00,2026-09-03-test-decouverte-search-12/02-A5-discovery.json.gz,"[{""year"": 2026, ""month"": 7, ""search_volume"": 110}, {""year"": 2026, ""month"": 6, ""search_volume"": 110}, {""year"": 2026, ""month"": 5, ""search_volume"": 140}, {""year"": 2026, ""month"": 4, ""search_volume"": 140}, {""year"": 2026, ""month"": 3, ""search_volume"": 260}, {""year"": 2026, ""month"": 2, ""search_volume"": 140}, {""year"": 2026, ""month"": 1, ""search_volume"": 110}, {""year"": 2025, ""month"": 12, ""search_volume"": 140}, {""year"": 2025, ""month"": 11, ""search_volume"": 170}, {""year"": 2025, ""month"": 10, ""search_volume"": 170}, {""year"": 2025, ""month"": 9, ""search_volume"": 140}, {""year"": 2025, ""month"": 8, ""search_volume"": 140}]"
A5,liseuse tete de lit led,140,0.83,USD_DOCUMENTED,incompatible,False,,,,,"lampe, logiciel, contenu ou sens non appareil",dataforseo_labs/google/keyword_suggestions/live,2026-09-03T11:47:40.664088+00:00,2026-09-03-test-decouverte-search-12/02-A5-discovery.json.gz,"[{""year"": 2026, ""month"": 7, ""search_volume"": 50}, {""year"": 2026, ""month"": 6, ""search_volume"": 70}, {""year"": 2026, ""month"": 5, ""search_volume"": 110}, {""year"": 2026, ""month"": 4, ""search_volume"": 110}, {""year"": 2026, ""month"": 3, ""search_volume"": 170}, {""year"": 2026, ""month"": 2, ""search_volume"": 140}, {""year"": 2026, ""month"": 1, ""search_volume"": 140}, {""year"": 2025, ""month"": 12, ""search_volume"": 110}, {""year"": 2025, ""month"": 11, ""search_volume"": 140}, {""year"": 2025, ""month"": 10, ""search_volume"": 210}, {""year"": 2025, ""month"": 9, ""search_volume"": 210}, {""year"": 2025, ""month"": 8, ""search_volume"": 210}]"
A5,liseuse clara kobo,140,0.3,USD_DOCUMENTED,parent,True,,,,,"liseuse générale, mini-format non demandé",dataforseo_labs/google/keyword_suggestions/live,2026-09-03T11:47:40.664088+00:00,2026-09-03-test-decouverte-search-12/02-A5-discovery.json.gz,"[{""year"": 2026, ""month"": 7, ""search_volume"": 170}, {""year"": 2026, ""month"": 6, ""search_volume"": 140}, {""year"": 2026, ""month"": 5, ""search_volume"": 140}, {""year"": 2026, ""month"": 4, ""search_volume"": 110}, {""year"": 2026, ""month"": 3, ""search_volume"": 90}, {""year"": 2026, ""month"": 2, ""search_volume"": 90}, {""year"": 2026, ""month"": 1, ""search_volume"": 170}, {""year"": 2025, ""month"": 12, ""search_volume"": 260}, {""year"": 2025, ""month"": 11, ""search_volume"": 260}, {""year"": 2025, ""month"": 10, ""search_volume"": 90}, {""year"": 2025, ""month"": 9, ""search_volume"": 90}, {""year"": 2025, ""month"": 8, ""search_volume"": 110}]"
A5,grande liseuse,140,0.25,USD_DOCUMENTED,parent,False,,,,,"liseuse générale, mini-format non demandé",dataforseo_labs/google/keyword_suggestions/live,2026-09-03T11:47:40.664088+00:00,2026-09-03-test-decouverte-search-12/02-A5-discovery.json.gz,"[{""year"": 2026, ""month"": 7, ""search_volume"": 170}, {""year"": 2026, ""month"": 6, ""search_volume"": 140}, {""year"": 2026, ""month"": 5, ""search_volume"": 170}, {""year"": 2026, ""month"": 4, ""search_volume"": 140}, {""year"": 2026, ""month"": 3, ""search_volume"": 140}, {""year"": 2026, ""month"": 2, ""search_volume"": 140}, {""year"": 2026, ""month"": 1, ""search_volume"": 140}, {""year"": 2025, ""month"": 12, ""search_volume"": 170}, {""year"": 2025, ""month"": 11, ""search_volume"": 210}, {""year"": 2025, ""month"": 10, ""search_volume"": 110}, {""year"": 2025, ""month"": 9, ""search_volume"": 140}, {""year"": 2025, ""month"": 8, ""search_volume"": 110}]"
A5,onyx liseuse,140,0.32,USD_DOCUMENTED,parent,True,,,,,"liseuse générale, mini-format non demandé",dataforseo_labs/google/keyword_suggestions/live,2026-09-03T11:47:40.664088+00:00,2026-09-03-test-decouverte-search-12/02-A5-discovery.json.gz,"[{""year"": 2026, ""month"": 7, ""search_volume"": 110}, {""year"": 2026, ""month"": 6, ""search_volume"": 70}, {""year"": 2026, ""month"": 5, ""search_volume"": 140}, {""year"": 2026, ""month"": 4, ""search_volume"": 90}, {""year"": 2026, ""month"": 3, ""search_volume"": 140}, {""year"": 2026, ""month"": 2, ""search_volume"": 90}, {""year"": 2026, ""month"": 1, ""search_volume"": 140}, {""year"": 2025, ""month"": 12, ""search_volume"": 260}, {""year"": 2025, ""month"": 11, ""search_volume"": 260}, {""year"": 2025, ""month"": 10, ""search_volume"": 140}, {""year"": 2025, ""month"": 9, ""search_volume"": 110}, {""year"": 2025, ""month"": 8, ""search_volume"": 170}]"
A5,boulanger liseuse kobo,140,0.19,USD_DOCUMENTED,parent,True,,,,,"liseuse générale, mini-format non demandé",dataforseo_labs/google/keyword_suggestions/live,2026-09-03T11:47:40.664088+00:00,2026-09-03-test-decouverte-search-12/02-A5-discovery.json.gz,"[{""year"": 2026, ""month"": 7, ""search_volume"": 140}, {""year"": 2026, ""month"": 6, ""search_volume"": 110}, {""year"": 2026, ""month"": 5, ""search_volume"": 90}, {""year"": 2026, ""month"": 4, ""search_volume"": 70}, {""year"": 2026, ""month"": 3, ""search_volume"": 90}, {""year"": 2026, ""month"": 2, ""search_volume"": 70}, {""year"": 2026, ""month"": 1, ""search_volume"": 140}, {""year"": 2025, ""month"": 12, ""search_volume"": 260}, {""year"": 2025, ""month"": 11, ""search_volume"": 260}, {""year"": 2025, ""month"": 10, ""search_volume"": 90}, {""year"": 2025, ""month"": 9, ""search_volume"": 90}, {""year"": 2025, ""month"": 8, ""search_volume"": 140}]"
A5,liseuse tête de lit avec interrupteur,140,2.05,USD_DOCUMENTED,parent,False,,,,,"liseuse générale, mini-format non demandé",dataforseo_labs/google/keyword_suggestions/live,2026-09-03T11:47:40.664088+00:00,2026-09-03-test-decouverte-search-12/02-A5-discovery.json.gz,"[{""year"": 2026, ""month"": 7, ""search_volume"": 50}, {""year"": 2026, ""month"": 6, ""search_volume"": 50}, {""year"": 2026, ""month"": 5, ""search_volume"": 110}, {""year"": 2026, ""month"": 4, ""search_volume"": 90}, {""year"": 2026, ""month"": 3, ""search_volume"": 140}, {""year"": 2026, ""month"": 2, ""search_volume"": 140}, {""year"": 2026, ""month"": 1, ""search_volume"": 170}, {""year"": 2025, ""month"": 12, ""search_volume"": 90}, {""year"": 2025, ""month"": 11, ""search_volume"": 210}, {""year"": 2025, ""month"": 10, ""search_volume"": 170}, {""year"": 2025, ""month"": 9, ""search_volume"": 170}, {""year"": 2025, ""month"": 8, ""search_volume"": 90}]"
A5,liseuse tour de cou,140,0.45,USD_DOCUMENTED,parent,False,,,,,"liseuse générale, mini-format non demandé",dataforseo_labs/google/keyword_suggestions/live,2026-09-03T11:47:40.664088+00:00,2026-09-03-test-decouverte-search-12/02-A5-discovery.json.gz,"[{""year"": 2026, ""month"": 7, ""search_volume"": 70}, {""year"": 2026, ""month"": 6, ""search_volume"": 50}, {""year"": 2026, ""month"": 5, ""search_volume"": 70}, {""year"": 2026, ""month"": 4, ""search_volume"": 70}, {""year"": 2026, ""month"": 3, ""search_volume"": 70}, {""year"": 2026, ""month"": 2, ""search_volume"": 170}, {""year"": 2026, ""month"": 1, ""search_volume"": 170}, {""year"": 2025, ""month"": 12, ""search_volume"": 390}, {""year"": 2025, ""month"": 11, ""search_volume"": 320}, {""year"": 2025, ""month"": 10, ""search_volume"": 90}, {""year"": 2025, ""month"": 9, ""search_volume"": 70}, {""year"": 2025, ""month"": 8, ""search_volume"": 90}]"
A5,liseuse kindle ou kobo,140,0.41,USD_DOCUMENTED,parent,True,,,,,"liseuse générale, mini-format non demandé",dataforseo_labs/google/keyword_suggestions/live,2026-09-03T11:47:40.664088+00:00,2026-09-03-test-decouverte-search-12/02-A5-discovery.json.gz,"[{""year"": 2026, ""month"": 7, ""search_volume"": 90}, {""year"": 2026, ""month"": 6, ""search_volume"": 90}, {""year"": 2026, ""month"": 5, ""search_volume"": 110}, {""year"": 2026, ""month"": 4, ""search_volume"": 90}, {""year"": 2026, ""month"": 3, ""search_volume"": 70}, {""year"": 2026, ""month"": 2, ""search_volume"": 110}, {""year"": 2026, ""month"": 1, ""search_volume"": 140}, {""year"": 2025, ""month"": 12, ""search_volume"": 260}, {""year"": 2025, ""month"": 11, ""search_volume"": 320}, {""year"": 2025, ""month"": 10, ""search_volume"": 140}, {""year"": 2025, ""month"": 9, ""search_volume"": 140}, {""year"": 2025, ""month"": 8, ""search_volume"": 170}]"
A5,liseuse eclairage,140,0.95,USD_DOCUMENTED,incompatible,False,,,,,"lampe, logiciel, contenu ou sens non appareil",dataforseo_labs/google/keyword_suggestions/live,2026-09-03T11:47:40.664088+00:00,2026-09-03-test-decouverte-search-12/02-A5-discovery.json.gz,"[{""year"": 2026, ""month"": 7, ""search_volume"": 70}, {""year"": 2026, ""month"": 6, ""search_volume"": 70}, {""year"": 2026, ""month"": 5, ""search_volume"": 90}, {""year"": 2026, ""month"": 4, ""search_volume"": 90}, {""year"": 2026, ""month"": 3, ""search_volume"": 170}, {""year"": 2026, ""month"": 2, ""search_volume"": 170}, {""year"": 2026, ""month"": 1, ""search_volume"": 210}, {""year"": 2025, ""month"": 12, ""search_volume"": 260}, {""year"": 2025, ""month"": 11, ""search_volume"": 210}, {""year"": 2025, ""month"": 10, ""search_volume"": 170}, {""year"": 2025, ""month"": 9, ""search_volume"": 140}, {""year"": 2025, ""month"": 8, ""search_volume"": 110}]"
A5,liseuse amazon kindle paperwhite,140,0.54,USD_DOCUMENTED,parent,True,,,,,"liseuse générale, mini-format non demandé",dataforseo_labs/google/keyword_suggestions/live,2026-09-03T11:47:40.664088+00:00,2026-09-03-test-decouverte-search-12/02-A5-discovery.json.gz,"[{""year"": 2026, ""month"": 7, ""search_volume"": 90}, {""year"": 2026, ""month"": 6, ""search_volume"": 90}, {""year"": 2026, ""month"": 5, ""search_volume"": 70}, {""year"": 2026, ""month"": 4, ""search_volume"": 90}, {""year"": 2026, ""month"": 3, ""search_volume"": 90}, {""year"": 2026, ""month"": 2, ""search_volume"": 140}, {""year"": 2026, ""month"": 1, ""search_volume"": 110}, {""year"": 2025, ""month"": 12, ""search_volume"": 210}, {""year"": 2025, ""month"": 11, ""search_volume"": 390}, {""year"": 2025, ""month"": 10, ""search_volume"": 110}, {""year"": 2025, ""month"": 9, ""search_volume"": 170}, {""year"": 2025, ""month"": 8, ""search_volume"": 170}]"
A5,étui pour liseuse,140,0.41,USD_DOCUMENTED,incompatible,False,,,,,"lampe, logiciel, contenu ou sens non appareil",dataforseo_labs/google/keyword_suggestions/live,2026-09-03T11:47:40.664088+00:00,2026-09-03-test-decouverte-search-12/02-A5-discovery.json.gz,"[{""year"": 2026, ""month"": 7, ""search_volume"": 110}, {""year"": 2026, ""month"": 6, ""search_volume"": 90}, {""year"": 2026, ""month"": 5, ""search_volume"": 110}, {""year"": 2026, ""month"": 4, ""search_volume"": 90}, {""year"": 2026, ""month"": 3, ""search_volume"": 90}, {""year"": 2026, ""month"": 2, ""search_volume"": 140}, {""year"": 2026, ""month"": 1, ""search_volume"": 140}, {""year"": 2025, ""month"": 12, ""search_volume"": 320}, {""year"": 2025, ""month"": 11, ""search_volume"": 210}, {""year"": 2025, ""month"": 10, ""search_volume"": 110}, {""year"": 2025, ""month"": 9, ""search_volume"": 90}, {""year"": 2025, ""month"": 8, ""search_volume"": 110}]"
A5,vêtement liseuse femme,140,0.26,USD_DOCUMENTED,parent,False,,,,,"liseuse générale, mini-format non demandé",dataforseo_labs/google/keyword_suggestions/live,2026-09-03T11:47:40.664088+00:00,2026-09-03-test-decouverte-search-12/02-A5-discovery.json.gz,"[{""year"": 2026, ""month"": 7, ""search_volume"": 70}, {""year"": 2026, ""month"": 6, ""search_volume"": 70}, {""year"": 2026, ""month"": 5, ""search_volume"": 140}, {""year"": 2026, ""month"": 4, ""search_volume"": 90}, {""year"": 2026, ""month"": 3, ""search_volume"": 90}, {""year"": 2026, ""month"": 2, ""search_volume"": 70}, {""year"": 2026, ""month"": 1, ""search_volume"": 110}, {""year"": 2025, ""month"": 12, ""search_volume"": 320}, {""year"": 2025, ""month"": 11, ""search_volume"": 390}, {""year"": 2025, ""month"": 10, ""search_volume"": 210}, {""year"": 2025, ""month"": 9, ""search_volume"": 110}, {""year"": 2025, ""month"": 8, ""search_volume"": 50}]"
A5,liseuse fonctionnement,140,0.14,USD_DOCUMENTED,information,False,,,,,"usage/SAV/risque, hors demande achat directe",dataforseo_labs/google/keyword_suggestions/live,2026-09-03T11:47:40.664088+00:00,2026-09-03-test-decouverte-search-12/02-A5-discovery.json.gz,"[{""year"": 2026, ""month"": 7, ""search_volume"": 110}, {""year"": 2026, ""month"": 6, ""search_volume"": 70}, {""year"": 2026, ""month"": 5, ""search_volume"": 90}, {""year"": 2026, ""month"": 4, ""search_volume"": 110}, {""year"": 2026, ""month"": 3, ""search_volume"": 110}, {""year"": 2026, ""month"": 2, ""search_volume"": 110}, {""year"": 2026, ""month"": 1, ""search_volume"": 140}, {""year"": 2025, ""month"": 12, ""search_volume"": 260}, {""year"": 2025, ""month"": 11, ""search_volume"": 260}, {""year"": 2025, ""month"": 10, ""search_volume"": 170}, {""year"": 2025, ""month"": 9, ""search_volume"": 110}, {""year"": 2025, ""month"": 8, ""search_volume"": 170}]"
A5,liseuse faro,140,1.47,USD_DOCUMENTED,parent,False,,,,,"liseuse générale, mini-format non demandé",dataforseo_labs/google/keyword_suggestions/live,2026-09-03T11:47:40.664088+00:00,2026-09-03-test-decouverte-search-12/02-A5-discovery.json.gz,"[{""year"": 2026, ""month"": 7, ""search_volume"": 140}, {""year"": 2026, ""month"": 6, ""search_volume"": 140}, {""year"": 2026, ""month"": 5, ""search_volume"": 140}, {""year"": 2026, ""month"": 4, ""search_volume"": 110}, {""year"": 2026, ""month"": 3, ""search_volume"": 140}, {""year"": 2026, ""month"": 2, ""search_volume"": 140}, {""year"": 2026, ""month"": 1, ""search_volume"": 140}, {""year"": 2025, ""month"": 12, ""search_volume"": 110}, {""year"": 2025, ""month"": 11, ""search_volume"": 140}, {""year"": 2025, ""month"": 10, ""search_volume"": 140}, {""year"": 2025, ""month"": 9, ""search_volume"": 140}, {""year"": 2025, ""month"": 8, ""search_volume"": 70}]"
A5,coque liseuse kobo clara,140,0.29,USD_DOCUMENTED,parent,True,,,,,"liseuse générale, mini-format non demandé",dataforseo_labs/google/keyword_suggestions/live,2026-09-03T11:47:40.664088+00:00,2026-09-03-test-decouverte-search-12/02-A5-discovery.json.gz,"[{""year"": 2026, ""month"": 7, ""search_volume"": 110}, {""year"": 2026, ""month"": 6, ""search_volume"": 90}, {""year"": 2026, ""month"": 5, ""search_volume"": 140}, {""year"": 2026, ""month"": 4, ""search_volume"": 70}, {""year"": 2026, ""month"": 3, ""search_volume"": 110}, {""year"": 2026, ""month"": 2, ""search_volume"": 140}, {""year"": 2026, ""month"": 1, ""search_volume"": 210}, {""year"": 2025, ""month"": 12, ""search_volume"": 320}, {""year"": 2025, ""month"": 11, ""search_volume"": 170}, {""year"": 2025, ""month"": 10, ""search_volume"": 110}, {""year"": 2025, ""month"": 9, ""search_volume"": 90}, {""year"": 2025, ""month"": 8, ""search_volume"": 170}]"
A5,liseuse clara color,140,0.24,USD_DOCUMENTED,parent,False,,,,,"liseuse générale, mini-format non demandé",dataforseo_labs/google/keyword_suggestions/live,2026-09-03T11:47:40.664088+00:00,2026-09-03-test-decouverte-search-12/02-A5-discovery.json.gz,"[{""year"": 2026, ""month"": 7, ""search_volume"": 90}, {""year"": 2026, ""month"": 6, ""search_volume"": 110}, {""year"": 2026, ""month"": 5, ""search_volume"": 110}, {""year"": 2026, ""month"": 4, ""search_volume"": 70}, {""year"": 2026, ""month"": 3, ""search_volume"": 110}, {""year"": 2026, ""month"": 2, ""search_volume"": 140}, {""year"": 2026, ""month"": 1, ""search_volume"": 170}, {""year"": 2025, ""month"": 12, ""search_volume"": 320}, {""year"": 2025, ""month"": 11, ""search_volume"": 390}, {""year"": 2025, ""month"": 10, ""search_volume"": 140}, {""year"": 2025, ""month"": 9, ""search_volume"": 140}, {""year"": 2025, ""month"": 8, ""search_volume"": 140}]"
A5,comparaison liseuse,140,0.31,USD_DOCUMENTED,parent,False,,,,,"liseuse générale, mini-format non demandé",dataforseo_labs/google/keyword_suggestions/live,2026-09-03T11:47:40.664088+00:00,2026-09-03-test-decouverte-search-12/02-A5-discovery.json.gz,"[{""year"": 2026, ""month"": 7, ""search_volume"": 110}, {""year"": 2026, ""month"": 6, ""search_volume"": 110}, {""year"": 2026, ""month"": 5, ""search_volume"": 90}, {""year"": 2026, ""month"": 4, ""search_volume"": 70}, {""year"": 2026, ""month"": 3, ""search_volume"": 110}, {""year"": 2026, ""month"": 2, ""search_volume"": 110}, {""year"": 2026, ""month"": 1, ""search_volume"": 140}, {""year"": 2025, ""month"": 12, ""search_volume"": 210}, {""year"": 2025, ""month"": 11, ""search_volume"": 260}, {""year"": 2025, ""month"": 10, ""search_volume"": 110}, {""year"": 2025, ""month"": 9, ""search_volume"": 140}, {""year"": 2025, ""month"": 8, ""search_volume"": 140}]"
A5,éclairage liseuse,140,0.95,USD_DOCUMENTED,incompatible,False,,,,,"lampe, logiciel, contenu ou sens non appareil",dataforseo_labs/google/keyword_suggestions/live,2026-09-03T11:47:40.664088+00:00,2026-09-03-test-decouverte-search-12/02-A5-discovery.json.gz,"[{""year"": 2026, ""month"": 7, ""search_volume"": 70}, {""year"": 2026, ""month"": 6, ""search_volume"": 70}, {""year"": 2026, ""month"": 5, ""search_volume"": 90}, {""year"": 2026, ""month"": 4, ""search_volume"": 90}, {""year"": 2026, ""month"": 3, ""search_volume"": 170}, {""year"": 2026, ""month"": 2, ""search_volume"": 170}, {""year"": 2026, ""month"": 1, ""search_volume"": 210}, {""year"": 2025, ""month"": 12, ""search_volume"": 260}, {""year"": 2025, ""month"": 11, ""search_volume"": 210}, {""year"": 2025, ""month"": 10, ""search_volume"": 170}, {""year"": 2025, ""month"": 9, ""search_volume"": 140}, {""year"": 2025, ""month"": 8, ""search_volume"": 110}]"
A5,support liseuse lit,140,0.27,USD_DOCUMENTED,incompatible,False,,,,,"lampe, logiciel, contenu ou sens non appareil",dataforseo_labs/google/keyword_suggestions/live,2026-09-03T11:47:40.664088+00:00,2026-09-03-test-decouverte-search-12/02-A5-discovery.json.gz,"[{""year"": 2026, ""month"": 7, ""search_volume"": 90}, {""year"": 2026, ""month"": 6, ""search_volume"": 70}, {""year"": 2026, ""month"": 5, ""search_volume"": 70}, {""year"": 2026, ""month"": 4, ""search_volume"": 70}, {""year"": 2026, ""month"": 3, ""search_volume"": 110}, {""year"": 2026, ""month"": 2, ""search_volume"": 140}, {""year"": 2026, ""month"": 1, ""search_volume"": 210}, {""year"": 2025, ""month"": 12, ""search_volume"": 260}, {""year"": 2025, ""month"": 11, ""search_volume"": 210}, {""year"": 2025, ""month"": 10, ""search_volume"": 110}, {""year"": 2025, ""month"": 9, ""search_volume"": 110}, {""year"": 2025, ""month"": 8, ""search_volume"": 110}]"
A5,liseuse tricotée,140,,USD_DOCUMENTED,parent,False,,,,,"liseuse générale, mini-format non demandé",dataforseo_labs/google/keyword_suggestions/live,2026-09-03T11:47:40.664088+00:00,2026-09-03-test-decouverte-search-12/02-A5-discovery.json.gz,"[{""year"": 2026, ""month"": 7, ""search_volume"": 50}, {""year"": 2026, ""month"": 6, ""search_volume"": 40}, {""year"": 2026, ""month"": 5, ""search_volume"": 70}, {""year"": 2026, ""month"": 4, ""search_volume"": 70}, {""year"": 2026, ""month"": 3, ""search_volume"": 110}, {""year"": 2026, ""month"": 2, ""search_volume"": 110}, {""year"": 2026, ""month"": 1, ""search_volume"": 140}, {""year"": 2025, ""month"": 12, ""search_volume"": 210}, {""year"": 2025, ""month"": 11, ""search_volume"": 260}, {""year"": 2025, ""month"": 10, ""search_volume"": 210}, {""year"": 2025, ""month"": 9, ""search_volume"": 210}, {""year"": 2025, ""month"": 8, ""search_volume"": 110}]"
A5,fonctionnement liseuse,140,0.14,USD_DOCUMENTED,information,False,,,,,"usage/SAV/risque, hors demande achat directe",dataforseo_labs/google/keyword_suggestions/live,2026-09-03T11:47:40.664088+00:00,2026-09-03-test-decouverte-search-12/02-A5-discovery.json.gz,"[{""year"": 2026, ""month"": 7, ""search_volume"": 110}, {""year"": 2026, ""month"": 6, ""search_volume"": 70}, {""year"": 2026, ""month"": 5, ""search_volume"": 90}, {""year"": 2026, ""month"": 4, ""search_volume"": 110}, {""year"": 2026, ""month"": 3, ""search_volume"": 110}, {""year"": 2026, ""month"": 2, ""search_volume"": 110}, {""year"": 2026, ""month"": 1, ""search_volume"": 140}, {""year"": 2025, ""month"": 12, ""search_volume"": 260}, {""year"": 2025, ""month"": 11, ""search_volume"": 260}, {""year"": 2025, ""month"": 10, ""search_volume"": 170}, {""year"": 2025, ""month"": 9, ""search_volume"": 110}, {""year"": 2025, ""month"": 8, ""search_volume"": 170}]"
A5,vetement liseuse femme,140,0.26,USD_DOCUMENTED,parent,False,,,,,"liseuse générale, mini-format non demandé",dataforseo_labs/google/keyword_suggestions/live,2026-09-03T11:47:40.664088+00:00,2026-09-03-test-decouverte-search-12/02-A5-discovery.json.gz,"[{""year"": 2026, ""month"": 7, ""search_volume"": 70}, {""year"": 2026, ""month"": 6, ""search_volume"": 70}, {""year"": 2026, ""month"": 5, ""search_volume"": 140}, {""year"": 2026, ""month"": 4, ""search_volume"": 90}, {""year"": 2026, ""month"": 3, ""search_volume"": 90}, {""year"": 2026, ""month"": 2, ""search_volume"": 70}, {""year"": 2026, ""month"": 1, ""search_volume"": 110}, {""year"": 2025, ""month"": 12, ""search_volume"": 320}, {""year"": 2025, ""month"": 11, ""search_volume"": 390}, {""year"": 2025, ""month"": 10, ""search_volume"": 210}, {""year"": 2025, ""month"": 9, ""search_volume"": 110}, {""year"": 2025, ""month"": 8, ""search_volume"": 50}]"
A5,liseuse éclairage,140,0.95,USD_DOCUMENTED,incompatible,False,,,,,"lampe, logiciel, contenu ou sens non appareil",dataforseo_labs/google/keyword_suggestions/live,2026-09-03T11:47:40.664088+00:00,2026-09-03-test-decouverte-search-12/02-A5-discovery.json.gz,"[{""year"": 2026, ""month"": 7, ""search_volume"": 70}, {""year"": 2026, ""month"": 6, ""search_volume"": 70}, {""year"": 2026, ""month"": 5, ""search_volume"": 90}, {""year"": 2026, ""month"": 4, ""search_volume"": 90}, {""year"": 2026, ""month"": 3, ""search_volume"": 170}, {""year"": 2026, ""month"": 2, ""search_volume"": 170}, {""year"": 2026, ""month"": 1, ""search_volume"": 210}, {""year"": 2025, ""month"": 12, ""search_volume"": 260}, {""year"": 2025, ""month"": 11, ""search_volume"": 210}, {""year"": 2025, ""month"": 10, ""search_volume"": 170}, {""year"": 2025, ""month"": 9, ""search_volume"": 140}, {""year"": 2025, ""month"": 8, ""search_volume"": 110}]"
A5,liseuse kobo 7 pouces,140,0.27,USD_DOCUMENTED,parent,True,,,,,"liseuse générale, mini-format non demandé",dataforseo_labs/google/keyword_suggestions/live,2026-09-03T11:47:40.664088+00:00,2026-09-03-test-decouverte-search-12/02-A5-discovery.json.gz,"[{""year"": 2026, ""month"": 7, ""search_volume"": 140}, {""year"": 2026, ""month"": 6, ""search_volume"": 110}, {""year"": 2026, ""month"": 5, ""search_volume"": 90}, {""year"": 2026, ""month"": 4, ""search_volume"": 70}, {""year"": 2026, ""month"": 3, ""search_volume"": 90}, {""year"": 2026, ""month"": 2, ""search_volume"": 70}, {""year"": 2026, ""month"": 1, ""search_volume"": 110}, {""year"": 2025, ""month"": 12, ""search_volume"": 260}, {""year"": 2025, ""month"": 11, ""search_volume"": 210}, {""year"": 2025, ""month"": 10, ""search_volume"": 90}, {""year"": 2025, ""month"": 9, ""search_volume"": 110}, {""year"": 2025, ""month"": 8, ""search_volume"": 140}]"
A5,liseuse kobo bloquée,140,,USD_DOCUMENTED,parent,True,,,,,"liseuse générale, mini-format non demandé",dataforseo_labs/google/keyword_suggestions/live,2026-09-03T11:47:40.664088+00:00,2026-09-03-test-decouverte-search-12/02-A5-discovery.json.gz,"[{""year"": 2026, ""month"": 7, ""search_volume"": 110}, {""year"": 2026, ""month"": 6, ""search_volume"": 110}, {""year"": 2026, ""month"": 5, ""search_volume"": 110}, {""year"": 2026, ""month"": 4, ""search_volume"": 110}, {""year"": 2026, ""month"": 3, ""search_volume"": 140}, {""year"": 2026, ""month"": 2, ""search_volume"": 140}, {""year"": 2026, ""month"": 1, ""search_volume"": 170}, {""year"": 2025, ""month"": 12, ""search_volume"": 140}, {""year"": 2025, ""month"": 11, ""search_volume"": 140}, {""year"": 2025, ""month"": 10, ""search_volume"": 170}, {""year"": 2025, ""month"": 9, ""search_volume"": 170}, {""year"": 2025, ""month"": 8, ""search_volume"": 320}]"
A5,housse liseuse vivlio,140,0.21,USD_DOCUMENTED,incompatible,True,,,,,"lampe, logiciel, contenu ou sens non appareil",dataforseo_labs/google/keyword_suggestions/live,2026-09-03T11:47:40.664088+00:00,2026-09-03-test-decouverte-search-12/02-A5-discovery.json.gz,"[{""year"": 2026, ""month"": 7, ""search_volume"": 110}, {""year"": 2026, ""month"": 6, ""search_volume"": 90}, {""year"": 2026, ""month"": 5, ""search_volume"": 90}, {""year"": 2026, ""month"": 4, ""search_volume"": 70}, {""year"": 2026, ""month"": 3, ""search_volume"": 140}, {""year"": 2026, ""month"": 2, ""search_volume"": 110}, {""year"": 2026, ""month"": 1, ""search_volume"": 170}, {""year"": 2025, ""month"": 12, ""search_volume"": 260}, {""year"": 2025, ""month"": 11, ""search_volume"": 210}, {""year"": 2025, ""month"": 10, ""search_volume"": 110}, {""year"": 2025, ""month"": 9, ""search_volume"": 110}, {""year"": 2025, ""month"": 8, ""search_volume"": 170}]"
A5,liseuse applique murale tete de lit,140,0.92,USD_DOCUMENTED,parent,False,,,,,"liseuse générale, mini-format non demandé",dataforseo_labs/google/keyword_suggestions/live,2026-09-03T11:47:40.664088+00:00,2026-09-03-test-decouverte-search-12/02-A5-discovery.json.gz,"[{""year"": 2026, ""month"": 7, ""search_volume"": 90}, {""year"": 2026, ""month"": 6, ""search_volume"": 70}, {""year"": 2026, ""month"": 5, ""search_volume"": 110}, {""year"": 2026, ""month"": 4, ""search_volume"": 90}, {""year"": 2026, ""month"": 3, ""search_volume"": 210}, {""year"": 2026, ""month"": 2, ""search_volume"": 140}, {""year"": 2026, ""month"": 1, ""search_volume"": 210}, {""year"": 2025, ""month"": 12, ""search_volume"": 140}, {""year"": 2025, ""month"": 11, ""search_volume"": 210}, {""year"": 2025, ""month"": 10, ""search_volume"": 210}, {""year"": 2025, ""month"": 9, ""search_volume"": 210}, {""year"": 2025, ""month"": 8, ""search_volume"": 140}]"
A5,la liseuse de visage,140,0.29,USD_DOCUMENTED,parent,False,,,,,"liseuse générale, mini-format non demandé",dataforseo_labs/google/keyword_suggestions/live,2026-09-03T11:47:40.664088+00:00,2026-09-03-test-decouverte-search-12/02-A5-discovery.json.gz,"[{""year"": 2026, ""month"": 7, ""search_volume"": 30}, {""year"": 2026, ""month"": 6, ""search_volume"": 10}, {""year"": 2026, ""month"": 5, ""search_volume"": 170}, {""year"": 2026, ""month"": 4, ""search_volume"": 90}, {""year"": 2026, ""month"": 3, ""search_volume"": 320}, {""year"": 2026, ""month"": 2, ""search_volume"": 390}, {""year"": 2026, ""month"": 1, ""search_volume"": 50}, {""year"": 2025, ""month"": 12, ""search_volume"": 50}, {""year"": 2025, ""month"": 11, ""search_volume"": 50}, {""year"": 2025, ""month"": 10, ""search_volume"": 40}, {""year"": 2025, ""month"": 9, ""search_volume"": 170}, {""year"": 2025, ""month"": 8, ""search_volume"": 170}]"
A5,liseuse livre audio,140,0.46,USD_DOCUMENTED,parent,False,,,,,"liseuse générale, mini-format non demandé",dataforseo_labs/google/keyword_suggestions/live,2026-09-03T11:47:40.664088+00:00,2026-09-03-test-decouverte-search-12/02-A5-discovery.json.gz,"[{""year"": 2026, ""month"": 7, ""search_volume"": 90}, {""year"": 2026, ""month"": 6, ""search_volume"": 70}, {""year"": 2026, ""month"": 5, ""search_volume"": 90}, {""year"": 2026, ""month"": 4, ""search_volume"": 90}, {""year"": 2026, ""month"": 3, ""search_volume"": 90}, {""year"": 2026, ""month"": 2, ""search_volume"": 110}, {""year"": 2026, ""month"": 1, ""search_volume"": 140}, {""year"": 2025, ""month"": 12, ""search_volume"": 260}, {""year"": 2025, ""month"": 11, ""search_volume"": 210}, {""year"": 2025, ""month"": 10, ""search_volume"": 140}, {""year"": 2025, ""month"": 9, ""search_volume"": 110}, {""year"": 2025, ""month"": 8, ""search_volume"": 140}]"
A5,liseuse modelec,140,1.91,USD_DOCUMENTED,parent,False,,,,,"liseuse générale, mini-format non demandé",dataforseo_labs/google/keyword_suggestions/live,2026-09-03T11:47:40.664088+00:00,2026-09-03-test-decouverte-search-12/02-A5-discovery.json.gz,"[{""year"": 2026, ""month"": 7, ""search_volume"": 110}, {""year"": 2026, ""month"": 6, ""search_volume"": 140}, {""year"": 2026, ""month"": 5, ""search_volume"": 140}, {""year"": 2026, ""month"": 4, ""search_volume"": 170}, {""year"": 2026, ""month"": 3, ""search_volume"": 170}, {""year"": 2026, ""month"": 2, ""search_volume"": 140}, {""year"": 2026, ""month"": 1, ""search_volume"": 170}, {""year"": 2025, ""month"": 12, ""search_volume"": 170}, {""year"": 2025, ""month"": 11, ""search_volume"": 140}, {""year"": 2025, ""month"": 10, ""search_volume"": 170}, {""year"": 2025, ""month"": 9, ""search_volume"": 140}, {""year"": 2025, ""month"": 8, ""search_volume"": 90}]"
A5,étui liseuse,140,0.41,USD_DOCUMENTED,incompatible,False,,,,,"lampe, logiciel, contenu ou sens non appareil",dataforseo_labs/google/keyword_suggestions/live,2026-09-03T11:47:40.664088+00:00,2026-09-03-test-decouverte-search-12/02-A5-discovery.json.gz,"[{""year"": 2026, ""month"": 7, ""search_volume"": 110}, {""year"": 2026, ""month"": 6, ""search_volume"": 90}, {""year"": 2026, ""month"": 5, ""search_volume"": 110}, {""year"": 2026, ""month"": 4, ""search_volume"": 90}, {""year"": 2026, ""month"": 3, ""search_volume"": 90}, {""year"": 2026, ""month"": 2, ""search_volume"": 140}, {""year"": 2026, ""month"": 1, ""search_volume"": 140}, {""year"": 2025, ""month"": 12, ""search_volume"": 320}, {""year"": 2025, ""month"": 11, ""search_volume"": 210}, {""year"": 2025, ""month"": 10, ""search_volume"": 110}, {""year"": 2025, ""month"": 9, ""search_volume"": 90}, {""year"": 2025, ""month"": 8, ""search_volume"": 110}]"
A5,liseuse legrand,140,0.69,USD_DOCUMENTED,parent,False,,,,,"liseuse générale, mini-format non demandé",dataforseo_labs/google/keyword_suggestions/live,2026-09-03T11:47:40.664088+00:00,2026-09-03-test-decouverte-search-12/02-A5-discovery.json.gz,"[{""year"": 2026, ""month"": 7, ""search_volume"": 110}, {""year"": 2026, ""month"": 6, ""search_volume"": 110}, {""year"": 2026, ""month"": 5, ""search_volume"": 140}, {""year"": 2026, ""month"": 4, ""search_volume"": 140}, {""year"": 2026, ""month"": 3, ""search_volume"": 210}, {""year"": 2026, ""month"": 2, ""search_volume"": 140}, {""year"": 2026, ""month"": 1, ""search_volume"": 170}, {""year"": 2025, ""month"": 12, ""search_volume"": 170}, {""year"": 2025, ""month"": 11, ""search_volume"": 210}, {""year"": 2025, ""month"": 10, ""search_volume"": 170}, {""year"": 2025, ""month"": 9, ""search_volume"": 170}, {""year"": 2025, ""month"": 8, ""search_volume"": 110}]"
A5,liseuse samsung,140,0.32,USD_DOCUMENTED,parent,False,,,,,"liseuse générale, mini-format non demandé",dataforseo_labs/google/keyword_suggestions/live,2026-09-03T11:47:40.664088+00:00,2026-09-03-test-decouverte-search-12/02-A5-discovery.json.gz,"[{""year"": 2026, ""month"": 7, ""search_volume"": 110}, {""year"": 2026, ""month"": 6, ""search_volume"": 70}, {""year"": 2026, ""month"": 5, ""search_volume"": 110}, {""year"": 2026, ""month"": 4, ""search_volume"": 70}, {""year"": 2026, ""month"": 3, ""search_volume"": 90}, {""year"": 2026, ""month"": 2, ""search_volume"": 110}, {""year"": 2026, ""month"": 1, ""search_volume"": 140}, {""year"": 2025, ""month"": 12, ""search_volume"": 170}, {""year"": 2025, ""month"": 11, ""search_volume"": 210}, {""year"": 2025, ""month"": 10, ""search_volume"": 140}, {""year"": 2025, ""month"": 9, ""search_volume"": 140}, {""year"": 2025, ""month"": 8, ""search_volume"": 210}]"
A5,liseuse à tricoter,140,,USD_DOCUMENTED,parent,False,,,,,"liseuse générale, mini-format non demandé",dataforseo_labs/google/keyword_suggestions/live,2026-09-03T11:47:40.664088+00:00,2026-09-03-test-decouverte-search-12/02-A5-discovery.json.gz,"[{""year"": 2026, ""month"": 7, ""search_volume"": 50}, {""year"": 2026, ""month"": 6, ""search_volume"": 40}, {""year"": 2026, ""month"": 5, ""search_volume"": 70}, {""year"": 2026, ""month"": 4, ""search_volume"": 70}, {""year"": 2026, ""month"": 3, ""search_volume"": 110}, {""year"": 2026, ""month"": 2, ""search_volume"": 110}, {""year"": 2026, ""month"": 1, ""search_volume"": 140}, {""year"": 2025, ""month"": 12, ""search_volume"": 210}, {""year"": 2025, ""month"": 11, ""search_volume"": 260}, {""year"": 2025, ""month"": 10, ""search_volume"": 210}, {""year"": 2025, ""month"": 9, ""search_volume"": 210}, {""year"": 2025, ""month"": 8, ""search_volume"": 110}]"
A5,faro liseuse,140,1.47,USD_DOCUMENTED,parent,False,,,,,"liseuse générale, mini-format non demandé",dataforseo_labs/google/keyword_suggestions/live,2026-09-03T11:47:40.664088+00:00,2026-09-03-test-decouverte-search-12/02-A5-discovery.json.gz,"[{""year"": 2026, ""month"": 7, ""search_volume"": 140}, {""year"": 2026, ""month"": 6, ""search_volume"": 140}, {""year"": 2026, ""month"": 5, ""search_volume"": 140}, {""year"": 2026, ""month"": 4, ""search_volume"": 110}, {""year"": 2026, ""month"": 3, ""search_volume"": 140}, {""year"": 2026, ""month"": 2, ""search_volume"": 140}, {""year"": 2026, ""month"": 1, ""search_volume"": 140}, {""year"": 2025, ""month"": 12, ""search_volume"": 110}, {""year"": 2025, ""month"": 11, ""search_volume"": 140}, {""year"": 2025, ""month"": 10, ""search_volume"": 140}, {""year"": 2025, ""month"": 9, ""search_volume"": 140}, {""year"": 2025, ""month"": 8, ""search_volume"": 70}]"
A5,liseuse 2025,140,0.16,USD_DOCUMENTED,parent,False,,,,,"liseuse générale, mini-format non demandé",dataforseo_labs/google/keyword_suggestions/live,2026-09-03T11:47:40.664088+00:00,2026-09-03-test-decouverte-search-12/02-A5-discovery.json.gz,"[{""year"": 2026, ""month"": 7, ""search_volume"": 10}, {""year"": 2026, ""month"": 6, ""search_volume"": 10}, {""year"": 2026, ""month"": 5, ""search_volume"": 10}, {""year"": 2026, ""month"": 4, ""search_volume"": 10}, {""year"": 2026, ""month"": 3, ""search_volume"": 10}, {""year"": 2026, ""month"": 2, ""search_volume"": 20}, {""year"": 2026, ""month"": 1, ""search_volume"": 70}, {""year"": 2025, ""month"": 12, ""search_volume"": 320}, {""year"": 2025, ""month"": 11, ""search_volume"": 390}, {""year"": 2025, ""month"": 10, ""search_volume"": 260}, {""year"": 2025, ""month"": 9, ""search_volume"": 260}, {""year"": 2025, ""month"": 8, ""search_volume"": 320}]"
A5,liseuse but,140,0.28,USD_DOCUMENTED,parent,True,,,,,"liseuse générale, mini-format non demandé",dataforseo_labs/google/keyword_suggestions/live,2026-09-03T11:47:40.664088+00:00,2026-09-03-test-decouverte-search-12/02-A5-discovery.json.gz,"[{""year"": 2026, ""month"": 7, ""search_volume"": 110}, {""year"": 2026, ""month"": 6, ""search_volume"": 50}, {""year"": 2026, ""month"": 5, ""search_volume"": 70}, {""year"": 2026, ""month"": 4, ""search_volume"": 50}, {""year"": 2026, ""month"": 3, ""search_volume"": 70}, {""year"": 2026, ""month"": 2, ""search_volume"": 110}, {""year"": 2026, ""month"": 1, ""search_volume"": 170}, {""year"": 2025, ""month"": 12, ""search_volume"": 390}, {""year"": 2025, ""month"": 11, ""search_volume"": 260}, {""year"": 2025, ""month"": 10, ""search_volume"": 110}, {""year"": 2025, ""month"": 9, ""search_volume"": 110}, {""year"": 2025, ""month"": 8, ""search_volume"": 110}]"
A5,liseuse kobo accessoires,140,0.29,USD_DOCUMENTED,parent,True,,,,,"liseuse générale, mini-format non demandé",dataforseo_labs/google/keyword_suggestions/live,2026-09-03T11:47:40.664088+00:00,2026-09-03-test-decouverte-search-12/02-A5-discovery.json.gz,"[{""year"": 2026, ""month"": 7, ""search_volume"": 170}, {""year"": 2026, ""month"": 6, ""search_volume"": 90}, {""year"": 2026, ""month"": 5, ""search_volume"": 90}, {""year"": 2026, ""month"": 4, ""search_volume"": 110}, {""year"": 2026, ""month"": 3, ""search_volume"": 140}, {""year"": 2026, ""month"": 2, ""search_volume"": 110}, {""year"": 2026, ""month"": 1, ""search_volume"": 170}, {""year"": 2025, ""month"": 12, ""search_volume"": 320}, {""year"": 2025, ""month"": 11, ""search_volume"": 260}, {""year"": 2025, ""month"": 10, ""search_volume"": 110}, {""year"": 2025, ""month"": 9, ""search_volume"": 110}, {""year"": 2025, ""month"": 8, ""search_volume"": 140}]"
A5,liseuse rakuten kobo,140,0.35,USD_DOCUMENTED,parent,True,,,,,"liseuse générale, mini-format non demandé",dataforseo_labs/google/keyword_suggestions/live,2026-09-03T11:47:40.664088+00:00,2026-09-03-test-decouverte-search-12/02-A5-discovery.json.gz,"[{""year"": 2026, ""month"": 7, ""search_volume"": 140}, {""year"": 2026, ""month"": 6, ""search_volume"": 140}, {""year"": 2026, ""month"": 5, ""search_volume"": 110}, {""year"": 2026, ""month"": 4, ""search_volume"": 110}, {""year"": 2026, ""month"": 3, ""search_volume"": 110}, {""year"": 2026, ""month"": 2, ""search_volume"": 110}, {""year"": 2026, ""month"": 1, ""search_volume"": 170}, {""year"": 2025, ""month"": 12, ""search_volume"": 260}, {""year"": 2025, ""month"": 11, ""search_volume"": 210}, {""year"": 2025, ""month"": 10, ""search_volume"": 170}, {""year"": 2025, ""month"": 9, ""search_volume"": 110}, {""year"": 2025, ""month"": 8, ""search_volume"": 140}]"
A5,liseuse 2026,140,0.46,USD_DOCUMENTED,parent,False,,,,,"liseuse générale, mini-format non demandé",dataforseo_labs/google/keyword_suggestions/live,2026-09-03T11:47:40.664088+00:00,2026-09-03-test-decouverte-search-12/02-A5-discovery.json.gz,"[{""year"": 2026, ""month"": 7, ""search_volume"": 210}, {""year"": 2026, ""month"": 6, ""search_volume"": 210}, {""year"": 2026, ""month"": 5, ""search_volume"": 210}, {""year"": 2026, ""month"": 4, ""search_volume"": 170}, {""year"": 2026, ""month"": 3, ""search_volume"": 170}, {""year"": 2026, ""month"": 2, ""search_volume"": 210}, {""year"": 2026, ""month"": 1, ""search_volume"": 210}, {""year"": 2025, ""month"": 12, ""search_volume"": 70}, {""year"": 2025, ""month"": 11, ""search_volume"": 40}, {""year"": 2025, ""month"": 10, ""search_volume"": 30}, {""year"": 2025, ""month"": 9, ""search_volume"": 20}, {""year"": 2025, ""month"": 8, ""search_volume"": 0}]"
A5,accessoires liseuse kobo,140,0.29,USD_DOCUMENTED,parent,True,,,,,"liseuse générale, mini-format non demandé",dataforseo_labs/google/keyword_suggestions/live,2026-09-03T11:47:40.664088+00:00,2026-09-03-test-decouverte-search-12/02-A5-discovery.json.gz,"[{""year"": 2026, ""month"": 7, ""search_volume"": 170}, {""year"": 2026, ""month"": 6, ""search_volume"": 90}, {""year"": 2026, ""month"": 5, ""search_volume"": 90}, {""year"": 2026, ""month"": 4, ""search_volume"": 110}, {""year"": 2026, ""month"": 3, ""search_volume"": 140}, {""year"": 2026, ""month"": 2, ""search_volume"": 110}, {""year"": 2026, ""month"": 1, ""search_volume"": 170}, {""year"": 2025, ""month"": 12, ""search_volume"": 320}, {""year"": 2025, ""month"": 11, ""search_volume"": 260}, {""year"": 2025, ""month"": 10, ""search_volume"": 110}, {""year"": 2025, ""month"": 9, ""search_volume"": 110}, {""year"": 2025, ""month"": 8, ""search_volume"": 140}]"
A5,accessoires liseuse kindle,140,0.37,USD_DOCUMENTED,parent,True,,,,,"liseuse générale, mini-format non demandé",dataforseo_labs/google/keyword_suggestions/live,2026-09-03T11:47:40.664088+00:00,2026-09-03-test-decouverte-search-12/02-A5-discovery.json.gz,"[{""year"": 2026, ""month"": 7, ""search_volume"": 110}, {""year"": 2026, ""month"": 6, ""search_volume"": 90}, {""year"": 2026, ""month"": 5, ""search_volume"": 90}, {""year"": 2026, ""month"": 4, ""search_volume"": 70}, {""year"": 2026, ""month"": 3, ""search_volume"": 90}, {""year"": 2026, ""month"": 2, ""search_volume"": 90}, {""year"": 2026, ""month"": 1, ""search_volume"": 170}, {""year"": 2025, ""month"": 12, ""search_volume"": 390}, {""year"": 2025, ""month"": 11, ""search_volume"": 260}, {""year"": 2025, ""month"": 10, ""search_volume"": 110}, {""year"": 2025, ""month"": 9, ""search_volume"": 70}, {""year"": 2025, ""month"": 8, ""search_volume"": 110}]"
A5,but liseuse,140,0.28,USD_DOCUMENTED,parent,True,,,,,"liseuse générale, mini-format non demandé",dataforseo_labs/google/keyword_suggestions/live,2026-09-03T11:47:40.664088+00:00,2026-09-03-test-decouverte-search-12/02-A5-discovery.json.gz,"[{""year"": 2026, ""month"": 7, ""search_volume"": 110}, {""year"": 2026, ""month"": 6, ""search_volume"": 50}, {""year"": 2026, ""month"": 5, ""search_volume"": 70}, {""year"": 2026, ""month"": 4, ""search_volume"": 50}, {""year"": 2026, ""month"": 3, ""search_volume"": 70}, {""year"": 2026, ""month"": 2, ""search_volume"": 110}, {""year"": 2026, ""month"": 1, ""search_volume"": 170}, {""year"": 2025, ""month"": 12, ""search_volume"": 390}, {""year"": 2025, ""month"": 11, ""search_volume"": 260}, {""year"": 2025, ""month"": 10, ""search_volume"": 110}, {""year"": 2025, ""month"": 9, ""search_volume"": 110}, {""year"": 2025, ""month"": 8, ""search_volume"": 110}]"
A5,legrand liseuse,140,0.69,USD_DOCUMENTED,parent,False,,,,,"liseuse générale, mini-format non demandé",dataforseo_labs/google/keyword_suggestions/live,2026-09-03T11:47:40.664088+00:00,2026-09-03-test-decouverte-search-12/02-A5-discovery.json.gz,"[{""year"": 2026, ""month"": 7, ""search_volume"": 110}, {""year"": 2026, ""month"": 6, ""search_volume"": 110}, {""year"": 2026, ""month"": 5, ""search_volume"": 140}, {""year"": 2026, ""month"": 4, ""search_volume"": 140}, {""year"": 2026, ""month"": 3, ""search_volume"": 210}, {""year"": 2026, ""month"": 2, ""search_volume"": 140}, {""year"": 2026, ""month"": 1, ""search_volume"": 170}, {""year"": 2025, ""month"": 12, ""search_volume"": 170}, {""year"": 2025, ""month"": 11, ""search_volume"": 210}, {""year"": 2025, ""month"": 10, ""search_volume"": 170}, {""year"": 2025, ""month"": 9, ""search_volume"": 170}, {""year"": 2025, ""month"": 8, ""search_volume"": 110}]"
A5,liseuse vêtement femme,140,0.26,USD_DOCUMENTED,parent,False,,,,,"liseuse générale, mini-format non demandé",dataforseo_labs/google/keyword_suggestions/live,2026-09-03T11:47:40.664088+00:00,2026-09-03-test-decouverte-search-12/02-A5-discovery.json.gz,"[{""year"": 2026, ""month"": 7, ""search_volume"": 70}, {""year"": 2026, ""month"": 6, ""search_volume"": 70}, {""year"": 2026, ""month"": 5, ""search_volume"": 140}, {""year"": 2026, ""month"": 4, ""search_volume"": 90}, {""year"": 2026, ""month"": 3, ""search_volume"": 90}, {""year"": 2026, ""month"": 2, ""search_volume"": 70}, {""year"": 2026, ""month"": 1, ""search_volume"": 110}, {""year"": 2025, ""month"": 12, ""search_volume"": 320}, {""year"": 2025, ""month"": 11, ""search_volume"": 390}, {""year"": 2025, ""month"": 10, ""search_volume"": 210}, {""year"": 2025, ""month"": 9, ""search_volume"": 110}, {""year"": 2025, ""month"": 8, ""search_volume"": 50}]"
A5,liseuse vetement femme,140,0.26,USD_DOCUMENTED,parent,False,,,,,"liseuse générale, mini-format non demandé",dataforseo_labs/google/keyword_suggestions/live,2026-09-03T11:47:40.664088+00:00,2026-09-03-test-decouverte-search-12/02-A5-discovery.json.gz,"[{""year"": 2026, ""month"": 7, ""search_volume"": 70}, {""year"": 2026, ""month"": 6, ""search_volume"": 70}, {""year"": 2026, ""month"": 5, ""search_volume"": 140}, {""year"": 2026, ""month"": 4, ""search_volume"": 90}, {""year"": 2026, ""month"": 3, ""search_volume"": 90}, {""year"": 2026, ""month"": 2, ""search_volume"": 70}, {""year"": 2026, ""month"": 1, ""search_volume"": 110}, {""year"": 2025, ""month"": 12, ""search_volume"": 320}, {""year"": 2025, ""month"": 11, ""search_volume"": 390}, {""year"": 2025, ""month"": 10, ""search_volume"": 210}, {""year"": 2025, ""month"": 9, ""search_volume"": 110}, {""year"": 2025, ""month"": 8, ""search_volume"": 50}]"
A5,eclairage liseuse,140,0.95,USD_DOCUMENTED,incompatible,False,,,,,"lampe, logiciel, contenu ou sens non appareil",dataforseo_labs/google/keyword_suggestions/live,2026-09-03T11:47:40.664088+00:00,2026-09-03-test-decouverte-search-12/02-A5-discovery.json.gz,"[{""year"": 2026, ""month"": 7, ""search_volume"": 70}, {""year"": 2026, ""month"": 6, ""search_volume"": 70}, {""year"": 2026, ""month"": 5, ""search_volume"": 90}, {""year"": 2026, ""month"": 4, ""search_volume"": 90}, {""year"": 2026, ""month"": 3, ""search_volume"": 170}, {""year"": 2026, ""month"": 2, ""search_volume"": 170}, {""year"": 2026, ""month"": 1, ""search_volume"": 210}, {""year"": 2025, ""month"": 12, ""search_volume"": 260}, {""year"": 2025, ""month"": 11, ""search_volume"": 210}, {""year"": 2025, ""month"": 10, ""search_volume"": 170}, {""year"": 2025, ""month"": 9, ""search_volume"": 140}, {""year"": 2025, ""month"": 8, ""search_volume"": 110}]"
A5,liseuse en ligne,140,4.29,USD_DOCUMENTED,incompatible,False,,,,,"lampe, logiciel, contenu ou sens non appareil",dataforseo_labs/google/keyword_suggestions/live,2026-09-03T11:47:40.664088+00:00,2026-09-03-test-decouverte-search-12/02-A5-discovery.json.gz,"[{""year"": 2026, ""month"": 7, ""search_volume"": 90}, {""year"": 2026, ""month"": 6, ""search_volume"": 110}, {""year"": 2026, ""month"": 5, ""search_volume"": 140}, {""year"": 2026, ""month"": 4, ""search_volume"": 110}, {""year"": 2026, ""month"": 3, ""search_volume"": 170}, {""year"": 2026, ""month"": 2, ""search_volume"": 140}, {""year"": 2026, ""month"": 1, ""search_volume"": 140}, {""year"": 2025, ""month"": 12, ""search_volume"": 140}, {""year"": 2025, ""month"": 11, ""search_volume"": 170}, {""year"": 2025, ""month"": 10, ""search_volume"": 170}, {""year"": 2025, ""month"": 9, ""search_volume"": 140}, {""year"": 2025, ""month"": 8, ""search_volume"": 110}]"
A5,accessoire liseuse kindle,140,0.37,USD_DOCUMENTED,parent,True,,,,,"liseuse générale, mini-format non demandé",dataforseo_labs/google/keyword_suggestions/live,2026-09-03T11:47:40.664088+00:00,2026-09-03-test-decouverte-search-12/02-A5-discovery.json.gz,"[{""year"": 2026, ""month"": 7, ""search_volume"": 110}, {""year"": 2026, ""month"": 6, ""search_volume"": 90}, {""year"": 2026, ""month"": 5, ""search_volume"": 90}, {""year"": 2026, ""month"": 4, ""search_volume"": 70}, {""year"": 2026, ""month"": 3, ""search_volume"": 90}, {""year"": 2026, ""month"": 2, ""search_volume"": 90}, {""year"": 2026, ""month"": 1, ""search_volume"": 170}, {""year"": 2025, ""month"": 12, ""search_volume"": 390}, {""year"": 2025, ""month"": 11, ""search_volume"": 260}, {""year"": 2025, ""month"": 10, ""search_volume"": 110}, {""year"": 2025, ""month"": 9, ""search_volume"": 70}, {""year"": 2025, ""month"": 8, ""search_volume"": 110}]"
A5,kobo nia liseuse,140,0.19,USD_DOCUMENTED,parent,True,,,,,"liseuse générale, mini-format non demandé",dataforseo_labs/google/keyword_suggestions/live,2026-09-03T11:47:40.664088+00:00,2026-09-03-test-decouverte-search-12/02-A5-discovery.json.gz,"[{""year"": 2026, ""month"": 7, ""search_volume"": 170}, {""year"": 2026, ""month"": 6, ""search_volume"": 110}, {""year"": 2026, ""month"": 5, ""search_volume"": 170}, {""year"": 2026, ""month"": 4, ""search_volume"": 90}, {""year"": 2026, ""month"": 3, ""search_volume"": 140}, {""year"": 2026, ""month"": 2, ""search_volume"": 110}, {""year"": 2026, ""month"": 1, ""search_volume"": 170}, {""year"": 2025, ""month"": 12, ""search_volume"": 170}, {""year"": 2025, ""month"": 11, ""search_volume"": 210}, {""year"": 2025, ""month"": 10, ""search_volume"": 70}, {""year"": 2025, ""month"": 9, ""search_volume"": 70}, {""year"": 2025, ""month"": 8, ""search_volume"": 210}]"
A5,liseuse led tête de lit,140,0.83,USD_DOCUMENTED,incompatible,False,,,,,"lampe, logiciel, contenu ou sens non appareil",dataforseo_labs/google/keyword_suggestions/live,2026-09-03T11:47:40.664088+00:00,2026-09-03-test-decouverte-search-12/02-A5-discovery.json.gz,"[{""year"": 2026, ""month"": 7, ""search_volume"": 50}, {""year"": 2026, ""month"": 6, ""search_volume"": 70}, {""year"": 2026, ""month"": 5, ""search_volume"": 110}, {""year"": 2026, ""month"": 4, ""search_volume"": 110}, {""year"": 2026, ""month"": 3, ""search_volume"": 170}, {""year"": 2026, ""month"": 2, ""search_volume"": 140}, {""year"": 2026, ""month"": 1, ""search_volume"": 140}, {""year"": 2025, ""month"": 12, ""search_volume"": 110}, {""year"": 2025, ""month"": 11, ""search_volume"": 140}, {""year"": 2025, ""month"": 10, ""search_volume"": 210}, {""year"": 2025, ""month"": 9, ""search_volume"": 210}, {""year"": 2025, ""month"": 8, ""search_volume"": 210}]"
A5,liseuse led tete de lit,140,0.83,USD_DOCUMENTED,incompatible,False,,,,,"lampe, logiciel, contenu ou sens non appareil",dataforseo_labs/google/keyword_suggestions/live,2026-09-03T11:47:40.664088+00:00,2026-09-03-test-decouverte-search-12/02-A5-discovery.json.gz,"[{""year"": 2026, ""month"": 7, ""search_volume"": 50}, {""year"": 2026, ""month"": 6, ""search_volume"": 70}, {""year"": 2026, ""month"": 5, ""search_volume"": 110}, {""year"": 2026, ""month"": 4, ""search_volume"": 110}, {""year"": 2026, ""month"": 3, ""search_volume"": 170}, {""year"": 2026, ""month"": 2, ""search_volume"": 140}, {""year"": 2026, ""month"": 1, ""search_volume"": 140}, {""year"": 2025, ""month"": 12, ""search_volume"": 110}, {""year"": 2025, ""month"": 11, ""search_volume"": 140}, {""year"": 2025, ""month"": 10, ""search_volume"": 210}, {""year"": 2025, ""month"": 9, ""search_volume"": 210}, {""year"": 2025, ""month"": 8, ""search_volume"": 210}]"
A5,liseuse en tricot,140,,USD_DOCUMENTED,parent,False,,,,,"liseuse générale, mini-format non demandé",dataforseo_labs/google/keyword_suggestions/live,2026-09-03T11:47:40.664088+00:00,2026-09-03-test-decouverte-search-12/02-A5-discovery.json.gz,"[{""year"": 2026, ""month"": 7, ""search_volume"": 50}, {""year"": 2026, ""month"": 6, ""search_volume"": 40}, {""year"": 2026, ""month"": 5, ""search_volume"": 70}, {""year"": 2026, ""month"": 4, ""search_volume"": 70}, {""year"": 2026, ""month"": 3, ""search_volume"": 110}, {""year"": 2026, ""month"": 2, ""search_volume"": 110}, {""year"": 2026, ""month"": 1, ""search_volume"": 140}, {""year"": 2025, ""month"": 12, ""search_volume"": 210}, {""year"": 2025, ""month"": 11, ""search_volume"": 260}, {""year"": 2025, ""month"": 10, ""search_volume"": 210}, {""year"": 2025, ""month"": 9, ""search_volume"": 210}, {""year"": 2025, ""month"": 8, ""search_volume"": 110}]"
A5,liseuse vivlio color,140,0.26,USD_DOCUMENTED,parent,True,,,,,"liseuse générale, mini-format non demandé",dataforseo_labs/google/keyword_suggestions/live,2026-09-03T11:47:40.664088+00:00,2026-09-03-test-decouverte-search-12/02-A5-discovery.json.gz,"[{""year"": 2026, ""month"": 7, ""search_volume"": 110}, {""year"": 2026, ""month"": 6, ""search_volume"": 110}, {""year"": 2026, ""month"": 5, ""search_volume"": 90}, {""year"": 2026, ""month"": 4, ""search_volume"": 90}, {""year"": 2026, ""month"": 3, ""search_volume"": 90}, {""year"": 2026, ""month"": 2, ""search_volume"": 90}, {""year"": 2026, ""month"": 1, ""search_volume"": 140}, {""year"": 2025, ""month"": 12, ""search_volume"": 260}, {""year"": 2025, ""month"": 11, ""search_volume"": 320}, {""year"": 2025, ""month"": 10, ""search_volume"": 140}, {""year"": 2025, ""month"": 9, ""search_volume"": 110}, {""year"": 2025, ""month"": 8, ""search_volume"": 140}]"
A5,liseuse fnac promo,140,0.33,USD_DOCUMENTED,parent,True,,,,,"liseuse générale, mini-format non demandé",dataforseo_labs/google/keyword_suggestions/live,2026-09-03T11:47:40.664088+00:00,2026-09-03-test-decouverte-search-12/02-A5-discovery.json.gz,"[{""year"": 2026, ""month"": 7, ""search_volume"": 210}, {""year"": 2026, ""month"": 6, ""search_volume"": 140}, {""year"": 2026, ""month"": 5, ""search_volume"": 90}, {""year"": 2026, ""month"": 4, ""search_volume"": 90}, {""year"": 2026, ""month"": 3, ""search_volume"": 140}, {""year"": 2026, ""month"": 2, ""search_volume"": 110}, {""year"": 2026, ""month"": 1, ""search_volume"": 140}, {""year"": 2025, ""month"": 12, ""search_volume"": 260}, {""year"": 2025, ""month"": 11, ""search_volume"": 170}, {""year"": 2025, ""month"": 10, ""search_volume"": 110}, {""year"": 2025, ""month"": 9, ""search_volume"": 90}, {""year"": 2025, ""month"": 8, ""search_volume"": 140}]"
A5,merlin liseuse,140,0.38,USD_DOCUMENTED,parent,False,,,,,"liseuse générale, mini-format non demandé",dataforseo_labs/google/keyword_suggestions/live,2026-09-03T11:47:40.664088+00:00,2026-09-03-test-decouverte-search-12/02-A5-discovery.json.gz,"[{""year"": 2026, ""month"": 7, ""search_volume"": 110}, {""year"": 2026, ""month"": 6, ""search_volume"": 110}, {""year"": 2026, ""month"": 5, ""search_volume"": 110}, {""year"": 2026, ""month"": 4, ""search_volume"": 110}, {""year"": 2026, ""month"": 3, ""search_volume"": 90}, {""year"": 2026, ""month"": 2, ""search_volume"": 70}, {""year"": 2026, ""month"": 1, ""search_volume"": 90}, {""year"": 2025, ""month"": 12, ""search_volume"": 210}, {""year"": 2025, ""month"": 11, ""search_volume"": 320}, {""year"": 2025, ""month"": 10, ""search_volume"": 170}, {""year"": 2025, ""month"": 9, ""search_volume"": 140}, {""year"": 2025, ""month"": 8, ""search_volume"": 140}]"
A5,liseuse au tricot,140,,USD_DOCUMENTED,parent,False,,,,,"liseuse générale, mini-format non demandé",dataforseo_labs/google/keyword_suggestions/live,2026-09-03T11:47:40.664088+00:00,2026-09-03-test-decouverte-search-12/02-A5-discovery.json.gz,"[{""year"": 2026, ""month"": 7, ""search_volume"": 50}, {""year"": 2026, ""month"": 6, ""search_volume"": 40}, {""year"": 2026, ""month"": 5, ""search_volume"": 70}, {""year"": 2026, ""month"": 4, ""search_volume"": 70}, {""year"": 2026, ""month"": 3, ""search_volume"": 110}, {""year"": 2026, ""month"": 2, ""search_volume"": 110}, {""year"": 2026, ""month"": 1, ""search_volume"": 140}, {""year"": 2025, ""month"": 12, ""search_volume"": 210}, {""year"": 2025, ""month"": 11, ""search_volume"": 260}, {""year"": 2025, ""month"": 10, ""search_volume"": 210}, {""year"": 2025, ""month"": 9, ""search_volume"": 210}, {""year"": 2025, ""month"": 8, ""search_volume"": 110}]"
A5,vivlio liseuse avis,140,0.2,USD_DOCUMENTED,parent,True,,,,,"liseuse générale, mini-format non demandé",dataforseo_labs/google/keyword_suggestions/live,2026-09-03T11:47:40.664088+00:00,2026-09-03-test-decouverte-search-12/02-A5-discovery.json.gz,"[{""year"": 2026, ""month"": 7, ""search_volume"": 140}, {""year"": 2026, ""month"": 6, ""search_volume"": 90}, {""year"": 2026, ""month"": 5, ""search_volume"": 70}, {""year"": 2026, ""month"": 4, ""search_volume"": 70}, {""year"": 2026, ""month"": 3, ""search_volume"": 90}, {""year"": 2026, ""month"": 2, ""search_volume"": 110}, {""year"": 2026, ""month"": 1, ""search_volume"": 170}, {""year"": 2025, ""month"": 12, ""search_volume"": 260}, {""year"": 2025, ""month"": 11, ""search_volume"": 210}, {""year"": 2025, ""month"": 10, ""search_volume"": 140}, {""year"": 2025, ""month"": 9, ""search_volume"": 90}, {""year"": 2025, ""month"": 8, ""search_volume"": 140}]"
A5,la liseuse de fragonard,140,0.03,USD_DOCUMENTED,parent,False,,,,,"liseuse générale, mini-format non demandé",dataforseo_labs/google/keyword_suggestions/live,2026-09-03T11:47:40.664088+00:00,2026-09-03-test-decouverte-search-12/02-A5-discovery.json.gz,"[{""year"": 2026, ""month"": 7, ""search_volume"": 90}, {""year"": 2026, ""month"": 6, ""search_volume"": 140}, {""year"": 2026, ""month"": 5, ""search_volume"": 90}, {""year"": 2026, ""month"": 4, ""search_volume"": 110}, {""year"": 2026, ""month"": 3, ""search_volume"": 140}, {""year"": 2026, ""month"": 2, ""search_volume"": 140}, {""year"": 2026, ""month"": 1, ""search_volume"": 170}, {""year"": 2025, ""month"": 12, ""search_volume"": 140}, {""year"": 2025, ""month"": 11, ""search_volume"": 170}, {""year"": 2025, ""month"": 10, ""search_volume"": 170}, {""year"": 2025, ""month"": 9, ""search_volume"": 140}, {""year"": 2025, ""month"": 8, ""search_volume"": 110}]"
A5,accessoire liseuse kobo,140,0.29,USD_DOCUMENTED,parent,True,,,,,"liseuse générale, mini-format non demandé",dataforseo_labs/google/keyword_suggestions/live,2026-09-03T11:47:40.664088+00:00,2026-09-03-test-decouverte-search-12/02-A5-discovery.json.gz,"[{""year"": 2026, ""month"": 7, ""search_volume"": 170}, {""year"": 2026, ""month"": 6, ""search_volume"": 90}, {""year"": 2026, ""month"": 5, ""search_volume"": 90}, {""year"": 2026, ""month"": 4, ""search_volume"": 110}, {""year"": 2026, ""month"": 3, ""search_volume"": 140}, {""year"": 2026, ""month"": 2, ""search_volume"": 110}, {""year"": 2026, ""month"": 1, ""search_volume"": 170}, {""year"": 2025, ""month"": 12, ""search_volume"": 320}, {""year"": 2025, ""month"": 11, ""search_volume"": 260}, {""year"": 2025, ""month"": 10, ""search_volume"": 110}, {""year"": 2025, ""month"": 9, ""search_volume"": 110}, {""year"": 2025, ""month"": 8, ""search_volume"": 140}]"
A5,liseuse encastrable,140,2.83,USD_DOCUMENTED,parent,False,,,,,"liseuse générale, mini-format non demandé",dataforseo_labs/google/keyword_suggestions/live,2026-09-03T11:47:40.664088+00:00,2026-09-03-test-decouverte-search-12/02-A5-discovery.json.gz,"[{""year"": 2026, ""month"": 7, ""search_volume"": 140}, {""year"": 2026, ""month"": 6, ""search_volume"": 110}, {""year"": 2026, ""month"": 5, ""search_volume"": 90}, {""year"": 2026, ""month"": 4, ""search_volume"": 140}, {""year"": 2026, ""month"": 3, ""search_volume"": 110}, {""year"": 2026, ""month"": 2, ""search_volume"": 170}, {""year"": 2026, ""month"": 1, ""search_volume"": 170}, {""year"": 2025, ""month"": 12, ""search_volume"": 140}, {""year"": 2025, ""month"": 11, ""search_volume"": 170}, {""year"": 2025, ""month"": 10, ""search_volume"": 170}, {""year"": 2025, ""month"": 9, ""search_volume"": 260}, {""year"": 2025, ""month"": 8, ""search_volume"": 110}]"
A5,etui pour liseuse,140,0.41,USD_DOCUMENTED,incompatible,False,,,,,"lampe, logiciel, contenu ou sens non appareil",dataforseo_labs/google/keyword_suggestions/live,2026-09-03T11:47:40.664088+00:00,2026-09-03-test-decouverte-search-12/02-A5-discovery.json.gz,"[{""year"": 2026, ""month"": 7, ""search_volume"": 110}, {""year"": 2026, ""month"": 6, ""search_volume"": 90}, {""year"": 2026, ""month"": 5, ""search_volume"": 110}, {""year"": 2026, ""month"": 4, ""search_volume"": 90}, {""year"": 2026, ""month"": 3, ""search_volume"": 90}, {""year"": 2026, ""month"": 2, ""search_volume"": 140}, {""year"": 2026, ""month"": 1, ""search_volume"": 140}, {""year"": 2025, ""month"": 12, ""search_volume"": 320}, {""year"": 2025, ""month"": 11, ""search_volume"": 210}, {""year"": 2025, ""month"": 10, ""search_volume"": 110}, {""year"": 2025, ""month"": 9, ""search_volume"": 90}, {""year"": 2025, ""month"": 8, ""search_volume"": 110}]"
A5,leboncoin liseuse,140,0.13,USD_DOCUMENTED,parent,True,,,,,"liseuse générale, mini-format non demandé",dataforseo_labs/google/keyword_suggestions/live,2026-09-03T11:47:40.664088+00:00,2026-09-03-test-decouverte-search-12/02-A5-discovery.json.gz,"[{""year"": 2026, ""month"": 7, ""search_volume"": 140}, {""year"": 2026, ""month"": 6, ""search_volume"": 90}, {""year"": 2026, ""month"": 5, ""search_volume"": 110}, {""year"": 2026, ""month"": 4, ""search_volume"": 90}, {""year"": 2026, ""month"": 3, ""search_volume"": 110}, {""year"": 2026, ""month"": 2, ""search_volume"": 110}, {""year"": 2026, ""month"": 1, ""search_volume"": 170}, {""year"": 2025, ""month"": 12, ""search_volume"": 210}, {""year"": 2025, ""month"": 11, ""search_volume"": 210}, {""year"": 2025, ""month"": 10, ""search_volume"": 140}, {""year"": 2025, ""month"": 9, ""search_volume"": 140}, {""year"": 2025, ""month"": 8, ""search_volume"": 210}]"
A5,liseuse usb,140,0.47,USD_DOCUMENTED,parent,False,,,,,"liseuse générale, mini-format non demandé",dataforseo_labs/google/keyword_suggestions/live,2026-09-03T11:47:40.664088+00:00,2026-09-03-test-decouverte-search-12/02-A5-discovery.json.gz,"[{""year"": 2026, ""month"": 7, ""search_volume"": 140}, {""year"": 2026, ""month"": 6, ""search_volume"": 110}, {""year"": 2026, ""month"": 5, ""search_volume"": 110}, {""year"": 2026, ""month"": 4, ""search_volume"": 110}, {""year"": 2026, ""month"": 3, ""search_volume"": 170}, {""year"": 2026, ""month"": 2, ""search_volume"": 140}, {""year"": 2026, ""month"": 1, ""search_volume"": 170}, {""year"": 2025, ""month"": 12, ""search_volume"": 140}, {""year"": 2025, ""month"": 11, ""search_volume"": 170}, {""year"": 2025, ""month"": 10, ""search_volume"": 170}, {""year"": 2025, ""month"": 9, ""search_volume"": 140}, {""year"": 2025, ""month"": 8, ""search_volume"": 140}]"
A5,liseuse sans fil,140,0.59,USD_DOCUMENTED,parent,False,,,,,"liseuse générale, mini-format non demandé",dataforseo_labs/google/keyword_suggestions/live,2026-09-03T11:47:40.664088+00:00,2026-09-03-test-decouverte-search-12/02-A5-discovery.json.gz,"[{""year"": 2026, ""month"": 7, ""search_volume"": 70}, {""year"": 2026, ""month"": 6, ""search_volume"": 70}, {""year"": 2026, ""month"": 5, ""search_volume"": 70}, {""year"": 2026, ""month"": 4, ""search_volume"": 90}, {""year"": 2026, ""month"": 3, ""search_volume"": 90}, {""year"": 2026, ""month"": 2, ""search_volume"": 110}, {""year"": 2026, ""month"": 1, ""search_volume"": 210}, {""year"": 2025, ""month"": 12, ""search_volume"": 170}, {""year"": 2025, ""month"": 11, ""search_volume"": 260}, {""year"": 2025, ""month"": 10, ""search_volume"": 170}, {""year"": 2025, ""month"": 9, ""search_volume"": 140}, {""year"": 2025, ""month"": 8, ""search_volume"": 110}]"
A5,liseuse instagram,140,,USD_DOCUMENTED,parent,False,,,,,"liseuse générale, mini-format non demandé",dataforseo_labs/google/keyword_suggestions/live,2026-09-03T11:47:40.664088+00:00,2026-09-03-test-decouverte-search-12/02-A5-discovery.json.gz,"[{""year"": 2026, ""month"": 7, ""search_volume"": 140}, {""year"": 2026, ""month"": 6, ""search_volume"": 170}, {""year"": 2026, ""month"": 5, ""search_volume"": 210}, {""year"": 2026, ""month"": 4, ""search_volume"": 210}, {""year"": 2026, ""month"": 3, ""search_volume"": 70}, {""year"": 2026, ""month"": 2, ""search_volume"": 140}, {""year"": 2026, ""month"": 1, ""search_volume"": 170}, {""year"": 2025, ""month"": 12, ""search_volume"": 140}, {""year"": 2025, ""month"": 11, ""search_volume"": 110}, {""year"": 2025, ""month"": 10, ""search_volume"": 170}, {""year"": 2025, ""month"": 9, ""search_volume"": 140}, {""year"": 2025, ""month"": 8, ""search_volume"": 140}]"
A5,une liseuse prix,140,0.21,USD_DOCUMENTED,parent,False,,,,,"liseuse générale, mini-format non demandé",dataforseo_labs/google/keyword_suggestions/live,2026-09-03T11:47:40.664088+00:00,2026-09-03-test-decouverte-search-12/02-A5-discovery.json.gz,"[{""year"": 2026, ""month"": 7, ""search_volume"": 90}, {""year"": 2026, ""month"": 6, ""search_volume"": 170}, {""year"": 2026, ""month"": 5, ""search_volume"": 210}, {""year"": 2026, ""month"": 4, ""search_volume"": 140}, {""year"": 2026, ""month"": 3, ""search_volume"": 140}, {""year"": 2026, ""month"": 2, ""search_volume"": 170}, {""year"": 2026, ""month"": 1, ""search_volume"": 170}, {""year"": 2025, ""month"": 12, ""search_volume"": 260}, {""year"": 2025, ""month"": 11, ""search_volume"": 170}, {""year"": 2025, ""month"": 10, ""search_volume"": 110}, {""year"": 2025, ""month"": 9, ""search_volume"": 110}, {""year"": 2025, ""month"": 8, ""search_volume"": 110}]"
A5,liseuse diva,140,0.21,USD_DOCUMENTED,parent,False,,,,,"liseuse générale, mini-format non demandé",dataforseo_labs/google/keyword_suggestions/live,2026-09-03T11:47:40.664088+00:00,2026-09-03-test-decouverte-search-12/02-A5-discovery.json.gz,"[{""year"": 2026, ""month"": 7, ""search_volume"": 110}, {""year"": 2026, ""month"": 6, ""search_volume"": 110}, {""year"": 2026, ""month"": 5, ""search_volume"": 140}, {""year"": 2026, ""month"": 4, ""search_volume"": 110}, {""year"": 2026, ""month"": 3, ""search_volume"": 110}, {""year"": 2026, ""month"": 2, ""search_volume"": 140}, {""year"": 2026, ""month"": 1, ""search_volume"": 140}, {""year"": 2025, ""month"": 12, ""search_volume"": 170}, {""year"": 2025, ""month"": 11, ""search_volume"": 170}, {""year"": 2025, ""month"": 10, ""search_volume"": 140}, {""year"": 2025, ""month"": 9, ""search_volume"": 110}, {""year"": 2025, ""month"": 8, ""search_volume"": 210}]"
A5,ma liseuse kobo est bloquée,110,,USD_DOCUMENTED,parent,True,,,,,"liseuse générale, mini-format non demandé",dataforseo_labs/google/keyword_suggestions/live,2026-09-03T11:47:40.664088+00:00,2026-09-03-test-decouverte-search-12/02-A5-discovery.json.gz,"[{""year"": 2026, ""month"": 7, ""search_volume"": 50}, {""year"": 2026, ""month"": 6, ""search_volume"": 50}, {""year"": 2026, ""month"": 5, ""search_volume"": 30}, {""year"": 2026, ""month"": 4, ""search_volume"": 40}, {""year"": 2026, ""month"": 3, ""search_volume"": 50}, {""year"": 2026, ""month"": 2, ""search_volume"": 110}, {""year"": 2026, ""month"": 1, ""search_volume"": 140}, {""year"": 2025, ""month"": 12, ""search_volume"": 140}, {""year"": 2025, ""month"": 11, ""search_volume"": 30}, {""year"": 2025, ""month"": 10, ""search_volume"": 140}, {""year"": 2025, ""month"": 9, ""search_volume"": 210}, {""year"": 2025, ""month"": 8, ""search_volume"": 390}]"
A5,liseuse partition musique,110,0.53,USD_DOCUMENTED,parent,False,,,,,"liseuse générale, mini-format non demandé",dataforseo_labs/google/keyword_suggestions/live,2026-09-03T11:47:40.664088+00:00,2026-09-03-test-decouverte-search-12/02-A5-discovery.json.gz,"[{""year"": 2026, ""month"": 7, ""search_volume"": 90}, {""year"": 2026, ""month"": 6, ""search_volume"": 70}, {""year"": 2026, ""month"": 5, ""search_volume"": 90}, {""year"": 2026, ""month"": 4, ""search_volume"": 70}, {""year"": 2026, ""month"": 3, ""search_volume"": 110}, {""year"": 2026, ""month"": 2, ""search_volume"": 110}, {""year"": 2026, ""month"": 1, ""search_volume"": 140}, {""year"": 2025, ""month"": 12, ""search_volume"": 210}, {""year"": 2025, ""month"": 11, ""search_volume"": 140}, {""year"": 2025, ""month"": 10, ""search_volume"": 90}, {""year"": 2025, ""month"": 9, ""search_volume"": 110}, {""year"": 2025, ""month"": 8, ""search_volume"": 110}]"
A5,comparatif liseuse couleur,110,0.36,USD_DOCUMENTED,parent,False,,,,,"liseuse générale, mini-format non demandé",dataforseo_labs/google/keyword_suggestions/live,2026-09-03T11:47:40.664088+00:00,2026-09-03-test-decouverte-search-12/02-A5-discovery.json.gz,"[{""year"": 2026, ""month"": 7, ""search_volume"": 70}, {""year"": 2026, ""month"": 6, ""search_volume"": 50}, {""year"": 2026, ""month"": 5, ""search_volume"": 70}, {""year"": 2026, ""month"": 4, ""search_volume"": 50}, {""year"": 2026, ""month"": 3, ""search_volume"": 90}, {""year"": 2026, ""month"": 2, ""search_volume"": 70}, {""year"": 2026, ""month"": 1, ""search_volume"": 90}, {""year"": 2025, ""month"": 12, ""search_volume"": 140}, {""year"": 2025, ""month"": 11, ""search_volume"": 210}, {""year"": 2025, ""month"": 10, ""search_volume"": 140}, {""year"": 2025, ""month"": 9, ""search_volume"": 110}, {""year"": 2025, ""month"": 8, ""search_volume"": 110}]"
A5,liseuse lumiere bleu,110,0.68,USD_DOCUMENTED,parent,False,,,,,"liseuse générale, mini-format non demandé",dataforseo_labs/google/keyword_suggestions/live,2026-09-03T11:47:40.664088+00:00,2026-09-03-test-decouverte-search-12/02-A5-discovery.json.gz,"[{""year"": 2026, ""month"": 7, ""search_volume"": 90}, {""year"": 2026, ""month"": 6, ""search_volume"": 90}, {""year"": 2026, ""month"": 5, ""search_volume"": 140}, {""year"": 2026, ""month"": 4, ""search_volume"": 90}, {""year"": 2026, ""month"": 3, ""search_volume"": 90}, {""year"": 2026, ""month"": 2, ""search_volume"": 90}, {""year"": 2026, ""month"": 1, ""search_volume"": 110}, {""year"": 2025, ""month"": 12, ""search_volume"": 140}, {""year"": 2025, ""month"": 11, ""search_volume"": 110}, {""year"": 2025, ""month"": 10, ""search_volume"": 110}, {""year"": 2025, ""month"": 9, ""search_volume"": 110}, {""year"": 2025, ""month"": 8, ""search_volume"": 140}]"
A5,grip liseuse,110,0.25,USD_DOCUMENTED,parent,False,,,,,"liseuse générale, mini-format non demandé",dataforseo_labs/google/keyword_suggestions/live,2026-09-03T11:47:40.664088+00:00,2026-09-03-test-decouverte-search-12/02-A5-discovery.json.gz,"[{""year"": 2026, ""month"": 7, ""search_volume"": 170}, {""year"": 2026, ""month"": 6, ""search_volume"": 140}, {""year"": 2026, ""month"": 5, ""search_volume"": 140}, {""year"": 2026, ""month"": 4, ""search_volume"": 110}, {""year"": 2026, ""month"": 3, ""search_volume"": 140}, {""year"": 2026, ""month"": 2, ""search_volume"": 90}, {""year"": 2026, ""month"": 1, ""search_volume"": 110}, {""year"": 2025, ""month"": 12, ""search_volume"": 110}, {""year"": 2025, ""month"": 11, ""search_volume"": 90}, {""year"": 2025, ""month"": 10, ""search_volume"": 50}, {""year"": 2025, ""month"": 9, ""search_volume"": 40}, {""year"": 2025, ""month"": 8, ""search_volume"": 70}]"
A5,liseuse etanche,110,0.31,USD_DOCUMENTED,parent,False,,,,,"liseuse générale, mini-format non demandé",dataforseo_labs/google/keyword_suggestions/live,2026-09-03T11:47:40.664088+00:00,2026-09-03-test-decouverte-search-12/02-A5-discovery.json.gz,"[{""year"": 2026, ""month"": 7, ""search_volume"": 210}, {""year"": 2026, ""month"": 6, ""search_volume"": 110}, {""year"": 2026, ""month"": 5, ""search_volume"": 110}, {""year"": 2026, ""month"": 4, ""search_volume"": 70}, {""year"": 2026, ""month"": 3, ""search_volume"": 50}, {""year"": 2026, ""month"": 2, ""search_volume"": 70}, {""year"": 2026, ""month"": 1, ""search_volume"": 90}, {""year"": 2025, ""month"": 12, ""search_volume"": 140}, {""year"": 2025, ""month"": 11, ""search_volume"": 140}, {""year"": 2025, ""month"": 10, ""search_volume"": 70}, {""year"": 2025, ""month"": 9, ""search_volume"": 70}, {""year"": 2025, ""month"": 8, ""search_volume"": 170}]"
A5,e ink liseuse,110,0.29,USD_DOCUMENTED,parent,False,,,,,"liseuse générale, mini-format non demandé",dataforseo_labs/google/keyword_suggestions/live,2026-09-03T11:47:40.664088+00:00,2026-09-03-test-decouverte-search-12/02-A5-discovery.json.gz,"[{""year"": 2026, ""month"": 7, ""search_volume"": 90}, {""year"": 2026, ""month"": 6, ""search_volume"": 110}, {""year"": 2026, ""month"": 5, ""search_volume"": 110}, {""year"": 2026, ""month"": 4, ""search_volume"": 70}, {""year"": 2026, ""month"": 3, ""search_volume"": 110}, {""year"": 2026, ""month"": 2, ""search_volume"": 90}, {""year"": 2026, ""month"": 1, ""search_volume"": 140}, {""year"": 2025, ""month"": 12, ""search_volume"": 170}, {""year"": 2025, ""month"": 11, ""search_volume"": 110}, {""year"": 2025, ""month"": 10, ""search_volume"": 90}, {""year"": 2025, ""month"": 9, ""search_volume"": 70}, {""year"": 2025, ""month"": 8, ""search_volume"": 90}]"
A5,comment choisir sa liseuse,110,0.39,USD_DOCUMENTED,information,False,,,,,"usage/SAV/risque, hors demande achat directe",dataforseo_labs/google/keyword_suggestions/live,2026-09-03T11:47:40.664088+00:00,2026-09-03-test-decouverte-search-12/02-A5-discovery.json.gz,"[{""year"": 2026, ""month"": 7, ""search_volume"": 70}, {""year"": 2026, ""month"": 6, ""search_volume"": 70}, {""year"": 2026, ""month"": 5, ""search_volume"": 90}, {""year"": 2026, ""month"": 4, ""search_volume"": 50}, {""year"": 2026, ""month"": 3, ""search_volume"": 70}, {""year"": 2026, ""month"": 2, ""search_volume"": 50}, {""year"": 2026, ""month"": 1, ""search_volume"": 90}, {""year"": 2025, ""month"": 12, ""search_volume"": 170}, {""year"": 2025, ""month"": 11, ""search_volume"": 210}, {""year"": 2025, ""month"": 10, ""search_volume"": 140}, {""year"": 2025, ""month"": 9, ""search_volume"": 110}, {""year"": 2025, ""month"": 8, ""search_volume"": 110}]"
A5,quel liseuse,110,0.23,USD_DOCUMENTED,parent,False,,,,,"liseuse générale, mini-format non demandé",dataforseo_labs/google/keyword_suggestions/live,2026-09-03T11:47:40.664088+00:00,2026-09-03-test-decouverte-search-12/02-A5-discovery.json.gz,"[{""year"": 2026, ""month"": 7, ""search_volume"": 70}, {""year"": 2026, ""month"": 6, ""search_volume"": 50}, {""year"": 2026, ""month"": 5, ""search_volume"": 70}, {""year"": 2026, ""month"": 4, ""search_volume"": 70}, {""year"": 2026, ""month"": 3, ""search_volume"": 90}, {""year"": 2026, ""month"": 2, ""search_volume"": 90}, {""year"": 2026, ""month"": 1, ""search_volume"": 110}, {""year"": 2025, ""month"": 12, ""search_volume"": 170}, {""year"": 2025, ""month"": 11, ""search_volume"": 210}, {""year"": 2025, ""month"": 10, ""search_volume"": 140}, {""year"": 2025, ""month"": 9, ""search_volume"": 110}, {""year"": 2025, ""month"": 8, ""search_volume"": 140}]"
A5,cultura liseuse vivlio,110,0.32,USD_DOCUMENTED,parent,True,,,,,"liseuse générale, mini-format non demandé",dataforseo_labs/google/keyword_suggestions/live,2026-09-03T11:47:40.664088+00:00,2026-09-03-test-decouverte-search-12/02-A5-discovery.json.gz,"[{""year"": 2026, ""month"": 7, ""search_volume"": 140}, {""year"": 2026, ""month"": 6, ""search_volume"": 110}, {""year"": 2026, ""month"": 5, ""search_volume"": 110}, {""year"": 2026, ""month"": 4, ""search_volume"": 90}, {""year"": 2026, ""month"": 3, ""search_volume"": 110}, {""year"": 2026, ""month"": 2, ""search_volume"": 110}, {""year"": 2026, ""month"": 1, ""search_volume"": 140}, {""year"": 2025, ""month"": 12, ""search_volume"": 170}, {""year"": 2025, ""month"": 11, ""search_volume"": 110}, {""year"": 2025, ""month"": 10, ""search_volume"": 50}, {""year"": 2025, ""month"": 9, ""search_volume"": 50}, {""year"": 2025, ""month"": 8, ""search_volume"": 50}]"
A5,etui liseuse kobo clara,110,0.4,USD_DOCUMENTED,incompatible,True,,,,,"lampe, logiciel, contenu ou sens non appareil",dataforseo_labs/google/keyword_suggestions/live,2026-09-03T11:47:40.664088+00:00,2026-09-03-test-decouverte-search-12/02-A5-discovery.json.gz,"[{""year"": 2026, ""month"": 7, ""search_volume"": 90}, {""year"": 2026, ""month"": 6, ""search_volume"": 70}, {""year"": 2026, ""month"": 5, ""search_volume"": 90}, {""year"": 2026, ""month"": 4, ""search_volume"": 70}, {""year"": 2026, ""month"": 3, ""search_volume"": 90}, {""year"": 2026, ""month"": 2, ""search_volume"": 90}, {""year"": 2026, ""month"": 1, ""search_volume"": 170}, {""year"": 2025, ""month"": 12, ""search_volume"": 260}, {""year"": 2025, ""month"": 11, ""search_volume"": 170}, {""year"": 2025, ""month"": 10, ""search_volume"": 140}, {""year"": 2025, ""month"": 9, ""search_volume"": 110}, {""year"": 2025, ""month"": 8, ""search_volume"": 140}]"
A5,livre liseuse kindle,110,0.67,USD_DOCUMENTED,parent,True,,,,,"liseuse générale, mini-format non demandé",dataforseo_labs/google/keyword_suggestions/live,2026-09-03T11:47:40.664088+00:00,2026-09-03-test-decouverte-search-12/02-A5-discovery.json.gz,"[{""year"": 2026, ""month"": 7, ""search_volume"": 140}, {""year"": 2026, ""month"": 6, ""search_volume"": 90}, {""year"": 2026, ""month"": 5, ""search_volume"": 110}, {""year"": 2026, ""month"": 4, ""search_volume"": 70}, {""year"": 2026, ""month"": 3, ""search_volume"": 110}, {""year"": 2026, ""month"": 2, ""search_volume"": 110}, {""year"": 2026, ""month"": 1, ""search_volume"": 110}, {""year"": 2025, ""month"": 12, ""search_volume"": 210}, {""year"": 2025, ""month"": 11, ""search_volume"": 110}, {""year"": 2025, ""month"": 10, ""search_volume"": 90}, {""year"": 2025, ""month"": 9, ""search_volume"": 90}, {""year"": 2025, ""month"": 8, ""search_volume"": 140}]"
A5,liseuse kobo pas cher,110,0.21,USD_DOCUMENTED,parent,True,,,,,"liseuse générale, mini-format non demandé",dataforseo_labs/google/keyword_suggestions/live,2026-09-03T11:47:40.664088+00:00,2026-09-03-test-decouverte-search-12/02-A5-discovery.json.gz,"[{""year"": 2026, ""month"": 7, ""search_volume"": 140}, {""year"": 2026, ""month"": 6, ""search_volume"": 90}, {""year"": 2026, ""month"": 5, ""search_volume"": 90}, {""year"": 2026, ""month"": 4, ""search_volume"": 50}, {""year"": 2026, ""month"": 3, ""search_volume"": 70}, {""year"": 2026, ""month"": 2, ""search_volume"": 70}, {""year"": 2026, ""month"": 1, ""search_volume"": 90}, {""year"": 2025, ""month"": 12, ""search_volume"": 140}, {""year"": 2025, ""month"": 11, ""search_volume"": 210}, {""year"": 2025, ""month"": 10, ""search_volume"": 90}, {""year"": 2025, ""month"": 9, ""search_volume"": 70}, {""year"": 2025, ""month"": 8, ""search_volume"": 140}]"
A5,comparatif liseuse vivlio,110,0.25,USD_DOCUMENTED,parent,True,,,,,"liseuse générale, mini-format non demandé",dataforseo_labs/google/keyword_suggestions/live,2026-09-03T11:47:40.664088+00:00,2026-09-03-test-decouverte-search-12/02-A5-discovery.json.gz,"[{""year"": 2026, ""month"": 7, ""search_volume"": 90}, {""year"": 2026, ""month"": 6, ""search_volume"": 70}, {""year"": 2026, ""month"": 5, ""search_volume"": 70}, {""year"": 2026, ""month"": 4, ""search_volume"": 70}, {""year"": 2026, ""month"": 3, ""search_volume"": 50}, {""year"": 2026, ""month"": 2, ""search_volume"": 90}, {""year"": 2026, ""month"": 1, ""search_volume"": 110}, {""year"": 2025, ""month"": 12, ""search_volume"": 170}, {""year"": 2025, ""month"": 11, ""search_volume"": 260}, {""year"": 2025, ""month"": 10, ""search_volume"": 90}, {""year"": 2025, ""month"": 9, ""search_volume"": 70}, {""year"": 2025, ""month"": 8, ""search_volume"": 140}]"
A5,liseuse ado,110,0.39,USD_DOCUMENTED,parent,False,,,,,"liseuse générale, mini-format non demandé",dataforseo_labs/google/keyword_suggestions/live,2026-09-03T11:47:40.664088+00:00,2026-09-03-test-decouverte-search-12/02-A5-discovery.json.gz,"[{""year"": 2026, ""month"": 7, ""search_volume"": 70}, {""year"": 2026, ""month"": 6, ""search_volume"": 70}, {""year"": 2026, ""month"": 5, ""search_volume"": 90}, {""year"": 2026, ""month"": 4, ""search_volume"": 50}, {""year"": 2026, ""month"": 3, ""search_volume"": 70}, {""year"": 2026, ""month"": 2, ""search_volume"": 70}, {""year"": 2026, ""month"": 1, ""search_volume"": 70}, {""year"": 2025, ""month"": 12, ""search_volume"": 260}, {""year"": 2025, ""month"": 11, ""search_volume"": 320}, {""year"": 2025, ""month"": 10, ""search_volume"": 140}, {""year"": 2025, ""month"": 9, ""search_volume"": 90}, {""year"": 2025, ""month"": 8, ""search_volume"": 110}]"
A5,liseuse à pince,110,0.33,USD_DOCUMENTED,parent,False,,,,,"liseuse générale, mini-format non demandé",dataforseo_labs/google/keyword_suggestions/live,2026-09-03T11:47:40.664088+00:00,2026-09-03-test-decouverte-search-12/02-A5-discovery.json.gz,"[{""year"": 2026, ""month"": 7, ""search_volume"": 70}, {""year"": 2026, ""month"": 6, ""search_volume"": 70}, {""year"": 2026, ""month"": 5, ""search_volume"": 90}, {""year"": 2026, ""month"": 4, ""search_volume"": 90}, {""year"": 2026, ""month"": 3, ""search_volume"": 70}, {""year"": 2026, ""month"": 2, ""search_volume"": 110}, {""year"": 2026, ""month"": 1, ""search_volume"": 140}, {""year"": 2025, ""month"": 12, ""search_volume"": 140}, {""year"": 2025, ""month"": 11, ""search_volume"": 140}, {""year"": 2025, ""month"": 10, ""search_volume"": 110}, {""year"": 2025, ""month"": 9, ""search_volume"": 110}, {""year"": 2025, ""month"": 8, ""search_volume"": 140}]"
A5,la liseuse matisse,110,0.05,USD_DOCUMENTED,parent,False,,,,,"liseuse générale, mini-format non demandé",dataforseo_labs/google/keyword_suggestions/live,2026-09-03T11:47:40.664088+00:00,2026-09-03-test-decouverte-search-12/02-A5-discovery.json.gz,"[{""year"": 2026, ""month"": 7, ""search_volume"": 70}, {""year"": 2026, ""month"": 6, ""search_volume"": 90}, {""year"": 2026, ""month"": 5, ""search_volume"": 140}, {""year"": 2026, ""month"": 4, ""search_volume"": 170}, {""year"": 2026, ""month"": 3, ""search_volume"": 140}, {""year"": 2026, ""month"": 2, ""search_volume"": 110}, {""year"": 2026, ""month"": 1, ""search_volume"": 170}, {""year"": 2025, ""month"": 12, ""search_volume"": 170}, {""year"": 2025, ""month"": 11, ""search_volume"": 70}, {""year"": 2025, ""month"": 10, ""search_volume"": 50}, {""year"": 2025, ""month"": 9, ""search_volume"": 40}, {""year"": 2025, ""month"": 8, ""search_volume"": 50}]"
A5,liseuse e ink,110,0.29,USD_DOCUMENTED,parent,False,,,,,"liseuse générale, mini-format non demandé",dataforseo_labs/google/keyword_suggestions/live,2026-09-03T11:47:40.664088+00:00,2026-09-03-test-decouverte-search-12/02-A5-discovery.json.gz,"[{""year"": 2026, ""month"": 7, ""search_volume"": 90}, {""year"": 2026, ""month"": 6, ""search_volume"": 110}, {""year"": 2026, ""month"": 5, ""search_volume"": 110}, {""year"": 2026, ""month"": 4, ""search_volume"": 70}, {""year"": 2026, ""month"": 3, ""search_volume"": 110}, {""year"": 2026, ""month"": 2, ""search_volume"": 90}, {""year"": 2026, ""month"": 1, ""search_volume"": 140}, {""year"": 2025, ""month"": 12, ""search_volume"": 170}, {""year"": 2025, ""month"": 11, ""search_volume"": 110}, {""year"": 2025, ""month"": 10, ""search_volume"": 90}, {""year"": 2025, ""month"": 9, ""search_volume"": 70}, {""year"": 2025, ""month"": 8, ""search_volume"": 90}]"
A5,chargeur pour liseuse kobo,110,0.21,USD_DOCUMENTED,parent,True,,,,,"liseuse générale, mini-format non demandé",dataforseo_labs/google/keyword_suggestions/live,2026-09-03T11:47:40.664088+00:00,2026-09-03-test-decouverte-search-12/02-A5-discovery.json.gz,"[{""year"": 2026, ""month"": 7, ""search_volume"": 140}, {""year"": 2026, ""month"": 6, ""search_volume"": 90}, {""year"": 2026, ""month"": 5, ""search_volume"": 110}, {""year"": 2026, ""month"": 4, ""search_volume"": 90}, {""year"": 2026, ""month"": 3, ""search_volume"": 90}, {""year"": 2026, ""month"": 2, ""search_volume"": 90}, {""year"": 2026, ""month"": 1, ""search_volume"": 110}, {""year"": 2025, ""month"": 12, ""search_volume"": 140}, {""year"": 2025, ""month"": 11, ""search_volume"": 90}, {""year"": 2025, ""month"": 10, ""search_volume"": 110}, {""year"": 2025, ""month"": 9, ""search_volume"": 140}, {""year"": 2025, ""month"": 8, ""search_volume"": 170}]"
A5,liseuse odace,110,0.88,USD_DOCUMENTED,parent,False,,,,,"liseuse générale, mini-format non demandé",dataforseo_labs/google/keyword_suggestions/live,2026-09-03T11:47:40.664088+00:00,2026-09-03-test-decouverte-search-12/02-A5-discovery.json.gz,"[{""year"": 2026, ""month"": 7, ""search_volume"": 110}, {""year"": 2026, ""month"": 6, ""search_volume"": 110}, {""year"": 2026, ""month"": 5, ""search_volume"": 90}, {""year"": 2026, ""month"": 4, ""search_volume"": 140}, {""year"": 2026, ""month"": 3, ""search_volume"": 140}, {""year"": 2026, ""month"": 2, ""search_volume"": 170}, {""year"": 2026, ""month"": 1, ""search_volume"": 140}, {""year"": 2025, ""month"": 12, ""search_volume"": 110}, {""year"": 2025, ""month"": 11, ""search_volume"": 140}, {""year"": 2025, ""month"": 10, ""search_volume"": 170}, {""year"": 2025, ""month"": 9, ""search_volume"": 140}, {""year"": 2025, ""month"": 8, ""search_volume"": 90}]"
A5,tete de lit avec liseuse,110,0.61,USD_DOCUMENTED,parent,False,,,,,"liseuse générale, mini-format non demandé",dataforseo_labs/google/keyword_suggestions/live,2026-09-03T11:47:40.664088+00:00,2026-09-03-test-decouverte-search-12/02-A5-discovery.json.gz,"[{""year"": 2026, ""month"": 7, ""search_volume"": 70}, {""year"": 2026, ""month"": 6, ""search_volume"": 50}, {""year"": 2026, ""month"": 5, ""search_volume"": 90}, {""year"": 2026, ""month"": 4, ""search_volume"": 90}, {""year"": 2026, ""month"": 3, ""search_volume"": 110}, {""year"": 2026, ""month"": 2, ""search_volume"": 110}, {""year"": 2026, ""month"": 1, ""search_volume"": 170}, {""year"": 2025, ""month"": 12, ""search_volume"": 110}, {""year"": 2025, ""month"": 11, ""search_volume"": 170}, {""year"": 2025, ""month"": 10, ""search_volume"": 140}, {""year"": 2025, ""month"": 9, ""search_volume"": 110}, {""year"": 2025, ""month"": 8, ""search_volume"": 110}]"
A5,liseuse le bon coin,110,0.27,USD_DOCUMENTED,parent,False,,,,,"liseuse générale, mini-format non demandé",dataforseo_labs/google/keyword_suggestions/live,2026-09-03T11:47:40.664088+00:00,2026-09-03-test-decouverte-search-12/02-A5-discovery.json.gz,"[{""year"": 2026, ""month"": 7, ""search_volume"": 110}, {""year"": 2026, ""month"": 6, ""search_volume"": 90}, {""year"": 2026, ""month"": 5, ""search_volume"": 90}, {""year"": 2026, ""month"": 4, ""search_volume"": 70}, {""year"": 2026, ""month"": 3, ""search_volume"": 110}, {""year"": 2026, ""month"": 2, ""search_volume"": 90}, {""year"": 2026, ""month"": 1, ""search_volume"": 110}, {""year"": 2025, ""month"": 12, ""search_volume"": 170}, {""year"": 2025, ""month"": 11, ""search_volume"": 110}, {""year"": 2025, ""month"": 10, ""search_volume"": 140}, {""year"": 2025, ""month"": 9, ""search_volume"": 140}, {""year"": 2025, ""month"": 8, ""search_volume"": 170}]"
A5,liseuse personne agée,110,0.56,USD_DOCUMENTED,parent,False,,,,,"liseuse générale, mini-format non demandé",dataforseo_labs/google/keyword_suggestions/live,2026-09-03T11:47:40.664088+00:00,2026-09-03-test-decouverte-search-12/02-A5-discovery.json.gz,"[{""year"": 2026, ""month"": 7, ""search_volume"": 50}, {""year"": 2026, ""month"": 6, ""search_volume"": 70}, {""year"": 2026, ""month"": 5, ""search_volume"": 70}, {""year"": 2026, ""month"": 4, ""search_volume"": 70}, {""year"": 2026, ""month"": 3, ""search_volume"": 70}, {""year"": 2026, ""month"": 2, ""search_volume"": 70}, {""year"": 2026, ""month"": 1, ""search_volume"": 90}, {""year"": 2025, ""month"": 12, ""search_volume"": 260}, {""year"": 2025, ""month"": 11, ""search_volume"": 210}, {""year"": 2025, ""month"": 10, ""search_volume"": 90}, {""year"": 2025, ""month"": 9, ""search_volume"": 90}, {""year"": 2025, ""month"": 8, ""search_volume"": 110}]"
A5,liseuse pour personne agée,110,0.56,USD_DOCUMENTED,parent,False,,,,,"liseuse générale, mini-format non demandé",dataforseo_labs/google/keyword_suggestions/live,2026-09-03T11:47:40.664088+00:00,2026-09-03-test-decouverte-search-12/02-A5-discovery.json.gz,"[{""year"": 2026, ""month"": 7, ""search_volume"": 50}, {""year"": 2026, ""month"": 6, ""search_volume"": 70}, {""year"": 2026, ""month"": 5, ""search_volume"": 70}, {""year"": 2026, ""month"": 4, ""search_volume"": 70}, {""year"": 2026, ""month"": 3, ""search_volume"": 70}, {""year"": 2026, ""month"": 2, ""search_volume"": 70}, {""year"": 2026, ""month"": 1, ""search_volume"": 90}, {""year"": 2025, ""month"": 12, ""search_volume"": 260}, {""year"": 2025, ""month"": 11, ""search_volume"": 210}, {""year"": 2025, ""month"": 10, ""search_volume"": 90}, {""year"": 2025, ""month"": 9, ""search_volume"": 90}, {""year"": 2025, ""month"": 8, ""search_volume"": 110}]"
A5,livres liseuse kindle,110,0.67,USD_DOCUMENTED,parent,True,,,,,"liseuse générale, mini-format non demandé",dataforseo_labs/google/keyword_suggestions/live,2026-09-03T11:47:40.664088+00:00,2026-09-03-test-decouverte-search-12/02-A5-discovery.json.gz,"[{""year"": 2026, ""month"": 7, ""search_volume"": 140}, {""year"": 2026, ""month"": 6, ""search_volume"": 90}, {""year"": 2026, ""month"": 5, ""search_volume"": 110}, {""year"": 2026, ""month"": 4, ""search_volume"": 70}, {""year"": 2026, ""month"": 3, ""search_volume"": 110}, {""year"": 2026, ""month"": 2, ""search_volume"": 110}, {""year"": 2026, ""month"": 1, ""search_volume"": 110}, {""year"": 2025, ""month"": 12, ""search_volume"": 210}, {""year"": 2025, ""month"": 11, ""search_volume"": 110}, {""year"": 2025, ""month"": 10, ""search_volume"": 90}, {""year"": 2025, ""month"": 9, ""search_volume"": 90}, {""year"": 2025, ""month"": 8, ""search_volume"": 140}]"
A5,amazon kindle liseuse,110,0.5,USD_DOCUMENTED,parent,True,,,,,"liseuse générale, mini-format non demandé",dataforseo_labs/google/keyword_suggestions/live,2026-09-03T11:47:40.664088+00:00,2026-09-03-test-decouverte-search-12/02-A5-discovery.json.gz,"[{""year"": 2026, ""month"": 7, ""search_volume"": 70}, {""year"": 2026, ""month"": 6, ""search_volume"": 70}, {""year"": 2026, ""month"": 5, ""search_volume"": 50}, {""year"": 2026, ""month"": 4, ""search_volume"": 50}, {""year"": 2026, ""month"": 3, ""search_volume"": 70}, {""year"": 2026, ""month"": 2, ""search_volume"": 70}, {""year"": 2026, ""month"": 1, ""search_volume"": 110}, {""year"": 2025, ""month"": 12, ""search_volume"": 210}, {""year"": 2025, ""month"": 11, ""search_volume"": 210}, {""year"": 2025, ""month"": 10, ""search_volume"": 140}, {""year"": 2025, ""month"": 9, ""search_volume"": 90}, {""year"": 2025, ""month"": 8, ""search_volume"": 140}]"
A5,quelle liseuse,110,0.23,USD_DOCUMENTED,parent,False,,,,,"liseuse générale, mini-format non demandé",dataforseo_labs/google/keyword_suggestions/live,2026-09-03T11:47:40.664088+00:00,2026-09-03-test-decouverte-search-12/02-A5-discovery.json.gz,"[{""year"": 2026, ""month"": 7, ""search_volume"": 70}, {""year"": 2026, ""month"": 6, ""search_volume"": 50}, {""year"": 2026, ""month"": 5, ""search_volume"": 70}, {""year"": 2026, ""month"": 4, ""search_volume"": 70}, {""year"": 2026, ""month"": 3, ""search_volume"": 90}, {""year"": 2026, ""month"": 2, ""search_volume"": 90}, {""year"": 2026, ""month"": 1, ""search_volume"": 110}, {""year"": 2025, ""month"": 12, ""search_volume"": 170}, {""year"": 2025, ""month"": 11, ""search_volume"": 210}, {""year"": 2025, ""month"": 10, ""search_volume"": 140}, {""year"": 2025, ""month"": 9, ""search_volume"": 110}, {""year"": 2025, ""month"": 8, ""search_volume"": 140}]"
A5,chargeur liseuse kobo,110,0.21,USD_DOCUMENTED,parent,True,,,,,"liseuse générale, mini-format non demandé",dataforseo_labs/google/keyword_suggestions/live,2026-09-03T11:47:40.664088+00:00,2026-09-03-test-decouverte-search-12/02-A5-discovery.json.gz,"[{""year"": 2026, ""month"": 7, ""search_volume"": 140}, {""year"": 2026, ""month"": 6, ""search_volume"": 90}, {""year"": 2026, ""month"": 5, ""search_volume"": 110}, {""year"": 2026, ""month"": 4, ""search_volume"": 90}, {""year"": 2026, ""month"": 3, ""search_volume"": 90}, {""year"": 2026, ""month"": 2, ""search_volume"": 90}, {""year"": 2026, ""month"": 1, ""search_volume"": 110}, {""year"": 2025, ""month"": 12, ""search_volume"": 140}, {""year"": 2025, ""month"": 11, ""search_volume"": 90}, {""year"": 2025, ""month"": 10, ""search_volume"": 110}, {""year"": 2025, ""month"": 9, ""search_volume"": 140}, {""year"": 2025, ""month"": 8, ""search_volume"": 170}]"
A5,comment fonctionne une liseuse kindle,110,0.35,USD_DOCUMENTED,information,True,,,,,"usage/SAV/risque, hors demande achat directe",dataforseo_labs/google/keyword_suggestions/live,2026-09-03T11:47:40.664088+00:00,2026-09-03-test-decouverte-search-12/02-A5-discovery.json.gz,"[{""year"": 2026, ""month"": 7, ""search_volume"": 110}, {""year"": 2026, ""month"": 6, ""search_volume"": 70}, {""year"": 2026, ""month"": 5, ""search_volume"": 70}, {""year"": 2026, ""month"": 4, ""search_volume"": 70}, {""year"": 2026, ""month"": 3, ""search_volume"": 90}, {""year"": 2026, ""month"": 2, ""search_volume"": 110}, {""year"": 2026, ""month"": 1, ""search_volume"": 110}, {""year"": 2025, ""month"": 12, ""search_volume"": 210}, {""year"": 2025, ""month"": 11, ""search_volume"": 170}, {""year"": 2025, ""month"": 10, ""search_volume"": 90}, {""year"": 2025, ""month"": 9, ""search_volume"": 90}, {""year"": 2025, ""month"": 8, ""search_volume"": 140}]"
A5,liseuse vivlio cultura,110,0.18,USD_DOCUMENTED,parent,True,,,,,"liseuse générale, mini-format non demandé",dataforseo_labs/google/keyword_suggestions/live,2026-09-03T11:47:40.664088+00:00,2026-09-03-test-decouverte-search-12/02-A5-discovery.json.gz,"[{""year"": 2026, ""month"": 7, ""search_volume"": 90}, {""year"": 2026, ""month"": 6, ""search_volume"": 70}, {""year"": 2026, ""month"": 5, ""search_volume"": 70}, {""year"": 2026, ""month"": 4, ""search_volume"": 50}, {""year"": 2026, ""month"": 3, ""search_volume"": 70}, {""year"": 2026, ""month"": 2, ""search_volume"": 70}, {""year"": 2026, ""month"": 1, ""search_volume"": 140}, {""year"": 2025, ""month"": 12, ""search_volume"": 170}, {""year"": 2025, ""month"": 11, ""search_volume"": 170}, {""year"": 2025, ""month"": 10, ""search_volume"": 90}, {""year"": 2025, ""month"": 9, ""search_volume"": 70}, {""year"": 2025, ""month"": 8, ""search_volume"": 110}]"
A5,liseuse rechargeable,110,0.32,USD_DOCUMENTED,parent,False,,,,,"liseuse générale, mini-format non demandé",dataforseo_labs/google/keyword_suggestions/live,2026-09-03T11:47:40.664088+00:00,2026-09-03-test-decouverte-search-12/02-A5-discovery.json.gz,"[{""year"": 2026, ""month"": 7, ""search_volume"": 70}, {""year"": 2026, ""month"": 6, ""search_volume"": 90}, {""year"": 2026, ""month"": 5, ""search_volume"": 70}, {""year"": 2026, ""month"": 4, ""search_volume"": 70}, {""year"": 2026, ""month"": 3, ""search_volume"": 90}, {""year"": 2026, ""month"": 2, ""search_volume"": 110}, {""year"": 2026, ""month"": 1, ""search_volume"": 170}, {""year"": 2025, ""month"": 12, ""search_volume"": 210}, {""year"": 2025, ""month"": 11, ""search_volume"": 170}, {""year"": 2025, ""month"": 10, ""search_volume"": 110}, {""year"": 2025, ""month"": 9, ""search_volume"": 110}, {""year"": 2025, ""month"": 8, ""search_volume"": 110}]"
A5,quelle liseuse choisir en 2026,110,0.28,USD_DOCUMENTED,parent,False,,,,,"liseuse générale, mini-format non demandé",dataforseo_labs/google/keyword_suggestions/live,2026-09-03T11:47:40.664088+00:00,2026-09-03-test-decouverte-search-12/02-A5-discovery.json.gz,"[{""year"": 2026, ""month"": 7, ""search_volume"": 390}, {""year"": 2026, ""month"": 6, ""search_volume"": 260}, {""year"": 2026, ""month"": 5, ""search_volume"": 320}, {""year"": 2026, ""month"": 4, ""search_volume"": 170}, {""year"": 2026, ""month"": 3, ""search_volume"": 90}, {""year"": 2026, ""month"": 2, ""search_volume"": 30}, {""year"": 2026, ""month"": 1, ""search_volume"": 0}, {""year"": 2025, ""month"": 12, ""search_volume"": 0}, {""year"": 2025, ""month"": 11, ""search_volume"": 0}, {""year"": 2025, ""month"": 10, ""search_volume"": 0}, {""year"": 2025, ""month"": 9, ""search_volume"": 0}, {""year"": 2025, ""month"": 8, ""search_volume"": 0}]"
A5,comment débloquer une liseuse kobo by fnac figée,110,,USD_DOCUMENTED,information,True,,,,,"usage/SAV/risque, hors demande achat directe",dataforseo_labs/google/keyword_suggestions/live,2026-09-03T11:47:40.664088+00:00,2026-09-03-test-decouverte-search-12/02-A5-discovery.json.gz,"[{""year"": 2026, ""month"": 7, ""search_volume"": 50}, {""year"": 2026, ""month"": 6, ""search_volume"": 40}, {""year"": 2026, ""month"": 5, ""search_volume"": 70}, {""year"": 2026, ""month"": 4, ""search_volume"": 50}, {""year"": 2026, ""month"": 3, ""search_volume"": 90}, {""year"": 2026, ""month"": 2, ""search_volume"": 70}, {""year"": 2026, ""month"": 1, ""search_volume"": 110}, {""year"": 2025, ""month"": 12, ""search_volume"": 110}, {""year"": 2025, ""month"": 11, ""search_volume"": 140}, {""year"": 2025, ""month"": 10, ""search_volume"": 140}, {""year"": 2025, ""month"": 9, ""search_volume"": 170}, {""year"": 2025, ""month"": 8, ""search_volume"": 480}]"
A5,livre pour liseuse kindle,110,0.67,USD_DOCUMENTED,parent,True,,,,,"liseuse générale, mini-format non demandé",dataforseo_labs/google/keyword_suggestions/live,2026-09-03T11:47:40.664088+00:00,2026-09-03-test-decouverte-search-12/02-A5-discovery.json.gz,"[{""year"": 2026, ""month"": 7, ""search_volume"": 140}, {""year"": 2026, ""month"": 6, ""search_volume"": 90}, {""year"": 2026, ""month"": 5, ""search_volume"": 110}, {""year"": 2026, ""month"": 4, ""search_volume"": 70}, {""year"": 2026, ""month"": 3, ""search_volume"": 110}, {""year"": 2026, ""month"": 2, ""search_volume"": 110}, {""year"": 2026, ""month"": 1, ""search_volume"": 110}, {""year"": 2025, ""month"": 12, ""search_volume"": 210}, {""year"": 2025, ""month"": 11, ""search_volume"": 110}, {""year"": 2025, ""month"": 10, ""search_volume"": 90}, {""year"": 2025, ""month"": 9, ""search_volume"": 90}, {""year"": 2025, ""month"": 8, ""search_volume"": 140}]"
A5,la meilleure liseuse,110,0.52,USD_DOCUMENTED,parent,False,,,,,"liseuse générale, mini-format non demandé",dataforseo_labs/google/keyword_suggestions/live,2026-09-03T11:47:40.664088+00:00,2026-09-03-test-decouverte-search-12/02-A5-discovery.json.gz,"[{""year"": 2026, ""month"": 7, ""search_volume"": 70}, {""year"": 2026, ""month"": 6, ""search_volume"": 50}, {""year"": 2026, ""month"": 5, ""search_volume"": 90}, {""year"": 2026, ""month"": 4, ""search_volume"": 70}, {""year"": 2026, ""month"": 3, ""search_volume"": 90}, {""year"": 2026, ""month"": 2, ""search_volume"": 110}, {""year"": 2026, ""month"": 1, ""search_volume"": 110}, {""year"": 2025, ""month"": 12, ""search_volume"": 170}, {""year"": 2025, ""month"": 11, ""search_volume"": 170}, {""year"": 2025, ""month"": 10, ""search_volume"": 110}, {""year"": 2025, ""month"": 9, ""search_volume"": 110}, {""year"": 2025, ""month"": 8, ""search_volume"": 110}]"
A5,liseuse nature et decouverte,110,0.37,USD_DOCUMENTED,parent,False,,,,,"liseuse générale, mini-format non demandé",dataforseo_labs/google/keyword_suggestions/live,2026-09-03T11:47:40.664088+00:00,2026-09-03-test-decouverte-search-12/02-A5-discovery.json.gz,"[{""year"": 2026, ""month"": 7, ""search_volume"": 70}, {""year"": 2026, ""month"": 6, ""search_volume"": 70}, {""year"": 2026, ""month"": 5, ""search_volume"": 110}, {""year"": 2026, ""month"": 4, ""search_volume"": 70}, {""year"": 2026, ""month"": 3, ""search_volume"": 70}, {""year"": 2026, ""month"": 2, ""search_volume"": 110}, {""year"": 2026, ""month"": 1, ""search_volume"": 110}, {""year"": 2025, ""month"": 12, ""search_volume"": 390}, {""year"": 2025, ""month"": 11, ""search_volume"": 210}, {""year"": 2025, ""month"": 10, ""search_volume"": 70}, {""year"": 2025, ""month"": 9, ""search_volume"": 70}, {""year"": 2025, ""month"": 8, ""search_volume"": 70}]"
A5,liseuse kobo clara hd,110,0.26,USD_DOCUMENTED,parent,True,,,,,"liseuse générale, mini-format non demandé",dataforseo_labs/google/keyword_suggestions/live,2026-09-03T11:47:40.664088+00:00,2026-09-03-test-decouverte-search-12/02-A5-discovery.json.gz,"[{""year"": 2026, ""month"": 7, ""search_volume"": 90}, {""year"": 2026, ""month"": 6, ""search_volume"": 110}, {""year"": 2026, ""month"": 5, ""search_volume"": 70}, {""year"": 2026, ""month"": 4, ""search_volume"": 70}, {""year"": 2026, ""month"": 3, ""search_volume"": 90}, {""year"": 2026, ""month"": 2, ""search_volume"": 90}, {""year"": 2026, ""month"": 1, ""search_volume"": 140}, {""year"": 2025, ""month"": 12, ""search_volume"": 140}, {""year"": 2025, ""month"": 11, ""search_volume"": 210}, {""year"": 2025, ""month"": 10, ""search_volume"": 140}, {""year"": 2025, ""month"": 9, ""search_volume"": 140}, {""year"": 2025, ""month"": 8, ""search_volume"": 170}]"
A5,liseuse kindle abonnement,110,3.43,USD_DOCUMENTED,parent,True,,,,,"liseuse générale, mini-format non demandé",dataforseo_labs/google/keyword_suggestions/live,2026-09-03T11:47:40.664088+00:00,2026-09-03-test-decouverte-search-12/02-A5-discovery.json.gz,"[{""year"": 2026, ""month"": 7, ""search_volume"": 90}, {""year"": 2026, ""month"": 6, ""search_volume"": 70}, {""year"": 2026, ""month"": 5, ""search_volume"": 90}, {""year"": 2026, ""month"": 4, ""search_volume"": 90}, {""year"": 2026, ""month"": 3, ""search_volume"": 110}, {""year"": 2026, ""month"": 2, ""search_volume"": 110}, {""year"": 2026, ""month"": 1, ""search_volume"": 110}, {""year"": 2025, ""month"": 12, ""search_volume"": 140}, {""year"": 2025, ""month"": 11, ""search_volume"": 170}, {""year"": 2025, ""month"": 10, ""search_volume"": 170}, {""year"": 2025, ""month"": 9, ""search_volume"": 90}, {""year"": 2025, ""month"": 8, ""search_volume"": 70}]"
A5,liseuse vivlio leclerc,110,0.15,USD_DOCUMENTED,parent,True,,,,,"liseuse générale, mini-format non demandé",dataforseo_labs/google/keyword_suggestions/live,2026-09-03T11:47:40.664088+00:00,2026-09-03-test-decouverte-search-12/02-A5-discovery.json.gz,"[{""year"": 2026, ""month"": 7, ""search_volume"": 110}, {""year"": 2026, ""month"": 6, ""search_volume"": 90}, {""year"": 2026, ""month"": 5, ""search_volume"": 90}, {""year"": 2026, ""month"": 4, ""search_volume"": 70}, {""year"": 2026, ""month"": 3, ""search_volume"": 90}, {""year"": 2026, ""month"": 2, ""search_volume"": 90}, {""year"": 2026, ""month"": 1, ""search_volume"": 110}, {""year"": 2025, ""month"": 12, ""search_volume"": 260}, {""year"": 2025, ""month"": 11, ""search_volume"": 260}, {""year"": 2025, ""month"": 10, ""search_volume"": 90}, {""year"": 2025, ""month"": 9, ""search_volume"": 70}, {""year"": 2025, ""month"": 8, ""search_volume"": 110}]"
A5,combien coûte un livre sur une liseuse,110,0.79,USD_DOCUMENTED,parent,False,,,,,"liseuse générale, mini-format non demandé",dataforseo_labs/google/keyword_suggestions/live,2026-09-03T11:47:40.664088+00:00,2026-09-03-test-decouverte-search-12/02-A5-discovery.json.gz,"[{""year"": 2026, ""month"": 7, ""search_volume"": 110}, {""year"": 2026, ""month"": 6, ""search_volume"": 90}, {""year"": 2026, ""month"": 5, ""search_volume"": 30}, {""year"": 2026, ""month"": 4, ""search_volume"": 40}, {""year"": 2026, ""month"": 3, ""search_volume"": 90}, {""year"": 2026, ""month"": 2, ""search_volume"": 90}, {""year"": 2026, ""month"": 1, ""search_volume"": 90}, {""year"": 2025, ""month"": 12, ""search_volume"": 70}, {""year"": 2025, ""month"": 11, ""search_volume"": 210}, {""year"": 2025, ""month"": 10, ""search_volume"": 140}, {""year"": 2025, ""month"": 9, ""search_volume"": 140}, {""year"": 2025, ""month"": 8, ""search_volume"": 140}]"
A5,liseuse sans lumiere bleue,110,0.39,USD_DOCUMENTED,parent,False,,,,,"liseuse générale, mini-format non demandé",dataforseo_labs/google/keyword_suggestions/live,2026-09-03T11:47:40.664088+00:00,2026-09-03-test-decouverte-search-12/02-A5-discovery.json.gz,"[{""year"": 2026, ""month"": 7, ""search_volume"": 70}, {""year"": 2026, ""month"": 6, ""search_volume"": 70}, {""year"": 2026, ""month"": 5, ""search_volume"": 90}, {""year"": 2026, ""month"": 4, ""search_volume"": 90}, {""year"": 2026, ""month"": 3, ""search_volume"": 110}, {""year"": 2026, ""month"": 2, ""search_volume"": 90}, {""year"": 2026, ""month"": 1, ""search_volume"": 140}, {""year"": 2025, ""month"": 12, ""search_volume"": 170}, {""year"": 2025, ""month"": 11, ""search_volume"": 170}, {""year"": 2025, ""month"": 10, ""search_volume"": 110}, {""year"": 2025, ""month"": 9, ""search_volume"": 140}, {""year"": 2025, ""month"": 8, ""search_volume"": 170}]"
A5,liseuse remarkable,110,0.5,USD_DOCUMENTED,parent,False,,,,,"liseuse générale, mini-format non demandé",dataforseo_labs/google/keyword_suggestions/live,2026-09-03T11:47:40.664088+00:00,2026-09-03-test-decouverte-search-12/02-A5-discovery.json.gz,"[{""year"": 2026, ""month"": 7, ""search_volume"": 90}, {""year"": 2026, ""month"": 6, ""search_volume"": 90}, {""year"": 2026, ""month"": 5, ""search_volume"": 90}, {""year"": 2026, ""month"": 4, ""search_volume"": 110}, {""year"": 2026, ""month"": 3, ""search_volume"": 110}, {""year"": 2026, ""month"": 2, ""search_volume"": 110}, {""year"": 2026, ""month"": 1, ""search_volume"": 110}, {""year"": 2025, ""month"": 12, ""search_volume"": 140}, {""year"": 2025, ""month"": 11, ""search_volume"": 170}, {""year"": 2025, ""month"": 10, ""search_volume"": 140}, {""year"": 2025, ""month"": 9, ""search_volume"": 110}, {""year"": 2025, ""month"": 8, ""search_volume"": 90}]"
A5,liseuse tete de lit leroy merlin,110,0.33,USD_DOCUMENTED,parent,True,,,,,"liseuse générale, mini-format non demandé",dataforseo_labs/google/keyword_suggestions/live,2026-09-03T11:47:40.664088+00:00,2026-09-03-test-decouverte-search-12/02-A5-discovery.json.gz,"[{""year"": 2026, ""month"": 7, ""search_volume"": 50}, {""year"": 2026, ""month"": 6, ""search_volume"": 70}, {""year"": 2026, ""month"": 5, ""search_volume"": 90}, {""year"": 2026, ""month"": 4, ""search_volume"": 70}, {""year"": 2026, ""month"": 3, ""search_volume"": 90}, {""year"": 2026, ""month"": 2, ""search_volume"": 140}, {""year"": 2026, ""month"": 1, ""search_volume"": 140}, {""year"": 2025, ""month"": 12, ""search_volume"": 90}, {""year"": 2025, ""month"": 11, ""search_volume"": 140}, {""year"": 2025, ""month"": 10, ""search_volume"": 170}, {""year"": 2025, ""month"": 9, ""search_volume"": 140}, {""year"": 2025, ""month"": 8, ""search_volume"": 110}]"
A5,liseuse avec stylet,110,0.48,USD_DOCUMENTED,parent,False,,,,,"liseuse générale, mini-format non demandé",dataforseo_labs/google/keyword_suggestions/live,2026-09-03T11:47:40.664088+00:00,2026-09-03-test-decouverte-search-12/02-A5-discovery.json.gz,"[{""year"": 2026, ""month"": 7, ""search_volume"": 90}, {""year"": 2026, ""month"": 6, ""search_volume"": 70}, {""year"": 2026, ""month"": 5, ""search_volume"": 50}, {""year"": 2026, ""month"": 4, ""search_volume"": 90}, {""year"": 2026, ""month"": 3, ""search_volume"": 90}, {""year"": 2026, ""month"": 2, ""search_volume"": 90}, {""year"": 2026, ""month"": 1, ""search_volume"": 110}, {""year"": 2025, ""month"": 12, ""search_volume"": 170}, {""year"": 2025, ""month"": 11, ""search_volume"": 170}, {""year"": 2025, ""month"": 10, ""search_volume"": 110}, {""year"": 2025, ""month"": 9, ""search_volume"": 110}, {""year"": 2025, ""month"": 8, ""search_volume"": 110}]"
A5,liseuse kindle black friday,110,0.16,USD_DOCUMENTED,parent,True,,,,,"liseuse générale, mini-format non demandé",dataforseo_labs/google/keyword_suggestions/live,2026-09-03T11:47:40.664088+00:00,2026-09-03-test-decouverte-search-12/02-A5-discovery.json.gz,"[{""year"": 2026, ""month"": 7, ""search_volume"": 10}, {""year"": 2026, ""month"": 6, ""search_volume"": 10}, {""year"": 2026, ""month"": 5, ""search_volume"": 10}, {""year"": 2026, ""month"": 4, ""search_volume"": 10}, {""year"": 2026, ""month"": 3, ""search_volume"": 10}, {""year"": 2026, ""month"": 2, ""search_volume"": 30}, {""year"": 2026, ""month"": 1, ""search_volume"": 70}, {""year"": 2025, ""month"": 12, ""search_volume"": 140}, {""year"": 2025, ""month"": 11, ""search_volume"": 880}, {""year"": 2025, ""month"": 10, ""search_volume"": 10}, {""year"": 2025, ""month"": 9, ""search_volume"": 10}, {""year"": 2025, ""month"": 8, ""search_volume"": 10}]"
A5,liseuse pour femme,110,0.64,USD_DOCUMENTED,parent,False,,,,,"liseuse générale, mini-format non demandé",dataforseo_labs/google/keyword_suggestions/live,2026-09-03T11:47:40.664088+00:00,2026-09-03-test-decouverte-search-12/02-A5-discovery.json.gz,"[{""year"": 2026, ""month"": 7, ""search_volume"": 20}, {""year"": 2026, ""month"": 6, ""search_volume"": 20}, {""year"": 2026, ""month"": 5, ""search_volume"": 30}, {""year"": 2026, ""month"": 4, ""search_volume"": 30}, {""year"": 2026, ""month"": 3, ""search_volume"": 30}, {""year"": 2026, ""month"": 2, ""search_volume"": 70}, {""year"": 2026, ""month"": 1, ""search_volume"": 90}, {""year"": 2025, ""month"": 12, ""search_volume"": 320}, {""year"": 2025, ""month"": 11, ""search_volume"": 320}, {""year"": 2025, ""month"": 10, ""search_volume"": 170}, {""year"": 2025, ""month"": 9, ""search_volume"": 110}, {""year"": 2025, ""month"": 8, ""search_volume"": 40}]"
A5,liseuse partitions,110,0.82,USD_DOCUMENTED,parent,False,,,,,"liseuse générale, mini-format non demandé",dataforseo_labs/google/keyword_suggestions/live,2026-09-03T11:47:40.664088+00:00,2026-09-03-test-decouverte-search-12/02-A5-discovery.json.gz,"[{""year"": 2026, ""month"": 7, ""search_volume"": 110}, {""year"": 2026, ""month"": 6, ""search_volume"": 110}, {""year"": 2026, ""month"": 5, ""search_volume"": 110}, {""year"": 2026, ""month"": 4, ""search_volume"": 70}, {""year"": 2026, ""month"": 3, ""search_volume"": 70}, {""year"": 2026, ""month"": 2, ""search_volume"": 90}, {""year"": 2026, ""month"": 1, ""search_volume"": 70}, {""year"": 2025, ""month"": 12, ""search_volume"": 140}, {""year"": 2025, ""month"": 11, ""search_volume"": 140}, {""year"": 2025, ""month"": 10, ""search_volume"": 110}, {""year"": 2025, ""month"": 9, ""search_volume"": 110}, {""year"": 2025, ""month"": 8, ""search_volume"": 110}]"
A5,liseuse kobo mode d'emploi,110,,USD_DOCUMENTED,information,True,,,,,"usage/SAV/risque, hors demande achat directe",dataforseo_labs/google/keyword_suggestions/live,2026-09-03T11:47:40.664088+00:00,2026-09-03-test-decouverte-search-12/02-A5-discovery.json.gz,"[{""year"": 2026, ""month"": 7, ""search_volume"": 90}, {""year"": 2026, ""month"": 6, ""search_volume"": 90}, {""year"": 2026, ""month"": 5, ""search_volume"": 90}, {""year"": 2026, ""month"": 4, ""search_volume"": 70}, {""year"": 2026, ""month"": 3, ""search_volume"": 110}, {""year"": 2026, ""month"": 2, ""search_volume"": 90}, {""year"": 2026, ""month"": 1, ""search_volume"": 140}, {""year"": 2025, ""month"": 12, ""search_volume"": 170}, {""year"": 2025, ""month"": 11, ""search_volume"": 110}, {""year"": 2025, ""month"": 10, ""search_volume"": 90}, {""year"": 2025, ""month"": 9, ""search_volume"": 140}, {""year"": 2025, ""month"": 8, ""search_volume"": 170}]"
A5,liseuse 8 pouces kobo,110,0.24,USD_DOCUMENTED,parent,True,,,,,"liseuse générale, mini-format non demandé",dataforseo_labs/google/keyword_suggestions/live,2026-09-03T11:47:40.664088+00:00,2026-09-03-test-decouverte-search-12/02-A5-discovery.json.gz,"[{""year"": 2026, ""month"": 7, ""search_volume"": 90}, {""year"": 2026, ""month"": 6, ""search_volume"": 70}, {""year"": 2026, ""month"": 5, ""search_volume"": 90}, {""year"": 2026, ""month"": 4, ""search_volume"": 110}, {""year"": 2026, ""month"": 3, ""search_volume"": 70}, {""year"": 2026, ""month"": 2, ""search_volume"": 90}, {""year"": 2026, ""month"": 1, ""search_volume"": 110}, {""year"": 2025, ""month"": 12, ""search_volume"": 210}, {""year"": 2025, ""month"": 11, ""search_volume"": 210}, {""year"": 2025, ""month"": 10, ""search_volume"": 70}, {""year"": 2025, ""month"": 9, ""search_volume"": 70}, {""year"": 2025, ""month"": 8, ""search_volume"": 90}]"
A5,liseuse conforama,110,0.17,USD_DOCUMENTED,parent,True,,,,,"liseuse générale, mini-format non demandé",dataforseo_labs/google/keyword_suggestions/live,2026-09-03T11:47:40.664088+00:00,2026-09-03-test-decouverte-search-12/02-A5-discovery.json.gz,"[{""year"": 2026, ""month"": 7, ""search_volume"": 50}, {""year"": 2026, ""month"": 6, ""search_volume"": 50}, {""year"": 2026, ""month"": 5, ""search_volume"": 50}, {""year"": 2026, ""month"": 4, ""search_volume"": 70}, {""year"": 2026, ""month"": 3, ""search_volume"": 90}, {""year"": 2026, ""month"": 2, ""search_volume"": 90}, {""year"": 2026, ""month"": 1, ""search_volume"": 140}, {""year"": 2025, ""month"": 12, ""search_volume"": 320}, {""year"": 2025, ""month"": 11, ""search_volume"": 260}, {""year"": 2025, ""month"": 10, ""search_volume"": 140}, {""year"": 2025, ""month"": 9, ""search_volume"": 90}, {""year"": 2025, ""month"": 8, ""search_volume"": 110}]"
A5,liseuse clara,110,0.25,USD_DOCUMENTED,parent,False,,,,,"liseuse générale, mini-format non demandé",dataforseo_labs/google/keyword_suggestions/live,2026-09-03T11:47:40.664088+00:00,2026-09-03-test-decouverte-search-12/02-A5-discovery.json.gz,"[{""year"": 2026, ""month"": 7, ""search_volume"": 90}, {""year"": 2026, ""month"": 6, ""search_volume"": 70}, {""year"": 2026, ""month"": 5, ""search_volume"": 90}, {""year"": 2026, ""month"": 4, ""search_volume"": 70}, {""year"": 2026, ""month"": 3, ""search_volume"": 90}, {""year"": 2026, ""month"": 2, ""search_volume"": 70}, {""year"": 2026, ""month"": 1, ""search_volume"": 110}, {""year"": 2025, ""month"": 12, ""search_volume"": 170}, {""year"": 2025, ""month"": 11, ""search_volume"": 210}, {""year"": 2025, ""month"": 10, ""search_volume"": 140}, {""year"": 2025, ""month"": 9, ""search_volume"": 90}, {""year"": 2025, ""month"": 8, ""search_volume"": 140}]"
A5,e-ink liseuse,110,0.29,USD_DOCUMENTED,parent,False,,,,,"liseuse générale, mini-format non demandé",dataforseo_labs/google/keyword_suggestions/live,2026-09-03T11:47:40.664088+00:00,2026-09-03-test-decouverte-search-12/02-A5-discovery.json.gz,"[{""year"": 2026, ""month"": 7, ""search_volume"": 90}, {""year"": 2026, ""month"": 6, ""search_volume"": 110}, {""year"": 2026, ""month"": 5, ""search_volume"": 110}, {""year"": 2026, ""month"": 4, ""search_volume"": 70}, {""year"": 2026, ""month"": 3, ""search_volume"": 110}, {""year"": 2026, ""month"": 2, ""search_volume"": 90}, {""year"": 2026, ""month"": 1, ""search_volume"": 140}, {""year"": 2025, ""month"": 12, ""search_volume"": 170}, {""year"": 2025, ""month"": 11, ""search_volume"": 110}, {""year"": 2025, ""month"": 10, ""search_volume"": 90}, {""year"": 2025, ""month"": 9, ""search_volume"": 70}, {""year"": 2025, ""month"": 8, ""search_volume"": 90}]"
A5,liseuse kindle promotion,110,0.36,USD_DOCUMENTED,parent,True,,,,,"liseuse générale, mini-format non demandé",dataforseo_labs/google/keyword_suggestions/live,2026-09-03T11:47:40.664088+00:00,2026-09-03-test-decouverte-search-12/02-A5-discovery.json.gz,"[{""year"": 2026, ""month"": 7, ""search_volume"": 170}, {""year"": 2026, ""month"": 6, ""search_volume"": 140}, {""year"": 2026, ""month"": 5, ""search_volume"": 110}, {""year"": 2026, ""month"": 4, ""search_volume"": 50}, {""year"": 2026, ""month"": 3, ""search_volume"": 70}, {""year"": 2026, ""month"": 2, ""search_volume"": 70}, {""year"": 2026, ""month"": 1, ""search_volume"": 210}, {""year"": 2025, ""month"": 12, ""search_volume"": 170}, {""year"": 2025, ""month"": 11, ""search_volume"": 210}, {""year"": 2025, ""month"": 10, ""search_volume"": 110}, {""year"": 2025, ""month"": 9, ""search_volume"": 90}, {""year"": 2025, ""month"": 8, ""search_volume"": 90}]"
A5,liseuse kindle promo,110,0.36,USD_DOCUMENTED,parent,True,,,,,"liseuse générale, mini-format non demandé",dataforseo_labs/google/keyword_suggestions/live,2026-09-03T11:47:40.664088+00:00,2026-09-03-test-decouverte-search-12/02-A5-discovery.json.gz,"[{""year"": 2026, ""month"": 7, ""search_volume"": 170}, {""year"": 2026, ""month"": 6, ""search_volume"": 140}, {""year"": 2026, ""month"": 5, ""search_volume"": 110}, {""year"": 2026, ""month"": 4, ""search_volume"": 50}, {""year"": 2026, ""month"": 3, ""search_volume"": 70}, {""year"": 2026, ""month"": 2, ""search_volume"": 70}, {""year"": 2026, ""month"": 1, ""search_volume"": 210}, {""year"": 2025, ""month"": 12, ""search_volume"": 170}, {""year"": 2025, ""month"": 11, ""search_volume"": 210}, {""year"": 2025, ""month"": 10, ""search_volume"": 110}, {""year"": 2025, ""month"": 9, ""search_volume"": 90}, {""year"": 2025, ""month"": 8, ""search_volume"": 90}]"
A5,promo liseuse kindle,110,0.36,USD_DOCUMENTED,parent,True,,,,,"liseuse générale, mini-format non demandé",dataforseo_labs/google/keyword_suggestions/live,2026-09-03T11:47:40.664088+00:00,2026-09-03-test-decouverte-search-12/02-A5-discovery.json.gz,"[{""year"": 2026, ""month"": 7, ""search_volume"": 170}, {""year"": 2026, ""month"": 6, ""search_volume"": 140}, {""year"": 2026, ""month"": 5, ""search_volume"": 110}, {""year"": 2026, ""month"": 4, ""search_volume"": 50}, {""year"": 2026, ""month"": 3, ""search_volume"": 70}, {""year"": 2026, ""month"": 2, ""search_volume"": 70}, {""year"": 2026, ""month"": 1, ""search_volume"": 210}, {""year"": 2025, ""month"": 12, ""search_volume"": 170}, {""year"": 2025, ""month"": 11, ""search_volume"": 210}, {""year"": 2025, ""month"": 10, ""search_volume"": 110}, {""year"": 2025, ""month"": 9, ""search_volume"": 90}, {""year"": 2025, ""month"": 8, ""search_volume"": 90}]"
A5,liseuse pour lire,110,0.19,USD_DOCUMENTED,parent,False,,,,,"liseuse générale, mini-format non demandé",dataforseo_labs/google/keyword_suggestions/live,2026-09-03T11:47:40.664088+00:00,2026-09-03-test-decouverte-search-12/02-A5-discovery.json.gz,"[{""year"": 2026, ""month"": 7, ""search_volume"": 70}, {""year"": 2026, ""month"": 6, ""search_volume"": 40}, {""year"": 2026, ""month"": 5, ""search_volume"": 70}, {""year"": 2026, ""month"": 4, ""search_volume"": 50}, {""year"": 2026, ""month"": 3, ""search_volume"": 70}, {""year"": 2026, ""month"": 2, ""search_volume"": 110}, {""year"": 2026, ""month"": 1, ""search_volume"": 170}, {""year"": 2025, ""month"": 12, ""search_volume"": 210}, {""year"": 2025, ""month"": 11, ""search_volume"": 320}, {""year"": 2025, ""month"": 10, ""search_volume"": 110}, {""year"": 2025, ""month"": 9, ""search_volume"": 110}, {""year"": 2025, ""month"": 8, ""search_volume"": 140}]"
A5,liseuse applique tete de lit,110,1.96,USD_DOCUMENTED,parent,False,,,,,"liseuse générale, mini-format non demandé",dataforseo_labs/google/keyword_suggestions/live,2026-09-03T11:47:40.664088+00:00,2026-09-03-test-decouverte-search-12/02-A5-discovery.json.gz,"[{""year"": 2026, ""month"": 7, ""search_volume"": 90}, {""year"": 2026, ""month"": 6, ""search_volume"": 70}, {""year"": 2026, ""month"": 5, ""search_volume"": 110}, {""year"": 2026, ""month"": 4, ""search_volume"": 70}, {""year"": 2026, ""month"": 3, ""search_volume"": 110}, {""year"": 2026, ""month"": 2, ""search_volume"": 140}, {""year"": 2026, ""month"": 1, ""search_volume"": 140}, {""year"": 2025, ""month"": 12, ""search_volume"": 90}, {""year"": 2025, ""month"": 11, ""search_volume"": 210}, {""year"": 2025, ""month"": 10, ""search_volume"": 140}, {""year"": 2025, ""month"": 9, ""search_volume"": 140}, {""year"": 2025, ""month"": 8, ""search_volume"": 140}]"
A5,tête de lit avec liseuse,110,0.61,USD_DOCUMENTED,parent,False,,,,,"liseuse générale, mini-format non demandé",dataforseo_labs/google/keyword_suggestions/live,2026-09-03T11:47:40.664088+00:00,2026-09-03-test-decouverte-search-12/02-A5-discovery.json.gz,"[{""year"": 2026, ""month"": 7, ""search_volume"": 70}, {""year"": 2026, ""month"": 6, ""search_volume"": 50}, {""year"": 2026, ""month"": 5, ""search_volume"": 90}, {""year"": 2026, ""month"": 4, ""search_volume"": 90}, {""year"": 2026, ""month"": 3, ""search_volume"": 110}, {""year"": 2026, ""month"": 2, ""search_volume"": 110}, {""year"": 2026, ""month"": 1, ""search_volume"": 170}, {""year"": 2025, ""month"": 12, ""search_volume"": 110}, {""year"": 2025, ""month"": 11, ""search_volume"": 170}, {""year"": 2025, ""month"": 10, ""search_volume"": 140}, {""year"": 2025, ""month"": 9, ""search_volume"": 110}, {""year"": 2025, ""month"": 8, ""search_volume"": 110}]"
A5,liseuse kobo clara 2e,110,0.19,USD_DOCUMENTED,parent,True,,,,,"liseuse générale, mini-format non demandé",dataforseo_labs/google/keyword_suggestions/live,2026-09-03T11:47:40.664088+00:00,2026-09-03-test-decouverte-search-12/02-A5-discovery.json.gz,"[{""year"": 2026, ""month"": 7, ""search_volume"": 110}, {""year"": 2026, ""month"": 6, ""search_volume"": 70}, {""year"": 2026, ""month"": 5, ""search_volume"": 70}, {""year"": 2026, ""month"": 4, ""search_volume"": 70}, {""year"": 2026, ""month"": 3, ""search_volume"": 70}, {""year"": 2026, ""month"": 2, ""search_volume"": 70}, {""year"": 2026, ""month"": 1, ""search_volume"": 90}, {""year"": 2025, ""month"": 12, ""search_volume"": 170}, {""year"": 2025, ""month"": 11, ""search_volume"": 320}, {""year"": 2025, ""month"": 10, ""search_volume"": 140}, {""year"": 2025, ""month"": 9, ""search_volume"": 140}, {""year"": 2025, ""month"": 8, ""search_volume"": 210}]"
A5,liseuse pince,110,0.33,USD_DOCUMENTED,parent,False,,,,,"liseuse générale, mini-format non demandé",dataforseo_labs/google/keyword_suggestions/live,2026-09-03T11:47:40.664088+00:00,2026-09-03-test-decouverte-search-12/02-A5-discovery.json.gz,"[{""year"": 2026, ""month"": 7, ""search_volume"": 70}, {""year"": 2026, ""month"": 6, ""search_volume"": 70}, {""year"": 2026, ""month"": 5, ""search_volume"": 90}, {""year"": 2026, ""month"": 4, ""search_volume"": 90}, {""year"": 2026, ""month"": 3, ""search_volume"": 70}, {""year"": 2026, ""month"": 2, ""search_volume"": 110}, {""year"": 2026, ""month"": 1, ""search_volume"": 140}, {""year"": 2025, ""month"": 12, ""search_volume"": 140}, {""year"": 2025, ""month"": 11, ""search_volume"": 140}, {""year"": 2025, ""month"": 10, ""search_volume"": 110}, {""year"": 2025, ""month"": 9, ""search_volume"": 110}, {""year"": 2025, ""month"": 8, ""search_volume"": 140}]"
A5,liseuse kobo libra colour,110,0.53,USD_DOCUMENTED,parent,True,,,,,"liseuse générale, mini-format non demandé",dataforseo_labs/google/keyword_suggestions/live,2026-09-03T11:47:40.664088+00:00,2026-09-03-test-decouverte-search-12/02-A5-discovery.json.gz,"[{""year"": 2026, ""month"": 7, ""search_volume"": 110}, {""year"": 2026, ""month"": 6, ""search_volume"": 90}, {""year"": 2026, ""month"": 5, ""search_volume"": 90}, {""year"": 2026, ""month"": 4, ""search_volume"": 90}, {""year"": 2026, ""month"": 3, ""search_volume"": 110}, {""year"": 2026, ""month"": 2, ""search_volume"": 70}, {""year"": 2026, ""month"": 1, ""search_volume"": 170}, {""year"": 2025, ""month"": 12, ""search_volume"": 210}, {""year"": 2025, ""month"": 11, ""search_volume"": 260}, {""year"": 2025, ""month"": 10, ""search_volume"": 90}, {""year"": 2025, ""month"": 9, ""search_volume"": 70}, {""year"": 2025, ""month"": 8, ""search_volume"": 90}]"
A5,étui liseuse kobo clara,110,0.4,USD_DOCUMENTED,incompatible,True,,,,,"lampe, logiciel, contenu ou sens non appareil",dataforseo_labs/google/keyword_suggestions/live,2026-09-03T11:47:40.664088+00:00,2026-09-03-test-decouverte-search-12/02-A5-discovery.json.gz,"[{""year"": 2026, ""month"": 7, ""search_volume"": 90}, {""year"": 2026, ""month"": 6, ""search_volume"": 70}, {""year"": 2026, ""month"": 5, ""search_volume"": 90}, {""year"": 2026, ""month"": 4, ""search_volume"": 70}, {""year"": 2026, ""month"": 3, ""search_volume"": 90}, {""year"": 2026, ""month"": 2, ""search_volume"": 90}, {""year"": 2026, ""month"": 1, ""search_volume"": 170}, {""year"": 2025, ""month"": 12, ""search_volume"": 260}, {""year"": 2025, ""month"": 11, ""search_volume"": 170}, {""year"": 2025, ""month"": 10, ""search_volume"": 140}, {""year"": 2025, ""month"": 9, ""search_volume"": 110}, {""year"": 2025, ""month"": 8, ""search_volume"": 140}]"
A5,liseuse e-ink,110,0.29,USD_DOCUMENTED,parent,False,,,,,"liseuse générale, mini-format non demandé",dataforseo_labs/google/keyword_suggestions/live,2026-09-03T11:47:40.664088+00:00,2026-09-03-test-decouverte-search-12/02-A5-discovery.json.gz,"[{""year"": 2026, ""month"": 7, ""search_volume"": 90}, {""year"": 2026, ""month"": 6, ""search_volume"": 110}, {""year"": 2026, ""month"": 5, ""search_volume"": 110}, {""year"": 2026, ""month"": 4, ""search_volume"": 70}, {""year"": 2026, ""month"": 3, ""search_volume"": 110}, {""year"": 2026, ""month"": 2, ""search_volume"": 90}, {""year"": 2026, ""month"": 1, ""search_volume"": 140}, {""year"": 2025, ""month"": 12, ""search_volume"": 170}, {""year"": 2025, ""month"": 11, ""search_volume"": 110}, {""year"": 2025, ""month"": 10, ""search_volume"": 90}, {""year"": 2025, ""month"": 9, ""search_volume"": 70}, {""year"": 2025, ""month"": 8, ""search_volume"": 90}]"
A5,liseuse kindle pas cher,110,0.28,USD_DOCUMENTED,parent,True,,,,,"liseuse générale, mini-format non demandé",dataforseo_labs/google/keyword_suggestions/live,2026-09-03T11:47:40.664088+00:00,2026-09-03-test-decouverte-search-12/02-A5-discovery.json.gz,"[{""year"": 2026, ""month"": 7, ""search_volume"": 90}, {""year"": 2026, ""month"": 6, ""search_volume"": 70}, {""year"": 2026, ""month"": 5, ""search_volume"": 70}, {""year"": 2026, ""month"": 4, ""search_volume"": 50}, {""year"": 2026, ""month"": 3, ""search_volume"": 70}, {""year"": 2026, ""month"": 2, ""search_volume"": 70}, {""year"": 2026, ""month"": 1, ""search_volume"": 140}, {""year"": 2025, ""month"": 12, ""search_volume"": 210}, {""year"": 2025, ""month"": 11, ""search_volume"": 140}, {""year"": 2025, ""month"": 10, ""search_volume"": 110}, {""year"": 2025, ""month"": 9, ""search_volume"": 110}, {""year"": 2025, ""month"": 8, ""search_volume"": 170}]"
A5,liseuse nature et découverte,110,0.37,USD_DOCUMENTED,parent,False,,,,,"liseuse générale, mini-format non demandé",dataforseo_labs/google/keyword_suggestions/live,2026-09-03T11:47:40.664088+00:00,2026-09-03-test-decouverte-search-12/02-A5-discovery.json.gz,"[{""year"": 2026, ""month"": 7, ""search_volume"": 70}, {""year"": 2026, ""month"": 6, ""search_volume"": 70}, {""year"": 2026, ""month"": 5, ""search_volume"": 110}, {""year"": 2026, ""month"": 4, ""search_volume"": 70}, {""year"": 2026, ""month"": 3, ""search_volume"": 70}, {""year"": 2026, ""month"": 2, ""search_volume"": 110}, {""year"": 2026, ""month"": 1, ""search_volume"": 110}, {""year"": 2025, ""month"": 12, ""search_volume"": 390}, {""year"": 2025, ""month"": 11, ""search_volume"": 210}, {""year"": 2025, ""month"": 10, ""search_volume"": 70}, {""year"": 2025, ""month"": 9, ""search_volume"": 70}, {""year"": 2025, ""month"": 8, ""search_volume"": 70}]"
A5,lampe liseuse murale,110,0.68,USD_DOCUMENTED,incompatible,False,,,,,"lampe, logiciel, contenu ou sens non appareil",dataforseo_labs/google/keyword_suggestions/live,2026-09-03T11:47:40.664088+00:00,2026-09-03-test-decouverte-search-12/02-A5-discovery.json.gz,"[{""year"": 2026, ""month"": 7, ""search_volume"": 50}, {""year"": 2026, ""month"": 6, ""search_volume"": 40}, {""year"": 2026, ""month"": 5, ""search_volume"": 90}, {""year"": 2026, ""month"": 4, ""search_volume"": 90}, {""year"": 2026, ""month"": 3, ""search_volume"": 90}, {""year"": 2026, ""month"": 2, ""search_volume"": 90}, {""year"": 2026, ""month"": 1, ""search_volume"": 140}, {""year"": 2025, ""month"": 12, ""search_volume"": 110}, {""year"": 2025, ""month"": 11, ""search_volume"": 170}, {""year"": 2025, ""month"": 10, ""search_volume"": 140}, {""year"": 2025, ""month"": 9, ""search_volume"": 90}, {""year"": 2025, ""month"": 8, ""search_volume"": 110}]"
A5,liseuse kobo glo,110,0.15,USD_DOCUMENTED,parent,True,,,,,"liseuse générale, mini-format non demandé",dataforseo_labs/google/keyword_suggestions/live,2026-09-03T11:47:40.664088+00:00,2026-09-03-test-decouverte-search-12/02-A5-discovery.json.gz,"[{""year"": 2026, ""month"": 7, ""search_volume"": 110}, {""year"": 2026, ""month"": 6, ""search_volume"": 50}, {""year"": 2026, ""month"": 5, ""search_volume"": 70}, {""year"": 2026, ""month"": 4, ""search_volume"": 70}, {""year"": 2026, ""month"": 3, ""search_volume"": 140}, {""year"": 2026, ""month"": 2, ""search_volume"": 110}, {""year"": 2026, ""month"": 1, ""search_volume"": 140}, {""year"": 2025, ""month"": 12, ""search_volume"": 110}, {""year"": 2025, ""month"": 11, ""search_volume"": 110}, {""year"": 2025, ""month"": 10, ""search_volume"": 90}, {""year"": 2025, ""month"": 9, ""search_volume"": 90}, {""year"": 2025, ""month"": 8, ""search_volume"": 170}]"
A5,lampadaire led avec liseuse et variateur,110,0.38,USD_DOCUMENTED,incompatible,False,,,,,"lampe, logiciel, contenu ou sens non appareil",dataforseo_labs/google/keyword_suggestions/live,2026-09-03T11:47:40.664088+00:00,2026-09-03-test-decouverte-search-12/02-A5-discovery.json.gz,"[{""year"": 2026, ""month"": 7, ""search_volume"": 70}, {""year"": 2026, ""month"": 6, ""search_volume"": 30}, {""year"": 2026, ""month"": 5, ""search_volume"": 40}, {""year"": 2026, ""month"": 4, ""search_volume"": 70}, {""year"": 2026, ""month"": 3, ""search_volume"": 110}, {""year"": 2026, ""month"": 2, ""search_volume"": 170}, {""year"": 2026, ""month"": 1, ""search_volume"": 140}, {""year"": 2025, ""month"": 12, ""search_volume"": 170}, {""year"": 2025, ""month"": 11, ""search_volume"": 170}, {""year"": 2025, ""month"": 10, ""search_volume"": 110}, {""year"": 2025, ""month"": 9, ""search_volume"": 90}, {""year"": 2025, ""month"": 8, ""search_volume"": 70}]"
A5,liseuse kindle reconditionnée,110,0.29,USD_DOCUMENTED,parent,True,,,,,"liseuse générale, mini-format non demandé",dataforseo_labs/google/keyword_suggestions/live,2026-09-03T11:47:40.664088+00:00,2026-09-03-test-decouverte-search-12/02-A5-discovery.json.gz,"[{""year"": 2026, ""month"": 7, ""search_volume"": 110}, {""year"": 2026, ""month"": 6, ""search_volume"": 70}, {""year"": 2026, ""month"": 5, ""search_volume"": 90}, {""year"": 2026, ""month"": 4, ""search_volume"": 70}, {""year"": 2026, ""month"": 3, ""search_volume"": 90}, {""year"": 2026, ""month"": 2, ""search_volume"": 110}, {""year"": 2026, ""month"": 1, ""search_volume"": 110}, {""year"": 2025, ""month"": 12, ""search_volume"": 140}, {""year"": 2025, ""month"": 11, ""search_volume"": 140}, {""year"": 2025, ""month"": 10, ""search_volume"": 110}, {""year"": 2025, ""month"": 9, ""search_volume"": 110}, {""year"": 2025, ""month"": 8, ""search_volume"": 110}]"
A5,liseuse kobo 8 pouces,110,0.24,USD_DOCUMENTED,parent,True,,,,,"liseuse générale, mini-format non demandé",dataforseo_labs/google/keyword_suggestions/live,2026-09-03T11:47:40.664088+00:00,2026-09-03-test-decouverte-search-12/02-A5-discovery.json.gz,"[{""year"": 2026, ""month"": 7, ""search_volume"": 90}, {""year"": 2026, ""month"": 6, ""search_volume"": 70}, {""year"": 2026, ""month"": 5, ""search_volume"": 90}, {""year"": 2026, ""month"": 4, ""search_volume"": 110}, {""year"": 2026, ""month"": 3, ""search_volume"": 70}, {""year"": 2026, ""month"": 2, ""search_volume"": 90}, {""year"": 2026, ""month"": 1, ""search_volume"": 110}, {""year"": 2025, ""month"": 12, ""search_volume"": 210}, {""year"": 2025, ""month"": 11, ""search_volume"": 210}, {""year"": 2025, ""month"": 10, ""search_volume"": 70}, {""year"": 2025, ""month"": 9, ""search_volume"": 70}, {""year"": 2025, ""month"": 8, ""search_volume"": 90}]"
A5,tricoter une liseuse simple,110,,USD_DOCUMENTED,parent,False,,,,,"liseuse générale, mini-format non demandé",dataforseo_labs/google/keyword_suggestions/live,2026-09-03T11:47:40.664088+00:00,2026-09-03-test-decouverte-search-12/02-A5-discovery.json.gz,"[{""year"": 2026, ""month"": 7, ""search_volume"": 50}, {""year"": 2026, ""month"": 6, ""search_volume"": 50}, {""year"": 2026, ""month"": 5, ""search_volume"": 70}, {""year"": 2026, ""month"": 4, ""search_volume"": 70}, {""year"": 2026, ""month"": 3, ""search_volume"": 110}, {""year"": 2026, ""month"": 2, ""search_volume"": 140}, {""year"": 2026, ""month"": 1, ""search_volume"": 140}, {""year"": 2025, ""month"": 12, ""search_volume"": 170}, {""year"": 2025, ""month"": 11, ""search_volume"": 170}, {""year"": 2025, ""month"": 10, ""search_volume"": 170}, {""year"": 2025, ""month"": 9, ""search_volume"": 170}, {""year"": 2025, ""month"": 8, ""search_volume"": 110}]"
A5,liseuse femme,110,0.64,USD_DOCUMENTED,parent,False,,,,,"liseuse générale, mini-format non demandé",dataforseo_labs/google/keyword_suggestions/live,2026-09-03T11:47:40.664088+00:00,2026-09-03-test-decouverte-search-12/02-A5-discovery.json.gz,"[{""year"": 2026, ""month"": 7, ""search_volume"": 20}, {""year"": 2026, ""month"": 6, ""search_volume"": 20}, {""year"": 2026, ""month"": 5, ""search_volume"": 30}, {""year"": 2026, ""month"": 4, ""search_volume"": 30}, {""year"": 2026, ""month"": 3, ""search_volume"": 30}, {""year"": 2026, ""month"": 2, ""search_volume"": 70}, {""year"": 2026, ""month"": 1, ""search_volume"": 90}, {""year"": 2025, ""month"": 12, ""search_volume"": 320}, {""year"": 2025, ""month"": 11, ""search_volume"": 320}, {""year"": 2025, ""month"": 10, ""search_volume"": 170}, {""year"": 2025, ""month"": 9, ""search_volume"": 110}, {""year"": 2025, ""month"": 8, ""search_volume"": 40}]"
A5,conforama liseuse,110,0.17,USD_DOCUMENTED,parent,True,,,,,"liseuse générale, mini-format non demandé",dataforseo_labs/google/keyword_suggestions/live,2026-09-03T11:47:40.664088+00:00,2026-09-03-test-decouverte-search-12/02-A5-discovery.json.gz,"[{""year"": 2026, ""month"": 7, ""search_volume"": 50}, {""year"": 2026, ""month"": 6, ""search_volume"": 50}, {""year"": 2026, ""month"": 5, ""search_volume"": 50}, {""year"": 2026, ""month"": 4, ""search_volume"": 70}, {""year"": 2026, ""month"": 3, ""search_volume"": 90}, {""year"": 2026, ""month"": 2, ""search_volume"": 90}, {""year"": 2026, ""month"": 1, ""search_volume"": 140}, {""year"": 2025, ""month"": 12, ""search_volume"": 320}, {""year"": 2025, ""month"": 11, ""search_volume"": 260}, {""year"": 2025, ""month"": 10, ""search_volume"": 140}, {""year"": 2025, ""month"": 9, ""search_volume"": 90}, {""year"": 2025, ""month"": 8, ""search_volume"": 110}]"
A5,inkeewhix liseuse,110,2.64,USD_DOCUMENTED,parent,False,,,,,"liseuse générale, mini-format non demandé",dataforseo_labs/google/keyword_suggestions/live,2026-09-03T11:47:40.664088+00:00,2026-09-03-test-decouverte-search-12/02-A5-discovery.json.gz,"[{""year"": 2026, ""month"": 7, ""search_volume"": 10}, {""year"": 2026, ""month"": 6, ""search_volume"": 10}, {""year"": 2026, ""month"": 5, ""search_volume"": 10}, {""year"": 2026, ""month"": 4, ""search_volume"": 10}, {""year"": 2026, ""month"": 3, ""search_volume"": 10}, {""year"": 2026, ""month"": 2, ""search_volume"": 10}, {""year"": 2026, ""month"": 1, ""search_volume"": 20}, {""year"": 2025, ""month"": 12, ""search_volume"": 30}, {""year"": 2025, ""month"": 11, ""search_volume"": 480}, {""year"": 2025, ""month"": 10, ""search_volume"": 260}, {""year"": 2025, ""month"": 9, ""search_volume"": 210}, {""year"": 2025, ""month"": 8, ""search_volume"": 210}]"
A5,liseuse matcha,110,0.37,USD_DOCUMENTED,parent,False,,,,,"liseuse générale, mini-format non demandé",dataforseo_labs/google/keyword_suggestions/live,2026-09-03T11:47:40.664088+00:00,2026-09-03-test-decouverte-search-12/02-A5-discovery.json.gz,"[{""year"": 2026, ""month"": 7, ""search_volume"": 70}, {""year"": 2026, ""month"": 6, ""search_volume"": 70}, {""year"": 2026, ""month"": 5, ""search_volume"": 70}, {""year"": 2026, ""month"": 4, ""search_volume"": 50}, {""year"": 2026, ""month"": 3, ""search_volume"": 50}, {""year"": 2026, ""month"": 2, ""search_volume"": 70}, {""year"": 2026, ""month"": 1, ""search_volume"": 140}, {""year"": 2025, ""month"": 12, ""search_volume"": 210}, {""year"": 2025, ""month"": 11, ""search_volume"": 260}, {""year"": 2025, ""month"": 10, ""search_volume"": 170}, {""year"": 2025, ""month"": 9, ""search_volume"": 70}, {""year"": 2025, ""month"": 8, ""search_volume"": 170}]"
A5,liseuse tête de lit leroy merlin,110,0.33,USD_DOCUMENTED,parent,True,,,,,"liseuse générale, mini-format non demandé",dataforseo_labs/google/keyword_suggestions/live,2026-09-03T11:47:40.664088+00:00,2026-09-03-test-decouverte-search-12/02-A5-discovery.json.gz,"[{""year"": 2026, ""month"": 7, ""search_volume"": 50}, {""year"": 2026, ""month"": 6, ""search_volume"": 70}, {""year"": 2026, ""month"": 5, ""search_volume"": 90}, {""year"": 2026, ""month"": 4, ""search_volume"": 70}, {""year"": 2026, ""month"": 3, ""search_volume"": 90}, {""year"": 2026, ""month"": 2, ""search_volume"": 140}, {""year"": 2026, ""month"": 1, ""search_volume"": 140}, {""year"": 2025, ""month"": 12, ""search_volume"": 90}, {""year"": 2025, ""month"": 11, ""search_volume"": 140}, {""year"": 2025, ""month"": 10, ""search_volume"": 170}, {""year"": 2025, ""month"": 9, ""search_volume"": 140}, {""year"": 2025, ""month"": 8, ""search_volume"": 110}]"
A5,liseuse couleur comparatif,110,0.36,USD_DOCUMENTED,parent,False,,,,,"liseuse générale, mini-format non demandé",dataforseo_labs/google/keyword_suggestions/live,2026-09-03T11:47:40.664088+00:00,2026-09-03-test-decouverte-search-12/02-A5-discovery.json.gz,"[{""year"": 2026, ""month"": 7, ""search_volume"": 70}, {""year"": 2026, ""month"": 6, ""search_volume"": 50}, {""year"": 2026, ""month"": 5, ""search_volume"": 70}, {""year"": 2026, ""month"": 4, ""search_volume"": 50}, {""year"": 2026, ""month"": 3, ""search_volume"": 90}, {""year"": 2026, ""month"": 2, ""search_volume"": 70}, {""year"": 2026, ""month"": 1, ""search_volume"": 90}, {""year"": 2025, ""month"": 12, ""search_volume"": 140}, {""year"": 2025, ""month"": 11, ""search_volume"": 210}, {""year"": 2025, ""month"": 10, ""search_volume"": 140}, {""year"": 2025, ""month"": 9, ""search_volume"": 110}, {""year"": 2025, ""month"": 8, ""search_volume"": 110}]"
A5,livres pour liseuse kindle,110,0.67,USD_DOCUMENTED,parent,True,,,,,"liseuse générale, mini-format non demandé",dataforseo_labs/google/keyword_suggestions/live,2026-09-03T11:47:40.664088+00:00,2026-09-03-test-decouverte-search-12/02-A5-discovery.json.gz,"[{""year"": 2026, ""month"": 7, ""search_volume"": 140}, {""year"": 2026, ""month"": 6, ""search_volume"": 90}, {""year"": 2026, ""month"": 5, ""search_volume"": 110}, {""year"": 2026, ""month"": 4, ""search_volume"": 70}, {""year"": 2026, ""month"": 3, ""search_volume"": 110}, {""year"": 2026, ""month"": 2, ""search_volume"": 110}, {""year"": 2026, ""month"": 1, ""search_volume"": 110}, {""year"": 2025, ""month"": 12, ""search_volume"": 210}, {""year"": 2025, ""month"": 11, ""search_volume"": 110}, {""year"": 2025, ""month"": 10, ""search_volume"": 90}, {""year"": 2025, ""month"": 9, ""search_volume"": 90}, {""year"": 2025, ""month"": 8, ""search_volume"": 140}]"
A5,liseuse tete de lit design,110,0.81,USD_DOCUMENTED,parent,False,,,,,"liseuse générale, mini-format non demandé",dataforseo_labs/google/keyword_suggestions/live,2026-09-03T11:47:40.664088+00:00,2026-09-03-test-decouverte-search-12/02-A5-discovery.json.gz,"[{""year"": 2026, ""month"": 7, ""search_volume"": 70}, {""year"": 2026, ""month"": 6, ""search_volume"": 90}, {""year"": 2026, ""month"": 5, ""search_volume"": 110}, {""year"": 2026, ""month"": 4, ""search_volume"": 110}, {""year"": 2026, ""month"": 3, ""search_volume"": 90}, {""year"": 2026, ""month"": 2, ""search_volume"": 110}, {""year"": 2026, ""month"": 1, ""search_volume"": 170}, {""year"": 2025, ""month"": 12, ""search_volume"": 90}, {""year"": 2025, ""month"": 11, ""search_volume"": 110}, {""year"": 2025, ""month"": 10, ""search_volume"": 140}, {""year"": 2025, ""month"": 9, ""search_volume"": 170}, {""year"": 2025, ""month"": 8, ""search_volume"": 110}]"
A5,liseuse partition,110,0.82,USD_DOCUMENTED,parent,False,,,,,"liseuse générale, mini-format non demandé",dataforseo_labs/google/keyword_suggestions/live,2026-09-03T11:47:40.664088+00:00,2026-09-03-test-decouverte-search-12/02-A5-discovery.json.gz,"[{""year"": 2026, ""month"": 7, ""search_volume"": 110}, {""year"": 2026, ""month"": 6, ""search_volume"": 110}, {""year"": 2026, ""month"": 5, ""search_volume"": 110}, {""year"": 2026, ""month"": 4, ""search_volume"": 70}, {""year"": 2026, ""month"": 3, ""search_volume"": 70}, {""year"": 2026, ""month"": 2, ""search_volume"": 90}, {""year"": 2026, ""month"": 1, ""search_volume"": 70}, {""year"": 2025, ""month"": 12, ""search_volume"": 140}, {""year"": 2025, ""month"": 11, ""search_volume"": 140}, {""year"": 2025, ""month"": 10, ""search_volume"": 110}, {""year"": 2025, ""month"": 9, ""search_volume"": 110}, {""year"": 2025, ""month"": 8, ""search_volume"": 110}]"
A5,liseuse tête de lit design,110,0.81,USD_DOCUMENTED,parent,False,,,,,"liseuse générale, mini-format non demandé",dataforseo_labs/google/keyword_suggestions/live,2026-09-03T11:47:40.664088+00:00,2026-09-03-test-decouverte-search-12/02-A5-discovery.json.gz,"[{""year"": 2026, ""month"": 7, ""search_volume"": 70}, {""year"": 2026, ""month"": 6, ""search_volume"": 90}, {""year"": 2026, ""month"": 5, ""search_volume"": 110}, {""year"": 2026, ""month"": 4, ""search_volume"": 110}, {""year"": 2026, ""month"": 3, ""search_volume"": 90}, {""year"": 2026, ""month"": 2, ""search_volume"": 110}, {""year"": 2026, ""month"": 1, ""search_volume"": 170}, {""year"": 2025, ""month"": 12, ""search_volume"": 90}, {""year"": 2025, ""month"": 11, ""search_volume"": 110}, {""year"": 2025, ""month"": 10, ""search_volume"": 140}, {""year"": 2025, ""month"": 9, ""search_volume"": 170}, {""year"": 2025, ""month"": 8, ""search_volume"": 110}]"
A5,liseuse de livre,110,0.3,USD_DOCUMENTED,parent,False,,,,,"liseuse générale, mini-format non demandé",dataforseo_labs/google/keyword_suggestions/live,2026-09-03T11:47:40.664088+00:00,2026-09-03-test-decouverte-search-12/02-A5-discovery.json.gz,"[{""year"": 2026, ""month"": 7, ""search_volume"": 70}, {""year"": 2026, ""month"": 6, ""search_volume"": 50}, {""year"": 2026, ""month"": 5, ""search_volume"": 70}, {""year"": 2026, ""month"": 4, ""search_volume"": 70}, {""year"": 2026, ""month"": 3, ""search_volume"": 70}, {""year"": 2026, ""month"": 2, ""search_volume"": 110}, {""year"": 2026, ""month"": 1, ""search_volume"": 110}, {""year"": 2025, ""month"": 12, ""search_volume"": 260}, {""year"": 2025, ""month"": 11, ""search_volume"": 170}, {""year"": 2025, ""month"": 10, ""search_volume"": 110}, {""year"": 2025, ""month"": 9, ""search_volume"": 90}, {""year"": 2025, ""month"": 8, ""search_volume"": 90}]"
A5,liseuse prise de note,110,0.83,USD_DOCUMENTED,parent,False,,,,,"liseuse générale, mini-format non demandé",dataforseo_labs/google/keyword_suggestions/live,2026-09-03T11:47:40.664088+00:00,2026-09-03-test-decouverte-search-12/02-A5-discovery.json.gz,"[{""year"": 2026, ""month"": 7, ""search_volume"": 70}, {""year"": 2026, ""month"": 6, ""search_volume"": 70}, {""year"": 2026, ""month"": 5, ""search_volume"": 90}, {""year"": 2026, ""month"": 4, ""search_volume"": 90}, {""year"": 2026, ""month"": 3, ""search_volume"": 90}, {""year"": 2026, ""month"": 2, ""search_volume"": 110}, {""year"": 2026, ""month"": 1, ""search_volume"": 110}, {""year"": 2025, ""month"": 12, ""search_volume"": 210}, {""year"": 2025, ""month"": 11, ""search_volume"": 210}, {""year"": 2025, ""month"": 10, ""search_volume"": 140}, {""year"": 2025, ""month"": 9, ""search_volume"": 170}, {""year"": 2025, ""month"": 8, ""search_volume"": 110}]"
A5,liseuse pour personne âgée,110,0.56,USD_DOCUMENTED,parent,False,,,,,"liseuse générale, mini-format non demandé",dataforseo_labs/google/keyword_suggestions/live,2026-09-03T11:47:40.664088+00:00,2026-09-03-test-decouverte-search-12/02-A5-discovery.json.gz,"[{""year"": 2026, ""month"": 7, ""search_volume"": 50}, {""year"": 2026, ""month"": 6, ""search_volume"": 70}, {""year"": 2026, ""month"": 5, ""search_volume"": 70}, {""year"": 2026, ""month"": 4, ""search_volume"": 70}, {""year"": 2026, ""month"": 3, ""search_volume"": 70}, {""year"": 2026, ""month"": 2, ""search_volume"": 70}, {""year"": 2026, ""month"": 1, ""search_volume"": 90}, {""year"": 2025, ""month"": 12, ""search_volume"": 260}, {""year"": 2025, ""month"": 11, ""search_volume"": 210}, {""year"": 2025, ""month"": 10, ""search_volume"": 90}, {""year"": 2025, ""month"": 9, ""search_volume"": 90}, {""year"": 2025, ""month"": 8, ""search_volume"": 110}]"
A5,liseuse sans lumière bleue,110,0.39,USD_DOCUMENTED,parent,False,,,,,"liseuse générale, mini-format non demandé",dataforseo_labs/google/keyword_suggestions/live,2026-09-03T11:47:40.664088+00:00,2026-09-03-test-decouverte-search-12/02-A5-discovery.json.gz,"[{""year"": 2026, ""month"": 7, ""search_volume"": 70}, {""year"": 2026, ""month"": 6, ""search_volume"": 70}, {""year"": 2026, ""month"": 5, ""search_volume"": 90}, {""year"": 2026, ""month"": 4, ""search_volume"": 90}, {""year"": 2026, ""month"": 3, ""search_volume"": 110}, {""year"": 2026, ""month"": 2, ""search_volume"": 90}, {""year"": 2026, ""month"": 1, ""search_volume"": 140}, {""year"": 2025, ""month"": 12, ""search_volume"": 170}, {""year"": 2025, ""month"": 11, ""search_volume"": 170}, {""year"": 2025, ""month"": 10, ""search_volume"": 110}, {""year"": 2025, ""month"": 9, ""search_volume"": 140}, {""year"": 2025, ""month"": 8, ""search_volume"": 170}]"
A5,liseuse cybook muse,110,0.18,USD_DOCUMENTED,parent,False,,,,,"liseuse générale, mini-format non demandé",dataforseo_labs/google/keyword_suggestions/live,2026-09-03T11:47:40.664088+00:00,2026-09-03-test-decouverte-search-12/02-A5-discovery.json.gz,"[{""year"": 2026, ""month"": 7, ""search_volume"": 90}, {""year"": 2026, ""month"": 6, ""search_volume"": 90}, {""year"": 2026, ""month"": 5, ""search_volume"": 140}, {""year"": 2026, ""month"": 4, ""search_volume"": 70}, {""year"": 2026, ""month"": 3, ""search_volume"": 90}, {""year"": 2026, ""month"": 2, ""search_volume"": 110}, {""year"": 2026, ""month"": 1, ""search_volume"": 140}, {""year"": 2025, ""month"": 12, ""search_volume"": 140}, {""year"": 2025, ""month"": 11, ""search_volume"": 140}, {""year"": 2025, ""month"": 10, ""search_volume"": 110}, {""year"": 2025, ""month"": 9, ""search_volume"": 110}, {""year"": 2025, ""month"": 8, ""search_volume"": 170}]"
A5,liseuse lumière bleue,110,0.68,USD_DOCUMENTED,parent,False,,,,,"liseuse générale, mini-format non demandé",dataforseo_labs/google/keyword_suggestions/live,2026-09-03T11:47:40.664088+00:00,2026-09-03-test-decouverte-search-12/02-A5-discovery.json.gz,"[{""year"": 2026, ""month"": 7, ""search_volume"": 90}, {""year"": 2026, ""month"": 6, ""search_volume"": 90}, {""year"": 2026, ""month"": 5, ""search_volume"": 140}, {""year"": 2026, ""month"": 4, ""search_volume"": 90}, {""year"": 2026, ""month"": 3, ""search_volume"": 90}, {""year"": 2026, ""month"": 2, ""search_volume"": 90}, {""year"": 2026, ""month"": 1, ""search_volume"": 110}, {""year"": 2025, ""month"": 12, ""search_volume"": 140}, {""year"": 2025, ""month"": 11, ""search_volume"": 110}, {""year"": 2025, ""month"": 10, ""search_volume"": 110}, {""year"": 2025, ""month"": 9, ""search_volume"": 110}, {""year"": 2025, ""month"": 8, ""search_volume"": 140}]"
A5,lire sur une liseuse,110,0.19,USD_DOCUMENTED,parent,False,,,,,"liseuse générale, mini-format non demandé",dataforseo_labs/google/keyword_suggestions/live,2026-09-03T11:47:40.664088+00:00,2026-09-03-test-decouverte-search-12/02-A5-discovery.json.gz,"[{""year"": 2026, ""month"": 7, ""search_volume"": 70}, {""year"": 2026, ""month"": 6, ""search_volume"": 40}, {""year"": 2026, ""month"": 5, ""search_volume"": 70}, {""year"": 2026, ""month"": 4, ""search_volume"": 50}, {""year"": 2026, ""month"": 3, ""search_volume"": 70}, {""year"": 2026, ""month"": 2, ""search_volume"": 110}, {""year"": 2026, ""month"": 1, ""search_volume"": 170}, {""year"": 2025, ""month"": 12, ""search_volume"": 210}, {""year"": 2025, ""month"": 11, ""search_volume"": 320}, {""year"": 2025, ""month"": 10, ""search_volume"": 110}, {""year"": 2025, ""month"": 9, ""search_volume"": 110}, {""year"": 2025, ""month"": 8, ""search_volume"": 140}]"
A5,ou faire reparer une liseuse kobo,110,1.19,USD_DOCUMENTED,information,True,,,,,"usage/SAV/risque, hors demande achat directe",dataforseo_labs/google/keyword_suggestions/live,2026-09-03T11:47:40.664088+00:00,2026-09-03-test-decouverte-search-12/02-A5-discovery.json.gz,"[{""year"": 2026, ""month"": 7, ""search_volume"": 50}, {""year"": 2026, ""month"": 6, ""search_volume"": 50}, {""year"": 2026, ""month"": 5, ""search_volume"": 50}, {""year"": 2026, ""month"": 4, ""search_volume"": 70}, {""year"": 2026, ""month"": 3, ""search_volume"": 90}, {""year"": 2026, ""month"": 2, ""search_volume"": 110}, {""year"": 2026, ""month"": 1, ""search_volume"": 110}, {""year"": 2025, ""month"": 12, ""search_volume"": 90}, {""year"": 2025, ""month"": 11, ""search_volume"": 110}, {""year"": 2025, ""month"": 10, ""search_volume"": 140}, {""year"": 2025, ""month"": 9, ""search_volume"": 170}, {""year"": 2025, ""month"": 8, ""search_volume"": 320}]"
A5,la liseuse peinture,110,0.05,USD_DOCUMENTED,parent,False,,,,,"liseuse générale, mini-format non demandé",dataforseo_labs/google/keyword_suggestions/live,2026-09-03T11:47:40.664088+00:00,2026-09-03-test-decouverte-search-12/02-A5-discovery.json.gz,"[{""year"": 2026, ""month"": 7, ""search_volume"": 70}, {""year"": 2026, ""month"": 6, ""search_volume"": 90}, {""year"": 2026, ""month"": 5, ""search_volume"": 110}, {""year"": 2026, ""month"": 4, ""search_volume"": 110}, {""year"": 2026, ""month"": 3, ""search_volume"": 110}, {""year"": 2026, ""month"": 2, ""search_volume"": 110}, {""year"": 2026, ""month"": 1, ""search_volume"": 140}, {""year"": 2025, ""month"": 12, ""search_volume"": 140}, {""year"": 2025, ""month"": 11, ""search_volume"": 140}, {""year"": 2025, ""month"": 10, ""search_volume"": 140}, {""year"": 2025, ""month"": 9, ""search_volume"": 110}, {""year"": 2025, ""month"": 8, ""search_volume"": 140}]"
A5,liseuse kindle sans publicité,110,0.57,USD_DOCUMENTED,parent,True,,,,,"liseuse générale, mini-format non demandé",dataforseo_labs/google/keyword_suggestions/live,2026-09-03T11:47:40.664088+00:00,2026-09-03-test-decouverte-search-12/02-A5-discovery.json.gz,"[{""year"": 2026, ""month"": 7, ""search_volume"": 70}, {""year"": 2026, ""month"": 6, ""search_volume"": 70}, {""year"": 2026, ""month"": 5, ""search_volume"": 90}, {""year"": 2026, ""month"": 4, ""search_volume"": 50}, {""year"": 2026, ""month"": 3, ""search_volume"": 50}, {""year"": 2026, ""month"": 2, ""search_volume"": 70}, {""year"": 2026, ""month"": 1, ""search_volume"": 140}, {""year"": 2025, ""month"": 12, ""search_volume"": 480}, {""year"": 2025, ""month"": 11, ""search_volume"": 210}, {""year"": 2025, ""month"": 10, ""search_volume"": 70}, {""year"": 2025, ""month"": 9, ""search_volume"": 50}, {""year"": 2025, ""month"": 8, ""search_volume"": 50}]"
A5,liseuse kindle sans pub,110,0.57,USD_DOCUMENTED,parent,True,,,,,"liseuse générale, mini-format non demandé",dataforseo_labs/google/keyword_suggestions/live,2026-09-03T11:47:40.664088+00:00,2026-09-03-test-decouverte-search-12/02-A5-discovery.json.gz,"[{""year"": 2026, ""month"": 7, ""search_volume"": 70}, {""year"": 2026, ""month"": 6, ""search_volume"": 70}, {""year"": 2026, ""month"": 5, ""search_volume"": 90}, {""year"": 2026, ""month"": 4, ""search_volume"": 50}, {""year"": 2026, ""month"": 3, ""search_volume"": 50}, {""year"": 2026, ""month"": 2, ""search_volume"": 70}, {""year"": 2026, ""month"": 1, ""search_volume"": 140}, {""year"": 2025, ""month"": 12, ""search_volume"": 480}, {""year"": 2025, ""month"": 11, ""search_volume"": 210}, {""year"": 2025, ""month"": 10, ""search_volume"": 70}, {""year"": 2025, ""month"": 9, ""search_volume"": 50}, {""year"": 2025, ""month"": 8, ""search_volume"": 50}]"
A5,ou faire réparer une liseuse kobo,110,1.19,USD_DOCUMENTED,information,True,,,,,"usage/SAV/risque, hors demande achat directe",dataforseo_labs/google/keyword_suggestions/live,2026-09-03T11:47:40.664088+00:00,2026-09-03-test-decouverte-search-12/02-A5-discovery.json.gz,"[{""year"": 2026, ""month"": 7, ""search_volume"": 50}, {""year"": 2026, ""month"": 6, ""search_volume"": 50}, {""year"": 2026, ""month"": 5, ""search_volume"": 50}, {""year"": 2026, ""month"": 4, ""search_volume"": 70}, {""year"": 2026, ""month"": 3, ""search_volume"": 90}, {""year"": 2026, ""month"": 2, ""search_volume"": 110}, {""year"": 2026, ""month"": 1, ""search_volume"": 110}, {""year"": 2025, ""month"": 12, ""search_volume"": 90}, {""year"": 2025, ""month"": 11, ""search_volume"": 110}, {""year"": 2025, ""month"": 10, ""search_volume"": 140}, {""year"": 2025, ""month"": 9, ""search_volume"": 170}, {""year"": 2025, ""month"": 8, ""search_volume"": 320}]"
A5,mode d'emploi liseuse vivlio,110,,USD_DOCUMENTED,information,True,,,,,"usage/SAV/risque, hors demande achat directe",dataforseo_labs/google/keyword_suggestions/live,2026-09-03T11:47:40.664088+00:00,2026-09-03-test-decouverte-search-12/02-A5-discovery.json.gz,"[{""year"": 2026, ""month"": 7, ""search_volume"": 90}, {""year"": 2026, ""month"": 6, ""search_volume"": 90}, {""year"": 2026, ""month"": 5, ""search_volume"": 90}, {""year"": 2026, ""month"": 4, ""search_volume"": 110}, {""year"": 2026, ""month"": 3, ""search_volume"": 110}, {""year"": 2026, ""month"": 2, ""search_volume"": 140}, {""year"": 2026, ""month"": 1, ""search_volume"": 170}, {""year"": 2025, ""month"": 12, ""search_volume"": 140}, {""year"": 2025, ""month"": 11, ""search_volume"": 110}, {""year"": 2025, ""month"": 10, ""search_volume"": 90}, {""year"": 2025, ""month"": 9, ""search_volume"": 70}, {""year"": 2025, ""month"": 8, ""search_volume"": 110}]"
A5,liseuse prise de notes,110,0.83,USD_DOCUMENTED,parent,False,,,,,"liseuse générale, mini-format non demandé",dataforseo_labs/google/keyword_suggestions/live,2026-09-03T11:47:40.664088+00:00,2026-09-03-test-decouverte-search-12/02-A5-discovery.json.gz,"[{""year"": 2026, ""month"": 7, ""search_volume"": 70}, {""year"": 2026, ""month"": 6, ""search_volume"": 70}, {""year"": 2026, ""month"": 5, ""search_volume"": 90}, {""year"": 2026, ""month"": 4, ""search_volume"": 90}, {""year"": 2026, ""month"": 3, ""search_volume"": 90}, {""year"": 2026, ""month"": 2, ""search_volume"": 110}, {""year"": 2026, ""month"": 1, ""search_volume"": 110}, {""year"": 2025, ""month"": 12, ""search_volume"": 210}, {""year"": 2025, ""month"": 11, ""search_volume"": 210}, {""year"": 2025, ""month"": 10, ""search_volume"": 140}, {""year"": 2025, ""month"": 9, ""search_volume"": 170}, {""year"": 2025, ""month"": 8, ""search_volume"": 110}]"
A5,liseuse étanche,110,0.31,USD_DOCUMENTED,parent,False,,,,,"liseuse générale, mini-format non demandé",dataforseo_labs/google/keyword_suggestions/live,2026-09-03T11:47:40.664088+00:00,2026-09-03-test-decouverte-search-12/02-A5-discovery.json.gz,"[{""year"": 2026, ""month"": 7, ""search_volume"": 210}, {""year"": 2026, ""month"": 6, ""search_volume"": 110}, {""year"": 2026, ""month"": 5, ""search_volume"": 110}, {""year"": 2026, ""month"": 4, ""search_volume"": 70}, {""year"": 2026, ""month"": 3, ""search_volume"": 50}, {""year"": 2026, ""month"": 2, ""search_volume"": 70}, {""year"": 2026, ""month"": 1, ""search_volume"": 90}, {""year"": 2025, ""month"": 12, ""search_volume"": 140}, {""year"": 2025, ""month"": 11, ""search_volume"": 140}, {""year"": 2025, ""month"": 10, ""search_volume"": 70}, {""year"": 2025, ""month"": 9, ""search_volume"": 70}, {""year"": 2025, ""month"": 8, ""search_volume"": 170}]"
A5,liseuse kobo amazon,90,0.24,USD_DOCUMENTED,parent,True,,,,,"liseuse générale, mini-format non demandé",dataforseo_labs/google/keyword_suggestions/live,2026-09-03T11:47:40.664088+00:00,2026-09-03-test-decouverte-search-12/02-A5-discovery.json.gz,"[{""year"": 2026, ""month"": 7, ""search_volume"": 110}, {""year"": 2026, ""month"": 6, ""search_volume"": 90}, {""year"": 2026, ""month"": 5, ""search_volume"": 90}, {""year"": 2026, ""month"": 4, ""search_volume"": 70}, {""year"": 2026, ""month"": 3, ""search_volume"": 70}, {""year"": 2026, ""month"": 2, ""search_volume"": 50}, {""year"": 2026, ""month"": 1, ""search_volume"": 90}, {""year"": 2025, ""month"": 12, ""search_volume"": 170}, {""year"": 2025, ""month"": 11, ""search_volume"": 170}, {""year"": 2025, ""month"": 10, ""search_volume"": 90}, {""year"": 2025, ""month"": 9, ""search_volume"": 70}, {""year"": 2025, ""month"": 8, ""search_volume"": 110}]"
A5,liseuse tablette samsung,90,0.19,USD_DOCUMENTED,parent,False,,,,,"liseuse générale, mini-format non demandé",dataforseo_labs/google/keyword_suggestions/live,2026-09-03T11:47:40.664088+00:00,2026-09-03-test-decouverte-search-12/02-A5-discovery.json.gz,"[{""year"": 2026, ""month"": 7, ""search_volume"": 50}, {""year"": 2026, ""month"": 6, ""search_volume"": 50}, {""year"": 2026, ""month"": 5, ""search_volume"": 40}, {""year"": 2026, ""month"": 4, ""search_volume"": 40}, {""year"": 2026, ""month"": 3, ""search_volume"": 70}, {""year"": 2026, ""month"": 2, ""search_volume"": 70}, {""year"": 2026, ""month"": 1, ""search_volume"": 110}, {""year"": 2025, ""month"": 12, ""search_volume"": 110}, {""year"": 2025, ""month"": 11, ""search_volume"": 110}, {""year"": 2025, ""month"": 10, ""search_volume"": 70}, {""year"": 2025, ""month"": 9, ""search_volume"": 40}, {""year"": 2025, ""month"": 8, ""search_volume"": 170}]"
A5,quelle liseuse kobo choisir,90,0.34,USD_DOCUMENTED,parent,True,,,,,"liseuse générale, mini-format non demandé",dataforseo_labs/google/keyword_suggestions/live,2026-09-03T11:47:40.664088+00:00,2026-09-03-test-decouverte-search-12/02-A5-discovery.json.gz,"[{""year"": 2026, ""month"": 7, ""search_volume"": 90}, {""year"": 2026, ""month"": 6, ""search_volume"": 70}, {""year"": 2026, ""month"": 5, ""search_volume"": 70}, {""year"": 2026, ""month"": 4, ""search_volume"": 50}, {""year"": 2026, ""month"": 3, ""search_volume"": 70}, {""year"": 2026, ""month"": 2, ""search_volume"": 70}, {""year"": 2026, ""month"": 1, ""search_volume"": 90}, {""year"": 2025, ""month"": 12, ""search_volume"": 140}, {""year"": 2025, ""month"": 11, ""search_volume"": 140}, {""year"": 2025, ""month"": 10, ""search_volume"": 70}, {""year"": 2025, ""month"": 9, ""search_volume"": 70}, {""year"": 2025, ""month"": 8, ""search_volume"": 90}]"
A5,liseuse gratuit,90,1.45,USD_DOCUMENTED,incompatible,False,,,,,"lampe, logiciel, contenu ou sens non appareil",dataforseo_labs/google/keyword_suggestions/live,2026-09-03T11:47:40.664088+00:00,2026-09-03-test-decouverte-search-12/02-A5-discovery.json.gz,"[{""year"": 2026, ""month"": 7, ""search_volume"": 90}, {""year"": 2026, ""month"": 6, ""search_volume"": 70}, {""year"": 2026, ""month"": 5, ""search_volume"": 90}, {""year"": 2026, ""month"": 4, ""search_volume"": 90}, {""year"": 2026, ""month"": 3, ""search_volume"": 90}, {""year"": 2026, ""month"": 2, ""search_volume"": 70}, {""year"": 2026, ""month"": 1, ""search_volume"": 110}, {""year"": 2025, ""month"": 12, ""search_volume"": 110}, {""year"": 2025, ""month"": 11, ""search_volume"": 90}, {""year"": 2025, ""month"": 10, ""search_volume"": 140}, {""year"": 2025, ""month"": 9, ""search_volume"": 110}, {""year"": 2025, ""month"": 8, ""search_volume"": 90}]"
A5,liseuse en bois,90,0.92,USD_DOCUMENTED,parent,False,,,,,"liseuse générale, mini-format non demandé",dataforseo_labs/google/keyword_suggestions/live,2026-09-03T11:47:40.664088+00:00,2026-09-03-test-decouverte-search-12/02-A5-discovery.json.gz,"[{""year"": 2026, ""month"": 7, ""search_volume"": 70}, {""year"": 2026, ""month"": 6, ""search_volume"": 70}, {""year"": 2026, ""month"": 5, ""search_volume"": 70}, {""year"": 2026, ""month"": 4, ""search_volume"": 70}, {""year"": 2026, ""month"": 3, ""search_volume"": 90}, {""year"": 2026, ""month"": 2, ""search_volume"": 110}, {""year"": 2026, ""month"": 1, ""search_volume"": 110}, {""year"": 2025, ""month"": 12, ""search_volume"": 140}, {""year"": 2025, ""month"": 11, ""search_volume"": 170}, {""year"": 2025, ""month"": 10, ""search_volume"": 140}, {""year"": 2025, ""month"": 9, ""search_volume"": 90}, {""year"": 2025, ""month"": 8, ""search_volume"": 90}]"
A5,la meilleure liseuse 2025,90,0.36,USD_DOCUMENTED,parent,False,,,,,"liseuse générale, mini-format non demandé",dataforseo_labs/google/keyword_suggestions/live,2026-09-03T11:47:40.664088+00:00,2026-09-03-test-decouverte-search-12/02-A5-discovery.json.gz,"[{""year"": 2026, ""month"": 7, ""search_volume"": 10}, {""year"": 2026, ""month"": 6, ""search_volume"": 10}, {""year"": 2026, ""month"": 5, ""search_volume"": 10}, {""year"": 2026, ""month"": 4, ""search_volume"": 10}, {""year"": 2026, ""month"": 3, ""search_volume"": 20}, {""year"": 2026, ""month"": 2, ""search_volume"": 40}, {""year"": 2026, ""month"": 1, ""search_volume"": 70}, {""year"": 2025, ""month"": 12, ""search_volume"": 170}, {""year"": 2025, ""month"": 11, ""search_volume"": 260}, {""year"": 2025, ""month"": 10, ""search_volume"": 140}, {""year"": 2025, ""month"": 9, ""search_volume"": 110}, {""year"": 2025, ""month"": 8, ""search_volume"": 140}]"
A5,amazon liseuse kobo,90,0.35,USD_DOCUMENTED,parent,True,,,,,"liseuse générale, mini-format non demandé",dataforseo_labs/google/keyword_suggestions/live,2026-09-03T11:47:40.664088+00:00,2026-09-03-test-decouverte-search-12/02-A5-discovery.json.gz,"[{""year"": 2026, ""month"": 7, ""search_volume"": 70}, {""year"": 2026, ""month"": 6, ""search_volume"": 70}, {""year"": 2026, ""month"": 5, ""search_volume"": 70}, {""year"": 2026, ""month"": 4, ""search_volume"": 50}, {""year"": 2026, ""month"": 3, ""search_volume"": 70}, {""year"": 2026, ""month"": 2, ""search_volume"": 70}, {""year"": 2026, ""month"": 1, ""search_volume"": 110}, {""year"": 2025, ""month"": 12, ""search_volume"": 140}, {""year"": 2025, ""month"": 11, ""search_volume"": 170}, {""year"": 2025, ""month"": 10, ""search_volume"": 70}, {""year"": 2025, ""month"": 9, ""search_volume"": 90}, {""year"": 2025, ""month"": 8, ""search_volume"": 140}]"
A5,liseuse sur pied led,90,0.5,USD_DOCUMENTED,incompatible,False,,,,,"lampe, logiciel, contenu ou sens non appareil",dataforseo_labs/google/keyword_suggestions/live,2026-09-03T11:47:40.664088+00:00,2026-09-03-test-decouverte-search-12/02-A5-discovery.json.gz,"[{""year"": 2026, ""month"": 7, ""search_volume"": 70}, {""year"": 2026, ""month"": 6, ""search_volume"": 40}, {""year"": 2026, ""month"": 5, ""search_volume"": 30}, {""year"": 2026, ""month"": 4, ""search_volume"": 70}, {""year"": 2026, ""month"": 3, ""search_volume"": 70}, {""year"": 2026, ""month"": 2, ""search_volume"": 70}, {""year"": 2026, ""month"": 1, ""search_volume"": 140}, {""year"": 2025, ""month"": 12, ""search_volume"": 170}, {""year"": 2025, ""month"": 11, ""search_volume"": 170}, {""year"": 2025, ""month"": 10, ""search_volume"": 90}, {""year"": 2025, ""month"": 9, ""search_volume"": 70}, {""year"": 2025, ""month"": 8, ""search_volume"": 40}]"
A5,housse liseuse kobo libra 2,90,0.28,USD_DOCUMENTED,incompatible,True,,,,,"lampe, logiciel, contenu ou sens non appareil",dataforseo_labs/google/keyword_suggestions/live,2026-09-03T11:47:40.664088+00:00,2026-09-03-test-decouverte-search-12/02-A5-discovery.json.gz,"[{""year"": 2026, ""month"": 7, ""search_volume"": 90}, {""year"": 2026, ""month"": 6, ""search_volume"": 70}, {""year"": 2026, ""month"": 5, ""search_volume"": 50}, {""year"": 2026, ""month"": 4, ""search_volume"": 50}, {""year"": 2026, ""month"": 3, ""search_volume"": 70}, {""year"": 2026, ""month"": 2, ""search_volume"": 70}, {""year"": 2026, ""month"": 1, ""search_volume"": 90}, {""year"": 2025, ""month"": 12, ""search_volume"": 210}, {""year"": 2025, ""month"": 11, ""search_volume"": 110}, {""year"": 2025, ""month"": 10, ""search_volume"": 90}, {""year"": 2025, ""month"": 9, ""search_volume"": 70}, {""year"": 2025, ""month"": 8, ""search_volume"": 110}]"
A5,lampe chevet liseuse,90,0.93,USD_DOCUMENTED,incompatible,False,,,,,"lampe, logiciel, contenu ou sens non appareil",dataforseo_labs/google/keyword_suggestions/live,2026-09-03T11:47:40.664088+00:00,2026-09-03-test-decouverte-search-12/02-A5-discovery.json.gz,"[{""year"": 2026, ""month"": 7, ""search_volume"": 70}, {""year"": 2026, ""month"": 6, ""search_volume"": 50}, {""year"": 2026, ""month"": 5, ""search_volume"": 90}, {""year"": 2026, ""month"": 4, ""search_volume"": 50}, {""year"": 2026, ""month"": 3, ""search_volume"": 70}, {""year"": 2026, ""month"": 2, ""search_volume"": 90}, {""year"": 2026, ""month"": 1, ""search_volume"": 90}, {""year"": 2025, ""month"": 12, ""search_volume"": 110}, {""year"": 2025, ""month"": 11, ""search_volume"": 110}, {""year"": 2025, ""month"": 10, ""search_volume"": 70}, {""year"": 2025, ""month"": 9, ""search_volume"": 90}, {""year"": 2025, ""month"": 8, ""search_volume"": 90}]"
A5,réinitialiser liseuse kobo,90,,USD_DOCUMENTED,parent,True,,,,,"liseuse générale, mini-format non demandé",dataforseo_labs/google/keyword_suggestions/live,2026-09-03T11:47:40.664088+00:00,2026-09-03-test-decouverte-search-12/02-A5-discovery.json.gz,"[{""year"": 2026, ""month"": 7, ""search_volume"": 70}, {""year"": 2026, ""month"": 6, ""search_volume"": 50}, {""year"": 2026, ""month"": 5, ""search_volume"": 50}, {""year"": 2026, ""month"": 4, ""search_volume"": 70}, {""year"": 2026, ""month"": 3, ""search_volume"": 70}, {""year"": 2026, ""month"": 2, ""search_volume"": 50}, {""year"": 2026, ""month"": 1, ""search_volume"": 90}, {""year"": 2025, ""month"": 12, ""search_volume"": 110}, {""year"": 2025, ""month"": 11, ""search_volume"": 90}, {""year"": 2025, ""month"": 10, ""search_volume"": 90}, {""year"": 2025, ""month"": 9, ""search_volume"": 140}, {""year"": 2025, ""month"": 8, ""search_volume"": 210}]"
A5,modèle tricot liseuse phildar,90,,USD_DOCUMENTED,parent,False,,,,,"liseuse générale, mini-format non demandé",dataforseo_labs/google/keyword_suggestions/live,2026-09-03T11:47:40.664088+00:00,2026-09-03-test-decouverte-search-12/02-A5-discovery.json.gz,"[{""year"": 2026, ""month"": 7, ""search_volume"": 20}, {""year"": 2026, ""month"": 6, ""search_volume"": 20}, {""year"": 2026, ""month"": 5, ""search_volume"": 50}, {""year"": 2026, ""month"": 4, ""search_volume"": 40}, {""year"": 2026, ""month"": 3, ""search_volume"": 70}, {""year"": 2026, ""month"": 2, ""search_volume"": 90}, {""year"": 2026, ""month"": 1, ""search_volume"": 110}, {""year"": 2025, ""month"": 12, ""search_volume"": 90}, {""year"": 2025, ""month"": 11, ""search_volume"": 170}, {""year"": 2025, ""month"": 10, ""search_volume"": 210}, {""year"": 2025, ""month"": 9, ""search_volume"": 170}, {""year"": 2025, ""month"": 8, ""search_volume"": 90}]"
A5,manga sur liseuse,90,1.88,USD_DOCUMENTED,parent,False,,,,,"liseuse générale, mini-format non demandé",dataforseo_labs/google/keyword_suggestions/live,2026-09-03T11:47:40.664088+00:00,2026-09-03-test-decouverte-search-12/02-A5-discovery.json.gz,"[{""year"": 2026, ""month"": 7, ""search_volume"": 90}, {""year"": 2026, ""month"": 6, ""search_volume"": 70}, {""year"": 2026, ""month"": 5, ""search_volume"": 90}, {""year"": 2026, ""month"": 4, ""search_volume"": 70}, {""year"": 2026, ""month"": 3, ""search_volume"": 70}, {""year"": 2026, ""month"": 2, ""search_volume"": 70}, {""year"": 2026, ""month"": 1, ""search_volume"": 90}, {""year"": 2025, ""month"": 12, ""search_volume"": 140}, {""year"": 2025, ""month"": 11, ""search_volume"": 170}, {""year"": 2025, ""month"": 10, ""search_volume"": 90}, {""year"": 2025, ""month"": 9, ""search_volume"": 90}, {""year"": 2025, ""month"": 8, ""search_volume"": 140}]"
A5,comparatif liseuse kobo et kindle,90,0.22,USD_DOCUMENTED,parent,True,,,,,"liseuse générale, mini-format non demandé",dataforseo_labs/google/keyword_suggestions/live,2026-09-03T11:47:40.664088+00:00,2026-09-03-test-decouverte-search-12/02-A5-discovery.json.gz,"[{""year"": 2026, ""month"": 7, ""search_volume"": 50}, {""year"": 2026, ""month"": 6, ""search_volume"": 70}, {""year"": 2026, ""month"": 5, ""search_volume"": 70}, {""year"": 2026, ""month"": 4, ""search_volume"": 40}, {""year"": 2026, ""month"": 3, ""search_volume"": 50}, {""year"": 2026, ""month"": 2, ""search_volume"": 50}, {""year"": 2026, ""month"": 1, ""search_volume"": 90}, {""year"": 2025, ""month"": 12, ""search_volume"": 140}, {""year"": 2025, ""month"": 11, ""search_volume"": 170}, {""year"": 2025, ""month"": 10, ""search_volume"": 90}, {""year"": 2025, ""month"": 9, ""search_volume"": 50}, {""year"": 2025, ""month"": 8, ""search_volume"": 90}]"
A5,tuto housse liseuse kobo,90,0.08,USD_DOCUMENTED,information,True,,,,,"usage/SAV/risque, hors demande achat directe",dataforseo_labs/google/keyword_suggestions/live,2026-09-03T11:47:40.664088+00:00,2026-09-03-test-decouverte-search-12/02-A5-discovery.json.gz,"[{""year"": 2026, ""month"": 7, ""search_volume"": 90}, {""year"": 2026, ""month"": 6, ""search_volume"": 50}, {""year"": 2026, ""month"": 5, ""search_volume"": 50}, {""year"": 2026, ""month"": 4, ""search_volume"": 50}, {""year"": 2026, ""month"": 3, ""search_volume"": 90}, {""year"": 2026, ""month"": 2, ""search_volume"": 90}, {""year"": 2026, ""month"": 1, ""search_volume"": 140}, {""year"": 2025, ""month"": 12, ""search_volume"": 170}, {""year"": 2025, ""month"": 11, ""search_volume"": 140}, {""year"": 2025, ""month"": 10, ""search_volume"": 90}, {""year"": 2025, ""month"": 9, ""search_volume"": 110}, {""year"": 2025, ""month"": 8, ""search_volume"": 90}]"
A5,liseuse cultura avis,90,0.13,USD_DOCUMENTED,parent,True,,,,,"liseuse générale, mini-format non demandé",dataforseo_labs/google/keyword_suggestions/live,2026-09-03T11:47:40.664088+00:00,2026-09-03-test-decouverte-search-12/02-A5-discovery.json.gz,"[{""year"": 2026, ""month"": 7, ""search_volume"": 50}, {""year"": 2026, ""month"": 6, ""search_volume"": 50}, {""year"": 2026, ""month"": 5, ""search_volume"": 50}, {""year"": 2026, ""month"": 4, ""search_volume"": 50}, {""year"": 2026, ""month"": 3, ""search_volume"": 70}, {""year"": 2026, ""month"": 2, ""search_volume"": 90}, {""year"": 2026, ""month"": 1, ""search_volume"": 70}, {""year"": 2025, ""month"": 12, ""search_volume"": 170}, {""year"": 2025, ""month"": 11, ""search_volume"": 210}, {""year"": 2025, ""month"": 10, ""search_volume"": 110}, {""year"": 2025, ""month"": 9, ""search_volume"": 90}, {""year"": 2025, ""month"": 8, ""search_volume"": 90}]"
A5,liseuse enduit,90,0.19,USD_DOCUMENTED,parent,False,,,,,"liseuse générale, mini-format non demandé",dataforseo_labs/google/keyword_suggestions/live,2026-09-03T11:47:40.664088+00:00,2026-09-03-test-decouverte-search-12/02-A5-discovery.json.gz,"[{""year"": 2026, ""month"": 7, ""search_volume"": 70}, {""year"": 2026, ""month"": 6, ""search_volume"": 70}, {""year"": 2026, ""month"": 5, ""search_volume"": 90}, {""year"": 2026, ""month"": 4, ""search_volume"": 110}, {""year"": 2026, ""month"": 3, ""search_volume"": 110}, {""year"": 2026, ""month"": 2, ""search_volume"": 90}, {""year"": 2026, ""month"": 1, ""search_volume"": 90}, {""year"": 2025, ""month"": 12, ""search_volume"": 70}, {""year"": 2025, ""month"": 11, ""search_volume"": 110}, {""year"": 2025, ""month"": 10, ""search_volume"": 110}, {""year"": 2025, ""month"": 9, ""search_volume"": 70}, {""year"": 2025, ""month"": 8, ""search_volume"": 70}]"
A5,tableau la liseuse prix,90,0.02,USD_DOCUMENTED,parent,False,,,,,"liseuse générale, mini-format non demandé",dataforseo_labs/google/keyword_suggestions/live,2026-09-03T11:47:40.664088+00:00,2026-09-03-test-decouverte-search-12/02-A5-discovery.json.gz,"[{""year"": 2026, ""month"": 7, ""search_volume"": 170}, {""year"": 2026, ""month"": 6, ""search_volume"": 110}, {""year"": 2026, ""month"": 5, ""search_volume"": 170}, {""year"": 2026, ""month"": 4, ""search_volume"": 90}, {""year"": 2026, ""month"": 3, ""search_volume"": 90}, {""year"": 2026, ""month"": 2, ""search_volume"": 110}, {""year"": 2026, ""month"": 1, ""search_volume"": 90}, {""year"": 2025, ""month"": 12, ""search_volume"": 50}, {""year"": 2025, ""month"": 11, ""search_volume"": 70}, {""year"": 2025, ""month"": 10, ""search_volume"": 70}, {""year"": 2025, ""month"": 9, ""search_volume"": 70}, {""year"": 2025, ""month"": 8, ""search_volume"": 90}]"
A5,fond d'écran liseuse,90,,USD_DOCUMENTED,parent,False,,,,,"liseuse générale, mini-format non demandé",dataforseo_labs/google/keyword_suggestions/live,2026-09-03T11:47:40.664088+00:00,2026-09-03-test-decouverte-search-12/02-A5-discovery.json.gz,"[{""year"": 2026, ""month"": 7, ""search_volume"": 90}, {""year"": 2026, ""month"": 6, ""search_volume"": 50}, {""year"": 2026, ""month"": 5, ""search_volume"": 70}, {""year"": 2026, ""month"": 4, ""search_volume"": 70}, {""year"": 2026, ""month"": 3, ""search_volume"": 50}, {""year"": 2026, ""month"": 2, ""search_volume"": 70}, {""year"": 2026, ""month"": 1, ""search_volume"": 110}, {""year"": 2025, ""month"": 12, ""search_volume"": 140}, {""year"": 2025, ""month"": 11, ""search_volume"": 70}, {""year"": 2025, ""month"": 10, ""search_volume"": 70}, {""year"": 2025, ""month"": 9, ""search_volume"": 90}, {""year"": 2025, ""month"": 8, ""search_volume"": 140}]"
A5,liseuse inkpad 4,90,0.65,USD_DOCUMENTED,parent,False,,,,,"liseuse générale, mini-format non demandé",dataforseo_labs/google/keyword_suggestions/live,2026-09-03T11:47:40.664088+00:00,2026-09-03-test-decouverte-search-12/02-A5-discovery.json.gz,"[{""year"": 2026, ""month"": 7, ""search_volume"": 50}, {""year"": 2026, ""month"": 6, ""search_volume"": 70}, {""year"": 2026, ""month"": 5, ""search_volume"": 70}, {""year"": 2026, ""month"": 4, ""search_volume"": 70}, {""year"": 2026, ""month"": 3, ""search_volume"": 90}, {""year"": 2026, ""month"": 2, ""search_volume"": 70}, {""year"": 2026, ""month"": 1, ""search_volume"": 70}, {""year"": 2025, ""month"": 12, ""search_volume"": 170}, {""year"": 2025, ""month"": 11, ""search_volume"": 210}, {""year"": 2025, ""month"": 10, ""search_volume"": 90}, {""year"": 2025, ""month"": 9, ""search_volume"": 70}, {""year"": 2025, ""month"": 8, ""search_volume"": 90}]"
A5,liseuse bois,90,0.92,USD_DOCUMENTED,parent,False,,,,,"liseuse générale, mini-format non demandé",dataforseo_labs/google/keyword_suggestions/live,2026-09-03T11:47:40.664088+00:00,2026-09-03-test-decouverte-search-12/02-A5-discovery.json.gz,"[{""year"": 2026, ""month"": 7, ""search_volume"": 70}, {""year"": 2026, ""month"": 6, ""search_volume"": 70}, {""year"": 2026, ""month"": 5, ""search_volume"": 70}, {""year"": 2026, ""month"": 4, ""search_volume"": 70}, {""year"": 2026, ""month"": 3, ""search_volume"": 90}, {""year"": 2026, ""month"": 2, ""search_volume"": 110}, {""year"": 2026, ""month"": 1, ""search_volume"": 110}, {""year"": 2025, ""month"": 12, ""search_volume"": 140}, {""year"": 2025, ""month"": 11, ""search_volume"": 170}, {""year"": 2025, ""month"": 10, ""search_volume"": 140}, {""year"": 2025, ""month"": 9, ""search_volume"": 90}, {""year"": 2025, ""month"": 8, ""search_volume"": 90}]"
A5,la liseuse monet,90,,USD_DOCUMENTED,parent,False,,,,,"liseuse générale, mini-format non demandé",dataforseo_labs/google/keyword_suggestions/live,2026-09-03T11:47:40.664088+00:00,2026-09-03-test-decouverte-search-12/02-A5-discovery.json.gz,"[{""year"": 2026, ""month"": 7, ""search_volume"": 50}, {""year"": 2026, ""month"": 6, ""search_volume"": 70}, {""year"": 2026, ""month"": 5, ""search_volume"": 90}, {""year"": 2026, ""month"": 4, ""search_volume"": 110}, {""year"": 2026, ""month"": 3, ""search_volume"": 140}, {""year"": 2026, ""month"": 2, ""search_volume"": 110}, {""year"": 2026, ""month"": 1, ""search_volume"": 90}, {""year"": 2025, ""month"": 12, ""search_volume"": 70}, {""year"": 2025, ""month"": 11, ""search_volume"": 50}, {""year"": 2025, ""month"": 10, ""search_volume"": 110}, {""year"": 2025, ""month"": 9, ""search_volume"": 70}, {""year"": 2025, ""month"": 8, ""search_volume"": 70}]"
A5,lampe liseuse sur pied design,90,0.4,USD_DOCUMENTED,incompatible,False,,,,,"lampe, logiciel, contenu ou sens non appareil",dataforseo_labs/google/keyword_suggestions/live,2026-09-03T11:47:40.664088+00:00,2026-09-03-test-decouverte-search-12/02-A5-discovery.json.gz,"[{""year"": 2026, ""month"": 7, ""search_volume"": 70}, {""year"": 2026, ""month"": 6, ""search_volume"": 40}, {""year"": 2026, ""month"": 5, ""search_volume"": 40}, {""year"": 2026, ""month"": 4, ""search_volume"": 50}, {""year"": 2026, ""month"": 3, ""search_volume"": 70}, {""year"": 2026, ""month"": 2, ""search_volume"": 90}, {""year"": 2026, ""month"": 1, ""search_volume"": 170}, {""year"": 2025, ""month"": 12, ""search_volume"": 110}, {""year"": 2025, ""month"": 11, ""search_volume"": 210}, {""year"": 2025, ""month"": 10, ""search_volume"": 90}, {""year"": 2025, ""month"": 9, ""search_volume"": 110}, {""year"": 2025, ""month"": 8, ""search_volume"": 70}]"
A5,applique murale liseuse chambre,90,1.21,USD_DOCUMENTED,parent,False,,,,,"liseuse générale, mini-format non demandé",dataforseo_labs/google/keyword_suggestions/live,2026-09-03T11:47:40.664088+00:00,2026-09-03-test-decouverte-search-12/02-A5-discovery.json.gz,"[{""year"": 2026, ""month"": 7, ""search_volume"": 90}, {""year"": 2026, ""month"": 6, ""search_volume"": 70}, {""year"": 2026, ""month"": 5, ""search_volume"": 70}, {""year"": 2026, ""month"": 4, ""search_volume"": 50}, {""year"": 2026, ""month"": 3, ""search_volume"": 70}, {""year"": 2026, ""month"": 2, ""search_volume"": 140}, {""year"": 2026, ""month"": 1, ""search_volume"": 170}, {""year"": 2025, ""month"": 12, ""search_volume"": 110}, {""year"": 2025, ""month"": 11, ""search_volume"": 90}, {""year"": 2025, ""month"": 10, ""search_volume"": 90}, {""year"": 2025, ""month"": 9, ""search_volume"": 90}, {""year"": 2025, ""month"": 8, ""search_volume"": 70}]"
A5,application liseuse gratuite,90,0.93,USD_DOCUMENTED,incompatible,False,,,,,"lampe, logiciel, contenu ou sens non appareil",dataforseo_labs/google/keyword_suggestions/live,2026-09-03T11:47:40.664088+00:00,2026-09-03-test-decouverte-search-12/02-A5-discovery.json.gz,"[{""year"": 2026, ""month"": 7, ""search_volume"": 50}, {""year"": 2026, ""month"": 6, ""search_volume"": 90}, {""year"": 2026, ""month"": 5, ""search_volume"": 90}, {""year"": 2026, ""month"": 4, ""search_volume"": 70}, {""year"": 2026, ""month"": 3, ""search_volume"": 70}, {""year"": 2026, ""month"": 2, ""search_volume"": 90}, {""year"": 2026, ""month"": 1, ""search_volume"": 110}, {""year"": 2025, ""month"": 12, ""search_volume"": 140}, {""year"": 2025, ""month"": 11, ""search_volume"": 110}, {""year"": 2025, ""month"": 10, ""search_volume"": 110}, {""year"": 2025, ""month"": 9, ""search_volume"": 110}, {""year"": 2025, ""month"": 8, ""search_volume"": 70}]"
A5,liseuse d'histoire,90,0.72,USD_DOCUMENTED,parent,False,,,,,"liseuse générale, mini-format non demandé",dataforseo_labs/google/keyword_suggestions/live,2026-09-03T11:47:40.664088+00:00,2026-09-03-test-decouverte-search-12/02-A5-discovery.json.gz,"[{""year"": 2026, ""month"": 7, ""search_volume"": 70}, {""year"": 2026, ""month"": 6, ""search_volume"": 50}, {""year"": 2026, ""month"": 5, ""search_volume"": 70}, {""year"": 2026, ""month"": 4, ""search_volume"": 40}, {""year"": 2026, ""month"": 3, ""search_volume"": 70}, {""year"": 2026, ""month"": 2, ""search_volume"": 70}, {""year"": 2026, ""month"": 1, ""search_volume"": 50}, {""year"": 2025, ""month"": 12, ""search_volume"": 170}, {""year"": 2025, ""month"": 11, ""search_volume"": 260}, {""year"": 2025, ""month"": 10, ""search_volume"": 90}, {""year"": 2025, ""month"": 9, ""search_volume"": 90}, {""year"": 2025, ""month"": 8, ""search_volume"": 50}]"
A5,liseuse kobo aura h20,90,0.27,USD_DOCUMENTED,parent,True,,,,,"liseuse générale, mini-format non demandé",dataforseo_labs/google/keyword_suggestions/live,2026-09-03T11:47:40.664088+00:00,2026-09-03-test-decouverte-search-12/02-A5-discovery.json.gz,"[{""year"": 2026, ""month"": 7, ""search_volume"": 70}, {""year"": 2026, ""month"": 6, ""search_volume"": 70}, {""year"": 2026, ""month"": 5, ""search_volume"": 70}, {""year"": 2026, ""month"": 4, ""search_volume"": 70}, {""year"": 2026, ""month"": 3, ""search_volume"": 50}, {""year"": 2026, ""month"": 2, ""search_volume"": 50}, {""year"": 2026, ""month"": 1, ""search_volume"": 90}, {""year"": 2025, ""month"": 12, ""search_volume"": 90}, {""year"": 2025, ""month"": 11, ""search_volume"": 90}, {""year"": 2025, ""month"": 10, ""search_volume"": 70}, {""year"": 2025, ""month"": 9, ""search_volume"": 110}, {""year"": 2025, ""month"": 8, ""search_volume"": 170}]"
A5,liseuse vivlio touch hd plus,90,0.25,USD_DOCUMENTED,parent,True,,,,,"liseuse générale, mini-format non demandé",dataforseo_labs/google/keyword_suggestions/live,2026-09-03T11:47:40.664088+00:00,2026-09-03-test-decouverte-search-12/02-A5-discovery.json.gz,"[{""year"": 2026, ""month"": 7, ""search_volume"": 90}, {""year"": 2026, ""month"": 6, ""search_volume"": 70}, {""year"": 2026, ""month"": 5, ""search_volume"": 50}, {""year"": 2026, ""month"": 4, ""search_volume"": 70}, {""year"": 2026, ""month"": 3, ""search_volume"": 110}, {""year"": 2026, ""month"": 2, ""search_volume"": 50}, {""year"": 2026, ""month"": 1, ""search_volume"": 90}, {""year"": 2025, ""month"": 12, ""search_volume"": 110}, {""year"": 2025, ""month"": 11, ""search_volume"": 140}, {""year"": 2025, ""month"": 10, ""search_volume"": 110}, {""year"": 2025, ""month"": 9, ""search_volume"": 110}, {""year"": 2025, ""month"": 8, ""search_volume"": 140}]"
A5,meilleur liseuse couleur,90,0.21,USD_DOCUMENTED,parent,False,,,,,"liseuse générale, mini-format non demandé",dataforseo_labs/google/keyword_suggestions/live,2026-09-03T11:47:40.664088+00:00,2026-09-03-test-decouverte-search-12/02-A5-discovery.json.gz,"[{""year"": 2026, ""month"": 7, ""search_volume"": 40}, {""year"": 2026, ""month"": 6, ""search_volume"": 40}, {""year"": 2026, ""month"": 5, ""search_volume"": 70}, {""year"": 2026, ""month"": 4, ""search_volume"": 50}, {""year"": 2026, ""month"": 3, ""search_volume"": 70}, {""year"": 2026, ""month"": 2, ""search_volume"": 90}, {""year"": 2026, ""month"": 1, ""search_volume"": 110}, {""year"": 2025, ""month"": 12, ""search_volume"": 140}, {""year"": 2025, ""month"": 11, ""search_volume"": 140}, {""year"": 2025, ""month"": 10, ""search_volume"": 90}, {""year"": 2025, ""month"": 9, ""search_volume"": 90}, {""year"": 2025, ""month"": 8, ""search_volume"": 90}]"
A5,tuto pochette liseuse,90,0.06,USD_DOCUMENTED,information,False,,,,,"usage/SAV/risque, hors demande achat directe",dataforseo_labs/google/keyword_suggestions/live,2026-09-03T11:47:40.664088+00:00,2026-09-03-test-decouverte-search-12/02-A5-discovery.json.gz,"[{""year"": 2026, ""month"": 7, ""search_volume"": 70}, {""year"": 2026, ""month"": 6, ""search_volume"": 50}, {""year"": 2026, ""month"": 5, ""search_volume"": 50}, {""year"": 2026, ""month"": 4, ""search_volume"": 40}, {""year"": 2026, ""month"": 3, ""search_volume"": 90}, {""year"": 2026, ""month"": 2, ""search_volume"": 70}, {""year"": 2026, ""month"": 1, ""search_volume"": 140}, {""year"": 2025, ""month"": 12, ""search_volume"": 170}, {""year"": 2025, ""month"": 11, ""search_volume"": 110}, {""year"": 2025, ""month"": 10, ""search_volume"": 90}, {""year"": 2025, ""month"": 9, ""search_volume"": 70}, {""year"": 2025, ""month"": 8, ""search_volume"": 50}]"
A5,stickers liseuse,90,0.26,USD_DOCUMENTED,parent,False,,,,,"liseuse générale, mini-format non demandé",dataforseo_labs/google/keyword_suggestions/live,2026-09-03T11:47:40.664088+00:00,2026-09-03-test-decouverte-search-12/02-A5-discovery.json.gz,"[{""year"": 2026, ""month"": 7, ""search_volume"": 90}, {""year"": 2026, ""month"": 6, ""search_volume"": 90}, {""year"": 2026, ""month"": 5, ""search_volume"": 70}, {""year"": 2026, ""month"": 4, ""search_volume"": 70}, {""year"": 2026, ""month"": 3, ""search_volume"": 70}, {""year"": 2026, ""month"": 2, ""search_volume"": 70}, {""year"": 2026, ""month"": 1, ""search_volume"": 110}, {""year"": 2025, ""month"": 12, ""search_volume"": 170}, {""year"": 2025, ""month"": 11, ""search_volume"": 90}, {""year"": 2025, ""month"": 10, ""search_volume"": 50}, {""year"": 2025, ""month"": 9, ""search_volume"": 40}, {""year"": 2025, ""month"": 8, ""search_volume"": 70}]"
A5,tablette samsung liseuse,90,0.19,USD_DOCUMENTED,parent,False,,,,,"liseuse générale, mini-format non demandé",dataforseo_labs/google/keyword_suggestions/live,2026-09-03T11:47:40.664088+00:00,2026-09-03-test-decouverte-search-12/02-A5-discovery.json.gz,"[{""year"": 2026, ""month"": 7, ""search_volume"": 50}, {""year"": 2026, ""month"": 6, ""search_volume"": 50}, {""year"": 2026, ""month"": 5, ""search_volume"": 40}, {""year"": 2026, ""month"": 4, ""search_volume"": 40}, {""year"": 2026, ""month"": 3, ""search_volume"": 70}, {""year"": 2026, ""month"": 2, ""search_volume"": 70}, {""year"": 2026, ""month"": 1, ""search_volume"": 110}, {""year"": 2025, ""month"": 12, ""search_volume"": 110}, {""year"": 2025, ""month"": 11, ""search_volume"": 110}, {""year"": 2025, ""month"": 10, ""search_volume"": 70}, {""year"": 2025, ""month"": 9, ""search_volume"": 40}, {""year"": 2025, ""month"": 8, ""search_volume"": 170}]"
A5,calibre liseuse,90,,USD_DOCUMENTED,parent,False,,,,,"liseuse générale, mini-format non demandé",dataforseo_labs/google/keyword_suggestions/live,2026-09-03T11:47:40.664088+00:00,2026-09-03-test-decouverte-search-12/02-A5-discovery.json.gz,"[{""year"": 2026, ""month"": 7, ""search_volume"": 90}, {""year"": 2026, ""month"": 6, ""search_volume"": 70}, {""year"": 2026, ""month"": 5, ""search_volume"": 70}, {""year"": 2026, ""month"": 4, ""search_volume"": 70}, {""year"": 2026, ""month"": 3, ""search_volume"": 70}, {""year"": 2026, ""month"": 2, ""search_volume"": 90}, {""year"": 2026, ""month"": 1, ""search_volume"": 140}, {""year"": 2025, ""month"": 12, ""search_volume"": 140}, {""year"": 2025, ""month"": 11, ""search_volume"": 110}, {""year"": 2025, ""month"": 10, ""search_volume"": 90}, {""year"": 2025, ""month"": 9, ""search_volume"": 90}, {""year"": 2025, ""month"": 8, ""search_volume"": 110}]"
A5,lampe de chevet avec liseuse,90,1.23,USD_DOCUMENTED,incompatible,False,,,,,"lampe, logiciel, contenu ou sens non appareil",dataforseo_labs/google/keyword_suggestions/live,2026-09-03T11:47:40.664088+00:00,2026-09-03-test-decouverte-search-12/02-A5-discovery.json.gz,"[{""year"": 2026, ""month"": 7, ""search_volume"": 70}, {""year"": 2026, ""month"": 6, ""search_volume"": 50}, {""year"": 2026, ""month"": 5, ""search_volume"": 50}, {""year"": 2026, ""month"": 4, ""search_volume"": 50}, {""year"": 2026, ""month"": 3, ""search_volume"": 70}, {""year"": 2026, ""month"": 2, ""search_volume"": 90}, {""year"": 2026, ""month"": 1, ""search_volume"": 140}, {""year"": 2025, ""month"": 12, ""search_volume"": 110}, {""year"": 2025, ""month"": 11, ""search_volume"": 140}, {""year"": 2025, ""month"": 10, ""search_volume"": 140}, {""year"": 2025, ""month"": 9, ""search_volume"": 90}, {""year"": 2025, ""month"": 8, ""search_volume"": 110}]"
A5,liseuse nolim carrefour,90,0.17,USD_DOCUMENTED,parent,True,,,,,"liseuse générale, mini-format non demandé",dataforseo_labs/google/keyword_suggestions/live,2026-09-03T11:47:40.664088+00:00,2026-09-03-test-decouverte-search-12/02-A5-discovery.json.gz,"[{""year"": 2026, ""month"": 7, ""search_volume"": 90}, {""year"": 2026, ""month"": 6, ""search_volume"": 50}, {""year"": 2026, ""month"": 5, ""search_volume"": 50}, {""year"": 2026, ""month"": 4, ""search_volume"": 70}, {""year"": 2026, ""month"": 3, ""search_volume"": 70}, {""year"": 2026, ""month"": 2, ""search_volume"": 90}, {""year"": 2026, ""month"": 1, ""search_volume"": 70}, {""year"": 2025, ""month"": 12, ""search_volume"": 110}, {""year"": 2025, ""month"": 11, ""search_volume"": 90}, {""year"": 2025, ""month"": 10, ""search_volume"": 110}, {""year"": 2025, ""month"": 9, ""search_volume"": 90}, {""year"": 2025, ""month"": 8, ""search_volume"": 90}]"
A5,tablette liseuse samsung,90,0.19,USD_DOCUMENTED,parent,False,,,,,"liseuse générale, mini-format non demandé",dataforseo_labs/google/keyword_suggestions/live,2026-09-03T11:47:40.664088+00:00,2026-09-03-test-decouverte-search-12/02-A5-discovery.json.gz,"[{""year"": 2026, ""month"": 7, ""search_volume"": 50}, {""year"": 2026, ""month"": 6, ""search_volume"": 50}, {""year"": 2026, ""month"": 5, ""search_volume"": 40}, {""year"": 2026, ""month"": 4, ""search_volume"": 40}, {""year"": 2026, ""month"": 3, ""search_volume"": 70}, {""year"": 2026, ""month"": 2, ""search_volume"": 70}, {""year"": 2026, ""month"": 1, ""search_volume"": 110}, {""year"": 2025, ""month"": 12, ""search_volume"": 110}, {""year"": 2025, ""month"": 11, ""search_volume"": 110}, {""year"": 2025, ""month"": 10, ""search_volume"": 70}, {""year"": 2025, ""month"": 9, ""search_volume"": 40}, {""year"": 2025, ""month"": 8, ""search_volume"": 170}]"
A5,choix liseuse,90,0.3,USD_DOCUMENTED,parent,False,,,,,"liseuse générale, mini-format non demandé",dataforseo_labs/google/keyword_suggestions/live,2026-09-03T11:47:40.664088+00:00,2026-09-03-test-decouverte-search-12/02-A5-discovery.json.gz,"[{""year"": 2026, ""month"": 7, ""search_volume"": 70}, {""year"": 2026, ""month"": 6, ""search_volume"": 50}, {""year"": 2026, ""month"": 5, ""search_volume"": 50}, {""year"": 2026, ""month"": 4, ""search_volume"": 50}, {""year"": 2026, ""month"": 3, ""search_volume"": 50}, {""year"": 2026, ""month"": 2, ""search_volume"": 70}, {""year"": 2026, ""month"": 1, ""search_volume"": 70}, {""year"": 2025, ""month"": 12, ""search_volume"": 140}, {""year"": 2025, ""month"": 11, ""search_volume"": 170}, {""year"": 2025, ""month"": 10, ""search_volume"": 70}, {""year"": 2025, ""month"": 9, ""search_volume"": 70}, {""year"": 2025, ""month"": 8, ""search_volume"": 90}]"
A5,liseuse vivlio couleur,90,0.24,USD_DOCUMENTED,parent,True,,,,,"liseuse générale, mini-format non demandé",dataforseo_labs/google/keyword_suggestions/live,2026-09-03T11:47:40.664088+00:00,2026-09-03-test-decouverte-search-12/02-A5-discovery.json.gz,"[{""year"": 2026, ""month"": 7, ""search_volume"": 70}, {""year"": 2026, ""month"": 6, ""search_volume"": 50}, {""year"": 2026, ""month"": 5, ""search_volume"": 50}, {""year"": 2026, ""month"": 4, ""search_volume"": 50}, {""year"": 2026, ""month"": 3, ""search_volume"": 70}, {""year"": 2026, ""month"": 2, ""search_volume"": 50}, {""year"": 2026, ""month"": 1, ""search_volume"": 90}, {""year"": 2025, ""month"": 12, ""search_volume"": 170}, {""year"": 2025, ""month"": 11, ""search_volume"": 140}, {""year"": 2025, ""month"": 10, ""search_volume"": 70}, {""year"": 2025, ""month"": 9, ""search_volume"": 40}, {""year"": 2025, ""month"": 8, ""search_volume"": 70}]"
A5,liseuse kobo taille,90,0.26,USD_DOCUMENTED,parent,True,,,,,"liseuse générale, mini-format non demandé",dataforseo_labs/google/keyword_suggestions/live,2026-09-03T11:47:40.664088+00:00,2026-09-03-test-decouverte-search-12/02-A5-discovery.json.gz,"[{""year"": 2026, ""month"": 7, ""search_volume"": 70}, {""year"": 2026, ""month"": 6, ""search_volume"": 50}, {""year"": 2026, ""month"": 5, ""search_volume"": 70}, {""year"": 2026, ""month"": 4, ""search_volume"": 50}, {""year"": 2026, ""month"": 3, ""search_volume"": 70}, {""year"": 2026, ""month"": 2, ""search_volume"": 70}, {""year"": 2026, ""month"": 1, ""search_volume"": 90}, {""year"": 2025, ""month"": 12, ""search_volume"": 170}, {""year"": 2025, ""month"": 11, ""search_volume"": 140}, {""year"": 2025, ""month"": 10, ""search_volume"": 90}, {""year"": 2025, ""month"": 9, ""search_volume"": 70}, {""year"": 2025, ""month"": 8, ""search_volume"": 90}]"
A5,liseuse numérique kobo,90,0.35,USD_DOCUMENTED,parent,True,,,,,"liseuse générale, mini-format non demandé",dataforseo_labs/google/keyword_suggestions/live,2026-09-03T11:47:40.664088+00:00,2026-09-03-test-decouverte-search-12/02-A5-discovery.json.gz,"[{""year"": 2026, ""month"": 7, ""search_volume"": 70}, {""year"": 2026, ""month"": 6, ""search_volume"": 70}, {""year"": 2026, ""month"": 5, ""search_volume"": 70}, {""year"": 2026, ""month"": 4, ""search_volume"": 70}, {""year"": 2026, ""month"": 3, ""search_volume"": 70}, {""year"": 2026, ""month"": 2, ""search_volume"": 50}, {""year"": 2026, ""month"": 1, ""search_volume"": 90}, {""year"": 2025, ""month"": 12, ""search_volume"": 170}, {""year"": 2025, ""month"": 11, ""search_volume"": 210}, {""year"": 2025, ""month"": 10, ""search_volume"": 70}, {""year"": 2025, ""month"": 9, ""search_volume"": 70}, {""year"": 2025, ""month"": 8, ""search_volume"": 70}]"
A5,liseuse bigme,90,0.27,USD_DOCUMENTED,parent,False,,,,,"liseuse générale, mini-format non demandé",dataforseo_labs/google/keyword_suggestions/live,2026-09-03T11:47:40.664088+00:00,2026-09-03-test-decouverte-search-12/02-A5-discovery.json.gz,"[{""year"": 2026, ""month"": 7, ""search_volume"": 90}, {""year"": 2026, ""month"": 6, ""search_volume"": 50}, {""year"": 2026, ""month"": 5, ""search_volume"": 70}, {""year"": 2026, ""month"": 4, ""search_volume"": 70}, {""year"": 2026, ""month"": 3, ""search_volume"": 90}, {""year"": 2026, ""month"": 2, ""search_volume"": 90}, {""year"": 2026, ""month"": 1, ""search_volume"": 70}, {""year"": 2025, ""month"": 12, ""search_volume"": 140}, {""year"": 2025, ""month"": 11, ""search_volume"": 140}, {""year"": 2025, ""month"": 10, ""search_volume"": 90}, {""year"": 2025, ""month"": 9, ""search_volume"": 50}, {""year"": 2025, ""month"": 8, ""search_volume"": 70}]"
A5,liseuse xiaomi,90,0.23,USD_DOCUMENTED,parent,True,,,,,"liseuse générale, mini-format non demandé",dataforseo_labs/google/keyword_suggestions/live,2026-09-03T11:47:40.664088+00:00,2026-09-03-test-decouverte-search-12/02-A5-discovery.json.gz,"[{""year"": 2026, ""month"": 7, ""search_volume"": 70}, {""year"": 2026, ""month"": 6, ""search_volume"": 50}, {""year"": 2026, ""month"": 5, ""search_volume"": 70}, {""year"": 2026, ""month"": 4, ""search_volume"": 70}, {""year"": 2026, ""month"": 3, ""search_volume"": 70}, {""year"": 2026, ""month"": 2, ""search_volume"": 70}, {""year"": 2026, ""month"": 1, ""search_volume"": 90}, {""year"": 2025, ""month"": 12, ""search_volume"": 110}, {""year"": 2025, ""month"": 11, ""search_volume"": 140}, {""year"": 2025, ""month"": 10, ""search_volume"": 90}, {""year"": 2025, ""month"": 9, ""search_volume"": 70}, {""year"": 2025, ""month"": 8, ""search_volume"": 90}]"
A5,liseuse moins cher,90,0.17,USD_DOCUMENTED,parent,False,,,,,"liseuse générale, mini-format non demandé",dataforseo_labs/google/keyword_suggestions/live,2026-09-03T11:47:40.664088+00:00,2026-09-03-test-decouverte-search-12/02-A5-discovery.json.gz,"[{""year"": 2026, ""month"": 7, ""search_volume"": 90}, {""year"": 2026, ""month"": 6, ""search_volume"": 70}, {""year"": 2026, ""month"": 5, ""search_volume"": 90}, {""year"": 2026, ""month"": 4, ""search_volume"": 70}, {""year"": 2026, ""month"": 3, ""search_volume"": 70}, {""year"": 2026, ""month"": 2, ""search_volume"": 110}, {""year"": 2026, ""month"": 1, ""search_volume"": 90}, {""year"": 2025, ""month"": 12, ""search_volume"": 110}, {""year"": 2025, ""month"": 11, ""search_volume"": 140}, {""year"": 2025, ""month"": 10, ""search_volume"": 90}, {""year"": 2025, ""month"": 9, ""search_volume"": 90}, {""year"": 2025, ""month"": 8, ""search_volume"": 140}]"
A5,liseuse 6 pouces,90,0.27,USD_DOCUMENTED,parent,False,,,,,"liseuse générale, mini-format non demandé",dataforseo_labs/google/keyword_suggestions/live,2026-09-03T11:47:40.664088+00:00,2026-09-03-test-decouverte-search-12/02-A5-discovery.json.gz,"[{""year"": 2026, ""month"": 7, ""search_volume"": 110}, {""year"": 2026, ""month"": 6, ""search_volume"": 70}, {""year"": 2026, ""month"": 5, ""search_volume"": 70}, {""year"": 2026, ""month"": 4, ""search_volume"": 70}, {""year"": 2026, ""month"": 3, ""search_volume"": 70}, {""year"": 2026, ""month"": 2, ""search_volume"": 90}, {""year"": 2026, ""month"": 1, ""search_volume"": 90}, {""year"": 2025, ""month"": 12, ""search_volume"": 140}, {""year"": 2025, ""month"": 11, ""search_volume"": 170}, {""year"": 2025, ""month"": 10, ""search_volume"": 70}, {""year"": 2025, ""month"": 9, ""search_volume"": 70}, {""year"": 2025, ""month"": 8, ""search_volume"": 110}]"
A5,chargeur pour liseuse kindle,90,0.32,USD_DOCUMENTED,parent,True,,,,,"liseuse générale, mini-format non demandé",dataforseo_labs/google/keyword_suggestions/live,2026-09-03T11:47:40.664088+00:00,2026-09-03-test-decouverte-search-12/02-A5-discovery.json.gz,"[{""year"": 2026, ""month"": 7, ""search_volume"": 70}, {""year"": 2026, ""month"": 6, ""search_volume"": 50}, {""year"": 2026, ""month"": 5, ""search_volume"": 70}, {""year"": 2026, ""month"": 4, ""search_volume"": 50}, {""year"": 2026, ""month"": 3, ""search_volume"": 70}, {""year"": 2026, ""month"": 2, ""search_volume"": 70}, {""year"": 2026, ""month"": 1, ""search_volume"": 90}, {""year"": 2025, ""month"": 12, ""search_volume"": 140}, {""year"": 2025, ""month"": 11, ""search_volume"": 140}, {""year"": 2025, ""month"": 10, ""search_volume"": 70}, {""year"": 2025, ""month"": 9, ""search_volume"": 90}, {""year"": 2025, ""month"": 8, ""search_volume"": 90}]"
A5,kobo by fnac liseuse,90,0.23,USD_DOCUMENTED,parent,True,,,,,"liseuse générale, mini-format non demandé",dataforseo_labs/google/keyword_suggestions/live,2026-09-03T11:47:40.664088+00:00,2026-09-03-test-decouverte-search-12/02-A5-discovery.json.gz,"[{""year"": 2026, ""month"": 7, ""search_volume"": 110}, {""year"": 2026, ""month"": 6, ""search_volume"": 90}, {""year"": 2026, ""month"": 5, ""search_volume"": 110}, {""year"": 2026, ""month"": 4, ""search_volume"": 70}, {""year"": 2026, ""month"": 3, ""search_volume"": 70}, {""year"": 2026, ""month"": 2, ""search_volume"": 40}, {""year"": 2026, ""month"": 1, ""search_volume"": 90}, {""year"": 2025, ""month"": 12, ""search_volume"": 140}, {""year"": 2025, ""month"": 11, ""search_volume"": 50}, {""year"": 2025, ""month"": 10, ""search_volume"": 50}, {""year"": 2025, ""month"": 9, ""search_volume"": 50}, {""year"": 2025, ""month"": 8, ""search_volume"": 90}]"
A5,liseuse kindle paperwhite 2025,90,0.57,USD_DOCUMENTED,parent,True,,,,,"liseuse générale, mini-format non demandé",dataforseo_labs/google/keyword_suggestions/live,2026-09-03T11:47:40.664088+00:00,2026-09-03-test-decouverte-search-12/02-A5-discovery.json.gz,"[{""year"": 2026, ""month"": 7, ""search_volume"": 20}, {""year"": 2026, ""month"": 6, ""search_volume"": 40}, {""year"": 2026, ""month"": 5, ""search_volume"": 40}, {""year"": 2026, ""month"": 4, ""search_volume"": 50}, {""year"": 2026, ""month"": 3, ""search_volume"": 70}, {""year"": 2026, ""month"": 2, ""search_volume"": 70}, {""year"": 2026, ""month"": 1, ""search_volume"": 140}, {""year"": 2025, ""month"": 12, ""search_volume"": 210}, {""year"": 2025, ""month"": 11, ""search_volume"": 260}, {""year"": 2025, ""month"": 10, ""search_volume"": 50}, {""year"": 2025, ""month"": 9, ""search_volume"": 40}, {""year"": 2025, ""month"": 8, ""search_volume"": 30}]"
A5,remarkable liseuse,90,0.56,USD_DOCUMENTED,parent,False,,,,,"liseuse générale, mini-format non demandé",dataforseo_labs/google/keyword_suggestions/live,2026-09-03T11:47:40.664088+00:00,2026-09-03-test-decouverte-search-12/02-A5-discovery.json.gz,"[{""year"": 2026, ""month"": 7, ""search_volume"": 70}, {""year"": 2026, ""month"": 6, ""search_volume"": 40}, {""year"": 2026, ""month"": 5, ""search_volume"": 50}, {""year"": 2026, ""month"": 4, ""search_volume"": 50}, {""year"": 2026, ""month"": 3, ""search_volume"": 70}, {""year"": 2026, ""month"": 2, ""search_volume"": 70}, {""year"": 2026, ""month"": 1, ""search_volume"": 140}, {""year"": 2025, ""month"": 12, ""search_volume"": 140}, {""year"": 2025, ""month"": 11, ""search_volume"": 110}, {""year"": 2025, ""month"": 10, ""search_volume"": 110}, {""year"": 2025, ""month"": 9, ""search_volume"": 90}, {""year"": 2025, ""month"": 8, ""search_volume"": 70}]"
A5,housse pour liseuse kindle paperwhite,90,0.61,USD_DOCUMENTED,incompatible,True,,,,,"lampe, logiciel, contenu ou sens non appareil",dataforseo_labs/google/keyword_suggestions/live,2026-09-03T11:47:40.664088+00:00,2026-09-03-test-decouverte-search-12/02-A5-discovery.json.gz,"[{""year"": 2026, ""month"": 7, ""search_volume"": 90}, {""year"": 2026, ""month"": 6, ""search_volume"": 70}, {""year"": 2026, ""month"": 5, ""search_volume"": 50}, {""year"": 2026, ""month"": 4, ""search_volume"": 70}, {""year"": 2026, ""month"": 3, ""search_volume"": 50}, {""year"": 2026, ""month"": 2, ""search_volume"": 50}, {""year"": 2026, ""month"": 1, ""search_volume"": 110}, {""year"": 2025, ""month"": 12, ""search_volume"": 210}, {""year"": 2025, ""month"": 11, ""search_volume"": 170}, {""year"": 2025, ""month"": 10, ""search_volume"": 70}, {""year"": 2025, ""month"": 9, ""search_volume"": 90}, {""year"": 2025, ""month"": 8, ""search_volume"": 110}]"
A5,liseuse compatible kindle,90,0.48,USD_DOCUMENTED,parent,True,,,,,"liseuse générale, mini-format non demandé",dataforseo_labs/google/keyword_suggestions/live,2026-09-03T11:47:40.664088+00:00,2026-09-03-test-decouverte-search-12/02-A5-discovery.json.gz,"[{""year"": 2026, ""month"": 7, ""search_volume"": 70}, {""year"": 2026, ""month"": 6, ""search_volume"": 70}, {""year"": 2026, ""month"": 5, ""search_volume"": 70}, {""year"": 2026, ""month"": 4, ""search_volume"": 70}, {""year"": 2026, ""month"": 3, ""search_volume"": 70}, {""year"": 2026, ""month"": 2, ""search_volume"": 70}, {""year"": 2026, ""month"": 1, ""search_volume"": 110}, {""year"": 2025, ""month"": 12, ""search_volume"": 140}, {""year"": 2025, ""month"": 11, ""search_volume"": 110}, {""year"": 2025, ""month"": 10, ""search_volume"": 90}, {""year"": 2025, ""month"": 9, ""search_volume"": 70}, {""year"": 2025, ""month"": 8, ""search_volume"": 110}]"
A5,liseuse kobo rakuten,90,0.31,USD_DOCUMENTED,parent,True,,,,,"liseuse générale, mini-format non demandé",dataforseo_labs/google/keyword_suggestions/live,2026-09-03T11:47:40.664088+00:00,2026-09-03-test-decouverte-search-12/02-A5-discovery.json.gz,"[{""year"": 2026, ""month"": 7, ""search_volume"": 90}, {""year"": 2026, ""month"": 6, ""search_volume"": 70}, {""year"": 2026, ""month"": 5, ""search_volume"": 90}, {""year"": 2026, ""month"": 4, ""search_volume"": 70}, {""year"": 2026, ""month"": 3, ""search_volume"": 70}, {""year"": 2026, ""month"": 2, ""search_volume"": 70}, {""year"": 2026, ""month"": 1, ""search_volume"": 110}, {""year"": 2025, ""month"": 12, ""search_volume"": 170}, {""year"": 2025, ""month"": 11, ""search_volume"": 110}, {""year"": 2025, ""month"": 10, ""search_volume"": 70}, {""year"": 2025, ""month"": 9, ""search_volume"": 90}, {""year"": 2025, ""month"": 8, ""search_volume"": 140}]"
A5,meilleure liseuse kobo,90,0.29,USD_DOCUMENTED,parent,True,,,,,"liseuse générale, mini-format non demandé",dataforseo_labs/google/keyword_suggestions/live,2026-09-03T11:47:40.664088+00:00,2026-09-03-test-decouverte-search-12/02-A5-discovery.json.gz,"[{""year"": 2026, ""month"": 7, ""search_volume"": 70}, {""year"": 2026, ""month"": 6, ""search_volume"": 50}, {""year"": 2026, ""month"": 5, ""search_volume"": 70}, {""year"": 2026, ""month"": 4, ""search_volume"": 50}, {""year"": 2026, ""month"": 3, ""search_volume"": 70}, {""year"": 2026, ""month"": 2, ""search_volume"": 70}, {""year"": 2026, ""month"": 1, ""search_volume"": 140}, {""year"": 2025, ""month"": 12, ""search_volume"": 170}, {""year"": 2025, ""month"": 11, ""search_volume"": 170}, {""year"": 2025, ""month"": 10, ""search_volume"": 90}, {""year"": 2025, ""month"": 9, ""search_volume"": 90}, {""year"": 2025, ""month"": 8, ""search_volume"": 140}]"
A5,monet la liseuse,90,,USD_DOCUMENTED,parent,False,,,,,"liseuse générale, mini-format non demandé",dataforseo_labs/google/keyword_suggestions/live,2026-09-03T11:47:40.664088+00:00,2026-09-03-test-decouverte-search-12/02-A5-discovery.json.gz,"[{""year"": 2026, ""month"": 7, ""search_volume"": 50}, {""year"": 2026, ""month"": 6, ""search_volume"": 70}, {""year"": 2026, ""month"": 5, ""search_volume"": 90}, {""year"": 2026, ""month"": 4, ""search_volume"": 110}, {""year"": 2026, ""month"": 3, ""search_volume"": 140}, {""year"": 2026, ""month"": 2, ""search_volume"": 110}, {""year"": 2026, ""month"": 1, ""search_volume"": 90}, {""year"": 2025, ""month"": 12, ""search_volume"": 70}, {""year"": 2025, ""month"": 11, ""search_volume"": 50}, {""year"": 2025, ""month"": 10, ""search_volume"": 110}, {""year"": 2025, ""month"": 9, ""search_volume"": 70}, {""year"": 2025, ""month"": 8, ""search_volume"": 70}]"
A5,modèle liseuse au crochet gratuit,90,,USD_DOCUMENTED,incompatible,False,,,,,"lampe, logiciel, contenu ou sens non appareil",dataforseo_labs/google/keyword_suggestions/live,2026-09-03T11:47:40.664088+00:00,2026-09-03-test-decouverte-search-12/02-A5-discovery.json.gz,"[{""year"": 2026, ""month"": 7, ""search_volume"": 40}, {""year"": 2026, ""month"": 6, ""search_volume"": 50}, {""year"": 2026, ""month"": 5, ""search_volume"": 50}, {""year"": 2026, ""month"": 4, ""search_volume"": 40}, {""year"": 2026, ""month"": 3, ""search_volume"": 90}, {""year"": 2026, ""month"": 2, ""search_volume"": 50}, {""year"": 2026, ""month"": 1, ""search_volume"": 170}, {""year"": 2025, ""month"": 12, ""search_volume"": 140}, {""year"": 2025, ""month"": 11, ""search_volume"": 170}, {""year"": 2025, ""month"": 10, ""search_volume"": 140}, {""year"": 2025, ""month"": 9, ""search_volume"": 110}, {""year"": 2025, ""month"": 8, ""search_volume"": 90}]"
A5,liseuse laine,90,0.69,USD_DOCUMENTED,parent,False,,,,,"liseuse générale, mini-format non demandé",dataforseo_labs/google/keyword_suggestions/live,2026-09-03T11:47:40.664088+00:00,2026-09-03-test-decouverte-search-12/02-A5-discovery.json.gz,"[{""year"": 2026, ""month"": 7, ""search_volume"": 20}, {""year"": 2026, ""month"": 6, ""search_volume"": 30}, {""year"": 2026, ""month"": 5, ""search_volume"": 40}, {""year"": 2026, ""month"": 4, ""search_volume"": 40}, {""year"": 2026, ""month"": 3, ""search_volume"": 40}, {""year"": 2026, ""month"": 2, ""search_volume"": 70}, {""year"": 2026, ""month"": 1, ""search_volume"": 110}, {""year"": 2025, ""month"": 12, ""search_volume"": 210}, {""year"": 2025, ""month"": 11, ""search_volume"": 210}, {""year"": 2025, ""month"": 10, ""search_volume"": 170}, {""year"": 2025, ""month"": 9, ""search_volume"": 110}, {""year"": 2025, ""month"": 8, ""search_volume"": 40}]"
A5,liseuse livre lampe,90,0.38,USD_DOCUMENTED,incompatible,False,,,,,"lampe, logiciel, contenu ou sens non appareil",dataforseo_labs/google/keyword_suggestions/live,2026-09-03T11:47:40.664088+00:00,2026-09-03-test-decouverte-search-12/02-A5-discovery.json.gz,"[{""year"": 2026, ""month"": 7, ""search_volume"": 50}, {""year"": 2026, ""month"": 6, ""search_volume"": 50}, {""year"": 2026, ""month"": 5, ""search_volume"": 50}, {""year"": 2026, ""month"": 4, ""search_volume"": 70}, {""year"": 2026, ""month"": 3, ""search_volume"": 50}, {""year"": 2026, ""month"": 2, ""search_volume"": 110}, {""year"": 2026, ""month"": 1, ""search_volume"": 110}, {""year"": 2025, ""month"": 12, ""search_volume"": 210}, {""year"": 2025, ""month"": 11, ""search_volume"": 110}, {""year"": 2025, ""month"": 10, ""search_volume"": 50}, {""year"": 2025, ""month"": 9, ""search_volume"": 70}, {""year"": 2025, ""month"": 8, ""search_volume"": 70}]"
A5,quelle est la meilleure liseuse en 2025,90,0.74,USD_DOCUMENTED,parent,False,,,,,"liseuse générale, mini-format non demandé",dataforseo_labs/google/keyword_suggestions/live,2026-09-03T11:47:40.664088+00:00,2026-09-03-test-decouverte-search-12/02-A5-discovery.json.gz,"[{""year"": 2026, ""month"": 7, ""search_volume"": 10}, {""year"": 2026, ""month"": 6, ""search_volume"": 10}, {""year"": 2026, ""month"": 5, ""search_volume"": 10}, {""year"": 2026, ""month"": 4, ""search_volume"": 10}, {""year"": 2026, ""month"": 3, ""search_volume"": 30}, {""year"": 2026, ""month"": 2, ""search_volume"": 40}, {""year"": 2026, ""month"": 1, ""search_volume"": 70}, {""year"": 2025, ""month"": 12, ""search_volume"": 90}, {""year"": 2025, ""month"": 11, ""search_volume"": 260}, {""year"": 2025, ""month"": 10, ""search_volume"": 210}, {""year"": 2025, ""month"": 9, ""search_volume"": 140}, {""year"": 2025, ""month"": 8, ""search_volume"": 210}]"
A5,liseuse chevet,90,0.75,USD_DOCUMENTED,parent,False,,,,,"liseuse générale, mini-format non demandé",dataforseo_labs/google/keyword_suggestions/live,2026-09-03T11:47:40.664088+00:00,2026-09-03-test-decouverte-search-12/02-A5-discovery.json.gz,"[{""year"": 2026, ""month"": 7, ""search_volume"": 70}, {""year"": 2026, ""month"": 6, ""search_volume"": 70}, {""year"": 2026, ""month"": 5, ""search_volume"": 90}, {""year"": 2026, ""month"": 4, ""search_volume"": 70}, {""year"": 2026, ""month"": 3, ""search_volume"": 70}, {""year"": 2026, ""month"": 2, ""search_volume"": 90}, {""year"": 2026, ""month"": 1, ""search_volume"": 140}, {""year"": 2025, ""month"": 12, ""search_volume"": 90}, {""year"": 2025, ""month"": 11, ""search_volume"": 110}, {""year"": 2025, ""month"": 10, ""search_volume"": 110}, {""year"": 2025, ""month"": 9, ""search_volume"": 90}, {""year"": 2025, ""month"": 8, ""search_volume"": 90}]"
A5,liseuse astro,90,2.32,USD_DOCUMENTED,parent,False,,,,,"liseuse générale, mini-format non demandé",dataforseo_labs/google/keyword_suggestions/live,2026-09-03T11:47:40.664088+00:00,2026-09-03-test-decouverte-search-12/02-A5-discovery.json.gz,"[{""year"": 2026, ""month"": 7, ""search_volume"": 70}, {""year"": 2026, ""month"": 6, ""search_volume"": 90}, {""year"": 2026, ""month"": 5, ""search_volume"": 70}, {""year"": 2026, ""month"": 4, ""search_volume"": 90}, {""year"": 2026, ""month"": 3, ""search_volume"": 110}, {""year"": 2026, ""month"": 2, ""search_volume"": 90}, {""year"": 2026, ""month"": 1, ""search_volume"": 90}, {""year"": 2025, ""month"": 12, ""search_volume"": 70}, {""year"": 2025, ""month"": 11, ""search_volume"": 90}, {""year"": 2025, ""month"": 10, ""search_volume"": 110}, {""year"": 2025, ""month"": 9, ""search_volume"": 110}, {""year"": 2025, ""month"": 8, ""search_volume"": 50}]"
A5,liseuse d'amazon,90,0.17,USD_DOCUMENTED,parent,True,,,,,"liseuse générale, mini-format non demandé",dataforseo_labs/google/keyword_suggestions/live,2026-09-03T11:47:40.664088+00:00,2026-09-03-test-decouverte-search-12/02-A5-discovery.json.gz,"[{""year"": 2026, ""month"": 7, ""search_volume"": 40}, {""year"": 2026, ""month"": 6, ""search_volume"": 390}, {""year"": 2026, ""month"": 5, ""search_volume"": 40}, {""year"": 2026, ""month"": 4, ""search_volume"": 50}, {""year"": 2026, ""month"": 3, ""search_volume"": 40}, {""year"": 2026, ""month"": 2, ""search_volume"": 50}, {""year"": 2026, ""month"": 1, ""search_volume"": 140}, {""year"": 2025, ""month"": 12, ""search_volume"": 170}, {""year"": 2025, ""month"": 11, ""search_volume"": 70}, {""year"": 2025, ""month"": 10, ""search_volume"": 40}, {""year"": 2025, ""month"": 9, ""search_volume"": 40}, {""year"": 2025, ""month"": 8, ""search_volume"": 40}]"
A5,liseuse c'est quoi,90,,USD_DOCUMENTED,parent,False,,,,,"liseuse générale, mini-format non demandé",dataforseo_labs/google/keyword_suggestions/live,2026-09-03T11:47:40.664088+00:00,2026-09-03-test-decouverte-search-12/02-A5-discovery.json.gz,"[{""year"": 2026, ""month"": 7, ""search_volume"": 70}, {""year"": 2026, ""month"": 6, ""search_volume"": 70}, {""year"": 2026, ""month"": 5, ""search_volume"": 70}, {""year"": 2026, ""month"": 4, ""search_volume"": 70}, {""year"": 2026, ""month"": 3, ""search_volume"": 50}, {""year"": 2026, ""month"": 2, ""search_volume"": 110}, {""year"": 2026, ""month"": 1, ""search_volume"": 90}, {""year"": 2025, ""month"": 12, ""search_volume"": 110}, {""year"": 2025, ""month"": 11, ""search_volume"": 140}, {""year"": 2025, ""month"": 10, ""search_volume"": 90}, {""year"": 2025, ""month"": 9, ""search_volume"": 70}, {""year"": 2025, ""month"": 8, ""search_volume"": 90}]"
A5,liseuse sony reader,90,0.11,USD_DOCUMENTED,parent,True,,,,,"liseuse générale, mini-format non demandé",dataforseo_labs/google/keyword_suggestions/live,2026-09-03T11:47:40.664088+00:00,2026-09-03-test-decouverte-search-12/02-A5-discovery.json.gz,"[{""year"": 2026, ""month"": 7, ""search_volume"": 90}, {""year"": 2026, ""month"": 6, ""search_volume"": 70}, {""year"": 2026, ""month"": 5, ""search_volume"": 90}, {""year"": 2026, ""month"": 4, ""search_volume"": 90}, {""year"": 2026, ""month"": 3, ""search_volume"": 90}, {""year"": 2026, ""month"": 2, ""search_volume"": 90}, {""year"": 2026, ""month"": 1, ""search_volume"": 90}, {""year"": 2025, ""month"": 12, ""search_volume"": 90}, {""year"": 2025, ""month"": 11, ""search_volume"": 70}, {""year"": 2025, ""month"": 10, ""search_volume"": 70}, {""year"": 2025, ""month"": 9, ""search_volume"": 70}, {""year"": 2025, ""month"": 8, ""search_volume"": 90}]"
A5,ma première liseuse interactive,90,0.16,USD_DOCUMENTED,parent,False,,,,,"liseuse générale, mini-format non demandé",dataforseo_labs/google/keyword_suggestions/live,2026-09-03T11:47:40.664088+00:00,2026-09-03-test-decouverte-search-12/02-A5-discovery.json.gz,"[{""year"": 2026, ""month"": 7, ""search_volume"": 110}, {""year"": 2026, ""month"": 6, ""search_volume"": 70}, {""year"": 2026, ""month"": 5, ""search_volume"": 40}, {""year"": 2026, ""month"": 4, ""search_volume"": 10}, {""year"": 2026, ""month"": 3, ""search_volume"": 50}, {""year"": 2026, ""month"": 2, ""search_volume"": 20}, {""year"": 2026, ""month"": 1, ""search_volume"": 30}, {""year"": 2025, ""month"": 12, ""search_volume"": 170}, {""year"": 2025, ""month"": 11, ""search_volume"": 260}, {""year"": 2025, ""month"": 10, ""search_volume"": 170}, {""year"": 2025, ""month"": 9, ""search_volume"": 90}, {""year"": 2025, ""month"": 8, ""search_volume"": 0}]"
A5,lampe liseuse maison du monde,90,0.27,USD_DOCUMENTED,incompatible,False,,,,,"lampe, logiciel, contenu ou sens non appareil",dataforseo_labs/google/keyword_suggestions/live,2026-09-03T11:47:40.664088+00:00,2026-09-03-test-decouverte-search-12/02-A5-discovery.json.gz,"[{""year"": 2026, ""month"": 7, ""search_volume"": 20}, {""year"": 2026, ""month"": 6, ""search_volume"": 20}, {""year"": 2026, ""month"": 5, ""search_volume"": 40}, {""year"": 2026, ""month"": 4, ""search_volume"": 30}, {""year"": 2026, ""month"": 3, ""search_volume"": 70}, {""year"": 2026, ""month"": 2, ""search_volume"": 110}, {""year"": 2026, ""month"": 1, ""search_volume"": 110}, {""year"": 2025, ""month"": 12, ""search_volume"": 140}, {""year"": 2025, ""month"": 11, ""search_volume"": 170}, {""year"": 2025, ""month"": 10, ""search_volume"": 110}, {""year"": 2025, ""month"": 9, ""search_volume"": 70}, {""year"": 2025, ""month"": 8, ""search_volume"": 90}]"
A5,liseuse sur tablette samsung,90,0.19,USD_DOCUMENTED,parent,False,,,,,"liseuse générale, mini-format non demandé",dataforseo_labs/google/keyword_suggestions/live,2026-09-03T11:47:40.664088+00:00,2026-09-03-test-decouverte-search-12/02-A5-discovery.json.gz,"[{""year"": 2026, ""month"": 7, ""search_volume"": 50}, {""year"": 2026, ""month"": 6, ""search_volume"": 50}, {""year"": 2026, ""month"": 5, ""search_volume"": 40}, {""year"": 2026, ""month"": 4, ""search_volume"": 40}, {""year"": 2026, ""month"": 3, ""search_volume"": 70}, {""year"": 2026, ""month"": 2, ""search_volume"": 70}, {""year"": 2026, ""month"": 1, ""search_volume"": 110}, {""year"": 2025, ""month"": 12, ""search_volume"": 110}, {""year"": 2025, ""month"": 11, ""search_volume"": 110}, {""year"": 2025, ""month"": 10, ""search_volume"": 70}, {""year"": 2025, ""month"": 9, ""search_volume"": 40}, {""year"": 2025, ""month"": 8, ""search_volume"": 170}]"
A5,taille liseuse kobo,90,0.26,USD_DOCUMENTED,parent,True,,,,,"liseuse générale, mini-format non demandé",dataforseo_labs/google/keyword_suggestions/live,2026-09-03T11:47:40.664088+00:00,2026-09-03-test-decouverte-search-12/02-A5-discovery.json.gz,"[{""year"": 2026, ""month"": 7, ""search_volume"": 70}, {""year"": 2026, ""month"": 6, ""search_volume"": 50}, {""year"": 2026, ""month"": 5, ""search_volume"": 70}, {""year"": 2026, ""month"": 4, ""search_volume"": 50}, {""year"": 2026, ""month"": 3, ""search_volume"": 70}, {""year"": 2026, ""month"": 2, ""search_volume"": 70}, {""year"": 2026, ""month"": 1, ""search_volume"": 90}, {""year"": 2025, ""month"": 12, ""search_volume"": 170}, {""year"": 2025, ""month"": 11, ""search_volume"": 140}, {""year"": 2025, ""month"": 10, ""search_volume"": 90}, {""year"": 2025, ""month"": 9, ""search_volume"": 70}, {""year"": 2025, ""month"": 8, ""search_volume"": 90}]"
A5,hauteur liseuse lit,90,0.14,USD_DOCUMENTED,incompatible,False,,,,,"lampe, logiciel, contenu ou sens non appareil",dataforseo_labs/google/keyword_suggestions/live,2026-09-03T11:47:40.664088+00:00,2026-09-03-test-decouverte-search-12/02-A5-discovery.json.gz,"[{""year"": 2026, ""month"": 7, ""search_volume"": 70}, {""year"": 2026, ""month"": 6, ""search_volume"": 110}, {""year"": 2026, ""month"": 5, ""search_volume"": 90}, {""year"": 2026, ""month"": 4, ""search_volume"": 90}, {""year"": 2026, ""month"": 3, ""search_volume"": 70}, {""year"": 2026, ""month"": 2, ""search_volume"": 90}, {""year"": 2026, ""month"": 1, ""search_volume"": 90}, {""year"": 2025, ""month"": 12, ""search_volume"": 70}, {""year"": 2025, ""month"": 11, ""search_volume"": 110}, {""year"": 2025, ""month"": 10, ""search_volume"": 90}, {""year"": 2025, ""month"": 9, ""search_volume"": 110}, {""year"": 2025, ""month"": 8, ""search_volume"": 90}]"
A5,réparation écran liseuse vivlio,90,,USD_DOCUMENTED,information,True,,,,,"usage/SAV/risque, hors demande achat directe",dataforseo_labs/google/keyword_suggestions/live,2026-09-03T11:47:40.664088+00:00,2026-09-03-test-decouverte-search-12/02-A5-discovery.json.gz,"[{""year"": 2026, ""month"": 7, ""search_volume"": 90}, {""year"": 2026, ""month"": 6, ""search_volume"": 70}, {""year"": 2026, ""month"": 5, ""search_volume"": 70}, {""year"": 2026, ""month"": 4, ""search_volume"": 50}, {""year"": 2026, ""month"": 3, ""search_volume"": 70}, {""year"": 2026, ""month"": 2, ""search_volume"": 90}, {""year"": 2026, ""month"": 1, ""search_volume"": 70}, {""year"": 2025, ""month"": 12, ""search_volume"": 90}, {""year"": 2025, ""month"": 11, ""search_volume"": 90}, {""year"": 2025, ""month"": 10, ""search_volume"": 110}, {""year"": 2025, ""month"": 9, ""search_volume"": 90}, {""year"": 2025, ""month"": 8, ""search_volume"": 210}]"
A5,liseuse lampe chevet,90,0.93,USD_DOCUMENTED,incompatible,False,,,,,"lampe, logiciel, contenu ou sens non appareil",dataforseo_labs/google/keyword_suggestions/live,2026-09-03T11:47:40.664088+00:00,2026-09-03-test-decouverte-search-12/02-A5-discovery.json.gz,"[{""year"": 2026, ""month"": 7, ""search_volume"": 70}, {""year"": 2026, ""month"": 6, ""search_volume"": 50}, {""year"": 2026, ""month"": 5, ""search_volume"": 90}, {""year"": 2026, ""month"": 4, ""search_volume"": 50}, {""year"": 2026, ""month"": 3, ""search_volume"": 70}, {""year"": 2026, ""month"": 2, ""search_volume"": 90}, {""year"": 2026, ""month"": 1, ""search_volume"": 90}, {""year"": 2025, ""month"": 12, ""search_volume"": 110}, {""year"": 2025, ""month"": 11, ""search_volume"": 110}, {""year"": 2025, ""month"": 10, ""search_volume"": 70}, {""year"": 2025, ""month"": 9, ""search_volume"": 90}, {""year"": 2025, ""month"": 8, ""search_volume"": 90}]"
A5,comparatif liseuse kindle et kobo,90,0.22,USD_DOCUMENTED,parent,True,,,,,"liseuse générale, mini-format non demandé",dataforseo_labs/google/keyword_suggestions/live,2026-09-03T11:47:40.664088+00:00,2026-09-03-test-decouverte-search-12/02-A5-discovery.json.gz,"[{""year"": 2026, ""month"": 7, ""search_volume"": 50}, {""year"": 2026, ""month"": 6, ""search_volume"": 70}, {""year"": 2026, ""month"": 5, ""search_volume"": 70}, {""year"": 2026, ""month"": 4, ""search_volume"": 40}, {""year"": 2026, ""month"": 3, ""search_volume"": 50}, {""year"": 2026, ""month"": 2, ""search_volume"": 50}, {""year"": 2026, ""month"": 1, ""search_volume"": 90}, {""year"": 2025, ""month"": 12, ""search_volume"": 140}, {""year"": 2025, ""month"": 11, ""search_volume"": 170}, {""year"": 2025, ""month"": 10, ""search_volume"": 90}, {""year"": 2025, ""month"": 9, ""search_volume"": 50}, {""year"": 2025, ""month"": 8, ""search_volume"": 90}]"
A5,liseuse en laine,90,0.69,USD_DOCUMENTED,parent,False,,,,,"liseuse générale, mini-format non demandé",dataforseo_labs/google/keyword_suggestions/live,2026-09-03T11:47:40.664088+00:00,2026-09-03-test-decouverte-search-12/02-A5-discovery.json.gz,"[{""year"": 2026, ""month"": 7, ""search_volume"": 20}, {""year"": 2026, ""month"": 6, ""search_volume"": 30}, {""year"": 2026, ""month"": 5, ""search_volume"": 40}, {""year"": 2026, ""month"": 4, ""search_volume"": 40}, {""year"": 2026, ""month"": 3, ""search_volume"": 40}, {""year"": 2026, ""month"": 2, ""search_volume"": 70}, {""year"": 2026, ""month"": 1, ""search_volume"": 110}, {""year"": 2025, ""month"": 12, ""search_volume"": 210}, {""year"": 2025, ""month"": 11, ""search_volume"": 210}, {""year"": 2025, ""month"": 10, ""search_volume"": 170}, {""year"": 2025, ""month"": 9, ""search_volume"": 110}, {""year"": 2025, ""month"": 8, ""search_volume"": 40}]"
A5,liseuse led sur pied,90,0.5,USD_DOCUMENTED,incompatible,False,,,,,"lampe, logiciel, contenu ou sens non appareil",dataforseo_labs/google/keyword_suggestions/live,2026-09-03T11:47:40.664088+00:00,2026-09-03-test-decouverte-search-12/02-A5-discovery.json.gz,"[{""year"": 2026, ""month"": 7, ""search_volume"": 70}, {""year"": 2026, ""month"": 6, ""search_volume"": 40}, {""year"": 2026, ""month"": 5, ""search_volume"": 30}, {""year"": 2026, ""month"": 4, ""search_volume"": 70}, {""year"": 2026, ""month"": 3, ""search_volume"": 70}, {""year"": 2026, ""month"": 2, ""search_volume"": 70}, {""year"": 2026, ""month"": 1, ""search_volume"": 140}, {""year"": 2025, ""month"": 12, ""search_volume"": 170}, {""year"": 2025, ""month"": 11, ""search_volume"": 170}, {""year"": 2025, ""month"": 10, ""search_volume"": 90}, {""year"": 2025, ""month"": 9, ""search_volume"": 70}, {""year"": 2025, ""month"": 8, ""search_volume"": 40}]"
A5,applique murale tête de lit avec liseuse,90,0.95,USD_DOCUMENTED,parent,False,,,,,"liseuse générale, mini-format non demandé",dataforseo_labs/google/keyword_suggestions/live,2026-09-03T11:47:40.664088+00:00,2026-09-03-test-decouverte-search-12/02-A5-discovery.json.gz,"[{""year"": 2026, ""month"": 7, ""search_volume"": 70}, {""year"": 2026, ""month"": 6, ""search_volume"": 50}, {""year"": 2026, ""month"": 5, ""search_volume"": 110}, {""year"": 2026, ""month"": 4, ""search_volume"": 70}, {""year"": 2026, ""month"": 3, ""search_volume"": 70}, {""year"": 2026, ""month"": 2, ""search_volume"": 90}, {""year"": 2026, ""month"": 1, ""search_volume"": 110}, {""year"": 2025, ""month"": 12, ""search_volume"": 50}, {""year"": 2025, ""month"": 11, ""search_volume"": 70}, {""year"": 2025, ""month"": 10, ""search_volume"": 170}, {""year"": 2025, ""month"": 9, ""search_volume"": 110}, {""year"": 2025, ""month"": 8, ""search_volume"": 90}]"
A5,liseuse promo black friday,90,0.26,USD_DOCUMENTED,parent,False,,,,,"liseuse générale, mini-format non demandé",dataforseo_labs/google/keyword_suggestions/live,2026-09-03T11:47:40.664088+00:00,2026-09-03-test-decouverte-search-12/02-A5-discovery.json.gz,"[{""year"": 2026, ""month"": 7, ""search_volume"": 20}, {""year"": 2026, ""month"": 6, ""search_volume"": 20}, {""year"": 2026, ""month"": 5, ""search_volume"": 20}, {""year"": 2026, ""month"": 4, ""search_volume"": 20}, {""year"": 2026, ""month"": 3, ""search_volume"": 20}, {""year"": 2026, ""month"": 2, ""search_volume"": 20}, {""year"": 2026, ""month"": 1, ""search_volume"": 50}, {""year"": 2025, ""month"": 12, ""search_volume"": 90}, {""year"": 2025, ""month"": 11, ""search_volume"": 590}, {""year"": 2025, ""month"": 10, ""search_volume"": 90}, {""year"": 2025, ""month"": 9, ""search_volume"": 30}, {""year"": 2025, ""month"": 8, ""search_volume"": 30}]"
A5,lampadaire liseuse design,90,0.81,USD_DOCUMENTED,incompatible,False,,,,,"lampe, logiciel, contenu ou sens non appareil",dataforseo_labs/google/keyword_suggestions/live,2026-09-03T11:47:40.664088+00:00,2026-09-03-test-decouverte-search-12/02-A5-discovery.json.gz,"[{""year"": 2026, ""month"": 7, ""search_volume"": 20}, {""year"": 2026, ""month"": 6, ""search_volume"": 30}, {""year"": 2026, ""month"": 5, ""search_volume"": 50}, {""year"": 2026, ""month"": 4, ""search_volume"": 50}, {""year"": 2026, ""month"": 3, ""search_volume"": 70}, {""year"": 2026, ""month"": 2, ""search_volume"": 90}, {""year"": 2026, ""month"": 1, ""search_volume"": 140}, {""year"": 2025, ""month"": 12, ""search_volume"": 170}, {""year"": 2025, ""month"": 11, ""search_volume"": 110}, {""year"": 2025, ""month"": 10, ""search_volume"": 140}, {""year"": 2025, ""month"": 9, ""search_volume"": 90}, {""year"": 2025, ""month"": 8, ""search_volume"": 50}]"
A5,à quoi sert une liseuse,90,0.64,USD_DOCUMENTED,parent,False,,,,,"liseuse générale, mini-format non demandé",dataforseo_labs/google/keyword_suggestions/live,2026-09-03T11:47:40.664088+00:00,2026-09-03-test-decouverte-search-12/02-A5-discovery.json.gz,"[{""year"": 2026, ""month"": 7, ""search_volume"": 50}, {""year"": 2026, ""month"": 6, ""search_volume"": 70}, {""year"": 2026, ""month"": 5, ""search_volume"": 70}, {""year"": 2026, ""month"": 4, ""search_volume"": 70}, {""year"": 2026, ""month"": 3, ""search_volume"": 50}, {""year"": 2026, ""month"": 2, ""search_volume"": 110}, {""year"": 2026, ""month"": 1, ""search_volume"": 110}, {""year"": 2025, ""month"": 12, ""search_volume"": 170}, {""year"": 2025, ""month"": 11, ""search_volume"": 140}, {""year"": 2025, ""month"": 10, ""search_volume"": 110}, {""year"": 2025, ""month"": 9, ""search_volume"": 90}, {""year"": 2025, ""month"": 8, ""search_volume"": 90}]"
A5,liseuse d'amazone,90,0.17,USD_DOCUMENTED,parent,False,,,,,"liseuse générale, mini-format non demandé",dataforseo_labs/google/keyword_suggestions/live,2026-09-03T11:47:40.664088+00:00,2026-09-03-test-decouverte-search-12/02-A5-discovery.json.gz,"[{""year"": 2026, ""month"": 7, ""search_volume"": 40}, {""year"": 2026, ""month"": 6, ""search_volume"": 390}, {""year"": 2026, ""month"": 5, ""search_volume"": 40}, {""year"": 2026, ""month"": 4, ""search_volume"": 50}, {""year"": 2026, ""month"": 3, ""search_volume"": 40}, {""year"": 2026, ""month"": 2, ""search_volume"": 50}, {""year"": 2026, ""month"": 1, ""search_volume"": 140}, {""year"": 2025, ""month"": 12, ""search_volume"": 170}, {""year"": 2025, ""month"": 11, ""search_volume"": 70}, {""year"": 2025, ""month"": 10, ""search_volume"": 40}, {""year"": 2025, ""month"": 9, ""search_volume"": 40}, {""year"": 2025, ""month"": 8, ""search_volume"": 40}]"
A5,liseuse grand ecran,90,0.34,USD_DOCUMENTED,parent,False,,,,,"liseuse générale, mini-format non demandé",dataforseo_labs/google/keyword_suggestions/live,2026-09-03T11:47:40.664088+00:00,2026-09-03-test-decouverte-search-12/02-A5-discovery.json.gz,"[{""year"": 2026, ""month"": 7, ""search_volume"": 70}, {""year"": 2026, ""month"": 6, ""search_volume"": 70}, {""year"": 2026, ""month"": 5, ""search_volume"": 70}, {""year"": 2026, ""month"": 4, ""search_volume"": 70}, {""year"": 2026, ""month"": 3, ""search_volume"": 90}, {""year"": 2026, ""month"": 2, ""search_volume"": 90}, {""year"": 2026, ""month"": 1, ""search_volume"": 90}, {""year"": 2025, ""month"": 12, ""search_volume"": 140}, {""year"": 2025, ""month"": 11, ""search_volume"": 170}, {""year"": 2025, ""month"": 10, ""search_volume"": 90}, {""year"": 2025, ""month"": 9, ""search_volume"": 70}, {""year"": 2025, ""month"": 8, ""search_volume"": 70}]"
A5,quelle est la meilleur liseuse,90,0.29,USD_DOCUMENTED,parent,False,,,,,"liseuse générale, mini-format non demandé",dataforseo_labs/google/keyword_suggestions/live,2026-09-03T11:47:40.664088+00:00,2026-09-03-test-decouverte-search-12/02-A5-discovery.json.gz,"[{""year"": 2026, ""month"": 7, ""search_volume"": 50}, {""year"": 2026, ""month"": 6, ""search_volume"": 70}, {""year"": 2026, ""month"": 5, ""search_volume"": 50}, {""year"": 2026, ""month"": 4, ""search_volume"": 40}, {""year"": 2026, ""month"": 3, ""search_volume"": 70}, {""year"": 2026, ""month"": 2, ""search_volume"": 50}, {""year"": 2026, ""month"": 1, ""search_volume"": 90}, {""year"": 2025, ""month"": 12, ""search_volume"": 110}, {""year"": 2025, ""month"": 11, ""search_volume"": 170}, {""year"": 2025, ""month"": 10, ""search_volume"": 90}, {""year"": 2025, ""month"": 9, ""search_volume"": 90}, {""year"": 2025, ""month"": 8, ""search_volume"": 110}]"
A5,modele tricot liseuse phildar,90,,USD_DOCUMENTED,parent,False,,,,,"liseuse générale, mini-format non demandé",dataforseo_labs/google/keyword_suggestions/live,2026-09-03T11:47:40.664088+00:00,2026-09-03-test-decouverte-search-12/02-A5-discovery.json.gz,"[{""year"": 2026, ""month"": 7, ""search_volume"": 20}, {""year"": 2026, ""month"": 6, ""search_volume"": 20}, {""year"": 2026, ""month"": 5, ""search_volume"": 50}, {""year"": 2026, ""month"": 4, ""search_volume"": 40}, {""year"": 2026, ""month"": 3, ""search_volume"": 70}, {""year"": 2026, ""month"": 2, ""search_volume"": 90}, {""year"": 2026, ""month"": 1, ""search_volume"": 110}, {""year"": 2025, ""month"": 12, ""search_volume"": 90}, {""year"": 2025, ""month"": 11, ""search_volume"": 170}, {""year"": 2025, ""month"": 10, ""search_volume"": 210}, {""year"": 2025, ""month"": 9, ""search_volume"": 170}, {""year"": 2025, ""month"": 8, ""search_volume"": 90}]"
A5,liseuse kindle leclerc,90,0.32,USD_DOCUMENTED,parent,True,,,,,"liseuse générale, mini-format non demandé",dataforseo_labs/google/keyword_suggestions/live,2026-09-03T11:47:40.664088+00:00,2026-09-03-test-decouverte-search-12/02-A5-discovery.json.gz,"[{""year"": 2026, ""month"": 7, ""search_volume"": 90}, {""year"": 2026, ""month"": 6, ""search_volume"": 50}, {""year"": 2026, ""month"": 5, ""search_volume"": 70}, {""year"": 2026, ""month"": 4, ""search_volume"": 50}, {""year"": 2026, ""month"": 3, ""search_volume"": 70}, {""year"": 2026, ""month"": 2, ""search_volume"": 70}, {""year"": 2026, ""month"": 1, ""search_volume"": 90}, {""year"": 2025, ""month"": 12, ""search_volume"": 260}, {""year"": 2025, ""month"": 11, ""search_volume"": 170}, {""year"": 2025, ""month"": 10, ""search_volume"": 70}, {""year"": 2025, ""month"": 9, ""search_volume"": 70}, {""year"": 2025, ""month"": 8, ""search_volume"": 90}]"
A5,lampe sur pied avec liseuse,90,0.45,USD_DOCUMENTED,incompatible,False,,,,,"lampe, logiciel, contenu ou sens non appareil",dataforseo_labs/google/keyword_suggestions/live,2026-09-03T11:47:40.664088+00:00,2026-09-03-test-decouverte-search-12/02-A5-discovery.json.gz,"[{""year"": 2026, ""month"": 7, ""search_volume"": 40}, {""year"": 2026, ""month"": 6, ""search_volume"": 40}, {""year"": 2026, ""month"": 5, ""search_volume"": 50}, {""year"": 2026, ""month"": 4, ""search_volume"": 30}, {""year"": 2026, ""month"": 3, ""search_volume"": 90}, {""year"": 2026, ""month"": 2, ""search_volume"": 90}, {""year"": 2026, ""month"": 1, ""search_volume"": 170}, {""year"": 2025, ""month"": 12, ""search_volume"": 170}, {""year"": 2025, ""month"": 11, ""search_volume"": 210}, {""year"": 2025, ""month"": 10, ""search_volume"": 90}, {""year"": 2025, ""month"": 9, ""search_volume"": 90}, {""year"": 2025, ""month"": 8, ""search_volume"": 40}]"
A5,liseuse carrefour nolim,90,0.17,USD_DOCUMENTED,parent,True,,,,,"liseuse générale, mini-format non demandé",dataforseo_labs/google/keyword_suggestions/live,2026-09-03T11:47:40.664088+00:00,2026-09-03-test-decouverte-search-12/02-A5-discovery.json.gz,"[{""year"": 2026, ""month"": 7, ""search_volume"": 90}, {""year"": 2026, ""month"": 6, ""search_volume"": 50}, {""year"": 2026, ""month"": 5, ""search_volume"": 50}, {""year"": 2026, ""month"": 4, ""search_volume"": 70}, {""year"": 2026, ""month"": 3, ""search_volume"": 70}, {""year"": 2026, ""month"": 2, ""search_volume"": 90}, {""year"": 2026, ""month"": 1, ""search_volume"": 70}, {""year"": 2025, ""month"": 12, ""search_volume"": 110}, {""year"": 2025, ""month"": 11, ""search_volume"": 90}, {""year"": 2025, ""month"": 10, ""search_volume"": 110}, {""year"": 2025, ""month"": 9, ""search_volume"": 90}, {""year"": 2025, ""month"": 8, ""search_volume"": 90}]"
A5,liseuse kobo bloquée sur une page,90,,USD_DOCUMENTED,parent,True,,,,,"liseuse générale, mini-format non demandé",dataforseo_labs/google/keyword_suggestions/live,2026-09-03T11:47:40.664088+00:00,2026-09-03-test-decouverte-search-12/02-A5-discovery.json.gz,"[{""year"": 2026, ""month"": 7, ""search_volume"": 110}, {""year"": 2026, ""month"": 6, ""search_volume"": 70}, {""year"": 2026, ""month"": 5, ""search_volume"": 70}, {""year"": 2026, ""month"": 4, ""search_volume"": 70}, {""year"": 2026, ""month"": 3, ""search_volume"": 70}, {""year"": 2026, ""month"": 2, ""search_volume"": 90}, {""year"": 2026, ""month"": 1, ""search_volume"": 110}, {""year"": 2025, ""month"": 12, ""search_volume"": 110}, {""year"": 2025, ""month"": 11, ""search_volume"": 110}, {""year"": 2025, ""month"": 10, ""search_volume"": 110}, {""year"": 2025, ""month"": 9, ""search_volume"": 70}, {""year"": 2025, ""month"": 8, ""search_volume"": 140}]"
A5,une liseuse numérique,90,0.24,USD_DOCUMENTED,parent,False,,,,,"liseuse générale, mini-format non demandé",dataforseo_labs/google/keyword_suggestions/live,2026-09-03T11:47:40.664088+00:00,2026-09-03-test-decouverte-search-12/02-A5-discovery.json.gz,"[{""year"": 2026, ""month"": 7, ""search_volume"": 110}, {""year"": 2026, ""month"": 6, ""search_volume"": 50}, {""year"": 2026, ""month"": 5, ""search_volume"": 50}, {""year"": 2026, ""month"": 4, ""search_volume"": 10}, {""year"": 2026, ""month"": 3, ""search_volume"": 30}, {""year"": 2026, ""month"": 2, ""search_volume"": 50}, {""year"": 2026, ""month"": 1, ""search_volume"": 20}, {""year"": 2025, ""month"": 12, ""search_volume"": 170}, {""year"": 2025, ""month"": 11, ""search_volume"": 260}, {""year"": 2025, ""month"": 10, ""search_volume"": 140}, {""year"": 2025, ""month"": 9, ""search_volume"": 70}, {""year"": 2025, ""month"": 8, ""search_volume"": 20}]"
A5,liseuse 7 8 pouces,90,0.25,USD_DOCUMENTED,parent,False,,,,,"liseuse générale, mini-format non demandé",dataforseo_labs/google/keyword_suggestions/live,2026-09-03T11:47:40.664088+00:00,2026-09-03-test-decouverte-search-12/02-A5-discovery.json.gz,"[{""year"": 2026, ""month"": 7, ""search_volume"": 90}, {""year"": 2026, ""month"": 6, ""search_volume"": 70}, {""year"": 2026, ""month"": 5, ""search_volume"": 50}, {""year"": 2026, ""month"": 4, ""search_volume"": 50}, {""year"": 2026, ""month"": 3, ""search_volume"": 70}, {""year"": 2026, ""month"": 2, ""search_volume"": 70}, {""year"": 2026, ""month"": 1, ""search_volume"": 90}, {""year"": 2025, ""month"": 12, ""search_volume"": 140}, {""year"": 2025, ""month"": 11, ""search_volume"": 210}, {""year"": 2025, ""month"": 10, ""search_volume"": 70}, {""year"": 2025, ""month"": 9, ""search_volume"": 70}, {""year"": 2025, ""month"": 8, ""search_volume"": 110}]"
A5,marque de liseuse,90,0.15,USD_DOCUMENTED,parent,False,,,,,"liseuse générale, mini-format non demandé",dataforseo_labs/google/keyword_suggestions/live,2026-09-03T11:47:40.664088+00:00,2026-09-03-test-decouverte-search-12/02-A5-discovery.json.gz,"[{""year"": 2026, ""month"": 7, ""search_volume"": 70}, {""year"": 2026, ""month"": 6, ""search_volume"": 90}, {""year"": 2026, ""month"": 5, ""search_volume"": 70}, {""year"": 2026, ""month"": 4, ""search_volume"": 70}, {""year"": 2026, ""month"": 3, ""search_volume"": 70}, {""year"": 2026, ""month"": 2, ""search_volume"": 50}, {""year"": 2026, ""month"": 1, ""search_volume"": 90}, {""year"": 2025, ""month"": 12, ""search_volume"": 110}, {""year"": 2025, ""month"": 11, ""search_volume"": 140}, {""year"": 2025, ""month"": 10, ""search_volume"": 90}, {""year"": 2025, ""month"": 9, ""search_volume"": 70}, {""year"": 2025, ""month"": 8, ""search_volume"": 90}]"
A5,liseuse électrique,90,0.22,USD_DOCUMENTED,parent,False,,,,,"liseuse générale, mini-format non demandé",dataforseo_labs/google/keyword_suggestions/live,2026-09-03T11:47:40.664088+00:00,2026-09-03-test-decouverte-search-12/02-A5-discovery.json.gz,"[{""year"": 2026, ""month"": 7, ""search_volume"": 50}, {""year"": 2026, ""month"": 6, ""search_volume"": 50}, {""year"": 2026, ""month"": 5, ""search_volume"": 70}, {""year"": 2026, ""month"": 4, ""search_volume"": 40}, {""year"": 2026, ""month"": 3, ""search_volume"": 70}, {""year"": 2026, ""month"": 2, ""search_volume"": 70}, {""year"": 2026, ""month"": 1, ""search_volume"": 70}, {""year"": 2025, ""month"": 12, ""search_volume"": 140}, {""year"": 2025, ""month"": 11, ""search_volume"": 170}, {""year"": 2025, ""month"": 10, ""search_volume"": 140}, {""year"": 2025, ""month"": 9, ""search_volume"": 90}, {""year"": 2025, ""month"": 8, ""search_volume"": 90}]"
A5,liseuse google,90,0.2,USD_DOCUMENTED,parent,False,,,,,"liseuse générale, mini-format non demandé",dataforseo_labs/google/keyword_suggestions/live,2026-09-03T11:47:40.664088+00:00,2026-09-03-test-decouverte-search-12/02-A5-discovery.json.gz,"[{""year"": 2026, ""month"": 7, ""search_volume"": 70}, {""year"": 2026, ""month"": 6, ""search_volume"": 70}, {""year"": 2026, ""month"": 5, ""search_volume"": 90}, {""year"": 2026, ""month"": 4, ""search_volume"": 90}, {""year"": 2026, ""month"": 3, ""search_volume"": 70}, {""year"": 2026, ""month"": 2, ""search_volume"": 70}, {""year"": 2026, ""month"": 1, ""search_volume"": 110}, {""year"": 2025, ""month"": 12, ""search_volume"": 140}, {""year"": 2025, ""month"": 11, ""search_volume"": 140}, {""year"": 2025, ""month"": 10, ""search_volume"": 110}, {""year"": 2025, ""month"": 9, ""search_volume"": 110}, {""year"": 2025, ""month"": 8, ""search_volume"": 140}]"
A5,liseuse d histoire,90,0.72,USD_DOCUMENTED,parent,False,,,,,"liseuse générale, mini-format non demandé",dataforseo_labs/google/keyword_suggestions/live,2026-09-03T11:47:40.664088+00:00,2026-09-03-test-decouverte-search-12/02-A5-discovery.json.gz,"[{""year"": 2026, ""month"": 7, ""search_volume"": 70}, {""year"": 2026, ""month"": 6, ""search_volume"": 50}, {""year"": 2026, ""month"": 5, ""search_volume"": 70}, {""year"": 2026, ""month"": 4, ""search_volume"": 40}, {""year"": 2026, ""month"": 3, ""search_volume"": 70}, {""year"": 2026, ""month"": 2, ""search_volume"": 70}, {""year"": 2026, ""month"": 1, ""search_volume"": 50}, {""year"": 2025, ""month"": 12, ""search_volume"": 170}, {""year"": 2025, ""month"": 11, ""search_volume"": 260}, {""year"": 2025, ""month"": 10, ""search_volume"": 90}, {""year"": 2025, ""month"": 9, ""search_volume"": 90}, {""year"": 2025, ""month"": 8, ""search_volume"": 50}]"
A5,problème écran liseuse vivlio,90,,USD_DOCUMENTED,information,True,,,,,"usage/SAV/risque, hors demande achat directe",dataforseo_labs/google/keyword_suggestions/live,2026-09-03T11:47:40.664088+00:00,2026-09-03-test-decouverte-search-12/02-A5-discovery.json.gz,"[{""year"": 2026, ""month"": 6, ""search_volume"": 90}, {""year"": 2026, ""month"": 5, ""search_volume"": 50}, {""year"": 2026, ""month"": 4, ""search_volume"": 50}, {""year"": 2026, ""month"": 3, ""search_volume"": 70}, {""year"": 2026, ""month"": 2, ""search_volume"": 110}, {""year"": 2026, ""month"": 1, ""search_volume"": 110}, {""year"": 2025, ""month"": 12, ""search_volume"": 90}, {""year"": 2025, ""month"": 11, ""search_volume"": 70}, {""year"": 2025, ""month"": 10, ""search_volume"": 90}, {""year"": 2025, ""month"": 9, ""search_volume"": 110}, {""year"": 2025, ""month"": 8, ""search_volume"": 140}, {""year"": 2025, ""month"": 7, ""search_volume"": 110}]"
A5,liseuse leclerc promo,90,0.08,USD_DOCUMENTED,parent,True,,,,,"liseuse générale, mini-format non demandé",dataforseo_labs/google/keyword_suggestions/live,2026-09-03T11:47:40.664088+00:00,2026-09-03-test-decouverte-search-12/02-A5-discovery.json.gz,"[{""year"": 2026, ""month"": 7, ""search_volume"": 110}, {""year"": 2026, ""month"": 6, ""search_volume"": 90}, {""year"": 2026, ""month"": 5, ""search_volume"": 90}, {""year"": 2026, ""month"": 4, ""search_volume"": 70}, {""year"": 2026, ""month"": 3, ""search_volume"": 90}, {""year"": 2026, ""month"": 2, ""search_volume"": 70}, {""year"": 2026, ""month"": 1, ""search_volume"": 70}, {""year"": 2025, ""month"": 12, ""search_volume"": 210}, {""year"": 2025, ""month"": 11, ""search_volume"": 140}, {""year"": 2025, ""month"": 10, ""search_volume"": 90}, {""year"": 2025, ""month"": 9, ""search_volume"": 90}, {""year"": 2025, ""month"": 8, ""search_volume"": 90}]"
A5,margaud liseuse livraddict,90,,USD_DOCUMENTED,parent,False,,,,,"liseuse générale, mini-format non demandé",dataforseo_labs/google/keyword_suggestions/live,2026-09-03T11:47:40.664088+00:00,2026-09-03-test-decouverte-search-12/02-A5-discovery.json.gz,"[{""year"": 2026, ""month"": 7, ""search_volume"": 50}, {""year"": 2026, ""month"": 6, ""search_volume"": 90}, {""year"": 2026, ""month"": 5, ""search_volume"": 90}, {""year"": 2026, ""month"": 4, ""search_volume"": 70}, {""year"": 2026, ""month"": 3, ""search_volume"": 70}, {""year"": 2026, ""month"": 2, ""search_volume"": 70}, {""year"": 2026, ""month"": 1, ""search_volume"": 90}, {""year"": 2025, ""month"": 12, ""search_volume"": 90}, {""year"": 2025, ""month"": 11, ""search_volume"": 110}, {""year"": 2025, ""month"": 10, ""search_volume"": 90}, {""year"": 2025, ""month"": 9, ""search_volume"": 70}, {""year"": 2025, ""month"": 8, ""search_volume"": 70}]"
A5,liseuse lampe design,90,0.81,USD_DOCUMENTED,incompatible,False,,,,,"lampe, logiciel, contenu ou sens non appareil",dataforseo_labs/google/keyword_suggestions/live,2026-09-03T11:47:40.664088+00:00,2026-09-03-test-decouverte-search-12/02-A5-discovery.json.gz,"[{""year"": 2026, ""month"": 7, ""search_volume"": 20}, {""year"": 2026, ""month"": 6, ""search_volume"": 30}, {""year"": 2026, ""month"": 5, ""search_volume"": 50}, {""year"": 2026, ""month"": 4, ""search_volume"": 50}, {""year"": 2026, ""month"": 3, ""search_volume"": 70}, {""year"": 2026, ""month"": 2, ""search_volume"": 90}, {""year"": 2026, ""month"": 1, ""search_volume"": 140}, {""year"": 2025, ""month"": 12, ""search_volume"": 170}, {""year"": 2025, ""month"": 11, ""search_volume"": 110}, {""year"": 2025, ""month"": 10, ""search_volume"": 140}, {""year"": 2025, ""month"": 9, ""search_volume"": 90}, {""year"": 2025, ""month"": 8, ""search_volume"": 50}]"
A5,la liseuse fragonard prix,90,0.03,USD_DOCUMENTED,parent,False,,,,,"liseuse générale, mini-format non demandé",dataforseo_labs/google/keyword_suggestions/live,2026-09-03T11:47:40.664088+00:00,2026-09-03-test-decouverte-search-12/02-A5-discovery.json.gz,"[{""year"": 2026, ""month"": 7, ""search_volume"": 30}, {""year"": 2026, ""month"": 6, ""search_volume"": 50}, {""year"": 2026, ""month"": 5, ""search_volume"": 40}, {""year"": 2026, ""month"": 4, ""search_volume"": 70}, {""year"": 2026, ""month"": 3, ""search_volume"": 90}, {""year"": 2026, ""month"": 2, ""search_volume"": 70}, {""year"": 2026, ""month"": 1, ""search_volume"": 90}, {""year"": 2025, ""month"": 12, ""search_volume"": 50}, {""year"": 2025, ""month"": 11, ""search_volume"": 90}, {""year"": 2025, ""month"": 10, ""search_volume"": 140}, {""year"": 2025, ""month"": 9, ""search_volume"": 140}, {""year"": 2025, ""month"": 8, ""search_volume"": 140}]"
A5,lampadaire liseuse maison du monde,90,0.27,USD_DOCUMENTED,incompatible,False,,,,,"lampe, logiciel, contenu ou sens non appareil",dataforseo_labs/google/keyword_suggestions/live,2026-09-03T11:47:40.664088+00:00,2026-09-03-test-decouverte-search-12/02-A5-discovery.json.gz,"[{""year"": 2026, ""month"": 7, ""search_volume"": 20}, {""year"": 2026, ""month"": 6, ""search_volume"": 20}, {""year"": 2026, ""month"": 5, ""search_volume"": 40}, {""year"": 2026, ""month"": 4, ""search_volume"": 30}, {""year"": 2026, ""month"": 3, ""search_volume"": 70}, {""year"": 2026, ""month"": 2, ""search_volume"": 110}, {""year"": 2026, ""month"": 1, ""search_volume"": 110}, {""year"": 2025, ""month"": 12, ""search_volume"": 140}, {""year"": 2025, ""month"": 11, ""search_volume"": 170}, {""year"": 2025, ""month"": 10, ""search_volume"": 110}, {""year"": 2025, ""month"": 9, ""search_volume"": 70}, {""year"": 2025, ""month"": 8, ""search_volume"": 90}]"
A5,liseuse grand écran,90,0.34,USD_DOCUMENTED,parent,False,,,,,"liseuse générale, mini-format non demandé",dataforseo_labs/google/keyword_suggestions/live,2026-09-03T11:47:40.664088+00:00,2026-09-03-test-decouverte-search-12/02-A5-discovery.json.gz,"[{""year"": 2026, ""month"": 7, ""search_volume"": 70}, {""year"": 2026, ""month"": 6, ""search_volume"": 70}, {""year"": 2026, ""month"": 5, ""search_volume"": 70}, {""year"": 2026, ""month"": 4, ""search_volume"": 70}, {""year"": 2026, ""month"": 3, ""search_volume"": 90}, {""year"": 2026, ""month"": 2, ""search_volume"": 90}, {""year"": 2026, ""month"": 1, ""search_volume"": 90}, {""year"": 2025, ""month"": 12, ""search_volume"": 140}, {""year"": 2025, ""month"": 11, ""search_volume"": 170}, {""year"": 2025, ""month"": 10, ""search_volume"": 90}, {""year"": 2025, ""month"": 9, ""search_volume"": 70}, {""year"": 2025, ""month"": 8, ""search_volume"": 70}]"
A5,chargeur liseuse kindle,90,0.32,USD_DOCUMENTED,parent,True,,,,,"liseuse générale, mini-format non demandé",dataforseo_labs/google/keyword_suggestions/live,2026-09-03T11:47:40.664088+00:00,2026-09-03-test-decouverte-search-12/02-A5-discovery.json.gz,"[{""year"": 2026, ""month"": 7, ""search_volume"": 70}, {""year"": 2026, ""month"": 6, ""search_volume"": 50}, {""year"": 2026, ""month"": 5, ""search_volume"": 70}, {""year"": 2026, ""month"": 4, ""search_volume"": 50}, {""year"": 2026, ""month"": 3, ""search_volume"": 70}, {""year"": 2026, ""month"": 2, ""search_volume"": 70}, {""year"": 2026, ""month"": 1, ""search_volume"": 90}, {""year"": 2025, ""month"": 12, ""search_volume"": 140}, {""year"": 2025, ""month"": 11, ""search_volume"": 140}, {""year"": 2025, ""month"": 10, ""search_volume"": 70}, {""year"": 2025, ""month"": 9, ""search_volume"": 90}, {""year"": 2025, ""month"": 8, ""search_volume"": 90}]"
A5,lampe liseuse design,90,0.81,USD_DOCUMENTED,incompatible,False,,,,,"lampe, logiciel, contenu ou sens non appareil",dataforseo_labs/google/keyword_suggestions/live,2026-09-03T11:47:40.664088+00:00,2026-09-03-test-decouverte-search-12/02-A5-discovery.json.gz,"[{""year"": 2026, ""month"": 7, ""search_volume"": 20}, {""year"": 2026, ""month"": 6, ""search_volume"": 30}, {""year"": 2026, ""month"": 5, ""search_volume"": 50}, {""year"": 2026, ""month"": 4, ""search_volume"": 50}, {""year"": 2026, ""month"": 3, ""search_volume"": 70}, {""year"": 2026, ""month"": 2, ""search_volume"": 90}, {""year"": 2026, ""month"": 1, ""search_volume"": 140}, {""year"": 2025, ""month"": 12, ""search_volume"": 170}, {""year"": 2025, ""month"": 11, ""search_volume"": 110}, {""year"": 2025, ""month"": 10, ""search_volume"": 140}, {""year"": 2025, ""month"": 9, ""search_volume"": 90}, {""year"": 2025, ""month"": 8, ""search_volume"": 50}]"
A5,format liseuse,90,0.34,USD_DOCUMENTED,parent,False,,,,,"liseuse générale, mini-format non demandé",dataforseo_labs/google/keyword_suggestions/live,2026-09-03T11:47:40.664088+00:00,2026-09-03-test-decouverte-search-12/02-A5-discovery.json.gz,"[{""year"": 2026, ""month"": 7, ""search_volume"": 70}, {""year"": 2026, ""month"": 6, ""search_volume"": 70}, {""year"": 2026, ""month"": 5, ""search_volume"": 70}, {""year"": 2026, ""month"": 4, ""search_volume"": 50}, {""year"": 2026, ""month"": 3, ""search_volume"": 70}, {""year"": 2026, ""month"": 2, ""search_volume"": 90}, {""year"": 2026, ""month"": 1, ""search_volume"": 110}, {""year"": 2025, ""month"": 12, ""search_volume"": 110}, {""year"": 2025, ""month"": 11, ""search_volume"": 90}, {""year"": 2025, ""month"": 10, ""search_volume"": 70}, {""year"": 2025, ""month"": 9, ""search_volume"": 90}, {""year"": 2025, ""month"": 8, ""search_volume"": 70}]"
A5,lampe liseuse chevet,90,0.93,USD_DOCUMENTED,incompatible,False,,,,,"lampe, logiciel, contenu ou sens non appareil",dataforseo_labs/google/keyword_suggestions/live,2026-09-03T11:47:40.664088+00:00,2026-09-03-test-decouverte-search-12/02-A5-discovery.json.gz,"[{""year"": 2026, ""month"": 7, ""search_volume"": 70}, {""year"": 2026, ""month"": 6, ""search_volume"": 50}, {""year"": 2026, ""month"": 5, ""search_volume"": 90}, {""year"": 2026, ""month"": 4, ""search_volume"": 50}, {""year"": 2026, ""month"": 3, ""search_volume"": 70}, {""year"": 2026, ""month"": 2, ""search_volume"": 90}, {""year"": 2026, ""month"": 1, ""search_volume"": 90}, {""year"": 2025, ""month"": 12, ""search_volume"": 110}, {""year"": 2025, ""month"": 11, ""search_volume"": 110}, {""year"": 2025, ""month"": 10, ""search_volume"": 70}, {""year"": 2025, ""month"": 9, ""search_volume"": 90}, {""year"": 2025, ""month"": 8, ""search_volume"": 90}]"
A5,applique murale tete de lit avec liseuse,90,0.95,USD_DOCUMENTED,parent,False,,,,,"liseuse générale, mini-format non demandé",dataforseo_labs/google/keyword_suggestions/live,2026-09-03T11:47:40.664088+00:00,2026-09-03-test-decouverte-search-12/02-A5-discovery.json.gz,"[{""year"": 2026, ""month"": 7, ""search_volume"": 70}, {""year"": 2026, ""month"": 6, ""search_volume"": 50}, {""year"": 2026, ""month"": 5, ""search_volume"": 110}, {""year"": 2026, ""month"": 4, ""search_volume"": 70}, {""year"": 2026, ""month"": 3, ""search_volume"": 70}, {""year"": 2026, ""month"": 2, ""search_volume"": 90}, {""year"": 2026, ""month"": 1, ""search_volume"": 110}, {""year"": 2025, ""month"": 12, ""search_volume"": 50}, {""year"": 2025, ""month"": 11, ""search_volume"": 70}, {""year"": 2025, ""month"": 10, ""search_volume"": 170}, {""year"": 2025, ""month"": 9, ""search_volume"": 110}, {""year"": 2025, ""month"": 8, ""search_volume"": 90}]"
A5,liseuse lampadaire design,90,0.81,USD_DOCUMENTED,incompatible,False,,,,,"lampe, logiciel, contenu ou sens non appareil",dataforseo_labs/google/keyword_suggestions/live,2026-09-03T11:47:40.664088+00:00,2026-09-03-test-decouverte-search-12/02-A5-discovery.json.gz,"[{""year"": 2026, ""month"": 7, ""search_volume"": 20}, {""year"": 2026, ""month"": 6, ""search_volume"": 30}, {""year"": 2026, ""month"": 5, ""search_volume"": 50}, {""year"": 2026, ""month"": 4, ""search_volume"": 50}, {""year"": 2026, ""month"": 3, ""search_volume"": 70}, {""year"": 2026, ""month"": 2, ""search_volume"": 90}, {""year"": 2026, ""month"": 1, ""search_volume"": 140}, {""year"": 2025, ""month"": 12, ""search_volume"": 170}, {""year"": 2025, ""month"": 11, ""search_volume"": 110}, {""year"": 2025, ""month"": 10, ""search_volume"": 140}, {""year"": 2025, ""month"": 9, ""search_volume"": 90}, {""year"": 2025, ""month"": 8, ""search_volume"": 50}]"
A5,liseuse pour tablette samsung,90,0.19,USD_DOCUMENTED,parent,False,,,,,"liseuse générale, mini-format non demandé",dataforseo_labs/google/keyword_suggestions/live,2026-09-03T11:47:40.664088+00:00,2026-09-03-test-decouverte-search-12/02-A5-discovery.json.gz,"[{""year"": 2026, ""month"": 7, ""search_volume"": 50}, {""year"": 2026, ""month"": 6, ""search_volume"": 50}, {""year"": 2026, ""month"": 5, ""search_volume"": 40}, {""year"": 2026, ""month"": 4, ""search_volume"": 40}, {""year"": 2026, ""month"": 3, ""search_volume"": 70}, {""year"": 2026, ""month"": 2, ""search_volume"": 70}, {""year"": 2026, ""month"": 1, ""search_volume"": 110}, {""year"": 2025, ""month"": 12, ""search_volume"": 110}, {""year"": 2025, ""month"": 11, ""search_volume"": 110}, {""year"": 2025, ""month"": 10, ""search_volume"": 70}, {""year"": 2025, ""month"": 9, ""search_volume"": 40}, {""year"": 2025, ""month"": 8, ""search_volume"": 170}]"
A5,support liseuse kobo,90,0.24,USD_DOCUMENTED,parent,True,,,,,"liseuse générale, mini-format non demandé",dataforseo_labs/google/keyword_suggestions/live,2026-09-03T11:47:40.664088+00:00,2026-09-03-test-decouverte-search-12/02-A5-discovery.json.gz,"[{""year"": 2026, ""month"": 7, ""search_volume"": 70}, {""year"": 2026, ""month"": 6, ""search_volume"": 50}, {""year"": 2026, ""month"": 5, ""search_volume"": 40}, {""year"": 2026, ""month"": 4, ""search_volume"": 50}, {""year"": 2026, ""month"": 3, ""search_volume"": 50}, {""year"": 2026, ""month"": 2, ""search_volume"": 70}, {""year"": 2026, ""month"": 1, ""search_volume"": 110}, {""year"": 2025, ""month"": 12, ""search_volume"": 210}, {""year"": 2025, ""month"": 11, ""search_volume"": 140}, {""year"": 2025, ""month"": 10, ""search_volume"": 50}, {""year"": 2025, ""month"": 9, ""search_volume"": 70}, {""year"": 2025, ""month"": 8, ""search_volume"": 70}]"
A5,liseuse laiton brossé,90,1.6,USD_DOCUMENTED,parent,False,,,,,"liseuse générale, mini-format non demandé",dataforseo_labs/google/keyword_suggestions/live,2026-09-03T11:47:40.664088+00:00,2026-09-03-test-decouverte-search-12/02-A5-discovery.json.gz,"[{""year"": 2026, ""month"": 7, ""search_volume"": 50}, {""year"": 2026, ""month"": 6, ""search_volume"": 90}, {""year"": 2026, ""month"": 5, ""search_volume"": 70}, {""year"": 2026, ""month"": 4, ""search_volume"": 90}, {""year"": 2026, ""month"": 3, ""search_volume"": 70}, {""year"": 2026, ""month"": 2, ""search_volume"": 90}, {""year"": 2026, ""month"": 1, ""search_volume"": 90}, {""year"": 2025, ""month"": 12, ""search_volume"": 90}, {""year"": 2025, ""month"": 11, ""search_volume"": 140}, {""year"": 2025, ""month"": 10, ""search_volume"": 70}, {""year"": 2025, ""month"": 9, ""search_volume"": 50}, {""year"": 2025, ""month"": 8, ""search_volume"": 50}]"
A5,housse liseuse kindle paperwhite,90,0.61,USD_DOCUMENTED,incompatible,True,,,,,"lampe, logiciel, contenu ou sens non appareil",dataforseo_labs/google/keyword_suggestions/live,2026-09-03T11:47:40.664088+00:00,2026-09-03-test-decouverte-search-12/02-A5-discovery.json.gz,"[{""year"": 2026, ""month"": 7, ""search_volume"": 90}, {""year"": 2026, ""month"": 6, ""search_volume"": 70}, {""year"": 2026, ""month"": 5, ""search_volume"": 50}, {""year"": 2026, ""month"": 4, ""search_volume"": 70}, {""year"": 2026, ""month"": 3, ""search_volume"": 50}, {""year"": 2026, ""month"": 2, ""search_volume"": 50}, {""year"": 2026, ""month"": 1, ""search_volume"": 110}, {""year"": 2025, ""month"": 12, ""search_volume"": 210}, {""year"": 2025, ""month"": 11, ""search_volume"": 170}, {""year"": 2025, ""month"": 10, ""search_volume"": 70}, {""year"": 2025, ""month"": 9, ""search_volume"": 90}, {""year"": 2025, ""month"": 8, ""search_volume"": 110}]"
A5,lampe liseuse sans fil,90,0.14,USD_DOCUMENTED,incompatible,False,,,,,"lampe, logiciel, contenu ou sens non appareil",dataforseo_labs/google/keyword_suggestions/live,2026-09-03T11:47:40.664088+00:00,2026-09-03-test-decouverte-search-12/02-A5-discovery.json.gz,"[{""year"": 2026, ""month"": 7, ""search_volume"": 30}, {""year"": 2026, ""month"": 6, ""search_volume"": 20}, {""year"": 2026, ""month"": 5, ""search_volume"": 70}, {""year"": 2026, ""month"": 4, ""search_volume"": 40}, {""year"": 2026, ""month"": 3, ""search_volume"": 40}, {""year"": 2026, ""month"": 2, ""search_volume"": 70}, {""year"": 2026, ""month"": 1, ""search_volume"": 90}, {""year"": 2025, ""month"": 12, ""search_volume"": 140}, {""year"": 2025, ""month"": 11, ""search_volume"": 210}, {""year"": 2025, ""month"": 10, ""search_volume"": 110}, {""year"": 2025, ""month"": 9, ""search_volume"": 90}, {""year"": 2025, ""month"": 8, ""search_volume"": 70}]"
A5,liseuse bronze,90,4.5,USD_DOCUMENTED,parent,False,,,,,"liseuse générale, mini-format non demandé",dataforseo_labs/google/keyword_suggestions/live,2026-09-03T11:47:40.664088+00:00,2026-09-03-test-decouverte-search-12/02-A5-discovery.json.gz,"[{""year"": 2026, ""month"": 7, ""search_volume"": 70}, {""year"": 2026, ""month"": 6, ""search_volume"": 70}, {""year"": 2026, ""month"": 5, ""search_volume"": 90}, {""year"": 2026, ""month"": 4, ""search_volume"": 110}, {""year"": 2026, ""month"": 3, ""search_volume"": 110}, {""year"": 2026, ""month"": 2, ""search_volume"": 90}, {""year"": 2026, ""month"": 1, ""search_volume"": 90}, {""year"": 2025, ""month"": 12, ""search_volume"": 110}, {""year"": 2025, ""month"": 11, ""search_volume"": 140}, {""year"": 2025, ""month"": 10, ""search_volume"": 70}, {""year"": 2025, ""month"": 9, ""search_volume"": 70}, {""year"": 2025, ""month"": 8, ""search_volume"": 40}]"
A5,vivlio liseuse problème,90,,USD_DOCUMENTED,information,True,,,,,"usage/SAV/risque, hors demande achat directe",dataforseo_labs/google/keyword_suggestions/live,2026-09-03T11:47:40.664088+00:00,2026-09-03-test-decouverte-search-12/02-A5-discovery.json.gz,"[{""year"": 2026, ""month"": 7, ""search_volume"": 140}, {""year"": 2026, ""month"": 6, ""search_volume"": 140}, {""year"": 2026, ""month"": 5, ""search_volume"": 140}, {""year"": 2026, ""month"": 4, ""search_volume"": 140}, {""year"": 2026, ""month"": 3, ""search_volume"": 140}, {""year"": 2026, ""month"": 2, ""search_volume"": 70}, {""year"": 2026, ""month"": 1, ""search_volume"": 70}, {""year"": 2025, ""month"": 12, ""search_volume"": 40}, {""year"": 2025, ""month"": 11, ""search_volume"": 50}, {""year"": 2025, ""month"": 10, ""search_volume"": 30}, {""year"": 2025, ""month"": 9, ""search_volume"": 40}, {""year"": 2025, ""month"": 8, ""search_volume"": 50}]"
A5,liseuse numerique kobo,90,0.35,USD_DOCUMENTED,parent,True,,,,,"liseuse générale, mini-format non demandé",dataforseo_labs/google/keyword_suggestions/live,2026-09-03T11:47:40.664088+00:00,2026-09-03-test-decouverte-search-12/02-A5-discovery.json.gz,"[{""year"": 2026, ""month"": 7, ""search_volume"": 70}, {""year"": 2026, ""month"": 6, ""search_volume"": 70}, {""year"": 2026, ""month"": 5, ""search_volume"": 70}, {""year"": 2026, ""month"": 4, ""search_volume"": 70}, {""year"": 2026, ""month"": 3, ""search_volume"": 70}, {""year"": 2026, ""month"": 2, ""search_volume"": 50}, {""year"": 2026, ""month"": 1, ""search_volume"": 90}, {""year"": 2025, ""month"": 12, ""search_volume"": 170}, {""year"": 2025, ""month"": 11, ""search_volume"": 210}, {""year"": 2025, ""month"": 10, ""search_volume"": 70}, {""year"": 2025, ""month"": 9, ""search_volume"": 70}, {""year"": 2025, ""month"": 8, ""search_volume"": 70}]"
A5,liseuse reader sony,90,0.11,USD_DOCUMENTED,parent,True,,,,,"liseuse générale, mini-format non demandé",dataforseo_labs/google/keyword_suggestions/live,2026-09-03T11:47:40.664088+00:00,2026-09-03-test-decouverte-search-12/02-A5-discovery.json.gz,"[{""year"": 2026, ""month"": 7, ""search_volume"": 90}, {""year"": 2026, ""month"": 6, ""search_volume"": 70}, {""year"": 2026, ""month"": 5, ""search_volume"": 90}, {""year"": 2026, ""month"": 4, ""search_volume"": 90}, {""year"": 2026, ""month"": 3, ""search_volume"": 90}, {""year"": 2026, ""month"": 2, ""search_volume"": 90}, {""year"": 2026, ""month"": 1, ""search_volume"": 90}, {""year"": 2025, ""month"": 12, ""search_volume"": 90}, {""year"": 2025, ""month"": 11, ""search_volume"": 70}, {""year"": 2025, ""month"": 10, ""search_volume"": 70}, {""year"": 2025, ""month"": 9, ""search_volume"": 70}, {""year"": 2025, ""month"": 8, ""search_volume"": 90}]"
A5,lampadaire sur pied avec liseuse,90,0.45,USD_DOCUMENTED,incompatible,False,,,,,"lampe, logiciel, contenu ou sens non appareil",dataforseo_labs/google/keyword_suggestions/live,2026-09-03T11:47:40.664088+00:00,2026-09-03-test-decouverte-search-12/02-A5-discovery.json.gz,"[{""year"": 2026, ""month"": 7, ""search_volume"": 40}, {""year"": 2026, ""month"": 6, ""search_volume"": 40}, {""year"": 2026, ""month"": 5, ""search_volume"": 50}, {""year"": 2026, ""month"": 4, ""search_volume"": 30}, {""year"": 2026, ""month"": 3, ""search_volume"": 90}, {""year"": 2026, ""month"": 2, ""search_volume"": 90}, {""year"": 2026, ""month"": 1, ""search_volume"": 170}, {""year"": 2025, ""month"": 12, ""search_volume"": 170}, {""year"": 2025, ""month"": 11, ""search_volume"": 210}, {""year"": 2025, ""month"": 10, ""search_volume"": 90}, {""year"": 2025, ""month"": 9, ""search_volume"": 90}, {""year"": 2025, ""month"": 8, ""search_volume"": 40}]"
A5,applique tete de lit liseuse,90,1.18,USD_DOCUMENTED,parent,False,,,,,"liseuse générale, mini-format non demandé",dataforseo_labs/google/keyword_suggestions/live,2026-09-03T11:47:40.664088+00:00,2026-09-03-test-decouverte-search-12/02-A5-discovery.json.gz,"[{""year"": 2026, ""month"": 7, ""search_volume"": 90}, {""year"": 2026, ""month"": 6, ""search_volume"": 90}, {""year"": 2026, ""month"": 5, ""search_volume"": 90}, {""year"": 2026, ""month"": 4, ""search_volume"": 90}, {""year"": 2026, ""month"": 3, ""search_volume"": 70}, {""year"": 2026, ""month"": 2, ""search_volume"": 90}, {""year"": 2026, ""month"": 1, ""search_volume"": 140}, {""year"": 2025, ""month"": 12, ""search_volume"": 70}, {""year"": 2025, ""month"": 11, ""search_volume"": 70}, {""year"": 2025, ""month"": 10, ""search_volume"": 140}, {""year"": 2025, ""month"": 9, ""search_volume"": 70}, {""year"": 2025, ""month"": 8, ""search_volume"": 90}]"
A5,liseuse tea touch lux 3,90,0.19,USD_DOCUMENTED,parent,False,,,,,"liseuse générale, mini-format non demandé",dataforseo_labs/google/keyword_suggestions/live,2026-09-03T11:47:40.664088+00:00,2026-09-03-test-decouverte-search-12/02-A5-discovery.json.gz,"[{""year"": 2026, ""month"": 7, ""search_volume"": 90}, {""year"": 2026, ""month"": 6, ""search_volume"": 70}, {""year"": 2026, ""month"": 5, ""search_volume"": 70}, {""year"": 2026, ""month"": 4, ""search_volume"": 50}, {""year"": 2026, ""month"": 3, ""search_volume"": 70}, {""year"": 2026, ""month"": 2, ""search_volume"": 70}, {""year"": 2026, ""month"": 1, ""search_volume"": 110}, {""year"": 2025, ""month"": 12, ""search_volume"": 90}, {""year"": 2025, ""month"": 11, ""search_volume"": 110}, {""year"": 2025, ""month"": 10, ""search_volume"": 70}, {""year"": 2025, ""month"": 9, ""search_volume"": 70}, {""year"": 2025, ""month"": 8, ""search_volume"": 140}]"
A5,liseuse en laine pour la nuit,90,0.55,USD_DOCUMENTED,parent,False,,,,,"liseuse générale, mini-format non demandé",dataforseo_labs/google/keyword_suggestions/live,2026-09-03T11:47:40.664088+00:00,2026-09-03-test-decouverte-search-12/02-A5-discovery.json.gz,"[{""year"": 2026, ""month"": 7, ""search_volume"": 40}, {""year"": 2026, ""month"": 6, ""search_volume"": 20}, {""year"": 2026, ""month"": 5, ""search_volume"": 90}, {""year"": 2026, ""month"": 4, ""search_volume"": 30}, {""year"": 2026, ""month"": 3, ""search_volume"": 40}, {""year"": 2026, ""month"": 2, ""search_volume"": 70}, {""year"": 2026, ""month"": 1, ""search_volume"": 90}, {""year"": 2025, ""month"": 12, ""search_volume"": 170}, {""year"": 2025, ""month"": 11, ""search_volume"": 210}, {""year"": 2025, ""month"": 10, ""search_volume"": 170}, {""year"": 2025, ""month"": 9, ""search_volume"": 110}, {""year"": 2025, ""month"": 8, ""search_volume"": 50}]"
A5,liseuse kobo elipsa 2e,90,0.33,USD_DOCUMENTED,parent,True,,,,,"liseuse générale, mini-format non demandé",dataforseo_labs/google/keyword_suggestions/live,2026-09-03T11:47:40.664088+00:00,2026-09-03-test-decouverte-search-12/02-A5-discovery.json.gz,"[{""year"": 2026, ""month"": 7, ""search_volume"": 50}, {""year"": 2026, ""month"": 6, ""search_volume"": 50}, {""year"": 2026, ""month"": 5, ""search_volume"": 50}, {""year"": 2026, ""month"": 4, ""search_volume"": 70}, {""year"": 2026, ""month"": 3, ""search_volume"": 50}, {""year"": 2026, ""month"": 2, ""search_volume"": 50}, {""year"": 2026, ""month"": 1, ""search_volume"": 110}, {""year"": 2025, ""month"": 12, ""search_volume"": 170}, {""year"": 2025, ""month"": 11, ""search_volume"": 110}, {""year"": 2025, ""month"": 10, ""search_volume"": 90}, {""year"": 2025, ""month"": 9, ""search_volume"": 90}, {""year"": 2025, ""month"": 8, ""search_volume"": 70}]"
A5,liseuse format,90,0.34,USD_DOCUMENTED,parent,False,,,,,"liseuse générale, mini-format non demandé",dataforseo_labs/google/keyword_suggestions/live,2026-09-03T11:47:40.664088+00:00,2026-09-03-test-decouverte-search-12/02-A5-discovery.json.gz,"[{""year"": 2026, ""month"": 7, ""search_volume"": 70}, {""year"": 2026, ""month"": 6, ""search_volume"": 70}, {""year"": 2026, ""month"": 5, ""search_volume"": 70}, {""year"": 2026, ""month"": 4, ""search_volume"": 50}, {""year"": 2026, ""month"": 3, ""search_volume"": 70}, {""year"": 2026, ""month"": 2, ""search_volume"": 90}, {""year"": 2026, ""month"": 1, ""search_volume"": 110}, {""year"": 2025, ""month"": 12, ""search_volume"": 110}, {""year"": 2025, ""month"": 11, ""search_volume"": 90}, {""year"": 2025, ""month"": 10, ""search_volume"": 70}, {""year"": 2025, ""month"": 9, ""search_volume"": 90}, {""year"": 2025, ""month"": 8, ""search_volume"": 70}]"
A5,liseuse gratuite,90,1.45,USD_DOCUMENTED,incompatible,False,,,,,"lampe, logiciel, contenu ou sens non appareil",dataforseo_labs/google/keyword_suggestions/live,2026-09-03T11:47:40.664088+00:00,2026-09-03-test-decouverte-search-12/02-A5-discovery.json.gz,"[{""year"": 2026, ""month"": 7, ""search_volume"": 90}, {""year"": 2026, ""month"": 6, ""search_volume"": 70}, {""year"": 2026, ""month"": 5, ""search_volume"": 90}, {""year"": 2026, ""month"": 4, ""search_volume"": 90}, {""year"": 2026, ""month"": 3, ""search_volume"": 90}, {""year"": 2026, ""month"": 2, ""search_volume"": 70}, {""year"": 2026, ""month"": 1, ""search_volume"": 110}, {""year"": 2025, ""month"": 12, ""search_volume"": 110}, {""year"": 2025, ""month"": 11, ""search_volume"": 90}, {""year"": 2025, ""month"": 10, ""search_volume"": 140}, {""year"": 2025, ""month"": 9, ""search_volume"": 110}, {""year"": 2025, ""month"": 8, ""search_volume"": 90}]"
A5,sony reader liseuse,90,0.11,USD_DOCUMENTED,parent,True,,,,,"liseuse générale, mini-format non demandé",dataforseo_labs/google/keyword_suggestions/live,2026-09-03T11:47:40.664088+00:00,2026-09-03-test-decouverte-search-12/02-A5-discovery.json.gz,"[{""year"": 2026, ""month"": 7, ""search_volume"": 90}, {""year"": 2026, ""month"": 6, ""search_volume"": 70}, {""year"": 2026, ""month"": 5, ""search_volume"": 90}, {""year"": 2026, ""month"": 4, ""search_volume"": 90}, {""year"": 2026, ""month"": 3, ""search_volume"": 90}, {""year"": 2026, ""month"": 2, ""search_volume"": 90}, {""year"": 2026, ""month"": 1, ""search_volume"": 90}, {""year"": 2025, ""month"": 12, ""search_volume"": 90}, {""year"": 2025, ""month"": 11, ""search_volume"": 70}, {""year"": 2025, ""month"": 10, ""search_volume"": 70}, {""year"": 2025, ""month"": 9, ""search_volume"": 70}, {""year"": 2025, ""month"": 8, ""search_volume"": 90}]"
A5,achat liseuse,90,0.35,USD_DOCUMENTED,parent,False,,,,,"liseuse générale, mini-format non demandé",dataforseo_labs/google/keyword_suggestions/live,2026-09-03T11:47:40.664088+00:00,2026-09-03-test-decouverte-search-12/02-A5-discovery.json.gz,"[{""year"": 2026, ""month"": 7, ""search_volume"": 70}, {""year"": 2026, ""month"": 6, ""search_volume"": 50}, {""year"": 2026, ""month"": 5, ""search_volume"": 90}, {""year"": 2026, ""month"": 4, ""search_volume"": 70}, {""year"": 2026, ""month"": 3, ""search_volume"": 50}, {""year"": 2026, ""month"": 2, ""search_volume"": 70}, {""year"": 2026, ""month"": 1, ""search_volume"": 70}, {""year"": 2025, ""month"": 12, ""search_volume"": 140}, {""year"": 2025, ""month"": 11, ""search_volume"": 140}, {""year"": 2025, ""month"": 10, ""search_volume"": 90}, {""year"": 2025, ""month"": 9, ""search_volume"": 90}, {""year"": 2025, ""month"": 8, ""search_volume"": 90}]"
A5,support pour liseuse au lit,90,0.21,USD_DOCUMENTED,parent,False,,,,,"liseuse générale, mini-format non demandé",dataforseo_labs/google/keyword_suggestions/live,2026-09-03T11:47:40.664088+00:00,2026-09-03-test-decouverte-search-12/02-A5-discovery.json.gz,"[{""year"": 2026, ""month"": 7, ""search_volume"": 50}, {""year"": 2026, ""month"": 6, ""search_volume"": 30}, {""year"": 2026, ""month"": 5, ""search_volume"": 70}, {""year"": 2026, ""month"": 4, ""search_volume"": 40}, {""year"": 2026, ""month"": 3, ""search_volume"": 50}, {""year"": 2026, ""month"": 2, ""search_volume"": 70}, {""year"": 2026, ""month"": 1, ""search_volume"": 110}, {""year"": 2025, ""month"": 12, ""search_volume"": 210}, {""year"": 2025, ""month"": 11, ""search_volume"": 140}, {""year"": 2025, ""month"": 10, ""search_volume"": 90}, {""year"": 2025, ""month"": 9, ""search_volume"": 90}, {""year"": 2025, ""month"": 8, ""search_volume"": 90}]"
A5,quel est la meilleur liseuse,90,0.29,USD_DOCUMENTED,parent,False,,,,,"liseuse générale, mini-format non demandé",dataforseo_labs/google/keyword_suggestions/live,2026-09-03T11:47:40.664088+00:00,2026-09-03-test-decouverte-search-12/02-A5-discovery.json.gz,"[{""year"": 2026, ""month"": 7, ""search_volume"": 50}, {""year"": 2026, ""month"": 6, ""search_volume"": 70}, {""year"": 2026, ""month"": 5, ""search_volume"": 50}, {""year"": 2026, ""month"": 4, ""search_volume"": 40}, {""year"": 2026, ""month"": 3, ""search_volume"": 70}, {""year"": 2026, ""month"": 2, ""search_volume"": 50}, {""year"": 2026, ""month"": 1, ""search_volume"": 90}, {""year"": 2025, ""month"": 12, ""search_volume"": 110}, {""year"": 2025, ""month"": 11, ""search_volume"": 170}, {""year"": 2025, ""month"": 10, ""search_volume"": 90}, {""year"": 2025, ""month"": 9, ""search_volume"": 90}, {""year"": 2025, ""month"": 8, ""search_volume"": 110}]"
A5,comparaison liseuse kobo et kindle,90,0.22,USD_DOCUMENTED,parent,True,,,,,"liseuse générale, mini-format non demandé",dataforseo_labs/google/keyword_suggestions/live,2026-09-03T11:47:40.664088+00:00,2026-09-03-test-decouverte-search-12/02-A5-discovery.json.gz,"[{""year"": 2026, ""month"": 7, ""search_volume"": 50}, {""year"": 2026, ""month"": 6, ""search_volume"": 70}, {""year"": 2026, ""month"": 5, ""search_volume"": 70}, {""year"": 2026, ""month"": 4, ""search_volume"": 40}, {""year"": 2026, ""month"": 3, ""search_volume"": 50}, {""year"": 2026, ""month"": 2, ""search_volume"": 50}, {""year"": 2026, ""month"": 1, ""search_volume"": 90}, {""year"": 2025, ""month"": 12, ""search_volume"": 140}, {""year"": 2025, ""month"": 11, ""search_volume"": 170}, {""year"": 2025, ""month"": 10, ""search_volume"": 90}, {""year"": 2025, ""month"": 9, ""search_volume"": 50}, {""year"": 2025, ""month"": 8, ""search_volume"": 90}]"
A5,coque liseuse kobo libra colour,90,0.42,USD_DOCUMENTED,parent,True,,,,,"liseuse générale, mini-format non demandé",dataforseo_labs/google/keyword_suggestions/live,2026-09-03T11:47:40.664088+00:00,2026-09-03-test-decouverte-search-12/02-A5-discovery.json.gz,"[{""year"": 2026, ""month"": 7, ""search_volume"": 50}, {""year"": 2026, ""month"": 6, ""search_volume"": 70}, {""year"": 2026, ""month"": 5, ""search_volume"": 70}, {""year"": 2026, ""month"": 4, ""search_volume"": 50}, {""year"": 2026, ""month"": 3, ""search_volume"": 70}, {""year"": 2026, ""month"": 2, ""search_volume"": 70}, {""year"": 2026, ""month"": 1, ""search_volume"": 170}, {""year"": 2025, ""month"": 12, ""search_volume"": 210}, {""year"": 2025, ""month"": 11, ""search_volume"": 140}, {""year"": 2025, ""month"": 10, ""search_volume"": 70}, {""year"": 2025, ""month"": 9, ""search_volume"": 70}, {""year"": 2025, ""month"": 8, ""search_volume"": 90}]"
A5,petite liseuse,90,0.14,USD_DOCUMENTED,core,False,G0002,90,G0003,90,petit appareil explicitement recherché,keywords_data/google_ads/search_volume/live,2026-09-03T14:41:31.031518+00:00,2026-09-03-qualification-9-produits-pur/raw/20-controls-0.json.gz,"[{""year"": 2026, ""month"": 7, ""search_volume"": 140}, {""year"": 2026, ""month"": 6, ""search_volume"": 70}, {""year"": 2026, ""month"": 5, ""search_volume"": 110}, {""year"": 2026, ""month"": 4, ""search_volume"": 90}, {""year"": 2026, ""month"": 3, ""search_volume"": 110}, {""year"": 2026, ""month"": 2, ""search_volume"": 90}, {""year"": 2026, ""month"": 1, ""search_volume"": 110}, {""year"": 2025, ""month"": 12, ""search_volume"": 110}, {""year"": 2025, ""month"": 11, ""search_volume"": 110}, {""year"": 2025, ""month"": 10, ""search_volume"": 90}, {""year"": 2025, ""month"": 9, ""search_volume"": 90}, {""year"": 2025, ""month"": 8, ""search_volume"": 70}]"
A5,liseuse kobo libra h2o,70,0.18,USD_DOCUMENTED,parent,True,,,,,"liseuse générale, mini-format non demandé",dataforseo_labs/google/keyword_suggestions/live,2026-09-03T11:47:40.664088+00:00,2026-09-03-test-decouverte-search-12/02-A5-discovery.json.gz,"[{""year"": 2026, ""month"": 7, ""search_volume"": 70}, {""year"": 2026, ""month"": 6, ""search_volume"": 70}, {""year"": 2026, ""month"": 5, ""search_volume"": 50}, {""year"": 2026, ""month"": 4, ""search_volume"": 50}, {""year"": 2026, ""month"": 3, ""search_volume"": 50}, {""year"": 2026, ""month"": 2, ""search_volume"": 50}, {""year"": 2026, ""month"": 1, ""search_volume"": 70}, {""year"": 2025, ""month"": 12, ""search_volume"": 110}, {""year"": 2025, ""month"": 11, ""search_volume"": 110}, {""year"": 2025, ""month"": 10, ""search_volume"": 70}, {""year"": 2025, ""month"": 9, ""search_volume"": 70}, {""year"": 2025, ""month"": 8, ""search_volume"": 90}]"
A5,modèle tricot gratuit liseuse femme,70,,USD_DOCUMENTED,incompatible,False,,,,,"lampe, logiciel, contenu ou sens non appareil",dataforseo_labs/google/keyword_suggestions/live,2026-09-03T11:47:40.664088+00:00,2026-09-03-test-decouverte-search-12/02-A5-discovery.json.gz,"[{""year"": 2026, ""month"": 7, ""search_volume"": 30}, {""year"": 2026, ""month"": 6, ""search_volume"": 30}, {""year"": 2026, ""month"": 5, ""search_volume"": 40}, {""year"": 2026, ""month"": 4, ""search_volume"": 30}, {""year"": 2026, ""month"": 3, ""search_volume"": 40}, {""year"": 2026, ""month"": 2, ""search_volume"": 90}, {""year"": 2026, ""month"": 1, ""search_volume"": 140}, {""year"": 2025, ""month"": 12, ""search_volume"": 140}, {""year"": 2025, ""month"": 11, ""search_volume"": 110}, {""year"": 2025, ""month"": 10, ""search_volume"": 110}, {""year"": 2025, ""month"": 9, ""search_volume"": 70}, {""year"": 2025, ""month"": 8, ""search_volume"": 40}]"
A5,liseuse kobo ou vivlio,70,0.24,USD_DOCUMENTED,parent,True,,,,,"liseuse générale, mini-format non demandé",dataforseo_labs/google/keyword_suggestions/live,2026-09-03T11:47:40.664088+00:00,2026-09-03-test-decouverte-search-12/02-A5-discovery.json.gz,"[{""year"": 2026, ""month"": 7, ""search_volume"": 70}, {""year"": 2026, ""month"": 6, ""search_volume"": 40}, {""year"": 2026, ""month"": 5, ""search_volume"": 70}, {""year"": 2026, ""month"": 4, ""search_volume"": 50}, {""year"": 2026, ""month"": 3, ""search_volume"": 50}, {""year"": 2026, ""month"": 2, ""search_volume"": 40}, {""year"": 2026, ""month"": 1, ""search_volume"": 70}, {""year"": 2025, ""month"": 12, ""search_volume"": 140}, {""year"": 2025, ""month"": 11, ""search_volume"": 110}, {""year"": 2025, ""month"": 10, ""search_volume"": 70}, {""year"": 2025, ""month"": 9, ""search_volume"": 50}, {""year"": 2025, ""month"": 8, ""search_volume"": 50}]"
A5,tuto couture pochette liseuse,70,,USD_DOCUMENTED,information,False,,,,,"usage/SAV/risque, hors demande achat directe",dataforseo_labs/google/keyword_suggestions/live,2026-09-03T11:47:40.664088+00:00,2026-09-03-test-decouverte-search-12/02-A5-discovery.json.gz,"[{""year"": 2026, ""month"": 7, ""search_volume"": 50}, {""year"": 2026, ""month"": 6, ""search_volume"": 40}, {""year"": 2026, ""month"": 5, ""search_volume"": 70}, {""year"": 2026, ""month"": 4, ""search_volume"": 30}, {""year"": 2026, ""month"": 3, ""search_volume"": 70}, {""year"": 2026, ""month"": 2, ""search_volume"": 50}, {""year"": 2026, ""month"": 1, ""search_volume"": 90}, {""year"": 2025, ""month"": 12, ""search_volume"": 170}, {""year"": 2025, ""month"": 11, ""search_volume"": 110}, {""year"": 2025, ""month"": 10, ""search_volume"": 50}, {""year"": 2025, ""month"": 9, ""search_volume"": 50}, {""year"": 2025, ""month"": 8, ""search_volume"": 50}]"
A5,liseuse sur ipad,70,,USD_DOCUMENTED,incompatible,False,,,,,"lampe, logiciel, contenu ou sens non appareil",dataforseo_labs/google/keyword_suggestions/live,2026-09-03T11:47:40.664088+00:00,2026-09-03-test-decouverte-search-12/02-A5-discovery.json.gz,"[{""year"": 2026, ""month"": 7, ""search_volume"": 50}, {""year"": 2026, ""month"": 6, ""search_volume"": 40}, {""year"": 2026, ""month"": 5, ""search_volume"": 40}, {""year"": 2026, ""month"": 4, ""search_volume"": 40}, {""year"": 2026, ""month"": 3, ""search_volume"": 40}, {""year"": 2026, ""month"": 2, ""search_volume"": 50}, {""year"": 2026, ""month"": 1, ""search_volume"": 70}, {""year"": 2025, ""month"": 12, ""search_volume"": 110}, {""year"": 2025, ""month"": 11, ""search_volume"": 110}, {""year"": 2025, ""month"": 10, ""search_volume"": 50}, {""year"": 2025, ""month"": 9, ""search_volume"": 70}, {""year"": 2025, ""month"": 8, ""search_volume"": 90}]"
A5,format liseuse kindle,70,,USD_DOCUMENTED,parent,True,,,,,"liseuse générale, mini-format non demandé",dataforseo_labs/google/keyword_suggestions/live,2026-09-03T11:47:40.664088+00:00,2026-09-03-test-decouverte-search-12/02-A5-discovery.json.gz,"[{""year"": 2026, ""month"": 7, ""search_volume"": 50}, {""year"": 2026, ""month"": 6, ""search_volume"": 50}, {""year"": 2026, ""month"": 5, ""search_volume"": 50}, {""year"": 2026, ""month"": 4, ""search_volume"": 30}, {""year"": 2026, ""month"": 3, ""search_volume"": 50}, {""year"": 2026, ""month"": 2, ""search_volume"": 70}, {""year"": 2026, ""month"": 1, ""search_volume"": 70}, {""year"": 2025, ""month"": 12, ""search_volume"": 90}, {""year"": 2025, ""month"": 11, ""search_volume"": 90}, {""year"": 2025, ""month"": 10, ""search_volume"": 50}, {""year"": 2025, ""month"": 9, ""search_volume"": 70}, {""year"": 2025, ""month"": 8, ""search_volume"": 90}]"
A5,e book liseuse,70,0.44,USD_DOCUMENTED,parent,False,,,,,"liseuse générale, mini-format non demandé",dataforseo_labs/google/keyword_suggestions/live,2026-09-03T11:47:40.664088+00:00,2026-09-03-test-decouverte-search-12/02-A5-discovery.json.gz,"[{""year"": 2026, ""month"": 7, ""search_volume"": 50}, {""year"": 2026, ""month"": 6, ""search_volume"": 70}, {""year"": 2026, ""month"": 5, ""search_volume"": 50}, {""year"": 2026, ""month"": 4, ""search_volume"": 50}, {""year"": 2026, ""month"": 3, ""search_volume"": 70}, {""year"": 2026, ""month"": 2, ""search_volume"": 70}, {""year"": 2026, ""month"": 1, ""search_volume"": 70}, {""year"": 2025, ""month"": 12, ""search_volume"": 90}, {""year"": 2025, ""month"": 11, ""search_volume"": 70}, {""year"": 2025, ""month"": 10, ""search_volume"": 50}, {""year"": 2025, ""month"": 9, ""search_volume"": 40}, {""year"": 2025, ""month"": 8, ""search_volume"": 30}]"
A5,liseuse flexible,70,1.41,USD_DOCUMENTED,parent,False,,,,,"liseuse générale, mini-format non demandé",dataforseo_labs/google/keyword_suggestions/live,2026-09-03T11:47:40.664088+00:00,2026-09-03-test-decouverte-search-12/02-A5-discovery.json.gz,"[{""year"": 2026, ""month"": 7, ""search_volume"": 40}, {""year"": 2026, ""month"": 6, ""search_volume"": 40}, {""year"": 2026, ""month"": 5, ""search_volume"": 70}, {""year"": 2026, ""month"": 4, ""search_volume"": 30}, {""year"": 2026, ""month"": 3, ""search_volume"": 70}, {""year"": 2026, ""month"": 2, ""search_volume"": 90}, {""year"": 2026, ""month"": 1, ""search_volume"": 50}, {""year"": 2025, ""month"": 12, ""search_volume"": 70}, {""year"": 2025, ""month"": 11, ""search_volume"": 70}, {""year"": 2025, ""month"": 10, ""search_volume"": 70}, {""year"": 2025, ""month"": 9, ""search_volume"": 90}, {""year"": 2025, ""month"": 8, ""search_volume"": 50}]"
A5,meilleure liseuse pour manga,70,0.22,USD_DOCUMENTED,parent,False,,,,,"liseuse générale, mini-format non demandé",dataforseo_labs/google/keyword_suggestions/live,2026-09-03T11:47:40.664088+00:00,2026-09-03-test-decouverte-search-12/02-A5-discovery.json.gz,"[{""year"": 2026, ""month"": 7, ""search_volume"": 50}, {""year"": 2026, ""month"": 6, ""search_volume"": 40}, {""year"": 2026, ""month"": 5, ""search_volume"": 50}, {""year"": 2026, ""month"": 4, ""search_volume"": 40}, {""year"": 2026, ""month"": 3, ""search_volume"": 70}, {""year"": 2026, ""month"": 2, ""search_volume"": 40}, {""year"": 2026, ""month"": 1, ""search_volume"": 70}, {""year"": 2025, ""month"": 12, ""search_volume"": 90}, {""year"": 2025, ""month"": 11, ""search_volume"": 90}, {""year"": 2025, ""month"": 10, ""search_volume"": 50}, {""year"": 2025, ""month"": 9, ""search_volume"": 70}, {""year"": 2025, ""month"": 8, ""search_volume"": 90}]"
A5,tourne-page liseuse kobo,70,0.25,USD_DOCUMENTED,parent,True,,,,,"liseuse générale, mini-format non demandé",dataforseo_labs/google/keyword_suggestions/live,2026-09-03T11:47:40.664088+00:00,2026-09-03-test-decouverte-search-12/02-A5-discovery.json.gz,"[{""year"": 2026, ""month"": 7, ""search_volume"": 20}, {""year"": 2026, ""month"": 6, ""search_volume"": 20}, {""year"": 2026, ""month"": 5, ""search_volume"": 20}, {""year"": 2026, ""month"": 4, ""search_volume"": 30}, {""year"": 2026, ""month"": 3, ""search_volume"": 30}, {""year"": 2026, ""month"": 2, ""search_volume"": 30}, {""year"": 2026, ""month"": 1, ""search_volume"": 70}, {""year"": 2025, ""month"": 12, ""search_volume"": 170}, {""year"": 2025, ""month"": 11, ""search_volume"": 110}, {""year"": 2025, ""month"": 10, ""search_volume"": 50}, {""year"": 2025, ""month"": 9, ""search_volume"": 90}, {""year"": 2025, ""month"": 8, ""search_volume"": 70}]"
A5,liseuse de poche,70,0.24,USD_DOCUMENTED,core,False,G0003,70,G0004,70,petit appareil explicitement recherché,keywords_data/google_ads/search_volume/live,2026-09-03T14:41:31.031518+00:00,2026-09-03-qualification-9-produits-pur/raw/20-controls-0.json.gz,"[{""year"": 2026, ""month"": 7, ""search_volume"": 90}, {""year"": 2026, ""month"": 6, ""search_volume"": 70}, {""year"": 2026, ""month"": 5, ""search_volume"": 70}, {""year"": 2026, ""month"": 4, ""search_volume"": 90}, {""year"": 2026, ""month"": 3, ""search_volume"": 70}, {""year"": 2026, ""month"": 2, ""search_volume"": 90}, {""year"": 2026, ""month"": 1, ""search_volume"": 70}, {""year"": 2025, ""month"": 12, ""search_volume"": 110}, {""year"": 2025, ""month"": 11, ""search_volume"": 90}, {""year"": 2025, ""month"": 10, ""search_volume"": 50}, {""year"": 2025, ""month"": 9, ""search_volume"": 50}, {""year"": 2025, ""month"": 8, ""search_volume"": 50}]"
A5,liseuse ou tablette pour lire,70,0.18,USD_DOCUMENTED,parent,False,,,,,"liseuse générale, mini-format non demandé",dataforseo_labs/google/keyword_suggestions/live,2026-09-03T11:47:40.664088+00:00,2026-09-03-test-decouverte-search-12/02-A5-discovery.json.gz,"[{""year"": 2026, ""month"": 7, ""search_volume"": 90}, {""year"": 2026, ""month"": 6, ""search_volume"": 70}, {""year"": 2026, ""month"": 5, ""search_volume"": 70}, {""year"": 2026, ""month"": 4, ""search_volume"": 70}, {""year"": 2026, ""month"": 3, ""search_volume"": 50}, {""year"": 2026, ""month"": 2, ""search_volume"": 70}, {""year"": 2026, ""month"": 1, ""search_volume"": 90}, {""year"": 2025, ""month"": 12, ""search_volume"": 110}, {""year"": 2025, ""month"": 11, ""search_volume"": 70}, {""year"": 2025, ""month"": 10, ""search_volume"": 70}, {""year"": 2025, ""month"": 9, ""search_volume"": 40}, {""year"": 2025, ""month"": 8, ""search_volume"": 70}]"
A5,liseuse kobo batterie,70,0.18,USD_DOCUMENTED,parent,True,,,,,"liseuse générale, mini-format non demandé",dataforseo_labs/google/keyword_suggestions/live,2026-09-03T11:47:40.664088+00:00,2026-09-03-test-decouverte-search-12/02-A5-discovery.json.gz,"[{""year"": 2026, ""month"": 7, ""search_volume"": 70}, {""year"": 2026, ""month"": 6, ""search_volume"": 50}, {""year"": 2026, ""month"": 5, ""search_volume"": 50}, {""year"": 2026, ""month"": 4, ""search_volume"": 50}, {""year"": 2026, ""month"": 3, ""search_volume"": 70}, {""year"": 2026, ""month"": 2, ""search_volume"": 50}, {""year"": 2026, ""month"": 1, ""search_volume"": 90}, {""year"": 2025, ""month"": 12, ""search_volume"": 110}, {""year"": 2025, ""month"": 11, ""search_volume"": 90}, {""year"": 2025, ""month"": 10, ""search_volume"": 70}, {""year"": 2025, ""month"": 9, ""search_volume"": 70}, {""year"": 2025, ""month"": 8, ""search_volume"": 110}]"
A5,ma première liseuse interactive vtech,70,0.13,USD_DOCUMENTED,parent,False,,,,,"liseuse générale, mini-format non demandé",dataforseo_labs/google/keyword_suggestions/live,2026-09-03T11:47:40.664088+00:00,2026-09-03-test-decouverte-search-12/02-A5-discovery.json.gz,"[{""year"": 2026, ""month"": 7, ""search_volume"": 30}, {""year"": 2026, ""month"": 6, ""search_volume"": 20}, {""year"": 2026, ""month"": 5, ""search_volume"": 10}, {""year"": 2026, ""month"": 4, ""search_volume"": 10}, {""year"": 2026, ""month"": 3, ""search_volume"": 20}, {""year"": 2026, ""month"": 2, ""search_volume"": 10}, {""year"": 2026, ""month"": 1, ""search_volume"": 10}, {""year"": 2025, ""month"": 12, ""search_volume"": 140}, {""year"": 2025, ""month"": 11, ""search_volume"": 260}, {""year"": 2025, ""month"": 10, ""search_volume"": 170}, {""year"": 2025, ""month"": 9, ""search_volume"": 50}, {""year"": 2025, ""month"": 8, ""search_volume"": 0}]"
A5,liseuse onyx boox,70,0.23,USD_DOCUMENTED,parent,True,,,,,"liseuse générale, mini-format non demandé",dataforseo_labs/google/keyword_suggestions/live,2026-09-03T11:47:40.664088+00:00,2026-09-03-test-decouverte-search-12/02-A5-discovery.json.gz,"[{""year"": 2026, ""month"": 7, ""search_volume"": 70}, {""year"": 2026, ""month"": 6, ""search_volume"": 70}, {""year"": 2026, ""month"": 5, ""search_volume"": 70}, {""year"": 2026, ""month"": 4, ""search_volume"": 70}, {""year"": 2026, ""month"": 3, ""search_volume"": 70}, {""year"": 2026, ""month"": 2, ""search_volume"": 70}, {""year"": 2026, ""month"": 1, ""search_volume"": 90}, {""year"": 2025, ""month"": 12, ""search_volume"": 140}, {""year"": 2025, ""month"": 11, ""search_volume"": 110}, {""year"": 2025, ""month"": 10, ""search_volume"": 70}, {""year"": 2025, ""month"": 9, ""search_volume"": 50}, {""year"": 2025, ""month"": 8, ""search_volume"": 70}]"
A5,liseuse bebe,70,0.51,USD_DOCUMENTED,parent,False,,,,,"liseuse générale, mini-format non demandé",dataforseo_labs/google/keyword_suggestions/live,2026-09-03T11:47:40.664088+00:00,2026-09-03-test-decouverte-search-12/02-A5-discovery.json.gz,"[{""year"": 2026, ""month"": 7, ""search_volume"": 50}, {""year"": 2026, ""month"": 6, ""search_volume"": 50}, {""year"": 2026, ""month"": 5, ""search_volume"": 40}, {""year"": 2026, ""month"": 4, ""search_volume"": 40}, {""year"": 2026, ""month"": 3, ""search_volume"": 50}, {""year"": 2026, ""month"": 2, ""search_volume"": 50}, {""year"": 2026, ""month"": 1, ""search_volume"": 70}, {""year"": 2025, ""month"": 12, ""search_volume"": 110}, {""year"": 2025, ""month"": 11, ""search_volume"": 170}, {""year"": 2025, ""month"": 10, ""search_volume"": 90}, {""year"": 2025, ""month"": 9, ""search_volume"": 70}, {""year"": 2025, ""month"": 8, ""search_volume"": 70}]"
A5,meljac liseuse,70,1.89,USD_DOCUMENTED,parent,False,,,,,"liseuse générale, mini-format non demandé",dataforseo_labs/google/keyword_suggestions/live,2026-09-03T11:47:40.664088+00:00,2026-09-03-test-decouverte-search-12/02-A5-discovery.json.gz,"[{""year"": 2026, ""month"": 7, ""search_volume"": 40}, {""year"": 2026, ""month"": 6, ""search_volume"": 50}, {""year"": 2026, ""month"": 5, ""search_volume"": 70}, {""year"": 2026, ""month"": 4, ""search_volume"": 70}, {""year"": 2026, ""month"": 3, ""search_volume"": 90}, {""year"": 2026, ""month"": 2, ""search_volume"": 90}, {""year"": 2026, ""month"": 1, ""search_volume"": 90}, {""year"": 2025, ""month"": 12, ""search_volume"": 70}, {""year"": 2025, ""month"": 11, ""search_volume"": 90}, {""year"": 2025, ""month"": 10, ""search_volume"": 110}, {""year"": 2025, ""month"": 9, ""search_volume"": 70}, {""year"": 2025, ""month"": 8, ""search_volume"": 30}]"
A5,ou acheter une liseuse kindle,70,0.37,USD_DOCUMENTED,parent,True,,,,,"liseuse générale, mini-format non demandé",dataforseo_labs/google/keyword_suggestions/live,2026-09-03T11:47:40.664088+00:00,2026-09-03-test-decouverte-search-12/02-A5-discovery.json.gz,"[{""year"": 2026, ""month"": 7, ""search_volume"": 70}, {""year"": 2026, ""month"": 6, ""search_volume"": 70}, {""year"": 2026, ""month"": 5, ""search_volume"": 50}, {""year"": 2026, ""month"": 4, ""search_volume"": 50}, {""year"": 2026, ""month"": 3, ""search_volume"": 40}, {""year"": 2026, ""month"": 2, ""search_volume"": 70}, {""year"": 2026, ""month"": 1, ""search_volume"": 70}, {""year"": 2025, ""month"": 12, ""search_volume"": 140}, {""year"": 2025, ""month"": 11, ""search_volume"": 110}, {""year"": 2025, ""month"": 10, ""search_volume"": 70}, {""year"": 2025, ""month"": 9, ""search_volume"": 70}, {""year"": 2025, ""month"": 8, ""search_volume"": 90}]"
A5,liseuse lampadaire led,70,0.31,USD_DOCUMENTED,incompatible,False,,,,,"lampe, logiciel, contenu ou sens non appareil",dataforseo_labs/google/keyword_suggestions/live,2026-09-03T11:47:40.664088+00:00,2026-09-03-test-decouverte-search-12/02-A5-discovery.json.gz,"[{""year"": 2026, ""month"": 7, ""search_volume"": 40}, {""year"": 2026, ""month"": 6, ""search_volume"": 10}, {""year"": 2026, ""month"": 5, ""search_volume"": 50}, {""year"": 2026, ""month"": 4, ""search_volume"": 50}, {""year"": 2026, ""month"": 3, ""search_volume"": 110}, {""year"": 2026, ""month"": 2, ""search_volume"": 140}, {""year"": 2026, ""month"": 1, ""search_volume"": 90}, {""year"": 2025, ""month"": 12, ""search_volume"": 90}, {""year"": 2025, ""month"": 11, ""search_volume"": 110}, {""year"": 2025, ""month"": 10, ""search_volume"": 90}, {""year"": 2025, ""month"": 9, ""search_volume"": 70}, {""year"": 2025, ""month"": 8, ""search_volume"": 90}]"
A5,liseuse leclerc vivlio,70,0.15,USD_DOCUMENTED,parent,True,,,,,"liseuse générale, mini-format non demandé",dataforseo_labs/google/keyword_suggestions/live,2026-09-03T11:47:40.664088+00:00,2026-09-03-test-decouverte-search-12/02-A5-discovery.json.gz,"[{""year"": 2026, ""month"": 7, ""search_volume"": 10}, {""year"": 2026, ""month"": 6, ""search_volume"": 20}, {""year"": 2026, ""month"": 5, ""search_volume"": 40}, {""year"": 2026, ""month"": 4, ""search_volume"": 30}, {""year"": 2026, ""month"": 3, ""search_volume"": 40}, {""year"": 2026, ""month"": 2, ""search_volume"": 20}, {""year"": 2026, ""month"": 1, ""search_volume"": 30}, {""year"": 2025, ""month"": 12, ""search_volume"": 90}, {""year"": 2025, ""month"": 11, ""search_volume"": 170}, {""year"": 2025, ""month"": 10, ""search_volume"": 70}, {""year"": 2025, ""month"": 9, ""search_volume"": 90}, {""year"": 2025, ""month"": 8, ""search_volume"": 110}]"
A5,leclerc liseuse vivlio,70,0.24,USD_DOCUMENTED,parent,True,,,,,"liseuse générale, mini-format non demandé",dataforseo_labs/google/keyword_suggestions/live,2026-09-03T11:47:40.664088+00:00,2026-09-03-test-decouverte-search-12/02-A5-discovery.json.gz,"[{""year"": 2026, ""month"": 7, ""search_volume"": 90}, {""year"": 2026, ""month"": 6, ""search_volume"": 50}, {""year"": 2026, ""month"": 5, ""search_volume"": 50}, {""year"": 2026, ""month"": 4, ""search_volume"": 30}, {""year"": 2026, ""month"": 3, ""search_volume"": 40}, {""year"": 2026, ""month"": 2, ""search_volume"": 50}, {""year"": 2026, ""month"": 1, ""search_volume"": 90}, {""year"": 2025, ""month"": 12, ""search_volume"": 140}, {""year"": 2025, ""month"": 11, ""search_volume"": 140}, {""year"": 2025, ""month"": 10, ""search_volume"": 50}, {""year"": 2025, ""month"": 9, ""search_volume"": 50}, {""year"": 2025, ""month"": 8, ""search_volume"": 90}]"
A5,tuto pochette liseuse kindle,70,,USD_DOCUMENTED,information,True,,,,,"usage/SAV/risque, hors demande achat directe",dataforseo_labs/google/keyword_suggestions/live,2026-09-03T11:47:40.664088+00:00,2026-09-03-test-decouverte-search-12/02-A5-discovery.json.gz,"[{""year"": 2026, ""month"": 7, ""search_volume"": 40}, {""year"": 2026, ""month"": 6, ""search_volume"": 30}, {""year"": 2026, ""month"": 5, ""search_volume"": 40}, {""year"": 2026, ""month"": 4, ""search_volume"": 50}, {""year"": 2026, ""month"": 3, ""search_volume"": 40}, {""year"": 2026, ""month"": 2, ""search_volume"": 70}, {""year"": 2026, ""month"": 1, ""search_volume"": 110}, {""year"": 2025, ""month"": 12, ""search_volume"": 140}, {""year"": 2025, ""month"": 11, ""search_volume"": 90}, {""year"": 2025, ""month"": 10, ""search_volume"": 40}, {""year"": 2025, ""month"": 9, ""search_volume"": 30}, {""year"": 2025, ""month"": 8, ""search_volume"": 30}]"
A5,liseuse pince tête de lit,70,0.46,USD_DOCUMENTED,parent,False,,,,,"liseuse générale, mini-format non demandé",dataforseo_labs/google/keyword_suggestions/live,2026-09-03T11:47:40.664088+00:00,2026-09-03-test-decouverte-search-12/02-A5-discovery.json.gz,"[{""year"": 2026, ""month"": 7, ""search_volume"": 30}, {""year"": 2026, ""month"": 6, ""search_volume"": 30}, {""year"": 2026, ""month"": 5, ""search_volume"": 50}, {""year"": 2026, ""month"": 4, ""search_volume"": 50}, {""year"": 2026, ""month"": 3, ""search_volume"": 70}, {""year"": 2026, ""month"": 2, ""search_volume"": 40}, {""year"": 2026, ""month"": 1, ""search_volume"": 70}, {""year"": 2025, ""month"": 12, ""search_volume"": 90}, {""year"": 2025, ""month"": 11, ""search_volume"": 110}, {""year"": 2025, ""month"": 10, ""search_volume"": 70}, {""year"": 2025, ""month"": 9, ""search_volume"": 70}, {""year"": 2025, ""month"": 8, ""search_volume"": 70}]"
A5,liseuse 16 go combien de livres,70,0.23,USD_DOCUMENTED,parent,False,,,,,"liseuse générale, mini-format non demandé",dataforseo_labs/google/keyword_suggestions/live,2026-09-03T11:47:40.664088+00:00,2026-09-03-test-decouverte-search-12/02-A5-discovery.json.gz,"[{""year"": 2026, ""month"": 7, ""search_volume"": 30}, {""year"": 2026, ""month"": 6, ""search_volume"": 30}, {""year"": 2026, ""month"": 5, ""search_volume"": 50}, {""year"": 2026, ""month"": 4, ""search_volume"": 40}, {""year"": 2026, ""month"": 3, ""search_volume"": 40}, {""year"": 2026, ""month"": 2, ""search_volume"": 40}, {""year"": 2026, ""month"": 1, ""search_volume"": 50}, {""year"": 2025, ""month"": 12, ""search_volume"": 90}, {""year"": 2025, ""month"": 11, ""search_volume"": 170}, {""year"": 2025, ""month"": 10, ""search_volume"": 90}, {""year"": 2025, ""month"": 9, ""search_volume"": 40}, {""year"": 2025, ""month"": 8, ""search_volume"": 70}]"
A5,e-book liseuse,70,0.44,USD_DOCUMENTED,parent,False,,,,,"liseuse générale, mini-format non demandé",dataforseo_labs/google/keyword_suggestions/live,2026-09-03T11:47:40.664088+00:00,2026-09-03-test-decouverte-search-12/02-A5-discovery.json.gz,"[{""year"": 2026, ""month"": 7, ""search_volume"": 50}, {""year"": 2026, ""month"": 6, ""search_volume"": 70}, {""year"": 2026, ""month"": 5, ""search_volume"": 50}, {""year"": 2026, ""month"": 4, ""search_volume"": 50}, {""year"": 2026, ""month"": 3, ""search_volume"": 70}, {""year"": 2026, ""month"": 2, ""search_volume"": 70}, {""year"": 2026, ""month"": 1, ""search_volume"": 70}, {""year"": 2025, ""month"": 12, ""search_volume"": 90}, {""year"": 2025, ""month"": 11, ""search_volume"": 70}, {""year"": 2025, ""month"": 10, ""search_volume"": 50}, {""year"": 2025, ""month"": 9, ""search_volume"": 40}, {""year"": 2025, ""month"": 8, ""search_volume"": 30}]"
A5,lampadaire liseuse flexible,70,0.59,USD_DOCUMENTED,incompatible,False,,,,,"lampe, logiciel, contenu ou sens non appareil",dataforseo_labs/google/keyword_suggestions/live,2026-09-03T11:47:40.664088+00:00,2026-09-03-test-decouverte-search-12/02-A5-discovery.json.gz,"[{""year"": 2026, ""month"": 7, ""search_volume"": 40}, {""year"": 2026, ""month"": 6, ""search_volume"": 20}, {""year"": 2026, ""month"": 5, ""search_volume"": 50}, {""year"": 2026, ""month"": 4, ""search_volume"": 30}, {""year"": 2026, ""month"": 3, ""search_volume"": 50}, {""year"": 2026, ""month"": 2, ""search_volume"": 70}, {""year"": 2026, ""month"": 1, ""search_volume"": 70}, {""year"": 2025, ""month"": 12, ""search_volume"": 140}, {""year"": 2025, ""month"": 11, ""search_volume"": 140}, {""year"": 2025, ""month"": 10, ""search_volume"": 50}, {""year"": 2025, ""month"": 9, ""search_volume"": 70}, {""year"": 2025, ""month"": 8, ""search_volume"": 40}]"
A5,liseuse bookeen cybook muse,70,0.17,USD_DOCUMENTED,parent,True,,,,,"liseuse générale, mini-format non demandé",dataforseo_labs/google/keyword_suggestions/live,2026-09-03T11:47:40.664088+00:00,2026-09-03-test-decouverte-search-12/02-A5-discovery.json.gz,"[{""year"": 2026, ""month"": 7, ""search_volume"": 70}, {""year"": 2026, ""month"": 6, ""search_volume"": 40}, {""year"": 2026, ""month"": 5, ""search_volume"": 50}, {""year"": 2026, ""month"": 4, ""search_volume"": 50}, {""year"": 2026, ""month"": 3, ""search_volume"": 90}, {""year"": 2026, ""month"": 2, ""search_volume"": 90}, {""year"": 2026, ""month"": 1, ""search_volume"": 90}, {""year"": 2025, ""month"": 12, ""search_volume"": 90}, {""year"": 2025, ""month"": 11, ""search_volume"": 140}, {""year"": 2025, ""month"": 10, ""search_volume"": 90}, {""year"": 2025, ""month"": 9, ""search_volume"": 50}, {""year"": 2025, ""month"": 8, ""search_volume"": 90}]"
A5,liseuse reconditionnée fnac,70,0.26,USD_DOCUMENTED,parent,True,,,,,"liseuse générale, mini-format non demandé",dataforseo_labs/google/keyword_suggestions/live,2026-09-03T11:47:40.664088+00:00,2026-09-03-test-decouverte-search-12/02-A5-discovery.json.gz,"[{""year"": 2026, ""month"": 7, ""search_volume"": 50}, {""year"": 2026, ""month"": 6, ""search_volume"": 40}, {""year"": 2026, ""month"": 5, ""search_volume"": 50}, {""year"": 2026, ""month"": 4, ""search_volume"": 40}, {""year"": 2026, ""month"": 3, ""search_volume"": 50}, {""year"": 2026, ""month"": 2, ""search_volume"": 50}, {""year"": 2026, ""month"": 1, ""search_volume"": 70}, {""year"": 2025, ""month"": 12, ""search_volume"": 110}, {""year"": 2025, ""month"": 11, ""search_volume"": 70}, {""year"": 2025, ""month"": 10, ""search_volume"": 70}, {""year"": 2025, ""month"": 9, ""search_volume"": 90}, {""year"": 2025, ""month"": 8, ""search_volume"": 110}]"
A5,dimension liseuse kindle,70,0.62,USD_DOCUMENTED,parent,True,,,,,"liseuse générale, mini-format non demandé",dataforseo_labs/google/keyword_suggestions/live,2026-09-03T11:47:40.664088+00:00,2026-09-03-test-decouverte-search-12/02-A5-discovery.json.gz,"[{""year"": 2026, ""month"": 7, ""search_volume"": 20}, {""year"": 2026, ""month"": 6, ""search_volume"": 40}, {""year"": 2026, ""month"": 5, ""search_volume"": 50}, {""year"": 2026, ""month"": 4, ""search_volume"": 40}, {""year"": 2026, ""month"": 3, ""search_volume"": 70}, {""year"": 2026, ""month"": 2, ""search_volume"": 70}, {""year"": 2026, ""month"": 1, ""search_volume"": 70}, {""year"": 2025, ""month"": 12, ""search_volume"": 170}, {""year"": 2025, ""month"": 11, ""search_volume"": 140}, {""year"": 2025, ""month"": 10, ""search_volume"": 50}, {""year"": 2025, ""month"": 9, ""search_volume"": 50}, {""year"": 2025, ""month"": 8, ""search_volume"": 70}]"
A5,liseuse vivlio inkpad 3,70,0.28,USD_DOCUMENTED,parent,True,,,,,"liseuse générale, mini-format non demandé",dataforseo_labs/google/keyword_suggestions/live,2026-09-03T11:47:40.664088+00:00,2026-09-03-test-decouverte-search-12/02-A5-discovery.json.gz,"[{""year"": 2026, ""month"": 7, ""search_volume"": 50}, {""year"": 2026, ""month"": 6, ""search_volume"": 50}, {""year"": 2026, ""month"": 5, ""search_volume"": 50}, {""year"": 2026, ""month"": 4, ""search_volume"": 50}, {""year"": 2026, ""month"": 3, ""search_volume"": 40}, {""year"": 2026, ""month"": 2, ""search_volume"": 40}, {""year"": 2026, ""month"": 1, ""search_volume"": 70}, {""year"": 2025, ""month"": 12, ""search_volume"": 110}, {""year"": 2025, ""month"": 11, ""search_volume"": 140}, {""year"": 2025, ""month"": 10, ""search_volume"": 70}, {""year"": 2025, ""month"": 9, ""search_volume"": 90}, {""year"": 2025, ""month"": 8, ""search_volume"": 90}]"
A5,liseuse android couleur,70,0.36,USD_DOCUMENTED,incompatible,False,,,,,"lampe, logiciel, contenu ou sens non appareil",dataforseo_labs/google/keyword_suggestions/live,2026-09-03T11:47:40.664088+00:00,2026-09-03-test-decouverte-search-12/02-A5-discovery.json.gz,"[{""year"": 2026, ""month"": 7, ""search_volume"": 90}, {""year"": 2026, ""month"": 6, ""search_volume"": 70}, {""year"": 2026, ""month"": 5, ""search_volume"": 70}, {""year"": 2026, ""month"": 4, ""search_volume"": 70}, {""year"": 2026, ""month"": 3, ""search_volume"": 70}, {""year"": 2026, ""month"": 2, ""search_volume"": 50}, {""year"": 2026, ""month"": 1, ""search_volume"": 70}, {""year"": 2025, ""month"": 12, ""search_volume"": 70}, {""year"": 2025, ""month"": 11, ""search_volume"": 90}, {""year"": 2025, ""month"": 10, ""search_volume"": 50}, {""year"": 2025, ""month"": 9, ""search_volume"": 50}, {""year"": 2025, ""month"": 8, ""search_volume"": 90}]"
A5,liseuse pour dmla,70,0.28,USD_DOCUMENTED,parent,False,,,,,"liseuse générale, mini-format non demandé",dataforseo_labs/google/keyword_suggestions/live,2026-09-03T11:47:40.664088+00:00,2026-09-03-test-decouverte-search-12/02-A5-discovery.json.gz,"[{""year"": 2026, ""month"": 7, ""search_volume"": 70}, {""year"": 2026, ""month"": 6, ""search_volume"": 70}, {""year"": 2026, ""month"": 5, ""search_volume"": 70}, {""year"": 2026, ""month"": 4, ""search_volume"": 70}, {""year"": 2026, ""month"": 3, ""search_volume"": 50}, {""year"": 2026, ""month"": 2, ""search_volume"": 50}, {""year"": 2026, ""month"": 1, ""search_volume"": 50}, {""year"": 2025, ""month"": 12, ""search_volume"": 110}, {""year"": 2025, ""month"": 11, ""search_volume"": 90}, {""year"": 2025, ""month"": 10, ""search_volume"": 70}, {""year"": 2025, ""month"": 9, ""search_volume"": 70}, {""year"": 2025, ""month"": 8, ""search_volume"": 70}]"
A5,liseuse rakuten,70,0.34,USD_DOCUMENTED,parent,False,,,,,"liseuse générale, mini-format non demandé",dataforseo_labs/google/keyword_suggestions/live,2026-09-03T11:47:40.664088+00:00,2026-09-03-test-decouverte-search-12/02-A5-discovery.json.gz,"[{""year"": 2026, ""month"": 7, ""search_volume"": 50}, {""year"": 2026, ""month"": 6, ""search_volume"": 50}, {""year"": 2026, ""month"": 5, ""search_volume"": 50}, {""year"": 2026, ""month"": 4, ""search_volume"": 40}, {""year"": 2026, ""month"": 3, ""search_volume"": 50}, {""year"": 2026, ""month"": 2, ""search_volume"": 40}, {""year"": 2026, ""month"": 1, ""search_volume"": 90}, {""year"": 2025, ""month"": 12, ""search_volume"": 110}, {""year"": 2025, ""month"": 11, ""search_volume"": 70}, {""year"": 2025, ""month"": 10, ""search_volume"": 50}, {""year"": 2025, ""month"": 9, ""search_volume"": 40}, {""year"": 2025, ""month"": 8, ""search_volume"": 50}]"
A5,meilleur liseuse rapport qualité-prix,70,0.28,USD_DOCUMENTED,parent,False,,,,,"liseuse générale, mini-format non demandé",dataforseo_labs/google/keyword_suggestions/live,2026-09-03T11:47:40.664088+00:00,2026-09-03-test-decouverte-search-12/02-A5-discovery.json.gz,"[{""year"": 2026, ""month"": 7, ""search_volume"": 50}, {""year"": 2026, ""month"": 6, ""search_volume"": 50}, {""year"": 2026, ""month"": 5, ""search_volume"": 50}, {""year"": 2026, ""month"": 4, ""search_volume"": 70}, {""year"": 2026, ""month"": 3, ""search_volume"": 70}, {""year"": 2026, ""month"": 2, ""search_volume"": 70}, {""year"": 2026, ""month"": 1, ""search_volume"": 70}, {""year"": 2025, ""month"": 12, ""search_volume"": 110}, {""year"": 2025, ""month"": 11, ""search_volume"": 110}, {""year"": 2025, ""month"": 10, ""search_volume"": 70}, {""year"": 2025, ""month"": 9, ""search_volume"": 40}, {""year"": 2025, ""month"": 8, ""search_volume"": 40}]"
A5,liseuse loupe,70,0.22,USD_DOCUMENTED,parent,False,,,,,"liseuse générale, mini-format non demandé",dataforseo_labs/google/keyword_suggestions/live,2026-09-03T11:47:40.664088+00:00,2026-09-03-test-decouverte-search-12/02-A5-discovery.json.gz,"[{""year"": 2026, ""month"": 7, ""search_volume"": 50}, {""year"": 2026, ""month"": 6, ""search_volume"": 40}, {""year"": 2026, ""month"": 5, ""search_volume"": 50}, {""year"": 2026, ""month"": 4, ""search_volume"": 70}, {""year"": 2026, ""month"": 3, ""search_volume"": 70}, {""year"": 2026, ""month"": 2, ""search_volume"": 70}, {""year"": 2026, ""month"": 1, ""search_volume"": 90}, {""year"": 2025, ""month"": 12, ""search_volume"": 140}, {""year"": 2025, ""month"": 11, ""search_volume"": 90}, {""year"": 2025, ""month"": 10, ""search_volume"": 90}, {""year"": 2025, ""month"": 9, ""search_volume"": 70}, {""year"": 2025, ""month"": 8, ""search_volume"": 70}]"
A5,liseuse flexible tete de lit,70,0.61,USD_DOCUMENTED,parent,False,,,,,"liseuse générale, mini-format non demandé",dataforseo_labs/google/keyword_suggestions/live,2026-09-03T11:47:40.664088+00:00,2026-09-03-test-decouverte-search-12/02-A5-discovery.json.gz,"[{""year"": 2026, ""month"": 7, ""search_volume"": 50}, {""year"": 2026, ""month"": 6, ""search_volume"": 50}, {""year"": 2026, ""month"": 5, ""search_volume"": 70}, {""year"": 2026, ""month"": 4, ""search_volume"": 70}, {""year"": 2026, ""month"": 3, ""search_volume"": 70}, {""year"": 2026, ""month"": 2, ""search_volume"": 90}, {""year"": 2026, ""month"": 1, ""search_volume"": 90}, {""year"": 2025, ""month"": 12, ""search_volume"": 70}, {""year"": 2025, ""month"": 11, ""search_volume"": 90}, {""year"": 2025, ""month"": 10, ""search_volume"": 110}, {""year"": 2025, ""month"": 9, ""search_volume"": 90}, {""year"": 2025, ""month"": 8, ""search_volume"": 90}]"
A5,meilleur liseuse rapport qualité prix,70,0.28,USD_DOCUMENTED,parent,False,,,,,"liseuse générale, mini-format non demandé",dataforseo_labs/google/keyword_suggestions/live,2026-09-03T11:47:40.664088+00:00,2026-09-03-test-decouverte-search-12/02-A5-discovery.json.gz,"[{""year"": 2026, ""month"": 7, ""search_volume"": 50}, {""year"": 2026, ""month"": 6, ""search_volume"": 50}, {""year"": 2026, ""month"": 5, ""search_volume"": 50}, {""year"": 2026, ""month"": 4, ""search_volume"": 70}, {""year"": 2026, ""month"": 3, ""search_volume"": 70}, {""year"": 2026, ""month"": 2, ""search_volume"": 70}, {""year"": 2026, ""month"": 1, ""search_volume"": 70}, {""year"": 2025, ""month"": 12, ""search_volume"": 110}, {""year"": 2025, ""month"": 11, ""search_volume"": 110}, {""year"": 2025, ""month"": 10, ""search_volume"": 70}, {""year"": 2025, ""month"": 9, ""search_volume"": 40}, {""year"": 2025, ""month"": 8, ""search_volume"": 40}]"
A5,liseuse pince tete de lit,70,0.46,USD_DOCUMENTED,parent,False,,,,,"liseuse générale, mini-format non demandé",dataforseo_labs/google/keyword_suggestions/live,2026-09-03T11:47:40.664088+00:00,2026-09-03-test-decouverte-search-12/02-A5-discovery.json.gz,"[{""year"": 2026, ""month"": 7, ""search_volume"": 30}, {""year"": 2026, ""month"": 6, ""search_volume"": 30}, {""year"": 2026, ""month"": 5, ""search_volume"": 50}, {""year"": 2026, ""month"": 4, ""search_volume"": 50}, {""year"": 2026, ""month"": 3, ""search_volume"": 70}, {""year"": 2026, ""month"": 2, ""search_volume"": 40}, {""year"": 2026, ""month"": 1, ""search_volume"": 70}, {""year"": 2025, ""month"": 12, ""search_volume"": 90}, {""year"": 2025, ""month"": 11, ""search_volume"": 110}, {""year"": 2025, ""month"": 10, ""search_volume"": 70}, {""year"": 2025, ""month"": 9, ""search_volume"": 70}, {""year"": 2025, ""month"": 8, ""search_volume"": 70}]"
A5,liseuse open source,70,0.3,USD_DOCUMENTED,parent,False,,,,,"liseuse générale, mini-format non demandé",dataforseo_labs/google/keyword_suggestions/live,2026-09-03T11:47:40.664088+00:00,2026-09-03-test-decouverte-search-12/02-A5-discovery.json.gz,"[{""year"": 2026, ""month"": 7, ""search_volume"": 90}, {""year"": 2026, ""month"": 6, ""search_volume"": 70}, {""year"": 2026, ""month"": 5, ""search_volume"": 70}, {""year"": 2026, ""month"": 4, ""search_volume"": 50}, {""year"": 2026, ""month"": 3, ""search_volume"": 70}, {""year"": 2026, ""month"": 2, ""search_volume"": 50}, {""year"": 2026, ""month"": 1, ""search_volume"": 90}, {""year"": 2025, ""month"": 12, ""search_volume"": 90}, {""year"": 2025, ""month"": 11, ""search_volume"": 110}, {""year"": 2025, ""month"": 10, ""search_volume"": 90}, {""year"": 2025, ""month"": 9, ""search_volume"": 50}, {""year"": 2025, ""month"": 8, ""search_volume"": 70}]"
A5,liseuse kindle cultura,70,0.41,USD_DOCUMENTED,parent,True,,,,,"liseuse générale, mini-format non demandé",dataforseo_labs/google/keyword_suggestions/live,2026-09-03T11:47:40.664088+00:00,2026-09-03-test-decouverte-search-12/02-A5-discovery.json.gz,"[{""year"": 2026, ""month"": 7, ""search_volume"": 90}, {""year"": 2026, ""month"": 6, ""search_volume"": 40}, {""year"": 2026, ""month"": 5, ""search_volume"": 50}, {""year"": 2026, ""month"": 4, ""search_volume"": 50}, {""year"": 2026, ""month"": 3, ""search_volume"": 40}, {""year"": 2026, ""month"": 2, ""search_volume"": 50}, {""year"": 2026, ""month"": 1, ""search_volume"": 90}, {""year"": 2025, ""month"": 12, ""search_volume"": 170}, {""year"": 2025, ""month"": 11, ""search_volume"": 110}, {""year"": 2025, ""month"": 10, ""search_volume"": 70}, {""year"": 2025, ""month"": 9, ""search_volume"": 50}, {""year"": 2025, ""month"": 8, ""search_volume"": 70}]"
A5,mode d'emploi liseuse kindle,70,1.34,USD_DOCUMENTED,information,True,,,,,"usage/SAV/risque, hors demande achat directe",dataforseo_labs/google/keyword_suggestions/live,2026-09-03T11:47:40.664088+00:00,2026-09-03-test-decouverte-search-12/02-A5-discovery.json.gz,"[{""year"": 2026, ""month"": 7, ""search_volume"": 50}, {""year"": 2026, ""month"": 6, ""search_volume"": 40}, {""year"": 2026, ""month"": 5, ""search_volume"": 70}, {""year"": 2026, ""month"": 4, ""search_volume"": 50}, {""year"": 2026, ""month"": 3, ""search_volume"": 50}, {""year"": 2026, ""month"": 2, ""search_volume"": 70}, {""year"": 2026, ""month"": 1, ""search_volume"": 110}, {""year"": 2025, ""month"": 12, ""search_volume"": 90}, {""year"": 2025, ""month"": 11, ""search_volume"": 70}, {""year"": 2025, ""month"": 10, ""search_volume"": 50}, {""year"": 2025, ""month"": 9, ""search_volume"": 50}, {""year"": 2025, ""month"": 8, ""search_volume"": 90}]"
A5,liseuse encastrable tête de lit,70,2.06,USD_DOCUMENTED,parent,False,,,,,"liseuse générale, mini-format non demandé",dataforseo_labs/google/keyword_suggestions/live,2026-09-03T11:47:40.664088+00:00,2026-09-03-test-decouverte-search-12/02-A5-discovery.json.gz,"[{""year"": 2026, ""month"": 7, ""search_volume"": 40}, {""year"": 2026, ""month"": 6, ""search_volume"": 50}, {""year"": 2026, ""month"": 5, ""search_volume"": 70}, {""year"": 2026, ""month"": 4, ""search_volume"": 90}, {""year"": 2026, ""month"": 3, ""search_volume"": 90}, {""year"": 2026, ""month"": 2, ""search_volume"": 90}, {""year"": 2026, ""month"": 1, ""search_volume"": 90}, {""year"": 2025, ""month"": 12, ""search_volume"": 40}, {""year"": 2025, ""month"": 11, ""search_volume"": 70}, {""year"": 2025, ""month"": 10, ""search_volume"": 70}, {""year"": 2025, ""month"": 9, ""search_volume"": 70}, {""year"": 2025, ""month"": 8, ""search_volume"": 40}]"
A5,liseuse aliexpress,70,0.11,USD_DOCUMENTED,parent,True,,,,,"liseuse générale, mini-format non demandé",dataforseo_labs/google/keyword_suggestions/live,2026-09-03T11:47:40.664088+00:00,2026-09-03-test-decouverte-search-12/02-A5-discovery.json.gz,"[{""year"": 2026, ""month"": 7, ""search_volume"": 50}, {""year"": 2026, ""month"": 6, ""search_volume"": 50}, {""year"": 2026, ""month"": 5, ""search_volume"": 40}, {""year"": 2026, ""month"": 4, ""search_volume"": 70}, {""year"": 2026, ""month"": 3, ""search_volume"": 70}, {""year"": 2026, ""month"": 2, ""search_volume"": 70}, {""year"": 2026, ""month"": 1, ""search_volume"": 90}, {""year"": 2025, ""month"": 12, ""search_volume"": 90}, {""year"": 2025, ""month"": 11, ""search_volume"": 90}, {""year"": 2025, ""month"": 10, ""search_volume"": 70}, {""year"": 2025, ""month"": 9, ""search_volume"": 70}, {""year"": 2025, ""month"": 8, ""search_volume"": 70}]"
A5,applique murale avec liseuse pour chambre,70,1.09,USD_DOCUMENTED,parent,False,,,,,"liseuse générale, mini-format non demandé",dataforseo_labs/google/keyword_suggestions/live,2026-09-03T11:47:40.664088+00:00,2026-09-03-test-decouverte-search-12/02-A5-discovery.json.gz,"[{""year"": 2026, ""month"": 7, ""search_volume"": 30}, {""year"": 2026, ""month"": 6, ""search_volume"": 40}, {""year"": 2026, ""month"": 5, ""search_volume"": 50}, {""year"": 2026, ""month"": 4, ""search_volume"": 50}, {""year"": 2026, ""month"": 3, ""search_volume"": 90}, {""year"": 2026, ""month"": 2, ""search_volume"": 90}, {""year"": 2026, ""month"": 1, ""search_volume"": 70}, {""year"": 2025, ""month"": 12, ""search_volume"": 70}, {""year"": 2025, ""month"": 11, ""search_volume"": 110}, {""year"": 2025, ""month"": 10, ""search_volume"": 50}, {""year"": 2025, ""month"": 9, ""search_volume"": 70}, {""year"": 2025, ""month"": 8, ""search_volume"": 70}]"
A5,liseuse pour dyslexique,70,0.29,USD_DOCUMENTED,parent,False,,,,,"liseuse générale, mini-format non demandé",dataforseo_labs/google/keyword_suggestions/live,2026-09-03T11:47:40.664088+00:00,2026-09-03-test-decouverte-search-12/02-A5-discovery.json.gz,"[{""year"": 2026, ""month"": 7, ""search_volume"": 30}, {""year"": 2026, ""month"": 6, ""search_volume"": 40}, {""year"": 2026, ""month"": 5, ""search_volume"": 40}, {""year"": 2026, ""month"": 4, ""search_volume"": 40}, {""year"": 2026, ""month"": 3, ""search_volume"": 50}, {""year"": 2026, ""month"": 2, ""search_volume"": 50}, {""year"": 2026, ""month"": 1, ""search_volume"": 40}, {""year"": 2025, ""month"": 12, ""search_volume"": 110}, {""year"": 2025, ""month"": 11, ""search_volume"": 140}, {""year"": 2025, ""month"": 10, ""search_volume"": 110}, {""year"": 2025, ""month"": 9, ""search_volume"": 90}, {""year"": 2025, ""month"": 8, ""search_volume"": 70}]"
A5,applique murale liseuse ikea,70,0.74,USD_DOCUMENTED,parent,True,,,,,"liseuse générale, mini-format non demandé",dataforseo_labs/google/keyword_suggestions/live,2026-09-03T11:47:40.664088+00:00,2026-09-03-test-decouverte-search-12/02-A5-discovery.json.gz,"[{""year"": 2026, ""month"": 7, ""search_volume"": 40}, {""year"": 2026, ""month"": 6, ""search_volume"": 30}, {""year"": 2026, ""month"": 5, ""search_volume"": 40}, {""year"": 2026, ""month"": 4, ""search_volume"": 70}, {""year"": 2026, ""month"": 3, ""search_volume"": 40}, {""year"": 2026, ""month"": 2, ""search_volume"": 70}, {""year"": 2026, ""month"": 1, ""search_volume"": 70}, {""year"": 2025, ""month"": 12, ""search_volume"": 50}, {""year"": 2025, ""month"": 11, ""search_volume"": 90}, {""year"": 2025, ""month"": 10, ""search_volume"": 90}, {""year"": 2025, ""month"": 9, ""search_volume"": 90}, {""year"": 2025, ""month"": 8, ""search_volume"": 50}]"
A5,liseuse usb c,70,1.09,USD_DOCUMENTED,parent,False,,,,,"liseuse générale, mini-format non demandé",dataforseo_labs/google/keyword_suggestions/live,2026-09-03T11:47:40.664088+00:00,2026-09-03-test-decouverte-search-12/02-A5-discovery.json.gz,"[{""year"": 2026, ""month"": 7, ""search_volume"": 70}, {""year"": 2026, ""month"": 6, ""search_volume"": 70}, {""year"": 2026, ""month"": 5, ""search_volume"": 70}, {""year"": 2026, ""month"": 4, ""search_volume"": 50}, {""year"": 2026, ""month"": 3, ""search_volume"": 90}, {""year"": 2026, ""month"": 2, ""search_volume"": 70}, {""year"": 2026, ""month"": 1, ""search_volume"": 90}, {""year"": 2025, ""month"": 12, ""search_volume"": 90}, {""year"": 2025, ""month"": 11, ""search_volume"": 90}, {""year"": 2025, ""month"": 10, ""search_volume"": 90}, {""year"": 2025, ""month"": 9, ""search_volume"": 70}, {""year"": 2025, ""month"": 8, ""search_volume"": 70}]"
A5,liseuse lumière livre,70,0.38,USD_DOCUMENTED,parent,False,,,,,"liseuse générale, mini-format non demandé",dataforseo_labs/google/keyword_suggestions/live,2026-09-03T11:47:40.664088+00:00,2026-09-03-test-decouverte-search-12/02-A5-discovery.json.gz,"[{""year"": 2026, ""month"": 7, ""search_volume"": 40}, {""year"": 2026, ""month"": 6, ""search_volume"": 40}, {""year"": 2026, ""month"": 5, ""search_volume"": 50}, {""year"": 2026, ""month"": 4, ""search_volume"": 50}, {""year"": 2026, ""month"": 3, ""search_volume"": 50}, {""year"": 2026, ""month"": 2, ""search_volume"": 90}, {""year"": 2026, ""month"": 1, ""search_volume"": 70}, {""year"": 2025, ""month"": 12, ""search_volume"": 110}, {""year"": 2025, ""month"": 11, ""search_volume"": 90}, {""year"": 2025, ""month"": 10, ""search_volume"": 40}, {""year"": 2025, ""month"": 9, ""search_volume"": 30}, {""year"": 2025, ""month"": 8, ""search_volume"": 30}]"
A5,télécharger livre gratuit pour liseuse kobo,70,0.42,USD_DOCUMENTED,incompatible,True,,,,,"lampe, logiciel, contenu ou sens non appareil",dataforseo_labs/google/keyword_suggestions/live,2026-09-03T11:47:40.664088+00:00,2026-09-03-test-decouverte-search-12/02-A5-discovery.json.gz,"[{""year"": 2026, ""month"": 7, ""search_volume"": 70}, {""year"": 2026, ""month"": 6, ""search_volume"": 70}, {""year"": 2026, ""month"": 5, ""search_volume"": 110}, {""year"": 2026, ""month"": 4, ""search_volume"": 70}, {""year"": 2026, ""month"": 3, ""search_volume"": 90}, {""year"": 2026, ""month"": 2, ""search_volume"": 70}, {""year"": 2026, ""month"": 1, ""search_volume"": 90}, {""year"": 2025, ""month"": 12, ""search_volume"": 70}, {""year"": 2025, ""month"": 11, ""search_volume"": 30}, {""year"": 2025, ""month"": 10, ""search_volume"": 30}, {""year"": 2025, ""month"": 9, ""search_volume"": 20}, {""year"": 2025, ""month"": 8, ""search_volume"": 30}]"
A5,liseuse ou livre,70,0.19,USD_DOCUMENTED,parent,False,,,,,"liseuse générale, mini-format non demandé",dataforseo_labs/google/keyword_suggestions/live,2026-09-03T11:47:40.664088+00:00,2026-09-03-test-decouverte-search-12/02-A5-discovery.json.gz,"[{""year"": 2026, ""month"": 7, ""search_volume"": 50}, {""year"": 2026, ""month"": 6, ""search_volume"": 70}, {""year"": 2026, ""month"": 5, ""search_volume"": 50}, {""year"": 2026, ""month"": 4, ""search_volume"": 50}, {""year"": 2026, ""month"": 3, ""search_volume"": 50}, {""year"": 2026, ""month"": 2, ""search_volume"": 90}, {""year"": 2026, ""month"": 1, ""search_volume"": 110}, {""year"": 2025, ""month"": 12, ""search_volume"": 70}, {""year"": 2025, ""month"": 11, ""search_volume"": 90}, {""year"": 2025, ""month"": 10, ""search_volume"": 70}, {""year"": 2025, ""month"": 9, ""search_volume"": 90}, {""year"": 2025, ""month"": 8, ""search_volume"": 140}]"
A5,kobo liseuse mon compte,70,,USD_DOCUMENTED,parent,True,,,,,"liseuse générale, mini-format non demandé",dataforseo_labs/google/keyword_suggestions/live,2026-09-03T11:47:40.664088+00:00,2026-09-03-test-decouverte-search-12/02-A5-discovery.json.gz,"[{""year"": 2026, ""month"": 7, ""search_volume"": 50}, {""year"": 2026, ""month"": 6, ""search_volume"": 50}, {""year"": 2026, ""month"": 5, ""search_volume"": 50}, {""year"": 2026, ""month"": 4, ""search_volume"": 50}, {""year"": 2026, ""month"": 3, ""search_volume"": 50}, {""year"": 2026, ""month"": 2, ""search_volume"": 50}, {""year"": 2026, ""month"": 1, ""search_volume"": 50}, {""year"": 2025, ""month"": 12, ""search_volume"": 70}, {""year"": 2025, ""month"": 11, ""search_volume"": 70}, {""year"": 2025, ""month"": 10, ""search_volume"": 110}, {""year"": 2025, ""month"": 9, ""search_volume"": 90}, {""year"": 2025, ""month"": 8, ""search_volume"": 110}]"
A5,comment fonctionne une liseuse kobo,70,0.14,USD_DOCUMENTED,information,True,,,,,"usage/SAV/risque, hors demande achat directe",dataforseo_labs/google/keyword_suggestions/live,2026-09-03T11:47:40.664088+00:00,2026-09-03-test-decouverte-search-12/02-A5-discovery.json.gz,"[{""year"": 2026, ""month"": 7, ""search_volume"": 70}, {""year"": 2026, ""month"": 6, ""search_volume"": 40}, {""year"": 2026, ""month"": 5, ""search_volume"": 50}, {""year"": 2026, ""month"": 4, ""search_volume"": 40}, {""year"": 2026, ""month"": 3, ""search_volume"": 40}, {""year"": 2026, ""month"": 2, ""search_volume"": 70}, {""year"": 2026, ""month"": 1, ""search_volume"": 90}, {""year"": 2025, ""month"": 12, ""search_volume"": 140}, {""year"": 2025, ""month"": 11, ""search_volume"": 90}, {""year"": 2025, ""month"": 10, ""search_volume"": 70}, {""year"": 2025, ""month"": 9, ""search_volume"": 40}, {""year"": 2025, ""month"": 8, ""search_volume"": 70}]"
A5,taille liseuse kindle,70,0.25,USD_DOCUMENTED,parent,True,,,,,"liseuse générale, mini-format non demandé",dataforseo_labs/google/keyword_suggestions/live,2026-09-03T11:47:40.664088+00:00,2026-09-03-test-decouverte-search-12/02-A5-discovery.json.gz,"[{""year"": 2026, ""month"": 7, ""search_volume"": 70}, {""year"": 2026, ""month"": 6, ""search_volume"": 50}, {""year"": 2026, ""month"": 5, ""search_volume"": 50}, {""year"": 2026, ""month"": 4, ""search_volume"": 40}, {""year"": 2026, ""month"": 3, ""search_volume"": 50}, {""year"": 2026, ""month"": 2, ""search_volume"": 70}, {""year"": 2026, ""month"": 1, ""search_volume"": 70}, {""year"": 2025, ""month"": 12, ""search_volume"": 140}, {""year"": 2025, ""month"": 11, ""search_volume"": 110}, {""year"": 2025, ""month"": 10, ""search_volume"": 70}, {""year"": 2025, ""month"": 9, ""search_volume"": 70}, {""year"": 2025, ""month"": 8, ""search_volume"": 70}]"
A5,liseuse disney,70,0.4,USD_DOCUMENTED,parent,False,,,,,"liseuse générale, mini-format non demandé",dataforseo_labs/google/keyword_suggestions/live,2026-09-03T11:47:40.664088+00:00,2026-09-03-test-decouverte-search-12/02-A5-discovery.json.gz,"[{""year"": 2026, ""month"": 7, ""search_volume"": 50}, {""year"": 2026, ""month"": 6, ""search_volume"": 40}, {""year"": 2026, ""month"": 5, ""search_volume"": 50}, {""year"": 2026, ""month"": 4, ""search_volume"": 30}, {""year"": 2026, ""month"": 3, ""search_volume"": 50}, {""year"": 2026, ""month"": 2, ""search_volume"": 50}, {""year"": 2026, ""month"": 1, ""search_volume"": 70}, {""year"": 2025, ""month"": 12, ""search_volume"": 140}, {""year"": 2025, ""month"": 11, ""search_volume"": 110}, {""year"": 2025, ""month"": 10, ""search_volume"": 70}, {""year"": 2025, ""month"": 9, ""search_volume"": 40}, {""year"": 2025, ""month"": 8, ""search_volume"": 40}]"
A5,ebooks gratuits pour liseuse,70,0.24,USD_DOCUMENTED,incompatible,False,,,,,"lampe, logiciel, contenu ou sens non appareil",dataforseo_labs/google/keyword_suggestions/live,2026-09-03T11:47:40.664088+00:00,2026-09-03-test-decouverte-search-12/02-A5-discovery.json.gz,"[{""year"": 2026, ""month"": 7, ""search_volume"": 10}, {""year"": 2026, ""month"": 6, ""search_volume"": 10}, {""year"": 2026, ""month"": 5, ""search_volume"": 90}, {""year"": 2026, ""month"": 4, ""search_volume"": 70}, {""year"": 2026, ""month"": 3, ""search_volume"": 50}, {""year"": 2026, ""month"": 2, ""search_volume"": 140}, {""year"": 2026, ""month"": 1, ""search_volume"": 110}, {""year"": 2025, ""month"": 12, ""search_volume"": 140}, {""year"": 2025, ""month"": 11, ""search_volume"": 110}, {""year"": 2025, ""month"": 10, ""search_volume"": 70}, {""year"": 2025, ""month"": 9, ""search_volume"": 40}, {""year"": 2025, ""month"": 8, ""search_volume"": 30}]"
A5,lampe liseuse flexible,70,0.59,USD_DOCUMENTED,incompatible,False,,,,,"lampe, logiciel, contenu ou sens non appareil",dataforseo_labs/google/keyword_suggestions/live,2026-09-03T11:47:40.664088+00:00,2026-09-03-test-decouverte-search-12/02-A5-discovery.json.gz,"[{""year"": 2026, ""month"": 7, ""search_volume"": 40}, {""year"": 2026, ""month"": 6, ""search_volume"": 20}, {""year"": 2026, ""month"": 5, ""search_volume"": 50}, {""year"": 2026, ""month"": 4, ""search_volume"": 30}, {""year"": 2026, ""month"": 3, ""search_volume"": 50}, {""year"": 2026, ""month"": 2, ""search_volume"": 70}, {""year"": 2026, ""month"": 1, ""search_volume"": 70}, {""year"": 2025, ""month"": 12, ""search_volume"": 140}, {""year"": 2025, ""month"": 11, ""search_volume"": 140}, {""year"": 2025, ""month"": 10, ""search_volume"": 50}, {""year"": 2025, ""month"": 9, ""search_volume"": 70}, {""year"": 2025, ""month"": 8, ""search_volume"": 40}]"
A5,dimension liseuse,70,0.17,USD_DOCUMENTED,parent,False,,,,,"liseuse générale, mini-format non demandé",dataforseo_labs/google/keyword_suggestions/live,2026-09-03T11:47:40.664088+00:00,2026-09-03-test-decouverte-search-12/02-A5-discovery.json.gz,"[{""year"": 2026, ""month"": 7, ""search_volume"": 40}, {""year"": 2026, ""month"": 6, ""search_volume"": 40}, {""year"": 2026, ""month"": 5, ""search_volume"": 40}, {""year"": 2026, ""month"": 4, ""search_volume"": 50}, {""year"": 2026, ""month"": 3, ""search_volume"": 70}, {""year"": 2026, ""month"": 2, ""search_volume"": 70}, {""year"": 2026, ""month"": 1, ""search_volume"": 70}, {""year"": 2025, ""month"": 12, ""search_volume"": 140}, {""year"": 2025, ""month"": 11, ""search_volume"": 110}, {""year"": 2025, ""month"": 10, ""search_volume"": 70}, {""year"": 2025, ""month"": 9, ""search_volume"": 50}, {""year"": 2025, ""month"": 8, ""search_volume"": 50}]"
A5,liseuse avec interrupteur intégré,70,0.95,USD_DOCUMENTED,parent,False,,,,,"liseuse générale, mini-format non demandé",dataforseo_labs/google/keyword_suggestions/live,2026-09-03T11:47:40.664088+00:00,2026-09-03-test-decouverte-search-12/02-A5-discovery.json.gz,"[{""year"": 2026, ""month"": 7, ""search_volume"": 50}, {""year"": 2026, ""month"": 6, ""search_volume"": 70}, {""year"": 2026, ""month"": 5, ""search_volume"": 50}, {""year"": 2026, ""month"": 4, ""search_volume"": 90}, {""year"": 2026, ""month"": 3, ""search_volume"": 90}, {""year"": 2026, ""month"": 2, ""search_volume"": 90}, {""year"": 2026, ""month"": 1, ""search_volume"": 110}, {""year"": 2025, ""month"": 12, ""search_volume"": 90}, {""year"": 2025, ""month"": 11, ""search_volume"": 70}, {""year"": 2025, ""month"": 10, ""search_volume"": 90}, {""year"": 2025, ""month"": 9, ""search_volume"": 40}, {""year"": 2025, ""month"": 8, ""search_volume"": 40}]"
A5,lampe liseuse pour tete de lit,70,0.44,USD_DOCUMENTED,incompatible,False,,,,,"lampe, logiciel, contenu ou sens non appareil",dataforseo_labs/google/keyword_suggestions/live,2026-09-03T11:47:40.664088+00:00,2026-09-03-test-decouverte-search-12/02-A5-discovery.json.gz,"[{""year"": 2026, ""month"": 7, ""search_volume"": 30}, {""year"": 2026, ""month"": 6, ""search_volume"": 50}, {""year"": 2026, ""month"": 5, ""search_volume"": 40}, {""year"": 2026, ""month"": 4, ""search_volume"": 40}, {""year"": 2026, ""month"": 3, ""search_volume"": 50}, {""year"": 2026, ""month"": 2, ""search_volume"": 70}, {""year"": 2026, ""month"": 1, ""search_volume"": 40}, {""year"": 2025, ""month"": 12, ""search_volume"": 50}, {""year"": 2025, ""month"": 11, ""search_volume"": 70}, {""year"": 2025, ""month"": 10, ""search_volume"": 140}, {""year"": 2025, ""month"": 9, ""search_volume"": 90}, {""year"": 2025, ""month"": 8, ""search_volume"": 70}]"
A5,lampadaire avec liseuse et variateur,70,0.3,USD_DOCUMENTED,incompatible,False,,,,,"lampe, logiciel, contenu ou sens non appareil",dataforseo_labs/google/keyword_suggestions/live,2026-09-03T11:47:40.664088+00:00,2026-09-03-test-decouverte-search-12/02-A5-discovery.json.gz,"[{""year"": 2026, ""month"": 7, ""search_volume"": 40}, {""year"": 2026, ""month"": 6, ""search_volume"": 30}, {""year"": 2026, ""month"": 5, ""search_volume"": 40}, {""year"": 2026, ""month"": 4, ""search_volume"": 50}, {""year"": 2026, ""month"": 3, ""search_volume"": 50}, {""year"": 2026, ""month"": 2, ""search_volume"": 70}, {""year"": 2026, ""month"": 1, ""search_volume"": 110}, {""year"": 2025, ""month"": 12, ""search_volume"": 140}, {""year"": 2025, ""month"": 11, ""search_volume"": 170}, {""year"": 2025, ""month"": 10, ""search_volume"": 50}, {""year"": 2025, ""month"": 9, ""search_volume"": 40}, {""year"": 2025, ""month"": 8, ""search_volume"": 30}]"
A5,liseuse meljac,70,1.89,USD_DOCUMENTED,parent,False,,,,,"liseuse générale, mini-format non demandé",dataforseo_labs/google/keyword_suggestions/live,2026-09-03T11:47:40.664088+00:00,2026-09-03-test-decouverte-search-12/02-A5-discovery.json.gz,"[{""year"": 2026, ""month"": 7, ""search_volume"": 40}, {""year"": 2026, ""month"": 6, ""search_volume"": 50}, {""year"": 2026, ""month"": 5, ""search_volume"": 70}, {""year"": 2026, ""month"": 4, ""search_volume"": 70}, {""year"": 2026, ""month"": 3, ""search_volume"": 90}, {""year"": 2026, ""month"": 2, ""search_volume"": 90}, {""year"": 2026, ""month"": 1, ""search_volume"": 90}, {""year"": 2025, ""month"": 12, ""search_volume"": 70}, {""year"": 2025, ""month"": 11, ""search_volume"": 90}, {""year"": 2025, ""month"": 10, ""search_volume"": 110}, {""year"": 2025, ""month"": 9, ""search_volume"": 70}, {""year"": 2025, ""month"": 8, ""search_volume"": 30}]"
A5,loupe liseuse,70,0.22,USD_DOCUMENTED,parent,False,,,,,"liseuse générale, mini-format non demandé",dataforseo_labs/google/keyword_suggestions/live,2026-09-03T11:47:40.664088+00:00,2026-09-03-test-decouverte-search-12/02-A5-discovery.json.gz,"[{""year"": 2026, ""month"": 7, ""search_volume"": 50}, {""year"": 2026, ""month"": 6, ""search_volume"": 40}, {""year"": 2026, ""month"": 5, ""search_volume"": 50}, {""year"": 2026, ""month"": 4, ""search_volume"": 70}, {""year"": 2026, ""month"": 3, ""search_volume"": 70}, {""year"": 2026, ""month"": 2, ""search_volume"": 70}, {""year"": 2026, ""month"": 1, ""search_volume"": 90}, {""year"": 2025, ""month"": 12, ""search_volume"": 140}, {""year"": 2025, ""month"": 11, ""search_volume"": 90}, {""year"": 2025, ""month"": 10, ""search_volume"": 90}, {""year"": 2025, ""month"": 9, ""search_volume"": 70}, {""year"": 2025, ""month"": 8, ""search_volume"": 70}]"
A5,lampadaire avec liseuse ikea,70,0.44,USD_DOCUMENTED,incompatible,True,,,,,"lampe, logiciel, contenu ou sens non appareil",dataforseo_labs/google/keyword_suggestions/live,2026-09-03T11:47:40.664088+00:00,2026-09-03-test-decouverte-search-12/02-A5-discovery.json.gz,"[{""year"": 2026, ""month"": 7, ""search_volume"": 40}, {""year"": 2026, ""month"": 6, ""search_volume"": 20}, {""year"": 2026, ""month"": 5, ""search_volume"": 20}, {""year"": 2026, ""month"": 4, ""search_volume"": 50}, {""year"": 2026, ""month"": 3, ""search_volume"": 50}, {""year"": 2026, ""month"": 2, ""search_volume"": 70}, {""year"": 2026, ""month"": 1, ""search_volume"": 110}, {""year"": 2025, ""month"": 12, ""search_volume"": 110}, {""year"": 2025, ""month"": 11, ""search_volume"": 110}, {""year"": 2025, ""month"": 10, ""search_volume"": 70}, {""year"": 2025, ""month"": 9, ""search_volume"": 40}, {""year"": 2025, ""month"": 8, ""search_volume"": 40}]"
A5,applique liseuse avec interrupteur,70,0.86,USD_DOCUMENTED,parent,False,,,,,"liseuse générale, mini-format non demandé",dataforseo_labs/google/keyword_suggestions/live,2026-09-03T11:47:40.664088+00:00,2026-09-03-test-decouverte-search-12/02-A5-discovery.json.gz,"[{""year"": 2026, ""month"": 7, ""search_volume"": 30}, {""year"": 2026, ""month"": 6, ""search_volume"": 50}, {""year"": 2026, ""month"": 5, ""search_volume"": 40}, {""year"": 2026, ""month"": 4, ""search_volume"": 50}, {""year"": 2026, ""month"": 3, ""search_volume"": 70}, {""year"": 2026, ""month"": 2, ""search_volume"": 90}, {""year"": 2026, ""month"": 1, ""search_volume"": 110}, {""year"": 2025, ""month"": 12, ""search_volume"": 90}, {""year"": 2025, ""month"": 11, ""search_volume"": 110}, {""year"": 2025, ""month"": 10, ""search_volume"": 70}, {""year"": 2025, ""month"": 9, ""search_volume"": 50}, {""year"": 2025, ""month"": 8, ""search_volume"": 40}]"
A5,liseuse leclerc culturel,70,0.32,USD_DOCUMENTED,parent,True,,,,,"liseuse générale, mini-format non demandé",dataforseo_labs/google/keyword_suggestions/live,2026-09-03T11:47:40.664088+00:00,2026-09-03-test-decouverte-search-12/02-A5-discovery.json.gz,"[{""year"": 2026, ""month"": 7, ""search_volume"": 20}, {""year"": 2026, ""month"": 6, ""search_volume"": 10}, {""year"": 2026, ""month"": 5, ""search_volume"": 20}, {""year"": 2026, ""month"": 4, ""search_volume"": 70}, {""year"": 2026, ""month"": 3, ""search_volume"": 70}, {""year"": 2026, ""month"": 2, ""search_volume"": 90}, {""year"": 2026, ""month"": 1, ""search_volume"": 140}, {""year"": 2025, ""month"": 12, ""search_volume"": 170}, {""year"": 2025, ""month"": 11, ""search_volume"": 90}, {""year"": 2025, ""month"": 10, ""search_volume"": 30}, {""year"": 2025, ""month"": 9, ""search_volume"": 10}, {""year"": 2025, ""month"": 8, ""search_volume"": 20}]"
A5,quelle liseuse choisir en 2025,70,,USD_DOCUMENTED,parent,False,,,,,"liseuse générale, mini-format non demandé",dataforseo_labs/google/keyword_suggestions/live,2026-09-03T11:47:40.664088+00:00,2026-09-03-test-decouverte-search-12/02-A5-discovery.json.gz,"[{""year"": 2026, ""month"": 7, ""search_volume"": 0}, {""year"": 2026, ""month"": 6, ""search_volume"": 10}, {""year"": 2026, ""month"": 5, ""search_volume"": 10}, {""year"": 2026, ""month"": 4, ""search_volume"": 10}, {""year"": 2026, ""month"": 3, ""search_volume"": 10}, {""year"": 2026, ""month"": 2, ""search_volume"": 20}, {""year"": 2026, ""month"": 1, ""search_volume"": 20}, {""year"": 2025, ""month"": 12, ""search_volume"": 70}, {""year"": 2025, ""month"": 11, ""search_volume"": 70}, {""year"": 2025, ""month"": 10, ""search_volume"": 30}, {""year"": 2025, ""month"": 9, ""search_volume"": 210}, {""year"": 2025, ""month"": 8, ""search_volume"": 320}]"
A5,lampadaire led liseuse,70,0.31,USD_DOCUMENTED,incompatible,False,,,,,"lampe, logiciel, contenu ou sens non appareil",dataforseo_labs/google/keyword_suggestions/live,2026-09-03T11:47:40.664088+00:00,2026-09-03-test-decouverte-search-12/02-A5-discovery.json.gz,"[{""year"": 2026, ""month"": 7, ""search_volume"": 40}, {""year"": 2026, ""month"": 6, ""search_volume"": 10}, {""year"": 2026, ""month"": 5, ""search_volume"": 50}, {""year"": 2026, ""month"": 4, ""search_volume"": 50}, {""year"": 2026, ""month"": 3, ""search_volume"": 110}, {""year"": 2026, ""month"": 2, ""search_volume"": 140}, {""year"": 2026, ""month"": 1, ""search_volume"": 90}, {""year"": 2025, ""month"": 12, ""search_volume"": 90}, {""year"": 2025, ""month"": 11, ""search_volume"": 110}, {""year"": 2025, ""month"": 10, ""search_volume"": 90}, {""year"": 2025, ""month"": 9, ""search_volume"": 70}, {""year"": 2025, ""month"": 8, ""search_volume"": 90}]"
A5,modele tricot gratuit liseuse femme,70,,USD_DOCUMENTED,incompatible,False,,,,,"lampe, logiciel, contenu ou sens non appareil",dataforseo_labs/google/keyword_suggestions/live,2026-09-03T11:47:40.664088+00:00,2026-09-03-test-decouverte-search-12/02-A5-discovery.json.gz,"[{""year"": 2026, ""month"": 7, ""search_volume"": 30}, {""year"": 2026, ""month"": 6, ""search_volume"": 30}, {""year"": 2026, ""month"": 5, ""search_volume"": 40}, {""year"": 2026, ""month"": 4, ""search_volume"": 30}, {""year"": 2026, ""month"": 3, ""search_volume"": 40}, {""year"": 2026, ""month"": 2, ""search_volume"": 90}, {""year"": 2026, ""month"": 1, ""search_volume"": 140}, {""year"": 2025, ""month"": 12, ""search_volume"": 140}, {""year"": 2025, ""month"": 11, ""search_volume"": 110}, {""year"": 2025, ""month"": 10, ""search_volume"": 110}, {""year"": 2025, ""month"": 9, ""search_volume"": 70}, {""year"": 2025, ""month"": 8, ""search_volume"": 40}]"
A5,liseuse de texte,70,1.85,USD_DOCUMENTED,parent,False,,,,,"liseuse générale, mini-format non demandé",dataforseo_labs/google/keyword_suggestions/live,2026-09-03T11:47:40.664088+00:00,2026-09-03-test-decouverte-search-12/02-A5-discovery.json.gz,"[{""year"": 2026, ""month"": 7, ""search_volume"": 40}, {""year"": 2026, ""month"": 6, ""search_volume"": 70}, {""year"": 2026, ""month"": 5, ""search_volume"": 70}, {""year"": 2026, ""month"": 4, ""search_volume"": 50}, {""year"": 2026, ""month"": 3, ""search_volume"": 70}, {""year"": 2026, ""month"": 2, ""search_volume"": 50}, {""year"": 2026, ""month"": 1, ""search_volume"": 70}, {""year"": 2025, ""month"": 12, ""search_volume"": 70}, {""year"": 2025, ""month"": 11, ""search_volume"": 70}, {""year"": 2025, ""month"": 10, ""search_volume"": 70}, {""year"": 2025, ""month"": 9, ""search_volume"": 70}, {""year"": 2025, ""month"": 8, ""search_volume"": 50}]"
A5,reparation liseuse kobo,70,0.13,USD_DOCUMENTED,information,True,,,,,"usage/SAV/risque, hors demande achat directe",dataforseo_labs/google/keyword_suggestions/live,2026-09-03T11:47:40.664088+00:00,2026-09-03-test-decouverte-search-12/02-A5-discovery.json.gz,"[{""year"": 2026, ""month"": 7, ""search_volume"": 70}, {""year"": 2026, ""month"": 6, ""search_volume"": 90}, {""year"": 2026, ""month"": 5, ""search_volume"": 50}, {""year"": 2026, ""month"": 4, ""search_volume"": 40}, {""year"": 2026, ""month"": 3, ""search_volume"": 50}, {""year"": 2026, ""month"": 2, ""search_volume"": 70}, {""year"": 2026, ""month"": 1, ""search_volume"": 40}, {""year"": 2025, ""month"": 12, ""search_volume"": 50}, {""year"": 2025, ""month"": 11, ""search_volume"": 70}, {""year"": 2025, ""month"": 10, ""search_volume"": 50}, {""year"": 2025, ""month"": 9, ""search_volume"": 110}, {""year"": 2025, ""month"": 8, ""search_volume"": 110}]"
A5,lampadaire et liseuse led,70,0.31,USD_DOCUMENTED,incompatible,False,,,,,"lampe, logiciel, contenu ou sens non appareil",dataforseo_labs/google/keyword_suggestions/live,2026-09-03T11:47:40.664088+00:00,2026-09-03-test-decouverte-search-12/02-A5-discovery.json.gz,"[{""year"": 2026, ""month"": 7, ""search_volume"": 40}, {""year"": 2026, ""month"": 6, ""search_volume"": 10}, {""year"": 2026, ""month"": 5, ""search_volume"": 50}, {""year"": 2026, ""month"": 4, ""search_volume"": 50}, {""year"": 2026, ""month"": 3, ""search_volume"": 110}, {""year"": 2026, ""month"": 2, ""search_volume"": 140}, {""year"": 2026, ""month"": 1, ""search_volume"": 90}, {""year"": 2025, ""month"": 12, ""search_volume"": 90}, {""year"": 2025, ""month"": 11, ""search_volume"": 110}, {""year"": 2025, ""month"": 10, ""search_volume"": 90}, {""year"": 2025, ""month"": 9, ""search_volume"": 70}, {""year"": 2025, ""month"": 8, ""search_volume"": 90}]"
A5,ou acheter liseuse kindle,70,0.37,USD_DOCUMENTED,parent,True,,,,,"liseuse générale, mini-format non demandé",dataforseo_labs/google/keyword_suggestions/live,2026-09-03T11:47:40.664088+00:00,2026-09-03-test-decouverte-search-12/02-A5-discovery.json.gz,"[{""year"": 2026, ""month"": 7, ""search_volume"": 70}, {""year"": 2026, ""month"": 6, ""search_volume"": 70}, {""year"": 2026, ""month"": 5, ""search_volume"": 50}, {""year"": 2026, ""month"": 4, ""search_volume"": 50}, {""year"": 2026, ""month"": 3, ""search_volume"": 40}, {""year"": 2026, ""month"": 2, ""search_volume"": 70}, {""year"": 2026, ""month"": 1, ""search_volume"": 70}, {""year"": 2025, ""month"": 12, ""search_volume"": 140}, {""year"": 2025, ""month"": 11, ""search_volume"": 110}, {""year"": 2025, ""month"": 10, ""search_volume"": 70}, {""year"": 2025, ""month"": 9, ""search_volume"": 70}, {""year"": 2025, ""month"": 8, ""search_volume"": 90}]"
A5,ebook gratuits pour liseuse,70,0.24,USD_DOCUMENTED,incompatible,False,,,,,"lampe, logiciel, contenu ou sens non appareil",dataforseo_labs/google/keyword_suggestions/live,2026-09-03T11:47:40.664088+00:00,2026-09-03-test-decouverte-search-12/02-A5-discovery.json.gz,"[{""year"": 2026, ""month"": 7, ""search_volume"": 10}, {""year"": 2026, ""month"": 6, ""search_volume"": 10}, {""year"": 2026, ""month"": 5, ""search_volume"": 90}, {""year"": 2026, ""month"": 4, ""search_volume"": 70}, {""year"": 2026, ""month"": 3, ""search_volume"": 50}, {""year"": 2026, ""month"": 2, ""search_volume"": 140}, {""year"": 2026, ""month"": 1, ""search_volume"": 110}, {""year"": 2025, ""month"": 12, ""search_volume"": 140}, {""year"": 2025, ""month"": 11, ""search_volume"": 110}, {""year"": 2025, ""month"": 10, ""search_volume"": 70}, {""year"": 2025, ""month"": 9, ""search_volume"": 40}, {""year"": 2025, ""month"": 8, ""search_volume"": 30}]"
A5,applique murale chambre avec liseuse,70,1.24,USD_DOCUMENTED,parent,False,,,,,"liseuse générale, mini-format non demandé",dataforseo_labs/google/keyword_suggestions/live,2026-09-03T11:47:40.664088+00:00,2026-09-03-test-decouverte-search-12/02-A5-discovery.json.gz,"[{""year"": 2026, ""month"": 7, ""search_volume"": 50}, {""year"": 2026, ""month"": 6, ""search_volume"": 50}, {""year"": 2026, ""month"": 5, ""search_volume"": 90}, {""year"": 2026, ""month"": 4, ""search_volume"": 50}, {""year"": 2026, ""month"": 3, ""search_volume"": 90}, {""year"": 2026, ""month"": 2, ""search_volume"": 50}, {""year"": 2026, ""month"": 1, ""search_volume"": 110}, {""year"": 2025, ""month"": 12, ""search_volume"": 50}, {""year"": 2025, ""month"": 11, ""search_volume"": 70}, {""year"": 2025, ""month"": 10, ""search_volume"": 90}, {""year"": 2025, ""month"": 9, ""search_volume"": 110}, {""year"": 2025, ""month"": 8, ""search_volume"": 70}]"
A5,liseuse vêtement de nuit,70,0.58,USD_DOCUMENTED,parent,False,,,,,"liseuse générale, mini-format non demandé",dataforseo_labs/google/keyword_suggestions/live,2026-09-03T11:47:40.664088+00:00,2026-09-03-test-decouverte-search-12/02-A5-discovery.json.gz,"[{""year"": 2026, ""month"": 7, ""search_volume"": 10}, {""year"": 2026, ""month"": 6, ""search_volume"": 10}, {""year"": 2026, ""month"": 5, ""search_volume"": 20}, {""year"": 2026, ""month"": 4, ""search_volume"": 50}, {""year"": 2026, ""month"": 3, ""search_volume"": 40}, {""year"": 2026, ""month"": 2, ""search_volume"": 90}, {""year"": 2026, ""month"": 1, ""search_volume"": 110}, {""year"": 2025, ""month"": 12, ""search_volume"": 140}, {""year"": 2025, ""month"": 11, ""search_volume"": 110}, {""year"": 2025, ""month"": 10, ""search_volume"": 140}, {""year"": 2025, ""month"": 9, ""search_volume"": 90}, {""year"": 2025, ""month"": 8, ""search_volume"": 30}]"
A5,liseuse kindle soldes,70,0.21,USD_DOCUMENTED,parent,True,,,,,"liseuse générale, mini-format non demandé",dataforseo_labs/google/keyword_suggestions/live,2026-09-03T11:47:40.664088+00:00,2026-09-03-test-decouverte-search-12/02-A5-discovery.json.gz,"[{""year"": 2026, ""month"": 7, ""search_volume"": 170}, {""year"": 2026, ""month"": 6, ""search_volume"": 140}, {""year"": 2026, ""month"": 5, ""search_volume"": 20}, {""year"": 2026, ""month"": 4, ""search_volume"": 20}, {""year"": 2026, ""month"": 3, ""search_volume"": 10}, {""year"": 2026, ""month"": 2, ""search_volume"": 50}, {""year"": 2026, ""month"": 1, ""search_volume"": 390}, {""year"": 2025, ""month"": 12, ""search_volume"": 20}, {""year"": 2025, ""month"": 11, ""search_volume"": 20}, {""year"": 2025, ""month"": 10, ""search_volume"": 10}, {""year"": 2025, ""month"": 9, ""search_volume"": 10}, {""year"": 2025, ""month"": 8, ""search_volume"": 10}]"
A5,liseuse lampe amazon,70,0.4,USD_DOCUMENTED,incompatible,True,,,,,"lampe, logiciel, contenu ou sens non appareil",dataforseo_labs/google/keyword_suggestions/live,2026-09-03T11:47:40.664088+00:00,2026-09-03-test-decouverte-search-12/02-A5-discovery.json.gz,"[{""year"": 2026, ""month"": 7, ""search_volume"": 40}, {""year"": 2026, ""month"": 6, ""search_volume"": 30}, {""year"": 2026, ""month"": 5, ""search_volume"": 40}, {""year"": 2026, ""month"": 4, ""search_volume"": 50}, {""year"": 2026, ""month"": 3, ""search_volume"": 50}, {""year"": 2026, ""month"": 2, ""search_volume"": 70}, {""year"": 2026, ""month"": 1, ""search_volume"": 90}, {""year"": 2025, ""month"": 12, ""search_volume"": 110}, {""year"": 2025, ""month"": 11, ""search_volume"": 110}, {""year"": 2025, ""month"": 10, ""search_volume"": 70}, {""year"": 2025, ""month"": 9, ""search_volume"": 70}, {""year"": 2025, ""month"": 8, ""search_volume"": 70}]"
A5,liseuse mots fléchés,70,,USD_DOCUMENTED,parent,False,,,,,"liseuse générale, mini-format non demandé",dataforseo_labs/google/keyword_suggestions/live,2026-09-03T11:47:40.664088+00:00,2026-09-03-test-decouverte-search-12/02-A5-discovery.json.gz,"[{""year"": 2026, ""month"": 7, ""search_volume"": 210}, {""year"": 2026, ""month"": 6, ""search_volume"": 30}, {""year"": 2026, ""month"": 5, ""search_volume"": 10}, {""year"": 2026, ""month"": 4, ""search_volume"": 30}, {""year"": 2026, ""month"": 3, ""search_volume"": 320}, {""year"": 2026, ""month"": 2, ""search_volume"": 30}, {""year"": 2026, ""month"": 1, ""search_volume"": 40}, {""year"": 2025, ""month"": 12, ""search_volume"": 50}, {""year"": 2025, ""month"": 11, ""search_volume"": 40}, {""year"": 2025, ""month"": 10, ""search_volume"": 30}, {""year"": 2025, ""month"": 9, ""search_volume"": 20}, {""year"": 2025, ""month"": 8, ""search_volume"": 20}]"
A5,liseuse waterproof,70,0.24,USD_DOCUMENTED,parent,False,,,,,"liseuse générale, mini-format non demandé",dataforseo_labs/google/keyword_suggestions/live,2026-09-03T11:47:40.664088+00:00,2026-09-03-test-decouverte-search-12/02-A5-discovery.json.gz,"[{""year"": 2026, ""month"": 7, ""search_volume"": 170}, {""year"": 2026, ""month"": 6, ""search_volume"": 110}, {""year"": 2026, ""month"": 5, ""search_volume"": 90}, {""year"": 2026, ""month"": 4, ""search_volume"": 40}, {""year"": 2026, ""month"": 3, ""search_volume"": 50}, {""year"": 2026, ""month"": 2, ""search_volume"": 30}, {""year"": 2026, ""month"": 1, ""search_volume"": 50}, {""year"": 2025, ""month"": 12, ""search_volume"": 70}, {""year"": 2025, ""month"": 11, ""search_volume"": 90}, {""year"": 2025, ""month"": 10, ""search_volume"": 40}, {""year"": 2025, ""month"": 9, ""search_volume"": 50}, {""year"": 2025, ""month"": 8, ""search_volume"": 140}]"
A5,liseuse chez boulanger,70,0.23,USD_DOCUMENTED,parent,True,,,,,"liseuse générale, mini-format non demandé",dataforseo_labs/google/keyword_suggestions/live,2026-09-03T11:47:40.664088+00:00,2026-09-03-test-decouverte-search-12/02-A5-discovery.json.gz,"[{""year"": 2026, ""month"": 7, ""search_volume"": 50}, {""year"": 2026, ""month"": 6, ""search_volume"": 20}, {""year"": 2026, ""month"": 5, ""search_volume"": 40}, {""year"": 2026, ""month"": 4, ""search_volume"": 30}, {""year"": 2026, ""month"": 3, ""search_volume"": 40}, {""year"": 2026, ""month"": 2, ""search_volume"": 50}, {""year"": 2026, ""month"": 1, ""search_volume"": 50}, {""year"": 2025, ""month"": 12, ""search_volume"": 140}, {""year"": 2025, ""month"": 11, ""search_volume"": 140}, {""year"": 2025, ""month"": 10, ""search_volume"": 70}, {""year"": 2025, ""month"": 9, ""search_volume"": 30}, {""year"": 2025, ""month"": 8, ""search_volume"": 50}]"
A5,liseuse vêtement de nuit damart,70,0.15,USD_DOCUMENTED,parent,False,,,,,"liseuse générale, mini-format non demandé",dataforseo_labs/google/keyword_suggestions/live,2026-09-03T11:47:40.664088+00:00,2026-09-03-test-decouverte-search-12/02-A5-discovery.json.gz,"[{""year"": 2026, ""month"": 7, ""search_volume"": 20}, {""year"": 2026, ""month"": 6, ""search_volume"": 30}, {""year"": 2026, ""month"": 5, ""search_volume"": 40}, {""year"": 2026, ""month"": 4, ""search_volume"": 50}, {""year"": 2026, ""month"": 3, ""search_volume"": 50}, {""year"": 2026, ""month"": 2, ""search_volume"": 70}, {""year"": 2026, ""month"": 1, ""search_volume"": 90}, {""year"": 2025, ""month"": 12, ""search_volume"": 90}, {""year"": 2025, ""month"": 11, ""search_volume"": 170}, {""year"": 2025, ""month"": 10, ""search_volume"": 140}, {""year"": 2025, ""month"": 9, ""search_volume"": 110}, {""year"": 2025, ""month"": 8, ""search_volume"": 50}]"
A5,lampe liseuse tete de lit,70,0.44,USD_DOCUMENTED,incompatible,False,,,,,"lampe, logiciel, contenu ou sens non appareil",dataforseo_labs/google/keyword_suggestions/live,2026-09-03T11:47:40.664088+00:00,2026-09-03-test-decouverte-search-12/02-A5-discovery.json.gz,"[{""year"": 2026, ""month"": 7, ""search_volume"": 30}, {""year"": 2026, ""month"": 6, ""search_volume"": 50}, {""year"": 2026, ""month"": 5, ""search_volume"": 40}, {""year"": 2026, ""month"": 4, ""search_volume"": 40}, {""year"": 2026, ""month"": 3, ""search_volume"": 50}, {""year"": 2026, ""month"": 2, ""search_volume"": 70}, {""year"": 2026, ""month"": 1, ""search_volume"": 40}, {""year"": 2025, ""month"": 12, ""search_volume"": 50}, {""year"": 2025, ""month"": 11, ""search_volume"": 70}, {""year"": 2025, ""month"": 10, ""search_volume"": 140}, {""year"": 2025, ""month"": 9, ""search_volume"": 90}, {""year"": 2025, ""month"": 8, ""search_volume"": 70}]"
A5,ikea lampe liseuse,70,0.02,USD_DOCUMENTED,incompatible,True,,,,,"lampe, logiciel, contenu ou sens non appareil",dataforseo_labs/google/keyword_suggestions/live,2026-09-03T11:47:40.664088+00:00,2026-09-03-test-decouverte-search-12/02-A5-discovery.json.gz,"[{""year"": 2026, ""month"": 7, ""search_volume"": 30}, {""year"": 2026, ""month"": 6, ""search_volume"": 30}, {""year"": 2026, ""month"": 5, ""search_volume"": 50}, {""year"": 2026, ""month"": 4, ""search_volume"": 30}, {""year"": 2026, ""month"": 3, ""search_volume"": 70}, {""year"": 2026, ""month"": 2, ""search_volume"": 70}, {""year"": 2026, ""month"": 1, ""search_volume"": 90}, {""year"": 2025, ""month"": 12, ""search_volume"": 90}, {""year"": 2025, ""month"": 11, ""search_volume"": 110}, {""year"": 2025, ""month"": 10, ""search_volume"": 70}, {""year"": 2025, ""month"": 9, ""search_volume"": 50}, {""year"": 2025, ""month"": 8, ""search_volume"": 50}]"
A5,meilleur liseuse kindle,70,0.43,USD_DOCUMENTED,parent,True,,,,,"liseuse générale, mini-format non demandé",dataforseo_labs/google/keyword_suggestions/live,2026-09-03T11:47:40.664088+00:00,2026-09-03-test-decouverte-search-12/02-A5-discovery.json.gz,"[{""year"": 2026, ""month"": 7, ""search_volume"": 30}, {""year"": 2026, ""month"": 6, ""search_volume"": 50}, {""year"": 2026, ""month"": 5, ""search_volume"": 40}, {""year"": 2026, ""month"": 4, ""search_volume"": 40}, {""year"": 2026, ""month"": 3, ""search_volume"": 50}, {""year"": 2026, ""month"": 2, ""search_volume"": 70}, {""year"": 2026, ""month"": 1, ""search_volume"": 70}, {""year"": 2025, ""month"": 12, ""search_volume"": 110}, {""year"": 2025, ""month"": 11, ""search_volume"": 140}, {""year"": 2025, ""month"": 10, ""search_volume"": 70}, {""year"": 2025, ""month"": 9, ""search_volume"": 40}, {""year"": 2025, ""month"": 8, ""search_volume"": 70}]"
A5,tablette liseuse prise de note,70,0.7,USD_DOCUMENTED,parent,False,,,,,"liseuse générale, mini-format non demandé",dataforseo_labs/google/keyword_suggestions/live,2026-09-03T11:47:40.664088+00:00,2026-09-03-test-decouverte-search-12/02-A5-discovery.json.gz,"[{""year"": 2026, ""month"": 7, ""search_volume"": 70}, {""year"": 2026, ""month"": 6, ""search_volume"": 70}, {""year"": 2026, ""month"": 5, ""search_volume"": 50}, {""year"": 2026, ""month"": 4, ""search_volume"": 70}, {""year"": 2026, ""month"": 3, ""search_volume"": 110}, {""year"": 2026, ""month"": 2, ""search_volume"": 70}, {""year"": 2026, ""month"": 1, ""search_volume"": 90}, {""year"": 2025, ""month"": 12, ""search_volume"": 70}, {""year"": 2025, ""month"": 11, ""search_volume"": 40}, {""year"": 2025, ""month"": 10, ""search_volume"": 30}, {""year"": 2025, ""month"": 9, ""search_volume"": 70}, {""year"": 2025, ""month"": 8, ""search_volume"": 40}]"
A5,meilleur liseuse manga,70,0.36,USD_DOCUMENTED,parent,False,,,,,"liseuse générale, mini-format non demandé",dataforseo_labs/google/keyword_suggestions/live,2026-09-03T11:47:40.664088+00:00,2026-09-03-test-decouverte-search-12/02-A5-discovery.json.gz,"[{""year"": 2026, ""month"": 7, ""search_volume"": 50}, {""year"": 2026, ""month"": 6, ""search_volume"": 50}, {""year"": 2026, ""month"": 5, ""search_volume"": 50}, {""year"": 2026, ""month"": 4, ""search_volume"": 50}, {""year"": 2026, ""month"": 3, ""search_volume"": 70}, {""year"": 2026, ""month"": 2, ""search_volume"": 50}, {""year"": 2026, ""month"": 1, ""search_volume"": 90}, {""year"": 2025, ""month"": 12, ""search_volume"": 90}, {""year"": 2025, ""month"": 11, ""search_volume"": 140}, {""year"": 2025, ""month"": 10, ""search_volume"": 90}, {""year"": 2025, ""month"": 9, ""search_volume"": 50}, {""year"": 2025, ""month"": 8, ""search_volume"": 70}]"
A5,pochette liseuse couture,70,0.14,USD_DOCUMENTED,incompatible,False,,,,,"lampe, logiciel, contenu ou sens non appareil",keywords_data/google_ads/search_volume/live,2026-09-03T14:41:31.031518+00:00,2026-09-03-qualification-9-produits-pur/raw/20-controls-0.json.gz,"[{""year"": 2026, ""month"": 7, ""search_volume"": 50}, {""year"": 2026, ""month"": 6, ""search_volume"": 40}, {""year"": 2026, ""month"": 5, ""search_volume"": 50}, {""year"": 2026, ""month"": 4, ""search_volume"": 40}, {""year"": 2026, ""month"": 3, ""search_volume"": 40}, {""year"": 2026, ""month"": 2, ""search_volume"": 90}, {""year"": 2026, ""month"": 1, ""search_volume"": 90}, {""year"": 2025, ""month"": 12, ""search_volume"": 140}, {""year"": 2025, ""month"": 11, ""search_volume"": 70}, {""year"": 2025, ""month"": 10, ""search_volume"": 70}, {""year"": 2025, ""month"": 9, ""search_volume"": 40}, {""year"": 2025, ""month"": 8, ""search_volume"": 50}]"
A5,liseuse 12v camping-car,70,0.16,USD_DOCUMENTED,parent,False,,,,,"liseuse générale, mini-format non demandé",dataforseo_labs/google/keyword_suggestions/live,2026-09-03T11:47:40.664088+00:00,2026-09-03-test-decouverte-search-12/02-A5-discovery.json.gz,"[{""year"": 2026, ""month"": 7, ""search_volume"": 50}, {""year"": 2026, ""month"": 6, ""search_volume"": 50}, {""year"": 2026, ""month"": 5, ""search_volume"": 70}, {""year"": 2026, ""month"": 4, ""search_volume"": 70}, {""year"": 2026, ""month"": 3, ""search_volume"": 70}, {""year"": 2026, ""month"": 2, ""search_volume"": 70}, {""year"": 2026, ""month"": 1, ""search_volume"": 70}, {""year"": 2025, ""month"": 12, ""search_volume"": 40}, {""year"": 2025, ""month"": 11, ""search_volume"": 50}, {""year"": 2025, ""month"": 10, ""search_volume"": 70}, {""year"": 2025, ""month"": 9, ""search_volume"": 70}, {""year"": 2025, ""month"": 8, ""search_volume"": 90}]"
A5,ou acheter une liseuse,70,0.17,USD_DOCUMENTED,parent,False,,,,,"liseuse générale, mini-format non demandé",dataforseo_labs/google/keyword_suggestions/live,2026-09-03T11:47:40.664088+00:00,2026-09-03-test-decouverte-search-12/02-A5-discovery.json.gz,"[{""year"": 2026, ""month"": 7, ""search_volume"": 70}, {""year"": 2026, ""month"": 6, ""search_volume"": 50}, {""year"": 2026, ""month"": 5, ""search_volume"": 70}, {""year"": 2026, ""month"": 4, ""search_volume"": 50}, {""year"": 2026, ""month"": 3, ""search_volume"": 70}, {""year"": 2026, ""month"": 2, ""search_volume"": 50}, {""year"": 2026, ""month"": 1, ""search_volume"": 90}, {""year"": 2025, ""month"": 12, ""search_volume"": 140}, {""year"": 2025, ""month"": 11, ""search_volume"": 110}, {""year"": 2025, ""month"": 10, ""search_volume"": 70}, {""year"": 2025, ""month"": 9, ""search_volume"": 90}, {""year"": 2025, ""month"": 8, ""search_volume"": 110}]"
A5,liseuse temu,70,0.23,USD_DOCUMENTED,parent,True,,,,,"liseuse générale, mini-format non demandé",dataforseo_labs/google/keyword_suggestions/live,2026-09-03T11:47:40.664088+00:00,2026-09-03-test-decouverte-search-12/02-A5-discovery.json.gz,"[{""year"": 2026, ""month"": 7, ""search_volume"": 50}, {""year"": 2026, ""month"": 6, ""search_volume"": 70}, {""year"": 2026, ""month"": 5, ""search_volume"": 50}, {""year"": 2026, ""month"": 4, ""search_volume"": 50}, {""year"": 2026, ""month"": 3, ""search_volume"": 50}, {""year"": 2026, ""month"": 2, ""search_volume"": 50}, {""year"": 2026, ""month"": 1, ""search_volume"": 90}, {""year"": 2025, ""month"": 12, ""search_volume"": 90}, {""year"": 2025, ""month"": 11, ""search_volume"": 90}, {""year"": 2025, ""month"": 10, ""search_volume"": 90}, {""year"": 2025, ""month"": 9, ""search_volume"": 70}, {""year"": 2025, ""month"": 8, ""search_volume"": 70}]"
A5,liseuse usb-c,70,1.09,USD_DOCUMENTED,parent,False,,,,,"liseuse générale, mini-format non demandé",dataforseo_labs/google/keyword_suggestions/live,2026-09-03T11:47:40.664088+00:00,2026-09-03-test-decouverte-search-12/02-A5-discovery.json.gz,"[{""year"": 2026, ""month"": 7, ""search_volume"": 70}, {""year"": 2026, ""month"": 6, ""search_volume"": 70}, {""year"": 2026, ""month"": 5, ""search_volume"": 70}, {""year"": 2026, ""month"": 4, ""search_volume"": 50}, {""year"": 2026, ""month"": 3, ""search_volume"": 90}, {""year"": 2026, ""month"": 2, ""search_volume"": 70}, {""year"": 2026, ""month"": 1, ""search_volume"": 90}, {""year"": 2025, ""month"": 12, ""search_volume"": 90}, {""year"": 2025, ""month"": 11, ""search_volume"": 90}, {""year"": 2025, ""month"": 10, ""search_volume"": 90}, {""year"": 2025, ""month"": 9, ""search_volume"": 70}, {""year"": 2025, ""month"": 8, ""search_volume"": 70}]"
A5,lampe sur pied liseuse,70,0.43,USD_DOCUMENTED,incompatible,False,,,,,"lampe, logiciel, contenu ou sens non appareil",dataforseo_labs/google/keyword_suggestions/live,2026-09-03T11:47:40.664088+00:00,2026-09-03-test-decouverte-search-12/02-A5-discovery.json.gz,"[{""year"": 2026, ""month"": 7, ""search_volume"": 50}, {""year"": 2026, ""month"": 6, ""search_volume"": 40}, {""year"": 2026, ""month"": 5, ""search_volume"": 50}, {""year"": 2026, ""month"": 4, ""search_volume"": 40}, {""year"": 2026, ""month"": 3, ""search_volume"": 50}, {""year"": 2026, ""month"": 2, ""search_volume"": 90}, {""year"": 2026, ""month"": 1, ""search_volume"": 110}, {""year"": 2025, ""month"": 12, ""search_volume"": 110}, {""year"": 2025, ""month"": 11, ""search_volume"": 140}, {""year"": 2025, ""month"": 10, ""search_volume"": 90}, {""year"": 2025, ""month"": 9, ""search_volume"": 50}, {""year"": 2025, ""month"": 8, ""search_volume"": 70}]"
A5,liseuse béton,70,0.63,USD_DOCUMENTED,parent,False,,,,,"liseuse générale, mini-format non demandé",dataforseo_labs/google/keyword_suggestions/live,2026-09-03T11:47:40.664088+00:00,2026-09-03-test-decouverte-search-12/02-A5-discovery.json.gz,"[{""year"": 2026, ""month"": 7, ""search_volume"": 50}, {""year"": 2026, ""month"": 6, ""search_volume"": 50}, {""year"": 2026, ""month"": 5, ""search_volume"": 110}, {""year"": 2026, ""month"": 4, ""search_volume"": 110}, {""year"": 2026, ""month"": 3, ""search_volume"": 70}, {""year"": 2026, ""month"": 2, ""search_volume"": 50}, {""year"": 2026, ""month"": 1, ""search_volume"": 40}, {""year"": 2025, ""month"": 12, ""search_volume"": 40}, {""year"": 2025, ""month"": 11, ""search_volume"": 50}, {""year"": 2025, ""month"": 10, ""search_volume"": 70}, {""year"": 2025, ""month"": 9, ""search_volume"": 70}, {""year"": 2025, ""month"": 8, ""search_volume"": 70}]"
A5,fnac liseuse kobo clara,70,0.18,USD_DOCUMENTED,parent,True,,,,,"liseuse générale, mini-format non demandé",dataforseo_labs/google/keyword_suggestions/live,2026-09-03T11:47:40.664088+00:00,2026-09-03-test-decouverte-search-12/02-A5-discovery.json.gz,"[{""year"": 2026, ""month"": 7, ""search_volume"": 40}, {""year"": 2026, ""month"": 6, ""search_volume"": 40}, {""year"": 2026, ""month"": 5, ""search_volume"": 40}, {""year"": 2026, ""month"": 4, ""search_volume"": 30}, {""year"": 2026, ""month"": 3, ""search_volume"": 30}, {""year"": 2026, ""month"": 2, ""search_volume"": 20}, {""year"": 2026, ""month"": 1, ""search_volume"": 50}, {""year"": 2025, ""month"": 12, ""search_volume"": 140}, {""year"": 2025, ""month"": 11, ""search_volume"": 170}, {""year"": 2025, ""month"": 10, ""search_volume"": 70}, {""year"": 2025, ""month"": 9, ""search_volume"": 90}, {""year"": 2025, ""month"": 8, ""search_volume"": 110}]"
A5,tourne page liseuse kobo,70,0.25,USD_DOCUMENTED,parent,True,,,,,"liseuse générale, mini-format non demandé",dataforseo_labs/google/keyword_suggestions/live,2026-09-03T11:47:40.664088+00:00,2026-09-03-test-decouverte-search-12/02-A5-discovery.json.gz,"[{""year"": 2026, ""month"": 7, ""search_volume"": 20}, {""year"": 2026, ""month"": 6, ""search_volume"": 20}, {""year"": 2026, ""month"": 5, ""search_volume"": 20}, {""year"": 2026, ""month"": 4, ""search_volume"": 30}, {""year"": 2026, ""month"": 3, ""search_volume"": 30}, {""year"": 2026, ""month"": 2, ""search_volume"": 30}, {""year"": 2026, ""month"": 1, ""search_volume"": 70}, {""year"": 2025, ""month"": 12, ""search_volume"": 170}, {""year"": 2025, ""month"": 11, ""search_volume"": 110}, {""year"": 2025, ""month"": 10, ""search_volume"": 50}, {""year"": 2025, ""month"": 9, ""search_volume"": 90}, {""year"": 2025, ""month"": 8, ""search_volume"": 70}]"
A5,lire sur liseuse ou tablette,70,0.18,USD_DOCUMENTED,parent,False,,,,,"liseuse générale, mini-format non demandé",dataforseo_labs/google/keyword_suggestions/live,2026-09-03T11:47:40.664088+00:00,2026-09-03-test-decouverte-search-12/02-A5-discovery.json.gz,"[{""year"": 2026, ""month"": 7, ""search_volume"": 90}, {""year"": 2026, ""month"": 6, ""search_volume"": 70}, {""year"": 2026, ""month"": 5, ""search_volume"": 70}, {""year"": 2026, ""month"": 4, ""search_volume"": 70}, {""year"": 2026, ""month"": 3, ""search_volume"": 50}, {""year"": 2026, ""month"": 2, ""search_volume"": 70}, {""year"": 2026, ""month"": 1, ""search_volume"": 90}, {""year"": 2025, ""month"": 12, ""search_volume"": 110}, {""year"": 2025, ""month"": 11, ""search_volume"": 70}, {""year"": 2025, ""month"": 10, ""search_volume"": 70}, {""year"": 2025, ""month"": 9, ""search_volume"": 40}, {""year"": 2025, ""month"": 8, ""search_volume"": 70}]"
A5,cape liseuse femme damart,70,0.16,USD_DOCUMENTED,parent,False,,,,,"liseuse générale, mini-format non demandé",dataforseo_labs/google/keyword_suggestions/live,2026-09-03T11:47:40.664088+00:00,2026-09-03-test-decouverte-search-12/02-A5-discovery.json.gz,"[{""year"": 2026, ""month"": 7, ""search_volume"": 10}, {""year"": 2026, ""month"": 6, ""search_volume"": 10}, {""year"": 2026, ""month"": 5, ""search_volume"": 10}, {""year"": 2026, ""month"": 4, ""search_volume"": 10}, {""year"": 2026, ""month"": 3, ""search_volume"": 20}, {""year"": 2026, ""month"": 2, ""search_volume"": 30}, {""year"": 2026, ""month"": 1, ""search_volume"": 50}, {""year"": 2025, ""month"": 12, ""search_volume"": 170}, {""year"": 2025, ""month"": 11, ""search_volume"": 210}, {""year"": 2025, ""month"": 10, ""search_volume"": 110}, {""year"": 2025, ""month"": 9, ""search_volume"": 110}, {""year"": 2025, ""month"": 8, ""search_volume"": 30}]"
A5,liseuse decitre,70,0.43,USD_DOCUMENTED,parent,False,,,,,"liseuse générale, mini-format non demandé",dataforseo_labs/google/keyword_suggestions/live,2026-09-03T11:47:40.664088+00:00,2026-09-03-test-decouverte-search-12/02-A5-discovery.json.gz,"[{""year"": 2026, ""month"": 7, ""search_volume"": 50}, {""year"": 2026, ""month"": 6, ""search_volume"": 40}, {""year"": 2026, ""month"": 5, ""search_volume"": 70}, {""year"": 2026, ""month"": 4, ""search_volume"": 40}, {""year"": 2026, ""month"": 3, ""search_volume"": 40}, {""year"": 2026, ""month"": 2, ""search_volume"": 50}, {""year"": 2026, ""month"": 1, ""search_volume"": 90}, {""year"": 2025, ""month"": 12, ""search_volume"": 90}, {""year"": 2025, ""month"": 11, ""search_volume"": 110}, {""year"": 2025, ""month"": 10, ""search_volume"": 50}, {""year"": 2025, ""month"": 9, ""search_volume"": 50}, {""year"": 2025, ""month"": 8, ""search_volume"": 90}]"
A5,lampe liseuse tête de lit,70,0.44,USD_DOCUMENTED,incompatible,False,,,,,"lampe, logiciel, contenu ou sens non appareil",dataforseo_labs/google/keyword_suggestions/live,2026-09-03T11:47:40.664088+00:00,2026-09-03-test-decouverte-search-12/02-A5-discovery.json.gz,"[{""year"": 2026, ""month"": 7, ""search_volume"": 30}, {""year"": 2026, ""month"": 6, ""search_volume"": 50}, {""year"": 2026, ""month"": 5, ""search_volume"": 40}, {""year"": 2026, ""month"": 4, ""search_volume"": 40}, {""year"": 2026, ""month"": 3, ""search_volume"": 50}, {""year"": 2026, ""month"": 2, ""search_volume"": 70}, {""year"": 2026, ""month"": 1, ""search_volume"": 40}, {""year"": 2025, ""month"": 12, ""search_volume"": 50}, {""year"": 2025, ""month"": 11, ""search_volume"": 70}, {""year"": 2025, ""month"": 10, ""search_volume"": 140}, {""year"": 2025, ""month"": 9, ""search_volume"": 90}, {""year"": 2025, ""month"": 8, ""search_volume"": 70}]"
A5,étui liseuse kobo libra color,70,0.54,USD_DOCUMENTED,incompatible,True,,,,,"lampe, logiciel, contenu ou sens non appareil",dataforseo_labs/google/keyword_suggestions/live,2026-09-03T11:47:40.664088+00:00,2026-09-03-test-decouverte-search-12/02-A5-discovery.json.gz,"[{""year"": 2026, ""month"": 7, ""search_volume"": 50}, {""year"": 2026, ""month"": 6, ""search_volume"": 30}, {""year"": 2026, ""month"": 5, ""search_volume"": 50}, {""year"": 2026, ""month"": 4, ""search_volume"": 20}, {""year"": 2026, ""month"": 3, ""search_volume"": 50}, {""year"": 2026, ""month"": 2, ""search_volume"": 40}, {""year"": 2026, ""month"": 1, ""search_volume"": 90}, {""year"": 2025, ""month"": 12, ""search_volume"": 170}, {""year"": 2025, ""month"": 11, ""search_volume"": 140}, {""year"": 2025, ""month"": 10, ""search_volume"": 40}, {""year"": 2025, ""month"": 9, ""search_volume"": 50}, {""year"": 2025, ""month"": 8, ""search_volume"": 40}]"
A5,tricot liseuse avec manches,70,0.28,USD_DOCUMENTED,parent,False,,,,,"liseuse générale, mini-format non demandé",dataforseo_labs/google/keyword_suggestions/live,2026-09-03T11:47:40.664088+00:00,2026-09-03-test-decouverte-search-12/02-A5-discovery.json.gz,"[{""year"": 2026, ""month"": 7, ""search_volume"": 30}, {""year"": 2026, ""month"": 6, ""search_volume"": 20}, {""year"": 2026, ""month"": 5, ""search_volume"": 50}, {""year"": 2026, ""month"": 4, ""search_volume"": 50}, {""year"": 2026, ""month"": 3, ""search_volume"": 70}, {""year"": 2026, ""month"": 2, ""search_volume"": 70}, {""year"": 2026, ""month"": 1, ""search_volume"": 140}, {""year"": 2025, ""month"": 12, ""search_volume"": 110}, {""year"": 2025, ""month"": 11, ""search_volume"": 140}, {""year"": 2025, ""month"": 10, ""search_volume"": 140}, {""year"": 2025, ""month"": 9, ""search_volume"": 90}, {""year"": 2025, ""month"": 8, ""search_volume"": 50}]"
A5,application liseuse android,70,0.57,USD_DOCUMENTED,incompatible,False,,,,,"lampe, logiciel, contenu ou sens non appareil",dataforseo_labs/google/keyword_suggestions/live,2026-09-03T11:47:40.664088+00:00,2026-09-03-test-decouverte-search-12/02-A5-discovery.json.gz,"[{""year"": 2026, ""month"": 7, ""search_volume"": 50}, {""year"": 2026, ""month"": 6, ""search_volume"": 30}, {""year"": 2026, ""month"": 5, ""search_volume"": 50}, {""year"": 2026, ""month"": 4, ""search_volume"": 50}, {""year"": 2026, ""month"": 3, ""search_volume"": 50}, {""year"": 2026, ""month"": 2, ""search_volume"": 70}, {""year"": 2026, ""month"": 1, ""search_volume"": 110}, {""year"": 2025, ""month"": 12, ""search_volume"": 170}, {""year"": 2025, ""month"": 11, ""search_volume"": 90}, {""year"": 2025, ""month"": 10, ""search_volume"": 90}, {""year"": 2025, ""month"": 9, ""search_volume"": 40}, {""year"": 2025, ""month"": 8, ""search_volume"": 70}]"
A5,protection liseuse kobo clara,70,0.35,USD_DOCUMENTED,parent,True,,,,,"liseuse générale, mini-format non demandé",dataforseo_labs/google/keyword_suggestions/live,2026-09-03T11:47:40.664088+00:00,2026-09-03-test-decouverte-search-12/02-A5-discovery.json.gz,"[{""year"": 2026, ""month"": 7, ""search_volume"": 40}, {""year"": 2026, ""month"": 6, ""search_volume"": 40}, {""year"": 2026, ""month"": 5, ""search_volume"": 70}, {""year"": 2026, ""month"": 4, ""search_volume"": 50}, {""year"": 2026, ""month"": 3, ""search_volume"": 40}, {""year"": 2026, ""month"": 2, ""search_volume"": 30}, {""year"": 2026, ""month"": 1, ""search_volume"": 110}, {""year"": 2025, ""month"": 12, ""search_volume"": 140}, {""year"": 2025, ""month"": 11, ""search_volume"": 90}, {""year"": 2025, ""month"": 10, ""search_volume"": 40}, {""year"": 2025, ""month"": 9, ""search_volume"": 50}, {""year"": 2025, ""month"": 8, ""search_volume"": 90}]"
A5,livre ou liseuse,70,0.19,USD_DOCUMENTED,parent,False,,,,,"liseuse générale, mini-format non demandé",dataforseo_labs/google/keyword_suggestions/live,2026-09-03T11:47:40.664088+00:00,2026-09-03-test-decouverte-search-12/02-A5-discovery.json.gz,"[{""year"": 2026, ""month"": 7, ""search_volume"": 50}, {""year"": 2026, ""month"": 6, ""search_volume"": 70}, {""year"": 2026, ""month"": 5, ""search_volume"": 50}, {""year"": 2026, ""month"": 4, ""search_volume"": 50}, {""year"": 2026, ""month"": 3, ""search_volume"": 50}, {""year"": 2026, ""month"": 2, ""search_volume"": 90}, {""year"": 2026, ""month"": 1, ""search_volume"": 110}, {""year"": 2025, ""month"": 12, ""search_volume"": 70}, {""year"": 2025, ""month"": 11, ""search_volume"": 90}, {""year"": 2025, ""month"": 10, ""search_volume"": 70}, {""year"": 2025, ""month"": 9, ""search_volume"": 90}, {""year"": 2025, ""month"": 8, ""search_volume"": 140}]"
A5,liseuse 12v camping car,70,0.16,USD_DOCUMENTED,parent,False,,,,,"liseuse générale, mini-format non demandé",dataforseo_labs/google/keyword_suggestions/live,2026-09-03T11:47:40.664088+00:00,2026-09-03-test-decouverte-search-12/02-A5-discovery.json.gz,"[{""year"": 2026, ""month"": 7, ""search_volume"": 50}, {""year"": 2026, ""month"": 6, ""search_volume"": 50}, {""year"": 2026, ""month"": 5, ""search_volume"": 70}, {""year"": 2026, ""month"": 4, ""search_volume"": 70}, {""year"": 2026, ""month"": 3, ""search_volume"": 70}, {""year"": 2026, ""month"": 2, ""search_volume"": 70}, {""year"": 2026, ""month"": 1, ""search_volume"": 70}, {""year"": 2025, ""month"": 12, ""search_volume"": 40}, {""year"": 2025, ""month"": 11, ""search_volume"": 50}, {""year"": 2025, ""month"": 10, ""search_volume"": 70}, {""year"": 2025, ""month"": 9, ""search_volume"": 70}, {""year"": 2025, ""month"": 8, ""search_volume"": 90}]"
A5,liseuse vivlio bloquée,70,,USD_DOCUMENTED,parent,True,,,,,"liseuse générale, mini-format non demandé",dataforseo_labs/google/keyword_suggestions/live,2026-09-03T11:47:40.664088+00:00,2026-09-03-test-decouverte-search-12/02-A5-discovery.json.gz,"[{""year"": 2026, ""month"": 7, ""search_volume"": 50}, {""year"": 2026, ""month"": 6, ""search_volume"": 50}, {""year"": 2026, ""month"": 5, ""search_volume"": 70}, {""year"": 2026, ""month"": 4, ""search_volume"": 70}, {""year"": 2026, ""month"": 3, ""search_volume"": 70}, {""year"": 2026, ""month"": 2, ""search_volume"": 50}, {""year"": 2026, ""month"": 1, ""search_volume"": 70}, {""year"": 2025, ""month"": 12, ""search_volume"": 70}, {""year"": 2025, ""month"": 11, ""search_volume"": 70}, {""year"": 2025, ""month"": 10, ""search_volume"": 40}, {""year"": 2025, ""month"": 9, ""search_volume"": 40}, {""year"": 2025, ""month"": 8, ""search_volume"": 70}]"
A5,liseuse kobo back market,70,0.73,USD_DOCUMENTED,parent,True,,,,,"liseuse générale, mini-format non demandé",dataforseo_labs/google/keyword_suggestions/live,2026-09-03T11:47:40.664088+00:00,2026-09-03-test-decouverte-search-12/02-A5-discovery.json.gz,"[{""year"": 2026, ""month"": 7, ""search_volume"": 170}, {""year"": 2026, ""month"": 6, ""search_volume"": 110}, {""year"": 2026, ""month"": 5, ""search_volume"": 90}, {""year"": 2026, ""month"": 4, ""search_volume"": 70}, {""year"": 2026, ""month"": 3, ""search_volume"": 50}, {""year"": 2026, ""month"": 2, ""search_volume"": 50}, {""year"": 2026, ""month"": 1, ""search_volume"": 90}, {""year"": 2025, ""month"": 12, ""search_volume"": 70}, {""year"": 2025, ""month"": 11, ""search_volume"": 90}, {""year"": 2025, ""month"": 10, ""search_volume"": 20}, {""year"": 2025, ""month"": 9, ""search_volume"": 30}, {""year"": 2025, ""month"": 8, ""search_volume"": 30}]"
A5,meilleur liseuse pour manga,70,0.22,USD_DOCUMENTED,parent,False,,,,,"liseuse générale, mini-format non demandé",dataforseo_labs/google/keyword_suggestions/live,2026-09-03T11:47:40.664088+00:00,2026-09-03-test-decouverte-search-12/02-A5-discovery.json.gz,"[{""year"": 2026, ""month"": 7, ""search_volume"": 50}, {""year"": 2026, ""month"": 6, ""search_volume"": 40}, {""year"": 2026, ""month"": 5, ""search_volume"": 50}, {""year"": 2026, ""month"": 4, ""search_volume"": 40}, {""year"": 2026, ""month"": 3, ""search_volume"": 70}, {""year"": 2026, ""month"": 2, ""search_volume"": 40}, {""year"": 2026, ""month"": 1, ""search_volume"": 70}, {""year"": 2025, ""month"": 12, ""search_volume"": 90}, {""year"": 2025, ""month"": 11, ""search_volume"": 90}, {""year"": 2025, ""month"": 10, ""search_volume"": 50}, {""year"": 2025, ""month"": 9, ""search_volume"": 70}, {""year"": 2025, ""month"": 8, ""search_volume"": 90}]"
A5,liseuse 13 pouces,70,0.42,USD_DOCUMENTED,parent,False,,,,,"liseuse générale, mini-format non demandé",dataforseo_labs/google/keyword_suggestions/live,2026-09-03T11:47:40.664088+00:00,2026-09-03-test-decouverte-search-12/02-A5-discovery.json.gz,"[{""year"": 2026, ""month"": 7, ""search_volume"": 40}, {""year"": 2026, ""month"": 6, ""search_volume"": 40}, {""year"": 2026, ""month"": 5, ""search_volume"": 50}, {""year"": 2026, ""month"": 4, ""search_volume"": 40}, {""year"": 2026, ""month"": 3, ""search_volume"": 90}, {""year"": 2026, ""month"": 2, ""search_volume"": 70}, {""year"": 2026, ""month"": 1, ""search_volume"": 70}, {""year"": 2025, ""month"": 12, ""search_volume"": 90}, {""year"": 2025, ""month"": 11, ""search_volume"": 110}, {""year"": 2025, ""month"": 10, ""search_volume"": 70}, {""year"": 2025, ""month"": 9, ""search_volume"": 50}, {""year"": 2025, ""month"": 8, ""search_volume"": 40}]"
A5,liseuse celiane,70,0.67,USD_DOCUMENTED,parent,False,,,,,"liseuse générale, mini-format non demandé",dataforseo_labs/google/keyword_suggestions/live,2026-09-03T11:47:40.664088+00:00,2026-09-03-test-decouverte-search-12/02-A5-discovery.json.gz,"[{""year"": 2026, ""month"": 7, ""search_volume"": 50}, {""year"": 2026, ""month"": 6, ""search_volume"": 50}, {""year"": 2026, ""month"": 5, ""search_volume"": 70}, {""year"": 2026, ""month"": 4, ""search_volume"": 70}, {""year"": 2026, ""month"": 3, ""search_volume"": 110}, {""year"": 2026, ""month"": 2, ""search_volume"": 70}, {""year"": 2026, ""month"": 1, ""search_volume"": 90}, {""year"": 2025, ""month"": 12, ""search_volume"": 70}, {""year"": 2025, ""month"": 11, ""search_volume"": 110}, {""year"": 2025, ""month"": 10, ""search_volume"": 110}, {""year"": 2025, ""month"": 9, ""search_volume"": 90}, {""year"": 2025, ""month"": 8, ""search_volume"": 50}]"
A5,applique liseuse ikea,70,0.58,USD_DOCUMENTED,parent,True,,,,,"liseuse générale, mini-format non demandé",dataforseo_labs/google/keyword_suggestions/live,2026-09-03T11:47:40.664088+00:00,2026-09-03-test-decouverte-search-12/02-A5-discovery.json.gz,"[{""year"": 2026, ""month"": 7, ""search_volume"": 70}, {""year"": 2026, ""month"": 6, ""search_volume"": 50}, {""year"": 2026, ""month"": 5, ""search_volume"": 90}, {""year"": 2026, ""month"": 4, ""search_volume"": 70}, {""year"": 2026, ""month"": 3, ""search_volume"": 70}, {""year"": 2026, ""month"": 2, ""search_volume"": 110}, {""year"": 2026, ""month"": 1, ""search_volume"": 90}, {""year"": 2025, ""month"": 12, ""search_volume"": 50}, {""year"": 2025, ""month"": 11, ""search_volume"": 90}, {""year"": 2025, ""month"": 10, ""search_volume"": 70}, {""year"": 2025, ""month"": 9, ""search_volume"": 90}, {""year"": 2025, ""month"": 8, ""search_volume"": 70}]"
A5,lire sur tablette ou liseuse,70,0.18,USD_DOCUMENTED,parent,False,,,,,"liseuse générale, mini-format non demandé",dataforseo_labs/google/keyword_suggestions/live,2026-09-03T11:47:40.664088+00:00,2026-09-03-test-decouverte-search-12/02-A5-discovery.json.gz,"[{""year"": 2026, ""month"": 7, ""search_volume"": 90}, {""year"": 2026, ""month"": 6, ""search_volume"": 70}, {""year"": 2026, ""month"": 5, ""search_volume"": 70}, {""year"": 2026, ""month"": 4, ""search_volume"": 70}, {""year"": 2026, ""month"": 3, ""search_volume"": 50}, {""year"": 2026, ""month"": 2, ""search_volume"": 70}, {""year"": 2026, ""month"": 1, ""search_volume"": 90}, {""year"": 2025, ""month"": 12, ""search_volume"": 110}, {""year"": 2025, ""month"": 11, ""search_volume"": 70}, {""year"": 2025, ""month"": 10, ""search_volume"": 70}, {""year"": 2025, ""month"": 9, ""search_volume"": 40}, {""year"": 2025, ""month"": 8, ""search_volume"": 70}]"
A5,ou acheter liseuse,70,0.17,USD_DOCUMENTED,parent,False,,,,,"liseuse générale, mini-format non demandé",dataforseo_labs/google/keyword_suggestions/live,2026-09-03T11:47:40.664088+00:00,2026-09-03-test-decouverte-search-12/02-A5-discovery.json.gz,"[{""year"": 2026, ""month"": 7, ""search_volume"": 70}, {""year"": 2026, ""month"": 6, ""search_volume"": 50}, {""year"": 2026, ""month"": 5, ""search_volume"": 70}, {""year"": 2026, ""month"": 4, ""search_volume"": 50}, {""year"": 2026, ""month"": 3, ""search_volume"": 70}, {""year"": 2026, ""month"": 2, ""search_volume"": 50}, {""year"": 2026, ""month"": 1, ""search_volume"": 90}, {""year"": 2025, ""month"": 12, ""search_volume"": 140}, {""year"": 2025, ""month"": 11, ""search_volume"": 110}, {""year"": 2025, ""month"": 10, ""search_volume"": 70}, {""year"": 2025, ""month"": 9, ""search_volume"": 90}, {""year"": 2025, ""month"": 8, ""search_volume"": 110}]"
A5,ebook gratuit pour liseuse,70,0.24,USD_DOCUMENTED,incompatible,False,,,,,"lampe, logiciel, contenu ou sens non appareil",dataforseo_labs/google/keyword_suggestions/live,2026-09-03T11:47:40.664088+00:00,2026-09-03-test-decouverte-search-12/02-A5-discovery.json.gz,"[{""year"": 2026, ""month"": 7, ""search_volume"": 10}, {""year"": 2026, ""month"": 6, ""search_volume"": 10}, {""year"": 2026, ""month"": 5, ""search_volume"": 90}, {""year"": 2026, ""month"": 4, ""search_volume"": 70}, {""year"": 2026, ""month"": 3, ""search_volume"": 50}, {""year"": 2026, ""month"": 2, ""search_volume"": 140}, {""year"": 2026, ""month"": 1, ""search_volume"": 110}, {""year"": 2025, ""month"": 12, ""search_volume"": 140}, {""year"": 2025, ""month"": 11, ""search_volume"": 110}, {""year"": 2025, ""month"": 10, ""search_volume"": 70}, {""year"": 2025, ""month"": 9, ""search_volume"": 40}, {""year"": 2025, ""month"": 8, ""search_volume"": 30}]"
A5,liseuse ebook gratuit,70,0.24,USD_DOCUMENTED,incompatible,False,,,,,"lampe, logiciel, contenu ou sens non appareil",dataforseo_labs/google/keyword_suggestions/live,2026-09-03T11:47:40.664088+00:00,2026-09-03-test-decouverte-search-12/02-A5-discovery.json.gz,"[{""year"": 2026, ""month"": 7, ""search_volume"": 10}, {""year"": 2026, ""month"": 6, ""search_volume"": 10}, {""year"": 2026, ""month"": 5, ""search_volume"": 90}, {""year"": 2026, ""month"": 4, ""search_volume"": 70}, {""year"": 2026, ""month"": 3, ""search_volume"": 50}, {""year"": 2026, ""month"": 2, ""search_volume"": 140}, {""year"": 2026, ""month"": 1, ""search_volume"": 110}, {""year"": 2025, ""month"": 12, ""search_volume"": 140}, {""year"": 2025, ""month"": 11, ""search_volume"": 110}, {""year"": 2025, ""month"": 10, ""search_volume"": 70}, {""year"": 2025, ""month"": 9, ""search_volume"": 40}, {""year"": 2025, ""month"": 8, ""search_volume"": 30}]"
A5,lampe liseuse pour tête de lit,70,0.44,USD_DOCUMENTED,incompatible,False,,,,,"lampe, logiciel, contenu ou sens non appareil",dataforseo_labs/google/keyword_suggestions/live,2026-09-03T11:47:40.664088+00:00,2026-09-03-test-decouverte-search-12/02-A5-discovery.json.gz,"[{""year"": 2026, ""month"": 7, ""search_volume"": 30}, {""year"": 2026, ""month"": 6, ""search_volume"": 50}, {""year"": 2026, ""month"": 5, ""search_volume"": 40}, {""year"": 2026, ""month"": 4, ""search_volume"": 40}, {""year"": 2026, ""month"": 3, ""search_volume"": 50}, {""year"": 2026, ""month"": 2, ""search_volume"": 70}, {""year"": 2026, ""month"": 1, ""search_volume"": 40}, {""year"": 2025, ""month"": 12, ""search_volume"": 50}, {""year"": 2025, ""month"": 11, ""search_volume"": 70}, {""year"": 2025, ""month"": 10, ""search_volume"": 140}, {""year"": 2025, ""month"": 9, ""search_volume"": 90}, {""year"": 2025, ""month"": 8, ""search_volume"": 70}]"
A5,liseuse flexible tête de lit,70,0.61,USD_DOCUMENTED,parent,False,,,,,"liseuse générale, mini-format non demandé",dataforseo_labs/google/keyword_suggestions/live,2026-09-03T11:47:40.664088+00:00,2026-09-03-test-decouverte-search-12/02-A5-discovery.json.gz,"[{""year"": 2026, ""month"": 7, ""search_volume"": 50}, {""year"": 2026, ""month"": 6, ""search_volume"": 50}, {""year"": 2026, ""month"": 5, ""search_volume"": 70}, {""year"": 2026, ""month"": 4, ""search_volume"": 70}, {""year"": 2026, ""month"": 3, ""search_volume"": 70}, {""year"": 2026, ""month"": 2, ""search_volume"": 90}, {""year"": 2026, ""month"": 1, ""search_volume"": 90}, {""year"": 2025, ""month"": 12, ""search_volume"": 70}, {""year"": 2025, ""month"": 11, ""search_volume"": 90}, {""year"": 2025, ""month"": 10, ""search_volume"": 110}, {""year"": 2025, ""month"": 9, ""search_volume"": 90}, {""year"": 2025, ""month"": 8, ""search_volume"": 90}]"
A5,ikea lampadaire liseuse,70,0.02,USD_DOCUMENTED,incompatible,True,,,,,"lampe, logiciel, contenu ou sens non appareil",dataforseo_labs/google/keyword_suggestions/live,2026-09-03T11:47:40.664088+00:00,2026-09-03-test-decouverte-search-12/02-A5-discovery.json.gz,"[{""year"": 2026, ""month"": 7, ""search_volume"": 30}, {""year"": 2026, ""month"": 6, ""search_volume"": 30}, {""year"": 2026, ""month"": 5, ""search_volume"": 50}, {""year"": 2026, ""month"": 4, ""search_volume"": 30}, {""year"": 2026, ""month"": 3, ""search_volume"": 70}, {""year"": 2026, ""month"": 2, ""search_volume"": 70}, {""year"": 2026, ""month"": 1, ""search_volume"": 90}, {""year"": 2025, ""month"": 12, ""search_volume"": 90}, {""year"": 2025, ""month"": 11, ""search_volume"": 110}, {""year"": 2025, ""month"": 10, ""search_volume"": 70}, {""year"": 2025, ""month"": 9, ""search_volume"": 50}, {""year"": 2025, ""month"": 8, ""search_volume"": 50}]"
A5,housse liseuse kobo clara,70,0.39,USD_DOCUMENTED,incompatible,True,,,,,"lampe, logiciel, contenu ou sens non appareil",dataforseo_labs/google/keyword_suggestions/live,2026-09-03T11:47:40.664088+00:00,2026-09-03-test-decouverte-search-12/02-A5-discovery.json.gz,"[{""year"": 2026, ""month"": 7, ""search_volume"": 70}, {""year"": 2026, ""month"": 6, ""search_volume"": 70}, {""year"": 2026, ""month"": 5, ""search_volume"": 40}, {""year"": 2026, ""month"": 4, ""search_volume"": 40}, {""year"": 2026, ""month"": 3, ""search_volume"": 40}, {""year"": 2026, ""month"": 2, ""search_volume"": 50}, {""year"": 2026, ""month"": 1, ""search_volume"": 90}, {""year"": 2025, ""month"": 12, ""search_volume"": 210}, {""year"": 2025, ""month"": 11, ""search_volume"": 110}, {""year"": 2025, ""month"": 10, ""search_volume"": 50}, {""year"": 2025, ""month"": 9, ""search_volume"": 50}, {""year"": 2025, ""month"": 8, ""search_volume"": 70}]"
A5,livre gratuit pour liseuse kindle,70,0.65,USD_DOCUMENTED,incompatible,True,,,,,"lampe, logiciel, contenu ou sens non appareil",dataforseo_labs/google/keyword_suggestions/live,2026-09-03T11:47:40.664088+00:00,2026-09-03-test-decouverte-search-12/02-A5-discovery.json.gz,"[{""year"": 2026, ""month"": 7, ""search_volume"": 70}, {""year"": 2026, ""month"": 6, ""search_volume"": 50}, {""year"": 2026, ""month"": 5, ""search_volume"": 30}, {""year"": 2026, ""month"": 4, ""search_volume"": 90}, {""year"": 2026, ""month"": 3, ""search_volume"": 90}, {""year"": 2026, ""month"": 2, ""search_volume"": 90}, {""year"": 2026, ""month"": 1, ""search_volume"": 90}, {""year"": 2025, ""month"": 12, ""search_volume"": 90}, {""year"": 2025, ""month"": 11, ""search_volume"": 40}, {""year"": 2025, ""month"": 10, ""search_volume"": 20}, {""year"": 2025, ""month"": 9, ""search_volume"": 40}, {""year"": 2025, ""month"": 8, ""search_volume"": 50}]"
A5,batterie liseuse kobo,70,0.18,USD_DOCUMENTED,parent,True,,,,,"liseuse générale, mini-format non demandé",dataforseo_labs/google/keyword_suggestions/live,2026-09-03T11:47:40.664088+00:00,2026-09-03-test-decouverte-search-12/02-A5-discovery.json.gz,"[{""year"": 2026, ""month"": 7, ""search_volume"": 70}, {""year"": 2026, ""month"": 6, ""search_volume"": 50}, {""year"": 2026, ""month"": 5, ""search_volume"": 50}, {""year"": 2026, ""month"": 4, ""search_volume"": 50}, {""year"": 2026, ""month"": 3, ""search_volume"": 70}, {""year"": 2026, ""month"": 2, ""search_volume"": 50}, {""year"": 2026, ""month"": 1, ""search_volume"": 90}, {""year"": 2025, ""month"": 12, ""search_volume"": 110}, {""year"": 2025, ""month"": 11, ""search_volume"": 90}, {""year"": 2025, ""month"": 10, ""search_volume"": 70}, {""year"": 2025, ""month"": 9, ""search_volume"": 70}, {""year"": 2025, ""month"": 8, ""search_volume"": 110}]"
A5,lampe liseuse vintage,70,0.78,USD_DOCUMENTED,incompatible,False,,,,,"lampe, logiciel, contenu ou sens non appareil",dataforseo_labs/google/keyword_suggestions/live,2026-09-03T11:47:40.664088+00:00,2026-09-03-test-decouverte-search-12/02-A5-discovery.json.gz,"[{""year"": 2026, ""month"": 7, ""search_volume"": 50}, {""year"": 2026, ""month"": 6, ""search_volume"": 20}, {""year"": 2026, ""month"": 5, ""search_volume"": 50}, {""year"": 2026, ""month"": 4, ""search_volume"": 50}, {""year"": 2026, ""month"": 3, ""search_volume"": 70}, {""year"": 2026, ""month"": 2, ""search_volume"": 90}, {""year"": 2026, ""month"": 1, ""search_volume"": 110}, {""year"": 2025, ""month"": 12, ""search_volume"": 70}, {""year"": 2025, ""month"": 11, ""search_volume"": 70}, {""year"": 2025, ""month"": 10, ""search_volume"": 50}, {""year"": 2025, ""month"": 9, ""search_volume"": 70}, {""year"": 2025, ""month"": 8, ""search_volume"": 90}]"
A5,coque de liseuse,70,0.28,USD_DOCUMENTED,parent,False,,,,,"liseuse générale, mini-format non demandé",dataforseo_labs/google/keyword_suggestions/live,2026-09-03T11:47:40.664088+00:00,2026-09-03-test-decouverte-search-12/02-A5-discovery.json.gz,"[{""year"": 2026, ""month"": 7, ""search_volume"": 40}, {""year"": 2026, ""month"": 6, ""search_volume"": 30}, {""year"": 2026, ""month"": 5, ""search_volume"": 70}, {""year"": 2026, ""month"": 4, ""search_volume"": 70}, {""year"": 2026, ""month"": 3, ""search_volume"": 50}, {""year"": 2026, ""month"": 2, ""search_volume"": 50}, {""year"": 2026, ""month"": 1, ""search_volume"": 50}, {""year"": 2025, ""month"": 12, ""search_volume"": 110}, {""year"": 2025, ""month"": 11, ""search_volume"": 90}, {""year"": 2025, ""month"": 10, ""search_volume"": 50}, {""year"": 2025, ""month"": 9, ""search_volume"": 30}, {""year"": 2025, ""month"": 8, ""search_volume"": 70}]"
A5,réparation liseuse kobo,70,0.13,USD_DOCUMENTED,information,True,,,,,"usage/SAV/risque, hors demande achat directe",dataforseo_labs/google/keyword_suggestions/live,2026-09-03T11:47:40.664088+00:00,2026-09-03-test-decouverte-search-12/02-A5-discovery.json.gz,"[{""year"": 2026, ""month"": 7, ""search_volume"": 70}, {""year"": 2026, ""month"": 6, ""search_volume"": 90}, {""year"": 2026, ""month"": 5, ""search_volume"": 50}, {""year"": 2026, ""month"": 4, ""search_volume"": 40}, {""year"": 2026, ""month"": 3, ""search_volume"": 50}, {""year"": 2026, ""month"": 2, ""search_volume"": 70}, {""year"": 2026, ""month"": 1, ""search_volume"": 40}, {""year"": 2025, ""month"": 12, ""search_volume"": 50}, {""year"": 2025, ""month"": 11, ""search_volume"": 70}, {""year"": 2025, ""month"": 10, ""search_volume"": 50}, {""year"": 2025, ""month"": 9, ""search_volume"": 110}, {""year"": 2025, ""month"": 8, ""search_volume"": 110}]"
A5,liseuse verte,70,0.2,USD_DOCUMENTED,parent,False,,,,,"liseuse générale, mini-format non demandé",dataforseo_labs/google/keyword_suggestions/live,2026-09-03T11:47:40.664088+00:00,2026-09-03-test-decouverte-search-12/02-A5-discovery.json.gz,"[{""year"": 2026, ""month"": 7, ""search_volume"": 70}, {""year"": 2026, ""month"": 6, ""search_volume"": 50}, {""year"": 2026, ""month"": 5, ""search_volume"": 50}, {""year"": 2026, ""month"": 4, ""search_volume"": 40}, {""year"": 2026, ""month"": 3, ""search_volume"": 50}, {""year"": 2026, ""month"": 2, ""search_volume"": 70}, {""year"": 2026, ""month"": 1, ""search_volume"": 50}, {""year"": 2025, ""month"": 12, ""search_volume"": 90}, {""year"": 2025, ""month"": 11, ""search_volume"": 110}, {""year"": 2025, ""month"": 10, ""search_volume"": 90}, {""year"": 2025, ""month"": 9, ""search_volume"": 90}, {""year"": 2025, ""month"": 8, ""search_volume"": 110}]"
A5,lampadaire liseuse led,70,0.31,USD_DOCUMENTED,incompatible,False,,,,,"lampe, logiciel, contenu ou sens non appareil",dataforseo_labs/google/keyword_suggestions/live,2026-09-03T11:47:40.664088+00:00,2026-09-03-test-decouverte-search-12/02-A5-discovery.json.gz,"[{""year"": 2026, ""month"": 7, ""search_volume"": 40}, {""year"": 2026, ""month"": 6, ""search_volume"": 10}, {""year"": 2026, ""month"": 5, ""search_volume"": 50}, {""year"": 2026, ""month"": 4, ""search_volume"": 50}, {""year"": 2026, ""month"": 3, ""search_volume"": 110}, {""year"": 2026, ""month"": 2, ""search_volume"": 140}, {""year"": 2026, ""month"": 1, ""search_volume"": 90}, {""year"": 2025, ""month"": 12, ""search_volume"": 90}, {""year"": 2025, ""month"": 11, ""search_volume"": 110}, {""year"": 2025, ""month"": 10, ""search_volume"": 90}, {""year"": 2025, ""month"": 9, ""search_volume"": 70}, {""year"": 2025, ""month"": 8, ""search_volume"": 90}]"
A5,meilleure liseuse rapport qualité prix,70,0.28,USD_DOCUMENTED,parent,False,,,,,"liseuse générale, mini-format non demandé",dataforseo_labs/google/keyword_suggestions/live,2026-09-03T11:47:40.664088+00:00,2026-09-03-test-decouverte-search-12/02-A5-discovery.json.gz,"[{""year"": 2026, ""month"": 7, ""search_volume"": 50}, {""year"": 2026, ""month"": 6, ""search_volume"": 50}, {""year"": 2026, ""month"": 5, ""search_volume"": 50}, {""year"": 2026, ""month"": 4, ""search_volume"": 70}, {""year"": 2026, ""month"": 3, ""search_volume"": 70}, {""year"": 2026, ""month"": 2, ""search_volume"": 70}, {""year"": 2026, ""month"": 1, ""search_volume"": 70}, {""year"": 2025, ""month"": 12, ""search_volume"": 110}, {""year"": 2025, ""month"": 11, ""search_volume"": 110}, {""year"": 2025, ""month"": 10, ""search_volume"": 70}, {""year"": 2025, ""month"": 9, ""search_volume"": 40}, {""year"": 2025, ""month"": 8, ""search_volume"": 40}]"
A5,liseuses numériques liseuse,70,0.26,USD_DOCUMENTED,parent,False,,,,,"liseuse générale, mini-format non demandé",dataforseo_labs/google/keyword_suggestions/live,2026-09-03T11:47:40.664088+00:00,2026-09-03-test-decouverte-search-12/02-A5-discovery.json.gz,"[{""year"": 2026, ""month"": 7, ""search_volume"": 50}, {""year"": 2026, ""month"": 6, ""search_volume"": 30}, {""year"": 2026, ""month"": 5, ""search_volume"": 50}, {""year"": 2026, ""month"": 4, ""search_volume"": 40}, {""year"": 2026, ""month"": 3, ""search_volume"": 40}, {""year"": 2026, ""month"": 2, ""search_volume"": 40}, {""year"": 2026, ""month"": 1, ""search_volume"": 70}, {""year"": 2025, ""month"": 12, ""search_volume"": 110}, {""year"": 2025, ""month"": 11, ""search_volume"": 110}, {""year"": 2025, ""month"": 10, ""search_volume"": 70}, {""year"": 2025, ""month"": 9, ""search_volume"": 50}, {""year"": 2025, ""month"": 8, ""search_volume"": 90}]"
A5,liseuse chambre à coucher,70,1.14,USD_DOCUMENTED,parent,False,,,,,"liseuse générale, mini-format non demandé",dataforseo_labs/google/keyword_suggestions/live,2026-09-03T11:47:40.664088+00:00,2026-09-03-test-decouverte-search-12/02-A5-discovery.json.gz,"[{""year"": 2026, ""month"": 7, ""search_volume"": 70}, {""year"": 2026, ""month"": 6, ""search_volume"": 40}, {""year"": 2026, ""month"": 5, ""search_volume"": 50}, {""year"": 2026, ""month"": 4, ""search_volume"": 50}, {""year"": 2026, ""month"": 3, ""search_volume"": 50}, {""year"": 2026, ""month"": 2, ""search_volume"": 90}, {""year"": 2026, ""month"": 1, ""search_volume"": 90}, {""year"": 2025, ""month"": 12, ""search_volume"": 70}, {""year"": 2025, ""month"": 11, ""search_volume"": 40}, {""year"": 2025, ""month"": 10, ""search_volume"": 70}, {""year"": 2025, ""month"": 9, ""search_volume"": 110}, {""year"": 2025, ""month"": 8, ""search_volume"": 50}]"
A5,modelec liseuse,70,1.38,USD_DOCUMENTED,parent,False,,,,,"liseuse générale, mini-format non demandé",dataforseo_labs/google/keyword_suggestions/live,2026-09-03T11:47:40.664088+00:00,2026-09-03-test-decouverte-search-12/02-A5-discovery.json.gz,"[{""year"": 2026, ""month"": 7, ""search_volume"": 70}, {""year"": 2026, ""month"": 6, ""search_volume"": 70}, {""year"": 2026, ""month"": 5, ""search_volume"": 70}, {""year"": 2026, ""month"": 4, ""search_volume"": 110}, {""year"": 2026, ""month"": 3, ""search_volume"": 70}, {""year"": 2026, ""month"": 2, ""search_volume"": 70}, {""year"": 2026, ""month"": 1, ""search_volume"": 70}, {""year"": 2025, ""month"": 12, ""search_volume"": 70}, {""year"": 2025, ""month"": 11, ""search_volume"": 110}, {""year"": 2025, ""month"": 10, ""search_volume"": 70}, {""year"": 2025, ""month"": 9, ""search_volume"": 90}, {""year"": 2025, ""month"": 8, ""search_volume"": 30}]"
A5,liseuse polaire femme,70,,USD_DOCUMENTED,parent,False,,,,,"liseuse générale, mini-format non demandé",dataforseo_labs/google/keyword_suggestions/live,2026-09-03T11:47:40.664088+00:00,2026-09-03-test-decouverte-search-12/02-A5-discovery.json.gz,"[{""year"": 2026, ""month"": 7, ""search_volume"": 10}, {""year"": 2026, ""month"": 6, ""search_volume"": 10}, {""year"": 2026, ""month"": 5, ""search_volume"": 20}, {""year"": 2026, ""month"": 4, ""search_volume"": 10}, {""year"": 2026, ""month"": 3, ""search_volume"": 20}, {""year"": 2026, ""month"": 2, ""search_volume"": 40}, {""year"": 2026, ""month"": 1, ""search_volume"": 70}, {""year"": 2025, ""month"": 12, ""search_volume"": 170}, {""year"": 2025, ""month"": 11, ""search_volume"": 260}, {""year"": 2025, ""month"": 10, ""search_volume"": 140}, {""year"": 2025, ""month"": 9, ""search_volume"": 110}, {""year"": 2025, ""month"": 8, ""search_volume"": 30}]"
A5,liseuse kobo leclerc,70,0.12,USD_DOCUMENTED,parent,True,,,,,"liseuse générale, mini-format non demandé",dataforseo_labs/google/keyword_suggestions/live,2026-09-03T11:47:40.664088+00:00,2026-09-03-test-decouverte-search-12/02-A5-discovery.json.gz,"[{""year"": 2026, ""month"": 7, ""search_volume"": 70}, {""year"": 2026, ""month"": 6, ""search_volume"": 50}, {""year"": 2026, ""month"": 5, ""search_volume"": 70}, {""year"": 2026, ""month"": 4, ""search_volume"": 40}, {""year"": 2026, ""month"": 3, ""search_volume"": 40}, {""year"": 2026, ""month"": 2, ""search_volume"": 40}, {""year"": 2026, ""month"": 1, ""search_volume"": 70}, {""year"": 2025, ""month"": 12, ""search_volume"": 140}, {""year"": 2025, ""month"": 11, ""search_volume"": 110}, {""year"": 2025, ""month"": 10, ""search_volume"": 40}, {""year"": 2025, ""month"": 9, ""search_volume"": 90}, {""year"": 2025, ""month"": 8, ""search_volume"": 110}]"
A5,liseuse crochet,70,,USD_DOCUMENTED,parent,False,,,,,"liseuse générale, mini-format non demandé",dataforseo_labs/google/keyword_suggestions/live,2026-09-03T11:47:40.664088+00:00,2026-09-03-test-decouverte-search-12/02-A5-discovery.json.gz,"[{""year"": 2026, ""month"": 7, ""search_volume"": 40}, {""year"": 2026, ""month"": 6, ""search_volume"": 40}, {""year"": 2026, ""month"": 5, ""search_volume"": 70}, {""year"": 2026, ""month"": 4, ""search_volume"": 40}, {""year"": 2026, ""month"": 3, ""search_volume"": 50}, {""year"": 2026, ""month"": 2, ""search_volume"": 40}, {""year"": 2026, ""month"": 1, ""search_volume"": 90}, {""year"": 2025, ""month"": 12, ""search_volume"": 110}, {""year"": 2025, ""month"": 11, ""search_volume"": 90}, {""year"": 2025, ""month"": 10, ""search_volume"": 110}, {""year"": 2025, ""month"": 9, ""search_volume"": 90}, {""year"": 2025, ""month"": 8, ""search_volume"": 70}]"
A5,liseuse vivlio boulanger,70,0.09,USD_DOCUMENTED,parent,True,,,,,"liseuse générale, mini-format non demandé",dataforseo_labs/google/keyword_suggestions/live,2026-09-03T11:47:40.664088+00:00,2026-09-03-test-decouverte-search-12/02-A5-discovery.json.gz,"[{""year"": 2026, ""month"": 7, ""search_volume"": 70}, {""year"": 2026, ""month"": 6, ""search_volume"": 50}, {""year"": 2026, ""month"": 5, ""search_volume"": 40}, {""year"": 2026, ""month"": 4, ""search_volume"": 40}, {""year"": 2026, ""month"": 3, ""search_volume"": 50}, {""year"": 2026, ""month"": 2, ""search_volume"": 40}, {""year"": 2026, ""month"": 1, ""search_volume"": 70}, {""year"": 2025, ""month"": 12, ""search_volume"": 140}, {""year"": 2025, ""month"": 11, ""search_volume"": 90}, {""year"": 2025, ""month"": 10, ""search_volume"": 70}, {""year"": 2025, ""month"": 9, ""search_volume"": 50}, {""year"": 2025, ""month"": 8, ""search_volume"": 90}]"
A5,lampe liseuse amazon,70,0.4,USD_DOCUMENTED,incompatible,True,,,,,"lampe, logiciel, contenu ou sens non appareil",dataforseo_labs/google/keyword_suggestions/live,2026-09-03T11:47:40.664088+00:00,2026-09-03-test-decouverte-search-12/02-A5-discovery.json.gz,"[{""year"": 2026, ""month"": 7, ""search_volume"": 40}, {""year"": 2026, ""month"": 6, ""search_volume"": 30}, {""year"": 2026, ""month"": 5, ""search_volume"": 40}, {""year"": 2026, ""month"": 4, ""search_volume"": 50}, {""year"": 2026, ""month"": 3, ""search_volume"": 50}, {""year"": 2026, ""month"": 2, ""search_volume"": 70}, {""year"": 2026, ""month"": 1, ""search_volume"": 90}, {""year"": 2025, ""month"": 12, ""search_volume"": 110}, {""year"": 2025, ""month"": 11, ""search_volume"": 110}, {""year"": 2025, ""month"": 10, ""search_volume"": 70}, {""year"": 2025, ""month"": 9, ""search_volume"": 70}, {""year"": 2025, ""month"": 8, ""search_volume"": 70}]"
A5,comment transférer un livre numérique sur une liseuse kobo,70,,USD_DOCUMENTED,information,True,,,,,"usage/SAV/risque, hors demande achat directe",dataforseo_labs/google/keyword_suggestions/live,2026-09-03T11:47:40.664088+00:00,2026-09-03-test-decouverte-search-12/02-A5-discovery.json.gz,"[{""year"": 2026, ""month"": 7, ""search_volume"": 30}, {""year"": 2026, ""month"": 6, ""search_volume"": 40}, {""year"": 2026, ""month"": 5, ""search_volume"": 50}, {""year"": 2026, ""month"": 4, ""search_volume"": 40}, {""year"": 2026, ""month"": 3, ""search_volume"": 70}, {""year"": 2026, ""month"": 2, ""search_volume"": 90}, {""year"": 2026, ""month"": 1, ""search_volume"": 110}, {""year"": 2025, ""month"": 12, ""search_volume"": 90}, {""year"": 2025, ""month"": 11, ""search_volume"": 90}, {""year"": 2025, ""month"": 10, ""search_volume"": 70}, {""year"": 2025, ""month"": 9, ""search_volume"": 70}, {""year"": 2025, ""month"": 8, ""search_volume"": 110}]"
A5,liseuse kindle livres gratuits,70,0.65,USD_DOCUMENTED,incompatible,True,,,,,"lampe, logiciel, contenu ou sens non appareil",dataforseo_labs/google/keyword_suggestions/live,2026-09-03T11:47:40.664088+00:00,2026-09-03-test-decouverte-search-12/02-A5-discovery.json.gz,"[{""year"": 2026, ""month"": 7, ""search_volume"": 70}, {""year"": 2026, ""month"": 6, ""search_volume"": 50}, {""year"": 2026, ""month"": 5, ""search_volume"": 30}, {""year"": 2026, ""month"": 4, ""search_volume"": 90}, {""year"": 2026, ""month"": 3, ""search_volume"": 90}, {""year"": 2026, ""month"": 2, ""search_volume"": 90}, {""year"": 2026, ""month"": 1, ""search_volume"": 90}, {""year"": 2025, ""month"": 12, ""search_volume"": 90}, {""year"": 2025, ""month"": 11, ""search_volume"": 40}, {""year"": 2025, ""month"": 10, ""search_volume"": 20}, {""year"": 2025, ""month"": 9, ""search_volume"": 40}, {""year"": 2025, ""month"": 8, ""search_volume"": 50}]"
A5,liseuse sans fil rechargeable,70,0.68,USD_DOCUMENTED,parent,False,,,,,"liseuse générale, mini-format non demandé",dataforseo_labs/google/keyword_suggestions/live,2026-09-03T11:47:40.664088+00:00,2026-09-03-test-decouverte-search-12/02-A5-discovery.json.gz,"[{""year"": 2026, ""month"": 7, ""search_volume"": 40}, {""year"": 2026, ""month"": 6, ""search_volume"": 20}, {""year"": 2026, ""month"": 5, ""search_volume"": 30}, {""year"": 2026, ""month"": 4, ""search_volume"": 40}, {""year"": 2026, ""month"": 3, ""search_volume"": 50}, {""year"": 2026, ""month"": 2, ""search_volume"": 50}, {""year"": 2026, ""month"": 1, ""search_volume"": 90}, {""year"": 2025, ""month"": 12, ""search_volume"": 90}, {""year"": 2025, ""month"": 11, ""search_volume"": 90}, {""year"": 2025, ""month"": 10, ""search_volume"": 70}, {""year"": 2025, ""month"": 9, ""search_volume"": 70}, {""year"": 2025, ""month"": 8, ""search_volume"": 70}]"
A5,meilleure liseuse pour personne âgée,70,0.33,USD_DOCUMENTED,parent,False,,,,,"liseuse générale, mini-format non demandé",dataforseo_labs/google/keyword_suggestions/live,2026-09-03T11:47:40.664088+00:00,2026-09-03-test-decouverte-search-12/02-A5-discovery.json.gz,"[{""year"": 2026, ""month"": 7, ""search_volume"": 70}, {""year"": 2026, ""month"": 6, ""search_volume"": 70}, {""year"": 2026, ""month"": 5, ""search_volume"": 70}, {""year"": 2026, ""month"": 4, ""search_volume"": 50}, {""year"": 2026, ""month"": 3, ""search_volume"": 50}, {""year"": 2026, ""month"": 2, ""search_volume"": 50}, {""year"": 2026, ""month"": 1, ""search_volume"": 50}, {""year"": 2025, ""month"": 12, ""search_volume"": 90}, {""year"": 2025, ""month"": 11, ""search_volume"": 90}, {""year"": 2025, ""month"": 10, ""search_volume"": 50}, {""year"": 2025, ""month"": 9, ""search_volume"": 50}, {""year"": 2025, ""month"": 8, ""search_volume"": 40}]"
A5,liseuse audio pour personnes âgées,70,0.26,USD_DOCUMENTED,parent,False,,,,,"liseuse générale, mini-format non demandé",dataforseo_labs/google/keyword_suggestions/live,2026-09-03T11:47:40.664088+00:00,2026-09-03-test-decouverte-search-12/02-A5-discovery.json.gz,"[{""year"": 2026, ""month"": 7, ""search_volume"": 30}, {""year"": 2026, ""month"": 6, ""search_volume"": 30}, {""year"": 2026, ""month"": 5, ""search_volume"": 90}, {""year"": 2026, ""month"": 4, ""search_volume"": 70}, {""year"": 2026, ""month"": 3, ""search_volume"": 70}, {""year"": 2026, ""month"": 2, ""search_volume"": 40}, {""year"": 2026, ""month"": 1, ""search_volume"": 50}, {""year"": 2025, ""month"": 12, ""search_volume"": 90}, {""year"": 2025, ""month"": 11, ""search_volume"": 140}, {""year"": 2025, ""month"": 10, ""search_volume"": 90}, {""year"": 2025, ""month"": 9, ""search_volume"": 70}, {""year"": 2025, ""month"": 8, ""search_volume"": 110}]"
A5,liseuse furet du nord,70,0.2,USD_DOCUMENTED,parent,False,,,,,"liseuse générale, mini-format non demandé",dataforseo_labs/google/keyword_suggestions/live,2026-09-03T11:47:40.664088+00:00,2026-09-03-test-decouverte-search-12/02-A5-discovery.json.gz,"[{""year"": 2026, ""month"": 7, ""search_volume"": 70}, {""year"": 2026, ""month"": 6, ""search_volume"": 40}, {""year"": 2026, ""month"": 5, ""search_volume"": 70}, {""year"": 2026, ""month"": 4, ""search_volume"": 50}, {""year"": 2026, ""month"": 3, ""search_volume"": 70}, {""year"": 2026, ""month"": 2, ""search_volume"": 70}, {""year"": 2026, ""month"": 1, ""search_volume"": 70}, {""year"": 2025, ""month"": 12, ""search_volume"": 110}, {""year"": 2025, ""month"": 11, ""search_volume"": 90}, {""year"": 2025, ""month"": 10, ""search_volume"": 50}, {""year"": 2025, ""month"": 9, ""search_volume"": 70}, {""year"": 2025, ""month"": 8, ""search_volume"": 70}]"
A5,problème synchronisation liseuse vivlio,70,,USD_DOCUMENTED,information,True,,,,,"usage/SAV/risque, hors demande achat directe",dataforseo_labs/google/keyword_suggestions/live,2026-09-03T11:47:40.664088+00:00,2026-09-03-test-decouverte-search-12/02-A5-discovery.json.gz,"[{""year"": 2026, ""month"": 7, ""search_volume"": 70}, {""year"": 2026, ""month"": 6, ""search_volume"": 50}, {""year"": 2026, ""month"": 5, ""search_volume"": 70}, {""year"": 2026, ""month"": 4, ""search_volume"": 70}, {""year"": 2026, ""month"": 3, ""search_volume"": 40}, {""year"": 2026, ""month"": 2, ""search_volume"": 50}, {""year"": 2026, ""month"": 1, ""search_volume"": 90}, {""year"": 2025, ""month"": 12, ""search_volume"": 70}, {""year"": 2025, ""month"": 11, ""search_volume"": 90}, {""year"": 2025, ""month"": 10, ""search_volume"": 90}, {""year"": 2025, ""month"": 9, ""search_volume"": 70}, {""year"": 2025, ""month"": 8, ""search_volume"": 110}]"
A5,liseuse portable,70,0.19,USD_DOCUMENTED,parent,False,,,,,"liseuse générale, mini-format non demandé",dataforseo_labs/google/keyword_suggestions/live,2026-09-03T11:47:40.664088+00:00,2026-09-03-test-decouverte-search-12/02-A5-discovery.json.gz,"[{""year"": 2026, ""month"": 7, ""search_volume"": 30}, {""year"": 2026, ""month"": 6, ""search_volume"": 40}, {""year"": 2026, ""month"": 5, ""search_volume"": 40}, {""year"": 2026, ""month"": 4, ""search_volume"": 30}, {""year"": 2026, ""month"": 3, ""search_volume"": 70}, {""year"": 2026, ""month"": 2, ""search_volume"": 40}, {""year"": 2026, ""month"": 1, ""search_volume"": 90}, {""year"": 2025, ""month"": 12, ""search_volume"": 140}, {""year"": 2025, ""month"": 11, ""search_volume"": 110}, {""year"": 2025, ""month"": 10, ""search_volume"": 70}, {""year"": 2025, ""month"": 9, ""search_volume"": 50}, {""year"": 2025, ""month"": 8, ""search_volume"": 70}]"
A5,liseuse grand format 10 pouces,70,0.32,USD_DOCUMENTED,parent,False,,,,,"liseuse générale, mini-format non demandé",dataforseo_labs/google/keyword_suggestions/live,2026-09-03T11:47:40.664088+00:00,2026-09-03-test-decouverte-search-12/02-A5-discovery.json.gz,"[{""year"": 2026, ""month"": 7, ""search_volume"": 90}, {""year"": 2026, ""month"": 6, ""search_volume"": 20}, {""year"": 2026, ""month"": 5, ""search_volume"": 40}, {""year"": 2026, ""month"": 4, ""search_volume"": 40}, {""year"": 2026, ""month"": 3, ""search_volume"": 40}, {""year"": 2026, ""month"": 2, ""search_volume"": 50}, {""year"": 2026, ""month"": 1, ""search_volume"": 50}, {""year"": 2025, ""month"": 12, ""search_volume"": 90}, {""year"": 2025, ""month"": 11, ""search_volume"": 140}, {""year"": 2025, ""month"": 10, ""search_volume"": 90}, {""year"": 2025, ""month"": 9, ""search_volume"": 90}, {""year"": 2025, ""month"": 8, ""search_volume"": 90}]"
A5,mode d'emploi liseuse kobo fnac,70,1.69,USD_DOCUMENTED,information,True,,,,,"usage/SAV/risque, hors demande achat directe",dataforseo_labs/google/keyword_suggestions/live,2026-09-03T11:47:40.664088+00:00,2026-09-03-test-decouverte-search-12/02-A5-discovery.json.gz,"[{""year"": 2026, ""month"": 7, ""search_volume"": 50}, {""year"": 2026, ""month"": 6, ""search_volume"": 30}, {""year"": 2026, ""month"": 5, ""search_volume"": 50}, {""year"": 2026, ""month"": 4, ""search_volume"": 40}, {""year"": 2026, ""month"": 3, ""search_volume"": 70}, {""year"": 2026, ""month"": 2, ""search_volume"": 70}, {""year"": 2026, ""month"": 1, ""search_volume"": 90}, {""year"": 2025, ""month"": 12, ""search_volume"": 90}, {""year"": 2025, ""month"": 11, ""search_volume"": 50}, {""year"": 2025, ""month"": 10, ""search_volume"": 70}, {""year"": 2025, ""month"": 9, ""search_volume"": 50}, {""year"": 2025, ""month"": 8, ""search_volume"": 90}]"
A5,liseuse kindle scribe,70,0.36,USD_DOCUMENTED,parent,True,,,,,"liseuse générale, mini-format non demandé",dataforseo_labs/google/keyword_suggestions/live,2026-09-03T11:47:40.664088+00:00,2026-09-03-test-decouverte-search-12/02-A5-discovery.json.gz,"[{""year"": 2026, ""month"": 7, ""search_volume"": 70}, {""year"": 2026, ""month"": 6, ""search_volume"": 70}, {""year"": 2026, ""month"": 5, ""search_volume"": 50}, {""year"": 2026, ""month"": 4, ""search_volume"": 50}, {""year"": 2026, ""month"": 3, ""search_volume"": 40}, {""year"": 2026, ""month"": 2, ""search_volume"": 50}, {""year"": 2026, ""month"": 1, ""search_volume"": 50}, {""year"": 2025, ""month"": 12, ""search_volume"": 70}, {""year"": 2025, ""month"": 11, ""search_volume"": 110}, {""year"": 2025, ""month"": 10, ""search_volume"": 50}, {""year"": 2025, ""month"": 9, ""search_volume"": 50}, {""year"": 2025, ""month"": 8, ""search_volume"": 50}]"
A5,lampadaire liseuse amazon,70,0.4,USD_DOCUMENTED,incompatible,True,,,,,"lampe, logiciel, contenu ou sens non appareil",dataforseo_labs/google/keyword_suggestions/live,2026-09-03T11:47:40.664088+00:00,2026-09-03-test-decouverte-search-12/02-A5-discovery.json.gz,"[{""year"": 2026, ""month"": 7, ""search_volume"": 40}, {""year"": 2026, ""month"": 6, ""search_volume"": 30}, {""year"": 2026, ""month"": 5, ""search_volume"": 40}, {""year"": 2026, ""month"": 4, ""search_volume"": 50}, {""year"": 2026, ""month"": 3, ""search_volume"": 50}, {""year"": 2026, ""month"": 2, ""search_volume"": 70}, {""year"": 2026, ""month"": 1, ""search_volume"": 90}, {""year"": 2025, ""month"": 12, ""search_volume"": 110}, {""year"": 2025, ""month"": 11, ""search_volume"": 110}, {""year"": 2025, ""month"": 10, ""search_volume"": 70}, {""year"": 2025, ""month"": 9, ""search_volume"": 70}, {""year"": 2025, ""month"": 8, ""search_volume"": 70}]"
A5,liseuse kindle 7 pouces,70,0.55,USD_DOCUMENTED,parent,True,,,,,"liseuse générale, mini-format non demandé",dataforseo_labs/google/keyword_suggestions/live,2026-09-03T11:47:40.664088+00:00,2026-09-03-test-decouverte-search-12/02-A5-discovery.json.gz,"[{""year"": 2026, ""month"": 7, ""search_volume"": 50}, {""year"": 2026, ""month"": 6, ""search_volume"": 50}, {""year"": 2026, ""month"": 5, ""search_volume"": 50}, {""year"": 2026, ""month"": 4, ""search_volume"": 50}, {""year"": 2026, ""month"": 3, ""search_volume"": 40}, {""year"": 2026, ""month"": 2, ""search_volume"": 30}, {""year"": 2026, ""month"": 1, ""search_volume"": 90}, {""year"": 2025, ""month"": 12, ""search_volume"": 110}, {""year"": 2025, ""month"": 11, ""search_volume"": 170}, {""year"": 2025, ""month"": 10, ""search_volume"": 50}, {""year"": 2025, ""month"": 9, ""search_volume"": 50}, {""year"": 2025, ""month"": 8, ""search_volume"": 70}]"
A5,ikea lampadaire/liseuse,70,0.02,USD_DOCUMENTED,incompatible,True,,,,,"lampe, logiciel, contenu ou sens non appareil",dataforseo_labs/google/keyword_suggestions/live,2026-09-03T11:47:40.664088+00:00,2026-09-03-test-decouverte-search-12/02-A5-discovery.json.gz,"[{""year"": 2026, ""month"": 7, ""search_volume"": 30}, {""year"": 2026, ""month"": 6, ""search_volume"": 30}, {""year"": 2026, ""month"": 5, ""search_volume"": 50}, {""year"": 2026, ""month"": 4, ""search_volume"": 30}, {""year"": 2026, ""month"": 3, ""search_volume"": 70}, {""year"": 2026, ""month"": 2, ""search_volume"": 70}, {""year"": 2026, ""month"": 1, ""search_volume"": 90}, {""year"": 2025, ""month"": 12, ""search_volume"": 90}, {""year"": 2025, ""month"": 11, ""search_volume"": 110}, {""year"": 2025, ""month"": 10, ""search_volume"": 70}, {""year"": 2025, ""month"": 9, ""search_volume"": 50}, {""year"": 2025, ""month"": 8, ""search_volume"": 50}]"
A5,liseuse ikea sur pied,70,0.2,USD_DOCUMENTED,parent,True,,,,,"liseuse générale, mini-format non demandé",dataforseo_labs/google/keyword_suggestions/live,2026-09-03T11:47:40.664088+00:00,2026-09-03-test-decouverte-search-12/02-A5-discovery.json.gz,"[{""year"": 2026, ""month"": 7, ""search_volume"": 40}, {""year"": 2026, ""month"": 6, ""search_volume"": 30}, {""year"": 2026, ""month"": 5, ""search_volume"": 40}, {""year"": 2026, ""month"": 4, ""search_volume"": 20}, {""year"": 2026, ""month"": 3, ""search_volume"": 50}, {""year"": 2026, ""month"": 2, ""search_volume"": 110}, {""year"": 2026, ""month"": 1, ""search_volume"": 110}, {""year"": 2025, ""month"": 12, ""search_volume"": 90}, {""year"": 2025, ""month"": 11, ""search_volume"": 140}, {""year"": 2025, ""month"": 10, ""search_volume"": 110}, {""year"": 2025, ""month"": 9, ""search_volume"": 70}, {""year"": 2025, ""month"": 8, ""search_volume"": 50}]"
A5,liseuse pour ado,70,0.35,USD_DOCUMENTED,parent,False,,,,,"liseuse générale, mini-format non demandé",dataforseo_labs/google/keyword_suggestions/live,2026-09-03T11:47:40.664088+00:00,2026-09-03-test-decouverte-search-12/02-A5-discovery.json.gz,"[{""year"": 2026, ""month"": 7, ""search_volume"": 50}, {""year"": 2026, ""month"": 6, ""search_volume"": 40}, {""year"": 2026, ""month"": 5, ""search_volume"": 50}, {""year"": 2026, ""month"": 4, ""search_volume"": 30}, {""year"": 2026, ""month"": 3, ""search_volume"": 40}, {""year"": 2026, ""month"": 2, ""search_volume"": 40}, {""year"": 2026, ""month"": 1, ""search_volume"": 30}, {""year"": 2025, ""month"": 12, ""search_volume"": 110}, {""year"": 2025, ""month"": 11, ""search_volume"": 170}, {""year"": 2025, ""month"": 10, ""search_volume"": 110}, {""year"": 2025, ""month"": 9, ""search_volume"": 70}, {""year"": 2025, ""month"": 8, ""search_volume"": 90}]"
A5,nextory sur liseuse,70,8.99,USD_DOCUMENTED,parent,False,,,,,"liseuse générale, mini-format non demandé",dataforseo_labs/google/keyword_suggestions/live,2026-09-03T11:47:40.664088+00:00,2026-09-03-test-decouverte-search-12/02-A5-discovery.json.gz,"[{""year"": 2026, ""month"": 7, ""search_volume"": 70}, {""year"": 2026, ""month"": 6, ""search_volume"": 40}, {""year"": 2026, ""month"": 5, ""search_volume"": 50}, {""year"": 2026, ""month"": 4, ""search_volume"": 50}, {""year"": 2026, ""month"": 3, ""search_volume"": 70}, {""year"": 2026, ""month"": 2, ""search_volume"": 50}, {""year"": 2026, ""month"": 1, ""search_volume"": 90}, {""year"": 2025, ""month"": 12, ""search_volume"": 90}, {""year"": 2025, ""month"": 11, ""search_volume"": 90}, {""year"": 2025, ""month"": 10, ""search_volume"": 110}, {""year"": 2025, ""month"": 9, ""search_volume"": 70}, {""year"": 2025, ""month"": 8, ""search_volume"": 70}]"
A5,liseuse kindle solde,70,0.21,USD_DOCUMENTED,parent,True,,,,,"liseuse générale, mini-format non demandé",dataforseo_labs/google/keyword_suggestions/live,2026-09-03T11:47:40.664088+00:00,2026-09-03-test-decouverte-search-12/02-A5-discovery.json.gz,"[{""year"": 2026, ""month"": 7, ""search_volume"": 170}, {""year"": 2026, ""month"": 6, ""search_volume"": 140}, {""year"": 2026, ""month"": 5, ""search_volume"": 20}, {""year"": 2026, ""month"": 4, ""search_volume"": 20}, {""year"": 2026, ""month"": 3, ""search_volume"": 10}, {""year"": 2026, ""month"": 2, ""search_volume"": 50}, {""year"": 2026, ""month"": 1, ""search_volume"": 390}, {""year"": 2025, ""month"": 12, ""search_volume"": 20}, {""year"": 2025, ""month"": 11, ""search_volume"": 20}, {""year"": 2025, ""month"": 10, ""search_volume"": 10}, {""year"": 2025, ""month"": 9, ""search_volume"": 10}, {""year"": 2025, ""month"": 8, ""search_volume"": 10}]"
A5,liseuse vetement de nuit,70,0.58,USD_DOCUMENTED,parent,False,,,,,"liseuse générale, mini-format non demandé",dataforseo_labs/google/keyword_suggestions/live,2026-09-03T11:47:40.664088+00:00,2026-09-03-test-decouverte-search-12/02-A5-discovery.json.gz,"[{""year"": 2026, ""month"": 7, ""search_volume"": 10}, {""year"": 2026, ""month"": 6, ""search_volume"": 10}, {""year"": 2026, ""month"": 5, ""search_volume"": 20}, {""year"": 2026, ""month"": 4, ""search_volume"": 50}, {""year"": 2026, ""month"": 3, ""search_volume"": 40}, {""year"": 2026, ""month"": 2, ""search_volume"": 90}, {""year"": 2026, ""month"": 1, ""search_volume"": 110}, {""year"": 2025, ""month"": 12, ""search_volume"": 140}, {""year"": 2025, ""month"": 11, ""search_volume"": 110}, {""year"": 2025, ""month"": 10, ""search_volume"": 140}, {""year"": 2025, ""month"": 9, ""search_volume"": 90}, {""year"": 2025, ""month"": 8, ""search_volume"": 30}]"
A5,livres gratuits pour liseuse kindle,70,0.65,USD_DOCUMENTED,incompatible,True,,,,,"lampe, logiciel, contenu ou sens non appareil",dataforseo_labs/google/keyword_suggestions/live,2026-09-03T11:47:40.664088+00:00,2026-09-03-test-decouverte-search-12/02-A5-discovery.json.gz,"[{""year"": 2026, ""month"": 7, ""search_volume"": 70}, {""year"": 2026, ""month"": 6, ""search_volume"": 50}, {""year"": 2026, ""month"": 5, ""search_volume"": 30}, {""year"": 2026, ""month"": 4, ""search_volume"": 90}, {""year"": 2026, ""month"": 3, ""search_volume"": 90}, {""year"": 2026, ""month"": 2, ""search_volume"": 90}, {""year"": 2026, ""month"": 1, ""search_volume"": 90}, {""year"": 2025, ""month"": 12, ""search_volume"": 90}, {""year"": 2025, ""month"": 11, ""search_volume"": 40}, {""year"": 2025, ""month"": 10, ""search_volume"": 20}, {""year"": 2025, ""month"": 9, ""search_volume"": 40}, {""year"": 2025, ""month"": 8, ""search_volume"": 50}]"
A5,reader liseuse,70,0.89,USD_DOCUMENTED,parent,False,,,,,"liseuse générale, mini-format non demandé",dataforseo_labs/google/keyword_suggestions/live,2026-09-03T11:47:40.664088+00:00,2026-09-03-test-decouverte-search-12/02-A5-discovery.json.gz,"[{""year"": 2026, ""month"": 7, ""search_volume"": 10}, {""year"": 2026, ""month"": 6, ""search_volume"": 10}, {""year"": 2026, ""month"": 5, ""search_volume"": 20}, {""year"": 2026, ""month"": 4, ""search_volume"": 20}, {""year"": 2026, ""month"": 3, ""search_volume"": 20}, {""year"": 2026, ""month"": 2, ""search_volume"": 20}, {""year"": 2026, ""month"": 1, ""search_volume"": 110}, {""year"": 2025, ""month"": 12, ""search_volume"": 590}, {""year"": 2025, ""month"": 11, ""search_volume"": 70}, {""year"": 2025, ""month"": 10, ""search_volume"": 10}, {""year"": 2025, ""month"": 9, ""search_volume"": 10}, {""year"": 2025, ""month"": 8, ""search_volume"": 10}]"
A5,liseuse sur pied design,70,0.37,USD_DOCUMENTED,parent,False,,,,,"liseuse générale, mini-format non demandé",dataforseo_labs/google/keyword_suggestions/live,2026-09-03T11:47:40.664088+00:00,2026-09-03-test-decouverte-search-12/02-A5-discovery.json.gz,"[{""year"": 2026, ""month"": 7, ""search_volume"": 30}, {""year"": 2026, ""month"": 6, ""search_volume"": 30}, {""year"": 2026, ""month"": 5, ""search_volume"": 40}, {""year"": 2026, ""month"": 4, ""search_volume"": 40}, {""year"": 2026, ""month"": 3, ""search_volume"": 50}, {""year"": 2026, ""month"": 2, ""search_volume"": 50}, {""year"": 2026, ""month"": 1, ""search_volume"": 140}, {""year"": 2025, ""month"": 12, ""search_volume"": 110}, {""year"": 2025, ""month"": 11, ""search_volume"": 110}, {""year"": 2025, ""month"": 10, ""search_volume"": 50}, {""year"": 2025, ""month"": 9, ""search_volume"": 50}, {""year"": 2025, ""month"": 8, ""search_volume"": 30}]"
A5,comment fonctionne la liseuse kobo,70,0.14,USD_DOCUMENTED,information,True,,,,,"usage/SAV/risque, hors demande achat directe",dataforseo_labs/google/keyword_suggestions/live,2026-09-03T11:47:40.664088+00:00,2026-09-03-test-decouverte-search-12/02-A5-discovery.json.gz,"[{""year"": 2026, ""month"": 7, ""search_volume"": 70}, {""year"": 2026, ""month"": 6, ""search_volume"": 40}, {""year"": 2026, ""month"": 5, ""search_volume"": 50}, {""year"": 2026, ""month"": 4, ""search_volume"": 40}, {""year"": 2026, ""month"": 3, ""search_volume"": 40}, {""year"": 2026, ""month"": 2, ""search_volume"": 70}, {""year"": 2026, ""month"": 1, ""search_volume"": 90}, {""year"": 2025, ""month"": 12, ""search_volume"": 140}, {""year"": 2025, ""month"": 11, ""search_volume"": 90}, {""year"": 2025, ""month"": 10, ""search_volume"": 70}, {""year"": 2025, ""month"": 9, ""search_volume"": 40}, {""year"": 2025, ""month"": 8, ""search_volume"": 70}]"
A5,liseuse kindle color,70,0.23,USD_DOCUMENTED,parent,True,,,,,"liseuse générale, mini-format non demandé",dataforseo_labs/google/keyword_suggestions/live,2026-09-03T11:47:40.664088+00:00,2026-09-03-test-decouverte-search-12/02-A5-discovery.json.gz,"[{""year"": 2026, ""month"": 7, ""search_volume"": 50}, {""year"": 2026, ""month"": 6, ""search_volume"": 50}, {""year"": 2026, ""month"": 5, ""search_volume"": 50}, {""year"": 2026, ""month"": 4, ""search_volume"": 40}, {""year"": 2026, ""month"": 3, ""search_volume"": 50}, {""year"": 2026, ""month"": 2, ""search_volume"": 50}, {""year"": 2026, ""month"": 1, ""search_volume"": 50}, {""year"": 2025, ""month"": 12, ""search_volume"": 110}, {""year"": 2025, ""month"": 11, ""search_volume"": 170}, {""year"": 2025, ""month"": 10, ""search_volume"": 50}, {""year"": 2025, ""month"": 9, ""search_volume"": 40}, {""year"": 2025, ""month"": 8, ""search_volume"": 70}]"
A5,coussin pour liseuse,70,0.17,USD_DOCUMENTED,parent,False,,,,,"liseuse générale, mini-format non demandé",dataforseo_labs/google/keyword_suggestions/live,2026-09-03T11:47:40.664088+00:00,2026-09-03-test-decouverte-search-12/02-A5-discovery.json.gz,"[{""year"": 2026, ""month"": 7, ""search_volume"": 30}, {""year"": 2026, ""month"": 6, ""search_volume"": 40}, {""year"": 2026, ""month"": 5, ""search_volume"": 90}, {""year"": 2026, ""month"": 4, ""search_volume"": 30}, {""year"": 2026, ""month"": 3, ""search_volume"": 40}, {""year"": 2026, ""month"": 2, ""search_volume"": 40}, {""year"": 2026, ""month"": 1, ""search_volume"": 90}, {""year"": 2025, ""month"": 12, ""search_volume"": 170}, {""year"": 2025, ""month"": 11, ""search_volume"": 70}, {""year"": 2025, ""month"": 10, ""search_volume"": 50}, {""year"": 2025, ""month"": 9, ""search_volume"": 50}, {""year"": 2025, ""month"": 8, ""search_volume"": 30}]"
A5,meilleure liseuse couleur 2025,70,,USD_DOCUMENTED,parent,False,,,,,"liseuse générale, mini-format non demandé",dataforseo_labs/google/keyword_suggestions/live,2026-09-03T11:47:40.664088+00:00,2026-09-03-test-decouverte-search-12/02-A5-discovery.json.gz,"[{""year"": 2026, ""month"": 7, ""search_volume"": 0}, {""year"": 2026, ""month"": 6, ""search_volume"": 10}, {""year"": 2026, ""month"": 5, ""search_volume"": 0}, {""year"": 2026, ""month"": 4, ""search_volume"": 10}, {""year"": 2026, ""month"": 3, ""search_volume"": 10}, {""year"": 2026, ""month"": 2, ""search_volume"": 40}, {""year"": 2026, ""month"": 1, ""search_volume"": 70}, {""year"": 2025, ""month"": 12, ""search_volume"": 170}, {""year"": 2025, ""month"": 11, ""search_volume"": 210}, {""year"": 2025, ""month"": 10, ""search_volume"": 90}, {""year"": 2025, ""month"": 9, ""search_volume"": 70}, {""year"": 2025, ""month"": 8, ""search_volume"": 90}]"
A5,liseuse vetement de nuit damart,70,0.15,USD_DOCUMENTED,parent,False,,,,,"liseuse générale, mini-format non demandé",dataforseo_labs/google/keyword_suggestions/live,2026-09-03T11:47:40.664088+00:00,2026-09-03-test-decouverte-search-12/02-A5-discovery.json.gz,"[{""year"": 2026, ""month"": 7, ""search_volume"": 20}, {""year"": 2026, ""month"": 6, ""search_volume"": 30}, {""year"": 2026, ""month"": 5, ""search_volume"": 40}, {""year"": 2026, ""month"": 4, ""search_volume"": 50}, {""year"": 2026, ""month"": 3, ""search_volume"": 50}, {""year"": 2026, ""month"": 2, ""search_volume"": 70}, {""year"": 2026, ""month"": 1, ""search_volume"": 90}, {""year"": 2025, ""month"": 12, ""search_volume"": 90}, {""year"": 2025, ""month"": 11, ""search_volume"": 170}, {""year"": 2025, ""month"": 10, ""search_volume"": 140}, {""year"": 2025, ""month"": 9, ""search_volume"": 110}, {""year"": 2025, ""month"": 8, ""search_volume"": 50}]"
A5,lampadaire sur pied liseuse,70,0.43,USD_DOCUMENTED,incompatible,False,,,,,"lampe, logiciel, contenu ou sens non appareil",dataforseo_labs/google/keyword_suggestions/live,2026-09-03T11:47:40.664088+00:00,2026-09-03-test-decouverte-search-12/02-A5-discovery.json.gz,"[{""year"": 2026, ""month"": 7, ""search_volume"": 50}, {""year"": 2026, ""month"": 6, ""search_volume"": 40}, {""year"": 2026, ""month"": 5, ""search_volume"": 50}, {""year"": 2026, ""month"": 4, ""search_volume"": 40}, {""year"": 2026, ""month"": 3, ""search_volume"": 50}, {""year"": 2026, ""month"": 2, ""search_volume"": 90}, {""year"": 2026, ""month"": 1, ""search_volume"": 110}, {""year"": 2025, ""month"": 12, ""search_volume"": 110}, {""year"": 2025, ""month"": 11, ""search_volume"": 140}, {""year"": 2025, ""month"": 10, ""search_volume"": 90}, {""year"": 2025, ""month"": 9, ""search_volume"": 50}, {""year"": 2025, ""month"": 8, ""search_volume"": 70}]"
A5,lampadaire liseuse avec variateur,70,0.3,USD_DOCUMENTED,incompatible,False,,,,,"lampe, logiciel, contenu ou sens non appareil",dataforseo_labs/google/keyword_suggestions/live,2026-09-03T11:47:40.664088+00:00,2026-09-03-test-decouverte-search-12/02-A5-discovery.json.gz,"[{""year"": 2026, ""month"": 7, ""search_volume"": 40}, {""year"": 2026, ""month"": 6, ""search_volume"": 30}, {""year"": 2026, ""month"": 5, ""search_volume"": 40}, {""year"": 2026, ""month"": 4, ""search_volume"": 50}, {""year"": 2026, ""month"": 3, ""search_volume"": 50}, {""year"": 2026, ""month"": 2, ""search_volume"": 70}, {""year"": 2026, ""month"": 1, ""search_volume"": 110}, {""year"": 2025, ""month"": 12, ""search_volume"": 140}, {""year"": 2025, ""month"": 11, ""search_volume"": 170}, {""year"": 2025, ""month"": 10, ""search_volume"": 50}, {""year"": 2025, ""month"": 9, ""search_volume"": 40}, {""year"": 2025, ""month"": 8, ""search_volume"": 30}]"
A5,liseuse lunii,70,0.44,USD_DOCUMENTED,parent,False,,,,,"liseuse générale, mini-format non demandé",dataforseo_labs/google/keyword_suggestions/live,2026-09-03T11:47:40.664088+00:00,2026-09-03-test-decouverte-search-12/02-A5-discovery.json.gz,"[{""year"": 2026, ""month"": 7, ""search_volume"": 70}, {""year"": 2026, ""month"": 6, ""search_volume"": 50}, {""year"": 2026, ""month"": 5, ""search_volume"": 50}, {""year"": 2026, ""month"": 4, ""search_volume"": 40}, {""year"": 2026, ""month"": 3, ""search_volume"": 50}, {""year"": 2026, ""month"": 2, ""search_volume"": 50}, {""year"": 2026, ""month"": 1, ""search_volume"": 70}, {""year"": 2025, ""month"": 12, ""search_volume"": 110}, {""year"": 2025, ""month"": 11, ""search_volume"": 170}, {""year"": 2025, ""month"": 10, ""search_volume"": 110}, {""year"": 2025, ""month"": 9, ""search_volume"": 70}, {""year"": 2025, ""month"": 8, ""search_volume"": 70}]"
A5,telecharger livre gratuit pour liseuse kobo,70,0.42,USD_DOCUMENTED,incompatible,True,,,,,"lampe, logiciel, contenu ou sens non appareil",dataforseo_labs/google/keyword_suggestions/live,2026-09-03T11:47:40.664088+00:00,2026-09-03-test-decouverte-search-12/02-A5-discovery.json.gz,"[{""year"": 2026, ""month"": 7, ""search_volume"": 70}, {""year"": 2026, ""month"": 6, ""search_volume"": 70}, {""year"": 2026, ""month"": 5, ""search_volume"": 110}, {""year"": 2026, ""month"": 4, ""search_volume"": 70}, {""year"": 2026, ""month"": 3, ""search_volume"": 90}, {""year"": 2026, ""month"": 2, ""search_volume"": 70}, {""year"": 2026, ""month"": 1, ""search_volume"": 90}, {""year"": 2025, ""month"": 12, ""search_volume"": 70}, {""year"": 2025, ""month"": 11, ""search_volume"": 30}, {""year"": 2025, ""month"": 10, ""search_volume"": 30}, {""year"": 2025, ""month"": 9, ""search_volume"": 20}, {""year"": 2025, ""month"": 8, ""search_volume"": 30}]"
A5,liseuse de nuit femme,70,0.42,USD_DOCUMENTED,parent,False,,,,,"liseuse générale, mini-format non demandé",dataforseo_labs/google/keyword_suggestions/live,2026-09-03T11:47:40.664088+00:00,2026-09-03-test-decouverte-search-12/02-A5-discovery.json.gz,"[{""year"": 2026, ""month"": 7, ""search_volume"": 20}, {""year"": 2026, ""month"": 6, ""search_volume"": 20}, {""year"": 2026, ""month"": 5, ""search_volume"": 50}, {""year"": 2026, ""month"": 4, ""search_volume"": 50}, {""year"": 2026, ""month"": 3, ""search_volume"": 70}, {""year"": 2026, ""month"": 2, ""search_volume"": 70}, {""year"": 2026, ""month"": 1, ""search_volume"": 70}, {""year"": 2025, ""month"": 12, ""search_volume"": 140}, {""year"": 2025, ""month"": 11, ""search_volume"": 170}, {""year"": 2025, ""month"": 10, ""search_volume"": 170}, {""year"": 2025, ""month"": 9, ""search_volume"": 90}, {""year"": 2025, ""month"": 8, ""search_volume"": 40}]"
A5,kobo rakuten liseuse,70,0.34,USD_DOCUMENTED,parent,True,,,,,"liseuse générale, mini-format non demandé",dataforseo_labs/google/keyword_suggestions/live,2026-09-03T11:47:40.664088+00:00,2026-09-03-test-decouverte-search-12/02-A5-discovery.json.gz,"[{""year"": 2026, ""month"": 7, ""search_volume"": 90}, {""year"": 2026, ""month"": 6, ""search_volume"": 90}, {""year"": 2026, ""month"": 5, ""search_volume"": 70}, {""year"": 2026, ""month"": 4, ""search_volume"": 70}, {""year"": 2026, ""month"": 3, ""search_volume"": 70}, {""year"": 2026, ""month"": 2, ""search_volume"": 50}, {""year"": 2026, ""month"": 1, ""search_volume"": 90}, {""year"": 2025, ""month"": 12, ""search_volume"": 110}, {""year"": 2025, ""month"": 11, ""search_volume"": 70}, {""year"": 2025, ""month"": 10, ""search_volume"": 40}, {""year"": 2025, ""month"": 9, ""search_volume"": 70}, {""year"": 2025, ""month"": 8, ""search_volume"": 110}]"
A5,liseuse kindle 2025,70,0.97,USD_DOCUMENTED,parent,True,,,,,"liseuse générale, mini-format non demandé",dataforseo_labs/google/keyword_suggestions/live,2026-09-03T11:47:40.664088+00:00,2026-09-03-test-decouverte-search-12/02-A5-discovery.json.gz,"[{""year"": 2026, ""month"": 7, ""search_volume"": 10}, {""year"": 2026, ""month"": 6, ""search_volume"": 10}, {""year"": 2026, ""month"": 5, ""search_volume"": 10}, {""year"": 2026, ""month"": 4, ""search_volume"": 10}, {""year"": 2026, ""month"": 3, ""search_volume"": 10}, {""year"": 2026, ""month"": 2, ""search_volume"": 20}, {""year"": 2026, ""month"": 1, ""search_volume"": 70}, {""year"": 2025, ""month"": 12, ""search_volume"": 170}, {""year"": 2025, ""month"": 11, ""search_volume"": 170}, {""year"": 2025, ""month"": 10, ""search_volume"": 90}, {""year"": 2025, ""month"": 9, ""search_volume"": 90}, {""year"": 2025, ""month"": 8, ""search_volume"": 90}]"
A5,appli liseuse android,70,0.57,USD_DOCUMENTED,incompatible,False,,,,,"lampe, logiciel, contenu ou sens non appareil",dataforseo_labs/google/keyword_suggestions/live,2026-09-03T11:47:40.664088+00:00,2026-09-03-test-decouverte-search-12/02-A5-discovery.json.gz,"[{""year"": 2026, ""month"": 7, ""search_volume"": 50}, {""year"": 2026, ""month"": 6, ""search_volume"": 30}, {""year"": 2026, ""month"": 5, ""search_volume"": 50}, {""year"": 2026, ""month"": 4, ""search_volume"": 50}, {""year"": 2026, ""month"": 3, ""search_volume"": 50}, {""year"": 2026, ""month"": 2, ""search_volume"": 70}, {""year"": 2026, ""month"": 1, ""search_volume"": 110}, {""year"": 2025, ""month"": 12, ""search_volume"": 170}, {""year"": 2025, ""month"": 11, ""search_volume"": 90}, {""year"": 2025, ""month"": 10, ""search_volume"": 90}, {""year"": 2025, ""month"": 9, ""search_volume"": 40}, {""year"": 2025, ""month"": 8, ""search_volume"": 70}]"
A5,livraddict margaud liseuse,70,,USD_DOCUMENTED,parent,False,,,,,"liseuse générale, mini-format non demandé",dataforseo_labs/google/keyword_suggestions/live,2026-09-03T11:47:40.664088+00:00,2026-09-03-test-decouverte-search-12/02-A5-discovery.json.gz,"[{""year"": 2026, ""month"": 7, ""search_volume"": 50}, {""year"": 2026, ""month"": 6, ""search_volume"": 70}, {""year"": 2026, ""month"": 5, ""search_volume"": 50}, {""year"": 2026, ""month"": 4, ""search_volume"": 40}, {""year"": 2026, ""month"": 3, ""search_volume"": 50}, {""year"": 2026, ""month"": 2, ""search_volume"": 70}, {""year"": 2026, ""month"": 1, ""search_volume"": 70}, {""year"": 2025, ""month"": 12, ""search_volume"": 90}, {""year"": 2025, ""month"": 11, ""search_volume"": 110}, {""year"": 2025, ""month"": 10, ""search_volume"": 70}, {""year"": 2025, ""month"": 9, ""search_volume"": 110}, {""year"": 2025, ""month"": 8, ""search_volume"": 140}]"
A5,liseuse marque,70,0.16,USD_DOCUMENTED,parent,False,,,,,"liseuse générale, mini-format non demandé",dataforseo_labs/google/keyword_suggestions/live,2026-09-03T11:47:40.664088+00:00,2026-09-03-test-decouverte-search-12/02-A5-discovery.json.gz,"[{""year"": 2026, ""month"": 7, ""search_volume"": 70}, {""year"": 2026, ""month"": 6, ""search_volume"": 40}, {""year"": 2026, ""month"": 5, ""search_volume"": 70}, {""year"": 2026, ""month"": 4, ""search_volume"": 40}, {""year"": 2026, ""month"": 3, ""search_volume"": 50}, {""year"": 2026, ""month"": 2, ""search_volume"": 70}, {""year"": 2026, ""month"": 1, ""search_volume"": 90}, {""year"": 2025, ""month"": 12, ""search_volume"": 110}, {""year"": 2025, ""month"": 11, ""search_volume"": 140}, {""year"": 2025, ""month"": 10, ""search_volume"": 50}, {""year"": 2025, ""month"": 9, ""search_volume"": 70}, {""year"": 2025, ""month"": 8, ""search_volume"": 70}]"
A5,liseuse kindle mode d'emploi,70,,USD_DOCUMENTED,information,True,,,,,"usage/SAV/risque, hors demande achat directe",dataforseo_labs/google/keyword_suggestions/live,2026-09-03T11:47:40.664088+00:00,2026-09-03-test-decouverte-search-12/02-A5-discovery.json.gz,"[{""year"": 2026, ""month"": 7, ""search_volume"": 30}, {""year"": 2026, ""month"": 6, ""search_volume"": 30}, {""year"": 2026, ""month"": 5, ""search_volume"": 40}, {""year"": 2026, ""month"": 4, ""search_volume"": 40}, {""year"": 2026, ""month"": 3, ""search_volume"": 40}, {""year"": 2026, ""month"": 2, ""search_volume"": 50}, {""year"": 2026, ""month"": 1, ""search_volume"": 70}, {""year"": 2025, ""month"": 12, ""search_volume"": 110}, {""year"": 2025, ""month"": 11, ""search_volume"": 70}, {""year"": 2025, ""month"": 10, ""search_volume"": 50}, {""year"": 2025, ""month"": 9, ""search_volume"": 70}, {""year"": 2025, ""month"": 8, ""search_volume"": 90}]"
A5,liseuse reader,70,0.89,USD_DOCUMENTED,parent,False,,,,,"liseuse générale, mini-format non demandé",dataforseo_labs/google/keyword_suggestions/live,2026-09-03T11:47:40.664088+00:00,2026-09-03-test-decouverte-search-12/02-A5-discovery.json.gz,"[{""year"": 2026, ""month"": 7, ""search_volume"": 10}, {""year"": 2026, ""month"": 6, ""search_volume"": 10}, {""year"": 2026, ""month"": 5, ""search_volume"": 20}, {""year"": 2026, ""month"": 4, ""search_volume"": 20}, {""year"": 2026, ""month"": 3, ""search_volume"": 20}, {""year"": 2026, ""month"": 2, ""search_volume"": 20}, {""year"": 2026, ""month"": 1, ""search_volume"": 110}, {""year"": 2025, ""month"": 12, ""search_volume"": 590}, {""year"": 2025, ""month"": 11, ""search_volume"": 70}, {""year"": 2025, ""month"": 10, ""search_volume"": 10}, {""year"": 2025, ""month"": 9, ""search_volume"": 10}, {""year"": 2025, ""month"": 8, ""search_volume"": 10}]"
A5,tourneur de page liseuse,70,0.21,USD_DOCUMENTED,parent,False,,,,,"liseuse générale, mini-format non demandé",dataforseo_labs/google/keyword_suggestions/live,2026-09-03T11:47:40.664088+00:00,2026-09-03-test-decouverte-search-12/02-A5-discovery.json.gz,"[{""year"": 2026, ""month"": 7, ""search_volume"": 20}, {""year"": 2026, ""month"": 6, ""search_volume"": 30}, {""year"": 2026, ""month"": 5, ""search_volume"": 40}, {""year"": 2026, ""month"": 4, ""search_volume"": 30}, {""year"": 2026, ""month"": 3, ""search_volume"": 50}, {""year"": 2026, ""month"": 2, ""search_volume"": 70}, {""year"": 2026, ""month"": 1, ""search_volume"": 90}, {""year"": 2025, ""month"": 12, ""search_volume"": 170}, {""year"": 2025, ""month"": 11, ""search_volume"": 110}, {""year"": 2025, ""month"": 10, ""search_volume"": 70}, {""year"": 2025, ""month"": 9, ""search_volume"": 70}, {""year"": 2025, ""month"": 8, ""search_volume"": 90}]"
A5,applique/liseuse ikea,70,0.58,USD_DOCUMENTED,parent,True,,,,,"liseuse générale, mini-format non demandé",dataforseo_labs/google/keyword_suggestions/live,2026-09-03T11:47:40.664088+00:00,2026-09-03-test-decouverte-search-12/02-A5-discovery.json.gz,"[{""year"": 2026, ""month"": 7, ""search_volume"": 70}, {""year"": 2026, ""month"": 6, ""search_volume"": 50}, {""year"": 2026, ""month"": 5, ""search_volume"": 90}, {""year"": 2026, ""month"": 4, ""search_volume"": 70}, {""year"": 2026, ""month"": 3, ""search_volume"": 70}, {""year"": 2026, ""month"": 2, ""search_volume"": 110}, {""year"": 2026, ""month"": 1, ""search_volume"": 90}, {""year"": 2025, ""month"": 12, ""search_volume"": 50}, {""year"": 2025, ""month"": 11, ""search_volume"": 90}, {""year"": 2025, ""month"": 10, ""search_volume"": 70}, {""year"": 2025, ""month"": 9, ""search_volume"": 90}, {""year"": 2025, ""month"": 8, ""search_volume"": 70}]"
A5,liseuse espace culturel leclerc,70,0.09,USD_DOCUMENTED,parent,True,,,,,"liseuse générale, mini-format non demandé",dataforseo_labs/google/keyword_suggestions/live,2026-09-03T11:47:40.664088+00:00,2026-09-03-test-decouverte-search-12/02-A5-discovery.json.gz,"[{""year"": 2026, ""month"": 7, ""search_volume"": 40}, {""year"": 2026, ""month"": 6, ""search_volume"": 50}, {""year"": 2026, ""month"": 5, ""search_volume"": 50}, {""year"": 2026, ""month"": 4, ""search_volume"": 30}, {""year"": 2026, ""month"": 3, ""search_volume"": 50}, {""year"": 2026, ""month"": 2, ""search_volume"": 50}, {""year"": 2026, ""month"": 1, ""search_volume"": 70}, {""year"": 2025, ""month"": 12, ""search_volume"": 170}, {""year"": 2025, ""month"": 11, ""search_volume"": 140}, {""year"": 2025, ""month"": 10, ""search_volume"": 50}, {""year"": 2025, ""month"": 9, ""search_volume"": 30}, {""year"": 2025, ""month"": 8, ""search_volume"": 40}]"
A5,furet du nord liseuse,70,0.2,USD_DOCUMENTED,parent,False,,,,,"liseuse générale, mini-format non demandé",dataforseo_labs/google/keyword_suggestions/live,2026-09-03T11:47:40.664088+00:00,2026-09-03-test-decouverte-search-12/02-A5-discovery.json.gz,"[{""year"": 2026, ""month"": 7, ""search_volume"": 70}, {""year"": 2026, ""month"": 6, ""search_volume"": 40}, {""year"": 2026, ""month"": 5, ""search_volume"": 70}, {""year"": 2026, ""month"": 4, ""search_volume"": 50}, {""year"": 2026, ""month"": 3, ""search_volume"": 70}, {""year"": 2026, ""month"": 2, ""search_volume"": 70}, {""year"": 2026, ""month"": 1, ""search_volume"": 70}, {""year"": 2025, ""month"": 12, ""search_volume"": 110}, {""year"": 2025, ""month"": 11, ""search_volume"": 90}, {""year"": 2025, ""month"": 10, ""search_volume"": 50}, {""year"": 2025, ""month"": 9, ""search_volume"": 70}, {""year"": 2025, ""month"": 8, ""search_volume"": 70}]"
A5,liseuse de chevet,70,0.52,USD_DOCUMENTED,parent,False,,,,,"liseuse générale, mini-format non demandé",dataforseo_labs/google/keyword_suggestions/live,2026-09-03T11:47:40.664088+00:00,2026-09-03-test-decouverte-search-12/02-A5-discovery.json.gz,"[{""year"": 2026, ""month"": 7, ""search_volume"": 50}, {""year"": 2026, ""month"": 6, ""search_volume"": 50}, {""year"": 2026, ""month"": 5, ""search_volume"": 50}, {""year"": 2026, ""month"": 4, ""search_volume"": 50}, {""year"": 2026, ""month"": 3, ""search_volume"": 70}, {""year"": 2026, ""month"": 2, ""search_volume"": 70}, {""year"": 2026, ""month"": 1, ""search_volume"": 110}, {""year"": 2025, ""month"": 12, ""search_volume"": 90}, {""year"": 2025, ""month"": 11, ""search_volume"": 140}, {""year"": 2025, ""month"": 10, ""search_volume"": 90}, {""year"": 2025, ""month"": 9, ""search_volume"": 90}, {""year"": 2025, ""month"": 8, ""search_volume"": 70}]"
A5,lampadaire liseuse leroy merlin,70,0.32,USD_DOCUMENTED,incompatible,True,,,,,"lampe, logiciel, contenu ou sens non appareil",dataforseo_labs/google/keyword_suggestions/live,2026-09-03T11:47:40.664088+00:00,2026-09-03-test-decouverte-search-12/02-A5-discovery.json.gz,"[{""year"": 2026, ""month"": 7, ""search_volume"": 30}, {""year"": 2026, ""month"": 6, ""search_volume"": 30}, {""year"": 2026, ""month"": 5, ""search_volume"": 30}, {""year"": 2026, ""month"": 4, ""search_volume"": 40}, {""year"": 2026, ""month"": 3, ""search_volume"": 50}, {""year"": 2026, ""month"": 2, ""search_volume"": 90}, {""year"": 2026, ""month"": 1, ""search_volume"": 140}, {""year"": 2025, ""month"": 12, ""search_volume"": 140}, {""year"": 2025, ""month"": 11, ""search_volume"": 140}, {""year"": 2025, ""month"": 10, ""search_volume"": 110}, {""year"": 2025, ""month"": 9, ""search_volume"": 50}, {""year"": 2025, ""month"": 8, ""search_volume"": 70}]"
A5,liseuse céliane,70,0.67,USD_DOCUMENTED,parent,False,,,,,"liseuse générale, mini-format non demandé",dataforseo_labs/google/keyword_suggestions/live,2026-09-03T11:47:40.664088+00:00,2026-09-03-test-decouverte-search-12/02-A5-discovery.json.gz,"[{""year"": 2026, ""month"": 7, ""search_volume"": 50}, {""year"": 2026, ""month"": 6, ""search_volume"": 50}, {""year"": 2026, ""month"": 5, ""search_volume"": 70}, {""year"": 2026, ""month"": 4, ""search_volume"": 70}, {""year"": 2026, ""month"": 3, ""search_volume"": 110}, {""year"": 2026, ""month"": 2, ""search_volume"": 70}, {""year"": 2026, ""month"": 1, ""search_volume"": 90}, {""year"": 2025, ""month"": 12, ""search_volume"": 70}, {""year"": 2025, ""month"": 11, ""search_volume"": 110}, {""year"": 2025, ""month"": 10, ""search_volume"": 110}, {""year"": 2025, ""month"": 9, ""search_volume"": 90}, {""year"": 2025, ""month"": 8, ""search_volume"": 50}]"
A5,comparatif liseuse kindle,70,0.66,USD_DOCUMENTED,parent,True,,,,,"liseuse générale, mini-format non demandé",dataforseo_labs/google/keyword_suggestions/live,2026-09-03T11:47:40.664088+00:00,2026-09-03-test-decouverte-search-12/02-A5-discovery.json.gz,"[{""year"": 2026, ""month"": 7, ""search_volume"": 70}, {""year"": 2026, ""month"": 6, ""search_volume"": 30}, {""year"": 2026, ""month"": 5, ""search_volume"": 50}, {""year"": 2026, ""month"": 4, ""search_volume"": 40}, {""year"": 2026, ""month"": 3, ""search_volume"": 70}, {""year"": 2026, ""month"": 2, ""search_volume"": 50}, {""year"": 2026, ""month"": 1, ""search_volume"": 70}, {""year"": 2025, ""month"": 12, ""search_volume"": 140}, {""year"": 2025, ""month"": 11, ""search_volume"": 170}, {""year"": 2025, ""month"": 10, ""search_volume"": 90}, {""year"": 2025, ""month"": 9, ""search_volume"": 50}, {""year"": 2025, ""month"": 8, ""search_volume"": 70}]"
A5,liseuse ou ipad,70,,USD_DOCUMENTED,incompatible,False,,,,,"lampe, logiciel, contenu ou sens non appareil",dataforseo_labs/google/keyword_suggestions/live,2026-09-03T11:47:40.664088+00:00,2026-09-03-test-decouverte-search-12/02-A5-discovery.json.gz,"[{""year"": 2026, ""month"": 7, ""search_volume"": 50}, {""year"": 2026, ""month"": 6, ""search_volume"": 40}, {""year"": 2026, ""month"": 5, ""search_volume"": 40}, {""year"": 2026, ""month"": 4, ""search_volume"": 40}, {""year"": 2026, ""month"": 3, ""search_volume"": 40}, {""year"": 2026, ""month"": 2, ""search_volume"": 50}, {""year"": 2026, ""month"": 1, ""search_volume"": 70}, {""year"": 2025, ""month"": 12, ""search_volume"": 110}, {""year"": 2025, ""month"": 11, ""search_volume"": 110}, {""year"": 2025, ""month"": 10, ""search_volume"": 50}, {""year"": 2025, ""month"": 9, ""search_volume"": 70}, {""year"": 2025, ""month"": 8, ""search_volume"": 90}]"
A5,liseuse au crochet,70,,USD_DOCUMENTED,parent,False,,,,,"liseuse générale, mini-format non demandé",dataforseo_labs/google/keyword_suggestions/live,2026-09-03T11:47:40.664088+00:00,2026-09-03-test-decouverte-search-12/02-A5-discovery.json.gz,"[{""year"": 2026, ""month"": 7, ""search_volume"": 40}, {""year"": 2026, ""month"": 6, ""search_volume"": 40}, {""year"": 2026, ""month"": 5, ""search_volume"": 70}, {""year"": 2026, ""month"": 4, ""search_volume"": 40}, {""year"": 2026, ""month"": 3, ""search_volume"": 50}, {""year"": 2026, ""month"": 2, ""search_volume"": 40}, {""year"": 2026, ""month"": 1, ""search_volume"": 90}, {""year"": 2025, ""month"": 12, ""search_volume"": 110}, {""year"": 2025, ""month"": 11, ""search_volume"": 90}, {""year"": 2025, ""month"": 10, ""search_volume"": 110}, {""year"": 2025, ""month"": 9, ""search_volume"": 90}, {""year"": 2025, ""month"": 8, ""search_volume"": 70}]"
A5,lampadaire liseuse vintage,70,0.78,USD_DOCUMENTED,incompatible,False,,,,,"lampe, logiciel, contenu ou sens non appareil",dataforseo_labs/google/keyword_suggestions/live,2026-09-03T11:47:40.664088+00:00,2026-09-03-test-decouverte-search-12/02-A5-discovery.json.gz,"[{""year"": 2026, ""month"": 7, ""search_volume"": 50}, {""year"": 2026, ""month"": 6, ""search_volume"": 20}, {""year"": 2026, ""month"": 5, ""search_volume"": 50}, {""year"": 2026, ""month"": 4, ""search_volume"": 50}, {""year"": 2026, ""month"": 3, ""search_volume"": 70}, {""year"": 2026, ""month"": 2, ""search_volume"": 90}, {""year"": 2026, ""month"": 1, ""search_volume"": 110}, {""year"": 2025, ""month"": 12, ""search_volume"": 70}, {""year"": 2025, ""month"": 11, ""search_volume"": 70}, {""year"": 2025, ""month"": 10, ""search_volume"": 50}, {""year"": 2025, ""month"": 9, ""search_volume"": 70}, {""year"": 2025, ""month"": 8, ""search_volume"": 90}]"
A5,meilleure liseuse manga,70,0.36,USD_DOCUMENTED,parent,False,,,,,"liseuse générale, mini-format non demandé",dataforseo_labs/google/keyword_suggestions/live,2026-09-03T11:47:40.664088+00:00,2026-09-03-test-decouverte-search-12/02-A5-discovery.json.gz,"[{""year"": 2026, ""month"": 7, ""search_volume"": 50}, {""year"": 2026, ""month"": 6, ""search_volume"": 50}, {""year"": 2026, ""month"": 5, ""search_volume"": 50}, {""year"": 2026, ""month"": 4, ""search_volume"": 50}, {""year"": 2026, ""month"": 3, ""search_volume"": 70}, {""year"": 2026, ""month"": 2, ""search_volume"": 50}, {""year"": 2026, ""month"": 1, ""search_volume"": 90}, {""year"": 2025, ""month"": 12, ""search_volume"": 90}, {""year"": 2025, ""month"": 11, ""search_volume"": 140}, {""year"": 2025, ""month"": 10, ""search_volume"": 90}, {""year"": 2025, ""month"": 9, ""search_volume"": 50}, {""year"": 2025, ""month"": 8, ""search_volume"": 70}]"
A5,liseuse 12v,70,0.93,USD_DOCUMENTED,parent,False,,,,,"liseuse générale, mini-format non demandé",dataforseo_labs/google/keyword_suggestions/live,2026-09-03T11:47:40.664088+00:00,2026-09-03-test-decouverte-search-12/02-A5-discovery.json.gz,"[{""year"": 2026, ""month"": 7, ""search_volume"": 50}, {""year"": 2026, ""month"": 6, ""search_volume"": 50}, {""year"": 2026, ""month"": 5, ""search_volume"": 90}, {""year"": 2026, ""month"": 4, ""search_volume"": 70}, {""year"": 2026, ""month"": 3, ""search_volume"": 90}, {""year"": 2026, ""month"": 2, ""search_volume"": 90}, {""year"": 2026, ""month"": 1, ""search_volume"": 70}, {""year"": 2025, ""month"": 12, ""search_volume"": 70}, {""year"": 2025, ""month"": 11, ""search_volume"": 70}, {""year"": 2025, ""month"": 10, ""search_volume"": 70}, {""year"": 2025, ""month"": 9, ""search_volume"": 70}, {""year"": 2025, ""month"": 8, ""search_volume"": 90}]"
A5,liseuse cultura vivlio,70,0.18,USD_DOCUMENTED,parent,True,,,,,"liseuse générale, mini-format non demandé",dataforseo_labs/google/keyword_suggestions/live,2026-09-03T11:47:40.664088+00:00,2026-09-03-test-decouverte-search-12/02-A5-discovery.json.gz,"[{""year"": 2026, ""month"": 7, ""search_volume"": 140}, {""year"": 2026, ""month"": 6, ""search_volume"": 110}, {""year"": 2026, ""month"": 5, ""search_volume"": 90}, {""year"": 2026, ""month"": 4, ""search_volume"": 70}, {""year"": 2026, ""month"": 3, ""search_volume"": 70}, {""year"": 2026, ""month"": 2, ""search_volume"": 70}, {""year"": 2026, ""month"": 1, ""search_volume"": 50}, {""year"": 2025, ""month"": 12, ""search_volume"": 90}, {""year"": 2025, ""month"": 11, ""search_volume"": 50}, {""year"": 2025, ""month"": 10, ""search_volume"": 40}, {""year"": 2025, ""month"": 9, ""search_volume"": 20}, {""year"": 2025, ""month"": 8, ""search_volume"": 20}]"
A5,liseuse kobo promo,70,0.26,USD_DOCUMENTED,parent,True,,,,,"liseuse générale, mini-format non demandé",dataforseo_labs/google/keyword_suggestions/live,2026-09-03T11:47:40.664088+00:00,2026-09-03-test-decouverte-search-12/02-A5-discovery.json.gz,"[{""year"": 2026, ""month"": 7, ""search_volume"": 90}, {""year"": 2026, ""month"": 6, ""search_volume"": 90}, {""year"": 2026, ""month"": 5, ""search_volume"": 30}, {""year"": 2026, ""month"": 4, ""search_volume"": 40}, {""year"": 2026, ""month"": 3, ""search_volume"": 40}, {""year"": 2026, ""month"": 2, ""search_volume"": 40}, {""year"": 2026, ""month"": 1, ""search_volume"": 90}, {""year"": 2025, ""month"": 12, ""search_volume"": 70}, {""year"": 2025, ""month"": 11, ""search_volume"": 140}, {""year"": 2025, ""month"": 10, ""search_volume"": 50}, {""year"": 2025, ""month"": 9, ""search_volume"": 50}, {""year"": 2025, ""month"": 8, ""search_volume"": 70}]"
A5,liseuse epub et pdf,40,0.33,USD_DOCUMENTED,conditional,False,,,G0005,40,format EPUB mais taille et DRM à confirmer,keywords_data/google_ads/search_volume/live,2026-09-03T14:41:31.031518+00:00,2026-09-03-qualification-9-produits-pur/raw/20-controls-0.json.gz,"[{""year"": 2026, ""month"": 7, ""search_volume"": 40}, {""year"": 2026, ""month"": 6, ""search_volume"": 40}, {""year"": 2026, ""month"": 5, ""search_volume"": 50}, {""year"": 2026, ""month"": 4, ""search_volume"": 50}, {""year"": 2026, ""month"": 3, ""search_volume"": 30}, {""year"": 2026, ""month"": 2, ""search_volume"": 30}, {""year"": 2026, ""month"": 1, ""search_volume"": 50}, {""year"": 2025, ""month"": 12, ""search_volume"": 70}, {""year"": 2025, ""month"": 11, ""search_volume"": 50}, {""year"": 2025, ""month"": 10, ""search_volume"": 10}, {""year"": 2025, ""month"": 9, ""search_volume"": 20}, {""year"": 2025, ""month"": 8, ""search_volume"": 20}]"
A5,liseuse epub pdf,40,0.33,USD_DOCUMENTED,conditional,False,,,G0005,0,format EPUB mais taille et DRM à confirmer,keywords_data/google_ads/search_volume/live,2026-09-03T14:41:31.031518+00:00,2026-09-03-qualification-9-produits-pur/raw/20-controls-0.json.gz,"[{""year"": 2026, ""month"": 7, ""search_volume"": 40}, {""year"": 2026, ""month"": 6, ""search_volume"": 40}, {""year"": 2026, ""month"": 5, ""search_volume"": 50}, {""year"": 2026, ""month"": 4, ""search_volume"": 50}, {""year"": 2026, ""month"": 3, ""search_volume"": 30}, {""year"": 2026, ""month"": 2, ""search_volume"": 30}, {""year"": 2026, ""month"": 1, ""search_volume"": 50}, {""year"": 2025, ""month"": 12, ""search_volume"": 70}, {""year"": 2025, ""month"": 11, ""search_volume"": 50}, {""year"": 2025, ""month"": 10, ""search_volume"": 10}, {""year"": 2025, ""month"": 9, ""search_volume"": 20}, {""year"": 2025, ""month"": 8, ""search_volume"": 20}]"
A5,liseuse format epub,40,0.24,USD_DOCUMENTED,conditional,False,,,G0006,40,format EPUB mais taille et DRM à confirmer,keywords_data/google_ads/search_volume/live,2026-09-03T14:41:31.031518+00:00,2026-09-03-qualification-9-produits-pur/raw/20-controls-0.json.gz,"[{""year"": 2026, ""month"": 7, ""search_volume"": 40}, {""year"": 2026, ""month"": 6, ""search_volume"": 40}, {""year"": 2026, ""month"": 5, ""search_volume"": 30}, {""year"": 2026, ""month"": 4, ""search_volume"": 20}, {""year"": 2026, ""month"": 3, ""search_volume"": 30}, {""year"": 2026, ""month"": 2, ""search_volume"": 30}, {""year"": 2026, ""month"": 1, ""search_volume"": 50}, {""year"": 2025, ""month"": 12, ""search_volume"": 70}, {""year"": 2025, ""month"": 11, ""search_volume"": 90}, {""year"": 2025, ""month"": 10, ""search_volume"": 50}, {""year"": 2025, ""month"": 9, ""search_volume"": 40}, {""year"": 2025, ""month"": 8, ""search_volume"": 40}]"
A5,petite liseuse lampe,30,0.46,USD_DOCUMENTED,incompatible,False,,,,,"lampe, logiciel, contenu ou sens non appareil",dataforseo_labs/google/keyword_suggestions/live,2026-09-03T14:36:21.181271+00:00,2026-09-03-qualification-9-produits-pur/raw/10-A5-labs-1.json.gz,"[{""year"": 2026, ""month"": 7, ""search_volume"": 20}, {""year"": 2026, ""month"": 6, ""search_volume"": 10}, {""year"": 2026, ""month"": 5, ""search_volume"": 10}, {""year"": 2026, ""month"": 4, ""search_volume"": 20}, {""year"": 2026, ""month"": 3, ""search_volume"": 20}, {""year"": 2026, ""month"": 2, ""search_volume"": 30}, {""year"": 2026, ""month"": 1, ""search_volume"": 30}, {""year"": 2025, ""month"": 12, ""search_volume"": 50}, {""year"": 2025, ""month"": 11, ""search_volume"": 50}, {""year"": 2025, ""month"": 10, ""search_volume"": 30}, {""year"": 2025, ""month"": 9, ""search_volume"": 50}, {""year"": 2025, ""month"": 8, ""search_volume"": 20}]"
A5,liseuse compatible epub,30,0.18,USD_DOCUMENTED,conditional,False,,,G0007,30,format EPUB mais taille et DRM à confirmer,keywords_data/google_ads/search_volume/live,2026-09-03T14:41:31.031518+00:00,2026-09-03-qualification-9-produits-pur/raw/20-controls-0.json.gz,"[{""year"": 2026, ""month"": 7, ""search_volume"": 50}, {""year"": 2026, ""month"": 6, ""search_volume"": 10}, {""year"": 2026, ""month"": 5, ""search_volume"": 10}, {""year"": 2026, ""month"": 4, ""search_volume"": 10}, {""year"": 2026, ""month"": 3, ""search_volume"": 20}, {""year"": 2026, ""month"": 2, ""search_volume"": 10}, {""year"": 2026, ""month"": 1, ""search_volume"": 20}, {""year"": 2025, ""month"": 12, ""search_volume"": 30}, {""year"": 2025, ""month"": 11, ""search_volume"": 50}, {""year"": 2025, ""month"": 10, ""search_volume"": 30}, {""year"": 2025, ""month"": 9, ""search_volume"": 20}, {""year"": 2025, ""month"": 8, ""search_volume"": 50}]"
A5,liseuse epub en ligne,30,,USD_DOCUMENTED,incompatible,False,,,,,"lampe, logiciel, contenu ou sens non appareil",dataforseo_labs/google/keyword_suggestions/live,2026-09-03T14:36:21.563059+00:00,2026-09-03-qualification-9-produits-pur/raw/10-A5-labs-2.json.gz,"[{""year"": 2026, ""month"": 7, ""search_volume"": 40}, {""year"": 2026, ""month"": 6, ""search_volume"": 30}, {""year"": 2026, ""month"": 5, ""search_volume"": 40}, {""year"": 2026, ""month"": 4, ""search_volume"": 30}, {""year"": 2026, ""month"": 3, ""search_volume"": 20}, {""year"": 2026, ""month"": 2, ""search_volume"": 30}, {""year"": 2026, ""month"": 1, ""search_volume"": 30}, {""year"": 2025, ""month"": 12, ""search_volume"": 20}, {""year"": 2025, ""month"": 11, ""search_volume"": 30}, {""year"": 2025, ""month"": 10, ""search_volume"": 20}, {""year"": 2025, ""month"": 9, ""search_volume"": 20}, {""year"": 2025, ""month"": 8, ""search_volume"": 10}]"
A5,liseuse kobo mini,20,0.2,USD_DOCUMENTED,core,True,,,,,petit appareil explicitement recherché,keywords_data/google_ads/search_volume/live,2026-09-03T14:41:31.031518+00:00,2026-09-03-qualification-9-produits-pur/raw/20-controls-0.json.gz,"[{""year"": 2026, ""month"": 7, ""search_volume"": 20}, {""year"": 2026, ""month"": 6, ""search_volume"": 10}, {""year"": 2026, ""month"": 5, ""search_volume"": 20}, {""year"": 2026, ""month"": 4, ""search_volume"": 10}, {""year"": 2026, ""month"": 3, ""search_volume"": 10}, {""year"": 2026, ""month"": 2, ""search_volume"": 10}, {""year"": 2026, ""month"": 1, ""search_volume"": 20}, {""year"": 2025, ""month"": 12, ""search_volume"": 10}, {""year"": 2025, ""month"": 11, ""search_volume"": 20}, {""year"": 2025, ""month"": 10, ""search_volume"": 50}, {""year"": 2025, ""month"": 9, ""search_volume"": 20}, {""year"": 2025, ""month"": 8, ""search_volume"": 40}]"
A5,petite lampe liseuse,20,0.4,USD_DOCUMENTED,incompatible,False,,,,,"lampe, logiciel, contenu ou sens non appareil",dataforseo_labs/google/keyword_suggestions/live,2026-09-03T14:36:21.181271+00:00,2026-09-03-qualification-9-produits-pur/raw/10-A5-labs-1.json.gz,"[{""year"": 2026, ""month"": 7, ""search_volume"": 10}, {""year"": 2026, ""month"": 6, ""search_volume"": 10}, {""year"": 2026, ""month"": 5, ""search_volume"": 10}, {""year"": 2026, ""month"": 4, ""search_volume"": 10}, {""year"": 2026, ""month"": 3, ""search_volume"": 10}, {""year"": 2026, ""month"": 2, ""search_volume"": 10}, {""year"": 2026, ""month"": 1, ""search_volume"": 20}, {""year"": 2025, ""month"": 12, ""search_volume"": 50}, {""year"": 2025, ""month"": 11, ""search_volume"": 20}, {""year"": 2025, ""month"": 10, ""search_volume"": 10}, {""year"": 2025, ""month"": 9, ""search_volume"": 10}, {""year"": 2025, ""month"": 8, ""search_volume"": 10}]"
A5,meilleure liseuse epub,20,0.35,USD_DOCUMENTED,conditional,False,,,G0008,20,format EPUB mais taille et DRM à confirmer,keywords_data/google_ads/search_volume/live,2026-09-03T14:41:31.031518+00:00,2026-09-03-qualification-9-produits-pur/raw/20-controls-0.json.gz,"[{""year"": 2026, ""month"": 7, ""search_volume"": 20}, {""year"": 2026, ""month"": 6, ""search_volume"": 10}, {""year"": 2026, ""month"": 5, ""search_volume"": 10}, {""year"": 2026, ""month"": 4, ""search_volume"": 10}, {""year"": 2026, ""month"": 3, ""search_volume"": 10}, {""year"": 2026, ""month"": 2, ""search_volume"": 20}, {""year"": 2026, ""month"": 1, ""search_volume"": 20}, {""year"": 2025, ""month"": 12, ""search_volume"": 20}, {""year"": 2025, ""month"": 11, ""search_volume"": 30}, {""year"": 2025, ""month"": 10, ""search_volume"": 10}, {""year"": 2025, ""month"": 9, ""search_volume"": 20}, {""year"": 2025, ""month"": 8, ""search_volume"": 20}]"
A5,liseuse kindle epub,20,,USD_DOCUMENTED,conditional,True,,,,,format EPUB mais taille et DRM à confirmer,keywords_data/google_ads/search_volume/live,2026-09-03T14:41:31.031518+00:00,2026-09-03-qualification-9-produits-pur/raw/20-controls-0.json.gz,"[{""year"": 2026, ""month"": 7, ""search_volume"": 10}, {""year"": 2026, ""month"": 6, ""search_volume"": 10}, {""year"": 2026, ""month"": 5, ""search_volume"": 20}, {""year"": 2026, ""month"": 4, ""search_volume"": 10}, {""year"": 2026, ""month"": 3, ""search_volume"": 10}, {""year"": 2026, ""month"": 2, ""search_volume"": 20}, {""year"": 2026, ""month"": 1, ""search_volume"": 20}, {""year"": 2025, ""month"": 12, ""search_volume"": 30}, {""year"": 2025, ""month"": 11, ""search_volume"": 30}, {""year"": 2025, ""month"": 10, ""search_volume"": 30}, {""year"": 2025, ""month"": 9, ""search_volume"": 20}, {""year"": 2025, ""month"": 8, ""search_volume"": 30}]"
A5,epub liseuse,20,,USD_DOCUMENTED,conditional,False,,,G0001,0,format EPUB mais taille et DRM à confirmer,keywords_data/google_ads/search_volume/live,2026-09-03T14:41:31.031518+00:00,2026-09-03-qualification-9-produits-pur/raw/20-controls-0.json.gz,"[{""year"": 2026, ""month"": 7, ""search_volume"": 10}, {""year"": 2026, ""month"": 6, ""search_volume"": 10}, {""year"": 2026, ""month"": 5, ""search_volume"": 10}, {""year"": 2026, ""month"": 4, ""search_volume"": 10}, {""year"": 2026, ""month"": 3, ""search_volume"": 10}, {""year"": 2026, ""month"": 2, ""search_volume"": 10}, {""year"": 2026, ""month"": 1, ""search_volume"": 10}, {""year"": 2025, ""month"": 12, ""search_volume"": 30}, {""year"": 2025, ""month"": 11, ""search_volume"": 50}, {""year"": 2025, ""month"": 10, ""search_volume"": 30}, {""year"": 2025, ""month"": 9, ""search_volume"": 20}, {""year"": 2025, ""month"": 8, ""search_volume"": 40}]"
A5,meilleur liseuse epub,20,0.35,USD_DOCUMENTED,conditional,False,,,G0008,0,format EPUB mais taille et DRM à confirmer,keywords_data/google_ads/search_volume/live,2026-09-03T14:41:31.031518+00:00,2026-09-03-qualification-9-produits-pur/raw/20-controls-0.json.gz,"[{""year"": 2026, ""month"": 7, ""search_volume"": 20}, {""year"": 2026, ""month"": 6, ""search_volume"": 10}, {""year"": 2026, ""month"": 5, ""search_volume"": 10}, {""year"": 2026, ""month"": 4, ""search_volume"": 10}, {""year"": 2026, ""month"": 3, ""search_volume"": 10}, {""year"": 2026, ""month"": 2, ""search_volume"": 20}, {""year"": 2026, ""month"": 1, ""search_volume"": 20}, {""year"": 2025, ""month"": 12, ""search_volume"": 20}, {""year"": 2025, ""month"": 11, ""search_volume"": 30}, {""year"": 2025, ""month"": 10, ""search_volume"": 10}, {""year"": 2025, ""month"": 9, ""search_volume"": 20}, {""year"": 2025, ""month"": 8, ""search_volume"": 20}]"
A5,liseuse epub gratuit,20,0.25,USD_DOCUMENTED,incompatible,False,,,,,"lampe, logiciel, contenu ou sens non appareil",dataforseo_labs/google/keyword_suggestions/live,2026-09-03T14:36:21.563059+00:00,2026-09-03-qualification-9-produits-pur/raw/10-A5-labs-2.json.gz,"[{""year"": 2026, ""month"": 7, ""search_volume"": 20}, {""year"": 2026, ""month"": 6, ""search_volume"": 20}, {""year"": 2026, ""month"": 5, ""search_volume"": 10}, {""year"": 2026, ""month"": 4, ""search_volume"": 20}, {""year"": 2026, ""month"": 3, ""search_volume"": 10}, {""year"": 2026, ""month"": 2, ""search_volume"": 40}, {""year"": 2026, ""month"": 1, ""search_volume"": 30}, {""year"": 2025, ""month"": 12, ""search_volume"": 20}, {""year"": 2025, ""month"": 11, ""search_volume"": 20}, {""year"": 2025, ""month"": 10, ""search_volume"": 20}, {""year"": 2025, ""month"": 9, ""search_volume"": 20}, {""year"": 2025, ""month"": 8, ""search_volume"": 20}]"
A5,ipad mini liseuse,10,,USD_DOCUMENTED,incompatible,False,,,,,"lampe, logiciel, contenu ou sens non appareil",keywords_data/google_ads/search_volume/live,2026-09-03T14:41:31.031518+00:00,2026-09-03-qualification-9-produits-pur/raw/20-controls-0.json.gz,"[{""year"": 2026, ""month"": 7, ""search_volume"": 10}, {""year"": 2026, ""month"": 6, ""search_volume"": 10}, {""year"": 2026, ""month"": 5, ""search_volume"": 10}, {""year"": 2026, ""month"": 4, ""search_volume"": 10}, {""year"": 2026, ""month"": 3, ""search_volume"": 10}, {""year"": 2026, ""month"": 2, ""search_volume"": 30}, {""year"": 2026, ""month"": 1, ""search_volume"": 10}, {""year"": 2025, ""month"": 12, ""search_volume"": 10}, {""year"": 2025, ""month"": 11, ""search_volume"": 20}, {""year"": 2025, ""month"": 10, ""search_volume"": 10}, {""year"": 2025, ""month"": 9, ""search_volume"": 10}, {""year"": 2025, ""month"": 8, ""search_volume"": 10}]"
A5,ipad mini ou liseuse,10,1.33,USD_DOCUMENTED,incompatible,False,,,,,"lampe, logiciel, contenu ou sens non appareil",keywords_data/google_ads/search_volume/live,2026-09-03T14:41:31.031518+00:00,2026-09-03-qualification-9-produits-pur/raw/20-controls-0.json.gz,"[{""year"": 2026, ""month"": 7, ""search_volume"": 10}, {""year"": 2026, ""month"": 6, ""search_volume"": 10}, {""year"": 2026, ""month"": 5, ""search_volume"": 10}, {""year"": 2026, ""month"": 4, ""search_volume"": 10}, {""year"": 2026, ""month"": 3, ""search_volume"": 10}, {""year"": 2026, ""month"": 2, ""search_volume"": 10}, {""year"": 2026, ""month"": 1, ""search_volume"": 10}, {""year"": 2025, ""month"": 12, ""search_volume"": 10}, {""year"": 2025, ""month"": 11, ""search_volume"": 10}, {""year"": 2025, ""month"": 10, ""search_volume"": 0}, {""year"": 2025, ""month"": 9, ""search_volume"": 10}, {""year"": 2025, ""month"": 8, ""search_volume"": 10}]"
A5,liseuse ipad mini,10,,USD_DOCUMENTED,incompatible,False,,,,,"lampe, logiciel, contenu ou sens non appareil",keywords_data/google_ads/search_volume/live,2026-09-03T14:41:31.031518+00:00,2026-09-03-qualification-9-produits-pur/raw/20-controls-0.json.gz,"[{""year"": 2026, ""month"": 7, ""search_volume"": 10}, {""year"": 2026, ""month"": 6, ""search_volume"": 10}, {""year"": 2026, ""month"": 5, ""search_volume"": 10}, {""year"": 2026, ""month"": 4, ""search_volume"": 10}, {""year"": 2026, ""month"": 3, ""search_volume"": 10}, {""year"": 2026, ""month"": 2, ""search_volume"": 10}, {""year"": 2026, ""month"": 1, ""search_volume"": 0}, {""year"": 2025, ""month"": 12, ""search_volume"": 10}, {""year"": 2025, ""month"": 11, ""search_volume"": 10}, {""year"": 2025, ""month"": 10, ""search_volume"": 10}, {""year"": 2025, ""month"": 9, ""search_volume"": 10}, {""year"": 2025, ""month"": 8, ""search_volume"": 10}]"
A5,liseuse ou ipad mini,10,,USD_DOCUMENTED,incompatible,False,,,,,"lampe, logiciel, contenu ou sens non appareil",keywords_data/google_ads/search_volume/live,2026-09-03T14:41:31.031518+00:00,2026-09-03-qualification-9-produits-pur/raw/20-controls-0.json.gz,"[{""year"": 2026, ""month"": 7, ""search_volume"": 0}, {""year"": 2026, ""month"": 6, ""search_volume"": 10}, {""year"": 2026, ""month"": 5, ""search_volume"": 10}, {""year"": 2026, ""month"": 4, ""search_volume"": 10}, {""year"": 2026, ""month"": 3, ""search_volume"": 10}, {""year"": 2026, ""month"": 2, ""search_volume"": 10}, {""year"": 2026, ""month"": 1, ""search_volume"": 10}, {""year"": 2025, ""month"": 12, ""search_volume"": 10}, {""year"": 2025, ""month"": 11, ""search_volume"": 10}, {""year"": 2025, ""month"": 10, ""search_volume"": 10}, {""year"": 2025, ""month"": 9, ""search_volume"": 10}, {""year"": 2025, ""month"": 8, ""search_volume"": 10}]"
A5,mini liseuse kobo,10,0.03,USD_DOCUMENTED,core,True,,,,,petit appareil explicitement recherché,keywords_data/google_ads/search_volume/live,2026-09-03T14:41:31.031518+00:00,2026-09-03-qualification-9-produits-pur/raw/20-controls-0.json.gz,"[{""year"": 2026, ""month"": 7, ""search_volume"": 10}, {""year"": 2026, ""month"": 6, ""search_volume"": 10}, {""year"": 2026, ""month"": 5, ""search_volume"": 10}, {""year"": 2026, ""month"": 4, ""search_volume"": 20}, {""year"": 2026, ""month"": 3, ""search_volume"": 10}, {""year"": 2026, ""month"": 2, ""search_volume"": 10}, {""year"": 2026, ""month"": 1, ""search_volume"": 10}, {""year"": 2025, ""month"": 12, ""search_volume"": 10}, {""year"": 2025, ""month"": 11, ""search_volume"": 10}, {""year"": 2025, ""month"": 10, ""search_volume"": 10}, {""year"": 2025, ""month"": 9, ""search_volume"": 10}, {""year"": 2025, ""month"": 8, ""search_volume"": 10}]"
A5,mini liseuse kindle,10,0.1,USD_DOCUMENTED,core,True,,,,,petit appareil explicitement recherché,keywords_data/google_ads/search_volume/live,2026-09-03T14:41:31.031518+00:00,2026-09-03-qualification-9-produits-pur/raw/20-controls-0.json.gz,"[{""year"": 2026, ""month"": 7, ""search_volume"": 20}, {""year"": 2026, ""month"": 6, ""search_volume"": 20}, {""year"": 2026, ""month"": 5, ""search_volume"": 20}, {""year"": 2026, ""month"": 4, ""search_volume"": 70}, {""year"": 2026, ""month"": 3, ""search_volume"": 20}, {""year"": 2026, ""month"": 2, ""search_volume"": 0}, {""year"": 2026, ""month"": 1, ""search_volume"": 0}, {""year"": 2025, ""month"": 12, ""search_volume"": 0}, {""year"": 2025, ""month"": 11, ""search_volume"": 0}, {""year"": 2025, ""month"": 10, ""search_volume"": 0}, {""year"": 2025, ""month"": 9, ""search_volume"": 0}, {""year"": 2025, ""month"": 8, ""search_volume"": 0}]"
A5,liseuse kobo mini fnac,10,,USD_DOCUMENTED,core,True,,,,,petit appareil explicitement recherché,keywords_data/google_ads/search_volume/live,2026-09-03T14:41:31.031518+00:00,2026-09-03-qualification-9-produits-pur/raw/20-controls-0.json.gz,"[{""year"": 2026, ""month"": 7, ""search_volume"": 0}, {""year"": 2026, ""month"": 6, ""search_volume"": 0}, {""year"": 2026, ""month"": 5, ""search_volume"": 0}, {""year"": 2026, ""month"": 4, ""search_volume"": 0}, {""year"": 2026, ""month"": 3, ""search_volume"": 0}, {""year"": 2026, ""month"": 2, ""search_volume"": 0}, {""year"": 2026, ""month"": 1, ""search_volume"": 0}, {""year"": 2025, ""month"": 12, ""search_volume"": 0}, {""year"": 2025, ""month"": 11, ""search_volume"": 0}, {""year"": 2025, ""month"": 10, ""search_volume"": 10}, {""year"": 2025, ""month"": 9, ""search_volume"": 10}, {""year"": 2025, ""month"": 8, ""search_volume"": 0}]"
A5,ipad mini comme liseuse,10,,USD_DOCUMENTED,incompatible,False,,,,,"lampe, logiciel, contenu ou sens non appareil",keywords_data/google_ads/search_volume/live,2026-09-03T14:41:31.031518+00:00,2026-09-03-qualification-9-produits-pur/raw/20-controls-0.json.gz,"[{""year"": 2026, ""month"": 7, ""search_volume"": 10}, {""year"": 2026, ""month"": 6, ""search_volume"": 10}, {""year"": 2026, ""month"": 5, ""search_volume"": 10}, {""year"": 2026, ""month"": 4, ""search_volume"": 10}, {""year"": 2026, ""month"": 3, ""search_volume"": 10}, {""year"": 2026, ""month"": 2, ""search_volume"": 10}, {""year"": 2026, ""month"": 1, ""search_volume"": 10}, {""year"": 2025, ""month"": 12, ""search_volume"": 10}, {""year"": 2025, ""month"": 11, ""search_volume"": 10}, {""year"": 2025, ""month"": 10, ""search_volume"": 10}, {""year"": 2025, ""month"": 9, ""search_volume"": 10}, {""year"": 2025, ""month"": 8, ""search_volume"": 10}]"
A5,mini liseuse led,10,0.33,USD_DOCUMENTED,incompatible,False,,,,,"lampe, logiciel, contenu ou sens non appareil",keywords_data/google_ads/search_volume/live,2026-09-03T14:41:31.031518+00:00,2026-09-03-qualification-9-produits-pur/raw/20-controls-0.json.gz,"[{""year"": 2026, ""month"": 7, ""search_volume"": 10}, {""year"": 2026, ""month"": 6, ""search_volume"": 10}, {""year"": 2026, ""month"": 5, ""search_volume"": 10}, {""year"": 2026, ""month"": 4, ""search_volume"": 10}, {""year"": 2026, ""month"": 3, ""search_volume"": 20}, {""year"": 2026, ""month"": 2, ""search_volume"": 20}, {""year"": 2026, ""month"": 1, ""search_volume"": 10}, {""year"": 2025, ""month"": 12, ""search_volume"": 10}, {""year"": 2025, ""month"": 11, ""search_volume"": 20}, {""year"": 2025, ""month"": 10, ""search_volume"": 10}, {""year"": 2025, ""month"": 9, ""search_volume"": 10}, {""year"": 2025, ""month"": 8, ""search_volume"": 10}]"
A5,liseuse de poche nolim,10,,USD_DOCUMENTED,core,True,,,,,petit appareil explicitement recherché,keywords_data/google_ads/search_volume/live,2026-09-03T14:41:31.031518+00:00,2026-09-03-qualification-9-produits-pur/raw/20-controls-0.json.gz,"[{""year"": 2026, ""month"": 7, ""search_volume"": 0}, {""year"": 2026, ""month"": 6, ""search_volume"": 0}, {""year"": 2026, ""month"": 5, ""search_volume"": 10}, {""year"": 2026, ""month"": 4, ""search_volume"": 10}, {""year"": 2026, ""month"": 3, ""search_volume"": 10}, {""year"": 2026, ""month"": 2, ""search_volume"": 10}, {""year"": 2026, ""month"": 1, ""search_volume"": 10}, {""year"": 2025, ""month"": 12, ""search_volume"": 10}, {""year"": 2025, ""month"": 11, ""search_volume"": 10}, {""year"": 2025, ""month"": 10, ""search_volume"": 0}, {""year"": 2025, ""month"": 9, ""search_volume"": 10}, {""year"": 2025, ""month"": 8, ""search_volume"": 10}]"
A5,liseuse de poche nolim prix,10,,USD_DOCUMENTED,core,True,,,,,petit appareil explicitement recherché,keywords_data/google_ads/search_volume/live,2026-09-03T14:41:31.031518+00:00,2026-09-03-qualification-9-produits-pur/raw/20-controls-0.json.gz,"[{""year"": 2026, ""month"": 7, ""search_volume"": 0}, {""year"": 2026, ""month"": 6, ""search_volume"": 0}, {""year"": 2026, ""month"": 5, ""search_volume"": 0}, {""year"": 2026, ""month"": 4, ""search_volume"": 0}, {""year"": 2026, ""month"": 3, ""search_volume"": 0}, {""year"": 2026, ""month"": 2, ""search_volume"": 0}, {""year"": 2026, ""month"": 1, ""search_volume"": 0}, {""year"": 2025, ""month"": 12, ""search_volume"": 10}, {""year"": 2025, ""month"": 11, ""search_volume"": 0}, {""year"": 2025, ""month"": 10, ""search_volume"": 10}, {""year"": 2025, ""month"": 9, ""search_volume"": 0}, {""year"": 2025, ""month"": 8, ""search_volume"": 0}]"
A5,nolim liseuse de poche,10,,USD_DOCUMENTED,core,True,,,,,petit appareil explicitement recherché,keywords_data/google_ads/search_volume/live,2026-09-03T14:41:31.031518+00:00,2026-09-03-qualification-9-produits-pur/raw/20-controls-0.json.gz,"[{""year"": 2026, ""month"": 7, ""search_volume"": 10}, {""year"": 2026, ""month"": 6, ""search_volume"": 0}, {""year"": 2026, ""month"": 5, ""search_volume"": 0}, {""year"": 2026, ""month"": 4, ""search_volume"": 0}, {""year"": 2026, ""month"": 3, ""search_volume"": 10}, {""year"": 2026, ""month"": 2, ""search_volume"": 10}, {""year"": 2026, ""month"": 1, ""search_volume"": 10}, {""year"": 2025, ""month"": 12, ""search_volume"": 10}, {""year"": 2025, ""month"": 11, ""search_volume"": 10}, {""year"": 2025, ""month"": 10, ""search_volume"": 10}, {""year"": 2025, ""month"": 9, ""search_volume"": 10}, {""year"": 2025, ""month"": 8, ""search_volume"": 10}]"
A5,liseuse pour livre de poche,10,0.06,USD_DOCUMENTED,incompatible,False,,,,,lecture de livre papier ; accessoire lumineux possible,keywords_data/google_ads/search_volume/live,2026-09-03T14:41:31.031518+00:00,2026-09-03-qualification-9-produits-pur/raw/20-controls-0.json.gz,"[{""year"": 2026, ""month"": 7, ""search_volume"": 10}, {""year"": 2026, ""month"": 6, ""search_volume"": 10}, {""year"": 2026, ""month"": 5, ""search_volume"": 10}, {""year"": 2026, ""month"": 4, ""search_volume"": 10}, {""year"": 2026, ""month"": 3, ""search_volume"": 10}, {""year"": 2026, ""month"": 2, ""search_volume"": 10}, {""year"": 2026, ""month"": 1, ""search_volume"": 10}, {""year"": 2025, ""month"": 12, ""search_volume"": 10}, {""year"": 2025, ""month"": 11, ""search_volume"": 10}, {""year"": 2025, ""month"": 10, ""search_volume"": 10}, {""year"": 2025, ""month"": 9, ""search_volume"": 10}, {""year"": 2025, ""month"": 8, ""search_volume"": 10}]"
A5,lampe liseuse de poche,10,0.49,USD_DOCUMENTED,incompatible,False,,,,,"lampe, logiciel, contenu ou sens non appareil",dataforseo_labs/google/keyword_suggestions/live,2026-09-03T14:36:20.939736+00:00,2026-09-03-qualification-9-produits-pur/raw/10-A5-labs-0.json.gz,"[{""year"": 2026, ""month"": 7, ""search_volume"": 10}, {""year"": 2026, ""month"": 6, ""search_volume"": 10}, {""year"": 2026, ""month"": 5, ""search_volume"": 10}, {""year"": 2026, ""month"": 4, ""search_volume"": 10}, {""year"": 2026, ""month"": 3, ""search_volume"": 10}, {""year"": 2026, ""month"": 2, ""search_volume"": 10}, {""year"": 2026, ""month"": 1, ""search_volume"": 10}, {""year"": 2025, ""month"": 12, ""search_volume"": 10}, {""year"": 2025, ""month"": 11, ""search_volume"": 10}, {""year"": 2025, ""month"": 10, ""search_volume"": 10}, {""year"": 2025, ""month"": 9, ""search_volume"": 10}, {""year"": 2025, ""month"": 8, ""search_volume"": 10}]"
A5,la petite liseuse sculpture,10,,USD_DOCUMENTED,incompatible,False,,,,,"lampe, logiciel, contenu ou sens non appareil",dataforseo_labs/google/keyword_suggestions/live,2026-09-03T14:36:21.181271+00:00,2026-09-03-qualification-9-produits-pur/raw/10-A5-labs-1.json.gz,"[{""year"": 2026, ""month"": 7, ""search_volume"": 10}, {""year"": 2026, ""month"": 6, ""search_volume"": 10}, {""year"": 2026, ""month"": 5, ""search_volume"": 10}, {""year"": 2026, ""month"": 4, ""search_volume"": 10}, {""year"": 2026, ""month"": 3, ""search_volume"": 10}, {""year"": 2026, ""month"": 2, ""search_volume"": 10}, {""year"": 2026, ""month"": 1, ""search_volume"": 10}, {""year"": 2025, ""month"": 12, ""search_volume"": 10}, {""year"": 2025, ""month"": 11, ""search_volume"": 10}, {""year"": 2025, ""month"": 10, ""search_volume"": 10}, {""year"": 2025, ""month"": 9, ""search_volume"": 10}, {""year"": 2025, ""month"": 8, ""search_volume"": 0}]"
A5,petite liseuse kobo,10,0.25,USD_DOCUMENTED,core,True,,,,,petit appareil explicitement recherché,keywords_data/google_ads/search_volume/live,2026-09-03T14:41:31.031518+00:00,2026-09-03-qualification-9-produits-pur/raw/20-controls-0.json.gz,"[{""year"": 2026, ""month"": 7, ""search_volume"": 10}, {""year"": 2026, ""month"": 6, ""search_volume"": 10}, {""year"": 2026, ""month"": 5, ""search_volume"": 10}, {""year"": 2026, ""month"": 4, ""search_volume"": 10}, {""year"": 2026, ""month"": 3, ""search_volume"": 10}, {""year"": 2026, ""month"": 2, ""search_volume"": 10}, {""year"": 2026, ""month"": 1, ""search_volume"": 10}, {""year"": 2025, ""month"": 12, ""search_volume"": 20}, {""year"": 2025, ""month"": 11, ""search_volume"": 0}, {""year"": 2025, ""month"": 10, ""search_volume"": 0}, {""year"": 2025, ""month"": 9, ""search_volume"": 0}, {""year"": 2025, ""month"": 8, ""search_volume"": 0}]"
A5,liseuse epub windows,10,,USD_DOCUMENTED,incompatible,False,,,,,"lampe, logiciel, contenu ou sens non appareil",dataforseo_labs/google/keyword_suggestions/live,2026-09-03T14:36:21.563059+00:00,2026-09-03-qualification-9-produits-pur/raw/10-A5-labs-2.json.gz,"[{""year"": 2026, ""month"": 7, ""search_volume"": 10}, {""year"": 2026, ""month"": 6, ""search_volume"": 10}, {""year"": 2026, ""month"": 5, ""search_volume"": 10}, {""year"": 2026, ""month"": 4, ""search_volume"": 10}, {""year"": 2026, ""month"": 3, ""search_volume"": 10}, {""year"": 2026, ""month"": 2, ""search_volume"": 10}, {""year"": 2026, ""month"": 1, ""search_volume"": 10}, {""year"": 2025, ""month"": 12, ""search_volume"": 10}, {""year"": 2025, ""month"": 11, ""search_volume"": 10}, {""year"": 2025, ""month"": 10, ""search_volume"": 10}, {""year"": 2025, ""month"": 9, ""search_volume"": 10}, {""year"": 2025, ""month"": 8, ""search_volume"": 10}]"
A5,liseuse kindle format epub,10,1.09,USD_DOCUMENTED,conditional,True,,,,,format EPUB mais taille et DRM à confirmer,keywords_data/google_ads/search_volume/live,2026-09-03T14:41:31.031518+00:00,2026-09-03-qualification-9-produits-pur/raw/20-controls-0.json.gz,"[{""year"": 2026, ""month"": 7, ""search_volume"": 10}, {""year"": 2026, ""month"": 6, ""search_volume"": 10}, {""year"": 2026, ""month"": 5, ""search_volume"": 10}, {""year"": 2026, ""month"": 4, ""search_volume"": 10}, {""year"": 2026, ""month"": 3, ""search_volume"": 10}, {""year"": 2026, ""month"": 2, ""search_volume"": 10}, {""year"": 2026, ""month"": 1, ""search_volume"": 10}, {""year"": 2025, ""month"": 12, ""search_volume"": 10}, {""year"": 2025, ""month"": 11, ""search_volume"": 20}, {""year"": 2025, ""month"": 10, ""search_volume"": 10}, {""year"": 2025, ""month"": 9, ""search_volume"": 10}, {""year"": 2025, ""month"": 8, ""search_volume"": 10}]"
A5,liseuse pdf epub,10,0.12,USD_DOCUMENTED,conditional,False,,,G0005,0,format EPUB mais taille et DRM à confirmer,keywords_data/google_ads/search_volume/live,2026-09-03T14:41:31.031518+00:00,2026-09-03-qualification-9-produits-pur/raw/20-controls-0.json.gz,"[{""year"": 2026, ""month"": 7, ""search_volume"": 10}, {""year"": 2026, ""month"": 6, ""search_volume"": 10}, {""year"": 2026, ""month"": 5, ""search_volume"": 10}, {""year"": 2026, ""month"": 4, ""search_volume"": 10}, {""year"": 2026, ""month"": 3, ""search_volume"": 10}, {""year"": 2026, ""month"": 2, ""search_volume"": 10}, {""year"": 2026, ""month"": 1, ""search_volume"": 10}, {""year"": 2025, ""month"": 12, ""search_volume"": 10}, {""year"": 2025, ""month"": 11, ""search_volume"": 10}, {""year"": 2025, ""month"": 10, ""search_volume"": 10}, {""year"": 2025, ""month"": 9, ""search_volume"": 10}, {""year"": 2025, ""month"": 8, ""search_volume"": 20}]"
A5,format epub liseuse,10,,USD_DOCUMENTED,conditional,False,,,G0006,0,format EPUB mais taille et DRM à confirmer,keywords_data/google_ads/search_volume/live,2026-09-03T14:41:31.031518+00:00,2026-09-03-qualification-9-produits-pur/raw/20-controls-0.json.gz,"[{""year"": 2026, ""month"": 7, ""search_volume"": 10}, {""year"": 2026, ""month"": 6, ""search_volume"": 10}, {""year"": 2026, ""month"": 5, ""search_volume"": 10}, {""year"": 2026, ""month"": 4, ""search_volume"": 10}, {""year"": 2026, ""month"": 3, ""search_volume"": 10}, {""year"": 2026, ""month"": 2, ""search_volume"": 10}, {""year"": 2026, ""month"": 1, ""search_volume"": 10}, {""year"": 2025, ""month"": 12, ""search_volume"": 10}, {""year"": 2025, ""month"": 11, ""search_volume"": 20}, {""year"": 2025, ""month"": 10, ""search_volume"": 30}, {""year"": 2025, ""month"": 9, ""search_volume"": 10}, {""year"": 2025, ""month"": 8, ""search_volume"": 10}]"
A5,liseuse électronique epub,10,,USD_DOCUMENTED,conditional,False,,,G0009,10,format EPUB mais taille et DRM à confirmer,keywords_data/google_ads/search_volume/live,2026-09-03T14:41:31.031518+00:00,2026-09-03-qualification-9-produits-pur/raw/20-controls-0.json.gz,"[{""year"": 2026, ""month"": 7, ""search_volume"": 0}, {""year"": 2026, ""month"": 6, ""search_volume"": 0}, {""year"": 2026, ""month"": 5, ""search_volume"": 0}, {""year"": 2026, ""month"": 4, ""search_volume"": 0}, {""year"": 2026, ""month"": 3, ""search_volume"": 0}, {""year"": 2026, ""month"": 2, ""search_volume"": 0}, {""year"": 2026, ""month"": 1, ""search_volume"": 10}, {""year"": 2025, ""month"": 12, ""search_volume"": 10}, {""year"": 2025, ""month"": 11, ""search_volume"": 0}, {""year"": 2025, ""month"": 10, ""search_volume"": 0}, {""year"": 2025, ""month"": 9, ""search_volume"": 0}, {""year"": 2025, ""month"": 8, ""search_volume"": 10}]"
A5,liseuse fichier epub,10,0.57,USD_DOCUMENTED,conditional,False,,,G0010,10,format EPUB mais taille et DRM à confirmer,keywords_data/google_ads/search_volume/live,2026-09-03T14:41:31.031518+00:00,2026-09-03-qualification-9-produits-pur/raw/20-controls-0.json.gz,"[{""year"": 2026, ""month"": 7, ""search_volume"": 10}, {""year"": 2026, ""month"": 6, ""search_volume"": 10}, {""year"": 2026, ""month"": 5, ""search_volume"": 10}, {""year"": 2026, ""month"": 4, ""search_volume"": 10}, {""year"": 2026, ""month"": 3, ""search_volume"": 10}, {""year"": 2026, ""month"": 2, ""search_volume"": 10}, {""year"": 2026, ""month"": 1, ""search_volume"": 10}, {""year"": 2025, ""month"": 12, ""search_volume"": 10}, {""year"": 2025, ""month"": 11, ""search_volume"": 10}, {""year"": 2025, ""month"": 10, ""search_volume"": 10}, {""year"": 2025, ""month"": 9, ""search_volume"": 10}, {""year"": 2025, ""month"": 8, ""search_volume"": 10}]"
A5,liseuse qui lit les epub,10,,USD_DOCUMENTED,conditional,False,,,G0011,10,format EPUB mais taille et DRM à confirmer,keywords_data/google_ads/search_volume/live,2026-09-03T14:41:31.031518+00:00,2026-09-03-qualification-9-produits-pur/raw/20-controls-0.json.gz,"[{""year"": 2026, ""month"": 7, ""search_volume"": 0}, {""year"": 2026, ""month"": 6, ""search_volume"": 10}, {""year"": 2026, ""month"": 5, ""search_volume"": 10}, {""year"": 2026, ""month"": 4, ""search_volume"": 10}, {""year"": 2026, ""month"": 3, ""search_volume"": 10}, {""year"": 2026, ""month"": 2, ""search_volume"": 10}, {""year"": 2026, ""month"": 1, ""search_volume"": 10}, {""year"": 2025, ""month"": 12, ""search_volume"": 10}, {""year"": 2025, ""month"": 11, ""search_volume"": 10}, {""year"": 2025, ""month"": 10, ""search_volume"": 10}, {""year"": 2025, ""month"": 9, ""search_volume"": 10}, {""year"": 2025, ""month"": 8, ""search_volume"": 10}]"
A5,quelle liseuse pour format epub,10,0.19,USD_DOCUMENTED,conditional,False,,,G0012,10,format EPUB mais taille et DRM à confirmer,keywords_data/google_ads/search_volume/live,2026-09-03T14:41:31.031518+00:00,2026-09-03-qualification-9-produits-pur/raw/20-controls-0.json.gz,"[{""year"": 2026, ""month"": 7, ""search_volume"": 10}, {""year"": 2026, ""month"": 6, ""search_volume"": 10}, {""year"": 2026, ""month"": 5, ""search_volume"": 10}, {""year"": 2026, ""month"": 4, ""search_volume"": 10}, {""year"": 2026, ""month"": 3, ""search_volume"": 10}, {""year"": 2026, ""month"": 2, ""search_volume"": 10}, {""year"": 2026, ""month"": 1, ""search_volume"": 10}, {""year"": 2025, ""month"": 12, ""search_volume"": 10}, {""year"": 2025, ""month"": 11, ""search_volume"": 10}, {""year"": 2025, ""month"": 10, ""search_volume"": 10}, {""year"": 2025, ""month"": 9, ""search_volume"": 10}, {""year"": 2025, ""month"": 8, ""search_volume"": 10}]"
A5,transférer fichier epub sur liseuse kobo,10,,USD_DOCUMENTED,conditional,True,,,,,format EPUB mais taille et DRM à confirmer,keywords_data/google_ads/search_volume/live,2026-09-03T14:41:31.031518+00:00,2026-09-03-qualification-9-produits-pur/raw/20-controls-0.json.gz,"[{""year"": 2026, ""month"": 7, ""search_volume"": 0}, {""year"": 2026, ""month"": 6, ""search_volume"": 10}, {""year"": 2026, ""month"": 5, ""search_volume"": 0}, {""year"": 2026, ""month"": 4, ""search_volume"": 0}, {""year"": 2026, ""month"": 3, ""search_volume"": 0}, {""year"": 2026, ""month"": 2, ""search_volume"": 10}, {""year"": 2026, ""month"": 1, ""search_volume"": 10}, {""year"": 2025, ""month"": 12, ""search_volume"": 10}, {""year"": 2025, ""month"": 11, ""search_volume"": 10}, {""year"": 2025, ""month"": 10, ""search_volume"": 10}, {""year"": 2025, ""month"": 9, ""search_volume"": 10}, {""year"": 2025, ""month"": 8, ""search_volume"": 20}]"
A5,liseuse epub pas cher,10,0.45,USD_DOCUMENTED,conditional,False,,,G0013,10,format EPUB mais taille et DRM à confirmer,keywords_data/google_ads/search_volume/live,2026-09-03T14:41:31.031518+00:00,2026-09-03-qualification-9-produits-pur/raw/20-controls-0.json.gz,"[{""year"": 2026, ""month"": 7, ""search_volume"": 10}, {""year"": 2026, ""month"": 6, ""search_volume"": 0}, {""year"": 2026, ""month"": 5, ""search_volume"": 10}, {""year"": 2026, ""month"": 4, ""search_volume"": 10}, {""year"": 2026, ""month"": 3, ""search_volume"": 10}, {""year"": 2026, ""month"": 2, ""search_volume"": 0}, {""year"": 2026, ""month"": 1, ""search_volume"": 10}, {""year"": 2025, ""month"": 12, ""search_volume"": 10}, {""year"": 2025, ""month"": 11, ""search_volume"": 30}, {""year"": 2025, ""month"": 10, ""search_volume"": 10}, {""year"": 2025, ""month"": 9, ""search_volume"": 20}, {""year"": 2025, ""month"": 8, ""search_volume"": 20}]"
A5,quelle liseuse pour epub,10,0.21,USD_DOCUMENTED,conditional,False,,,G0014,10,format EPUB mais taille et DRM à confirmer,keywords_data/google_ads/search_volume/live,2026-09-03T14:41:31.031518+00:00,2026-09-03-qualification-9-produits-pur/raw/20-controls-0.json.gz,"[{""year"": 2026, ""month"": 7, ""search_volume"": 10}, {""year"": 2026, ""month"": 6, ""search_volume"": 10}, {""year"": 2026, ""month"": 5, ""search_volume"": 10}, {""year"": 2026, ""month"": 4, ""search_volume"": 10}, {""year"": 2026, ""month"": 3, ""search_volume"": 10}, {""year"": 2026, ""month"": 2, ""search_volume"": 10}, {""year"": 2026, ""month"": 1, ""search_volume"": 10}, {""year"": 2025, ""month"": 12, ""search_volume"": 10}, {""year"": 2025, ""month"": 11, ""search_volume"": 20}, {""year"": 2025, ""month"": 10, ""search_volume"": 10}, {""year"": 2025, ""month"": 9, ""search_volume"": 10}, {""year"": 2025, ""month"": 8, ""search_volume"": 10}]"
A5,liseuse epub pc,10,,USD_DOCUMENTED,conditional,False,,,G0015,10,format EPUB mais taille et DRM à confirmer,keywords_data/google_ads/search_volume/live,2026-09-03T14:41:31.031518+00:00,2026-09-03-qualification-9-produits-pur/raw/20-controls-0.json.gz,"[{""year"": 2026, ""month"": 7, ""search_volume"": 10}, {""year"": 2026, ""month"": 6, ""search_volume"": 10}, {""year"": 2026, ""month"": 5, ""search_volume"": 10}, {""year"": 2026, ""month"": 4, ""search_volume"": 10}, {""year"": 2026, ""month"": 3, ""search_volume"": 10}, {""year"": 2026, ""month"": 2, ""search_volume"": 10}, {""year"": 2026, ""month"": 1, ""search_volume"": 10}, {""year"": 2025, ""month"": 12, ""search_volume"": 10}, {""year"": 2025, ""month"": 11, ""search_volume"": 10}, {""year"": 2025, ""month"": 10, ""search_volume"": 10}, {""year"": 2025, ""month"": 9, ""search_volume"": 10}, {""year"": 2025, ""month"": 8, ""search_volume"": 10}]"
A5,liseuse kobo epub,10,0.2,USD_DOCUMENTED,conditional,True,,,,,format EPUB mais taille et DRM à confirmer,keywords_data/google_ads/search_volume/live,2026-09-03T14:41:31.031518+00:00,2026-09-03-qualification-9-produits-pur/raw/20-controls-0.json.gz,"[{""year"": 2026, ""month"": 7, ""search_volume"": 10}, {""year"": 2026, ""month"": 6, ""search_volume"": 10}, {""year"": 2026, ""month"": 5, ""search_volume"": 10}, {""year"": 2026, ""month"": 4, ""search_volume"": 10}, {""year"": 2026, ""month"": 3, ""search_volume"": 10}, {""year"": 2026, ""month"": 2, ""search_volume"": 10}, {""year"": 2026, ""month"": 1, ""search_volume"": 10}, {""year"": 2025, ""month"": 12, ""search_volume"": 20}, {""year"": 2025, ""month"": 11, ""search_volume"": 30}, {""year"": 2025, ""month"": 10, ""search_volume"": 20}, {""year"": 2025, ""month"": 9, ""search_volume"": 10}, {""year"": 2025, ""month"": 8, ""search_volume"": 20}]"
A5,liseuse amazon epub,10,0.32,USD_DOCUMENTED,conditional,True,,,,,format EPUB mais taille et DRM à confirmer,keywords_data/google_ads/search_volume/live,2026-09-03T14:41:31.031518+00:00,2026-09-03-qualification-9-produits-pur/raw/20-controls-0.json.gz,"[{""year"": 2026, ""month"": 7, ""search_volume"": 10}, {""year"": 2026, ""month"": 6, ""search_volume"": 10}, {""year"": 2026, ""month"": 5, ""search_volume"": 10}, {""year"": 2026, ""month"": 4, ""search_volume"": 10}, {""year"": 2026, ""month"": 3, ""search_volume"": 10}, {""year"": 2026, ""month"": 2, ""search_volume"": 10}, {""year"": 2026, ""month"": 1, ""search_volume"": 10}, {""year"": 2025, ""month"": 12, ""search_volume"": 10}, {""year"": 2025, ""month"": 11, ""search_volume"": 10}, {""year"": 2025, ""month"": 10, ""search_volume"": 10}, {""year"": 2025, ""month"": 9, ""search_volume"": 10}, {""year"": 2025, ""month"": 8, ""search_volume"": 10}]"
A5,liseuse kobo format epub,10,,USD_DOCUMENTED,conditional,True,,,,,format EPUB mais taille et DRM à confirmer,keywords_data/google_ads/search_volume/live,2026-09-03T14:41:31.031518+00:00,2026-09-03-qualification-9-produits-pur/raw/20-controls-0.json.gz,"[{""year"": 2026, ""month"": 7, ""search_volume"": 0}, {""year"": 2026, ""month"": 6, ""search_volume"": 0}, {""year"": 2026, ""month"": 5, ""search_volume"": 10}, {""year"": 2026, ""month"": 4, ""search_volume"": 0}, {""year"": 2026, ""month"": 3, ""search_volume"": 10}, {""year"": 2026, ""month"": 2, ""search_volume"": 10}, {""year"": 2026, ""month"": 1, ""search_volume"": 10}, {""year"": 2025, ""month"": 12, ""search_volume"": 20}, {""year"": 2025, ""month"": 11, ""search_volume"": 10}, {""year"": 2025, ""month"": 10, ""search_volume"": 10}, {""year"": 2025, ""month"": 9, ""search_volume"": 10}, {""year"": 2025, ""month"": 8, ""search_volume"": 10}]"
A5,liseuse numérique epub,10,,USD_DOCUMENTED,conditional,False,,,G0016,10,format EPUB mais taille et DRM à confirmer,keywords_data/google_ads/search_volume/live,2026-09-03T14:41:31.031518+00:00,2026-09-03-qualification-9-produits-pur/raw/20-controls-0.json.gz,"[{""year"": 2026, ""month"": 7, ""search_volume"": 10}, {""year"": 2026, ""month"": 6, ""search_volume"": 0}, {""year"": 2026, ""month"": 5, ""search_volume"": 0}, {""year"": 2026, ""month"": 4, ""search_volume"": 0}, {""year"": 2026, ""month"": 3, ""search_volume"": 10}, {""year"": 2026, ""month"": 2, ""search_volume"": 10}, {""year"": 2026, ""month"": 1, ""search_volume"": 0}, {""year"": 2025, ""month"": 12, ""search_volume"": 0}, {""year"": 2025, ""month"": 11, ""search_volume"": 10}, {""year"": 2025, ""month"": 10, ""search_volume"": 10}, {""year"": 2025, ""month"": 9, ""search_volume"": 10}, {""year"": 2025, ""month"": 8, ""search_volume"": 0}]"
A5,comment transférer livre epub sur liseuse kobo,10,,USD_DOCUMENTED,information,True,,,,,"usage/SAV/risque, hors demande achat directe",dataforseo_labs/google/keyword_suggestions/live,2026-09-03T14:36:21.563059+00:00,2026-09-03-qualification-9-produits-pur/raw/10-A5-labs-2.json.gz,"[{""year"": 2026, ""month"": 7, ""search_volume"": 0}, {""year"": 2026, ""month"": 6, ""search_volume"": 0}, {""year"": 2026, ""month"": 5, ""search_volume"": 0}, {""year"": 2026, ""month"": 4, ""search_volume"": 0}, {""year"": 2026, ""month"": 3, ""search_volume"": 0}, {""year"": 2026, ""month"": 2, ""search_volume"": 0}, {""year"": 2026, ""month"": 1, ""search_volume"": 0}, {""year"": 2025, ""month"": 12, ""search_volume"": 10}, {""year"": 2025, ""month"": 11, ""search_volume"": 10}, {""year"": 2025, ""month"": 10, ""search_volume"": 10}, {""year"": 2025, ""month"": 9, ""search_volume"": 10}, {""year"": 2025, ""month"": 8, ""search_volume"": 10}]"
A5,liseuse epub android,10,0.57,USD_DOCUMENTED,incompatible,False,,,,,"lampe, logiciel, contenu ou sens non appareil",dataforseo_labs/google/keyword_suggestions/live,2026-09-03T14:36:21.563059+00:00,2026-09-03-qualification-9-produits-pur/raw/10-A5-labs-2.json.gz,"[{""year"": 2026, ""month"": 7, ""search_volume"": 10}, {""year"": 2026, ""month"": 6, ""search_volume"": 10}, {""year"": 2026, ""month"": 5, ""search_volume"": 10}, {""year"": 2026, ""month"": 4, ""search_volume"": 10}, {""year"": 2026, ""month"": 3, ""search_volume"": 10}, {""year"": 2026, ""month"": 2, ""search_volume"": 10}, {""year"": 2026, ""month"": 1, ""search_volume"": 10}, {""year"": 2025, ""month"": 12, ""search_volume"": 10}, {""year"": 2025, ""month"": 11, ""search_volume"": 10}, {""year"": 2025, ""month"": 10, ""search_volume"": 10}, {""year"": 2025, ""month"": 9, ""search_volume"": 10}, {""year"": 2025, ""month"": 8, ""search_volume"": 10}]"
A5,liseuse xteink,10,0.14,USD_DOCUMENTED,parent,True,,,,,"liseuse générale, mini-format non demandé",keywords_data/google_ads/search_volume/live,2026-09-03T11:50:48.626635+00:00,2026-09-03-test-decouverte-search-12/05-live-volume-controls.json.gz,"[{""year"": 2026, ""month"": 7, ""search_volume"": 90}, {""year"": 2026, ""month"": 6, ""search_volume"": 50}, {""year"": 2026, ""month"": 5, ""search_volume"": 0}, {""year"": 2026, ""month"": 4, ""search_volume"": 0}, {""year"": 2026, ""month"": 3, ""search_volume"": 0}, {""year"": 2026, ""month"": 2, ""search_volume"": 0}, {""year"": 2026, ""month"": 1, ""search_volume"": 0}, {""year"": 2025, ""month"": 12, ""search_volume"": 0}, {""year"": 2025, ""month"": 11, ""search_volume"": 0}, {""year"": 2025, ""month"": 10, ""search_volume"": 0}, {""year"": 2025, ""month"": 9, ""search_volume"": 0}, {""year"": 2025, ""month"": 8, ""search_volume"": 0}]"
A5,liseuse kobo mini occasion,,,USD_DOCUMENTED,core,True,,,,,petit appareil explicitement recherché,keywords_data/google_ads/search_volume/live,2026-09-03T14:41:31.031518+00:00,2026-09-03-qualification-9-produits-pur/raw/20-controls-0.json.gz,[]
A5,liseuse sur ipad mini,,,USD_DOCUMENTED,incompatible,False,,,,,"lampe, logiciel, contenu ou sens non appareil",keywords_data/google_ads/search_volume/live,2026-09-03T14:41:31.031518+00:00,2026-09-03-qualification-9-produits-pur/raw/20-controls-0.json.gz,[]
A5,la liseuse de poche nolim,,,USD_DOCUMENTED,core,True,,,,,petit appareil explicitement recherché,keywords_data/google_ads/search_volume/live,2026-09-03T14:41:31.031518+00:00,2026-09-03-qualification-9-produits-pur/raw/20-controls-0.json.gz,[]
A5,liseuse de poche led,,,USD_DOCUMENTED,incompatible,False,,,,,"lampe, logiciel, contenu ou sens non appareil",keywords_data/google_ads/search_volume/live,2026-09-03T14:41:31.031518+00:00,2026-09-03-qualification-9-produits-pur/raw/20-controls-0.json.gz,[]
A5,liseuse cuir livre de poche,,,USD_DOCUMENTED,incompatible,False,,,,,lecture de livre papier ; accessoire lumineux possible,keywords_data/google_ads/search_volume/live,2026-09-03T14:41:31.031518+00:00,2026-09-03-qualification-9-produits-pur/raw/20-controls-0.json.gz,[]
A5,jef aerosol la petite liseuse,,,USD_DOCUMENTED,core,False,G0004,,G0017,,petit appareil explicitement recherché,keywords_data/google_ads/search_volume/live,2026-09-03T14:41:31.031518+00:00,2026-09-03-qualification-9-produits-pur/raw/20-controls-0.json.gz,[]
A5,la petite liseuse film,,,USD_DOCUMENTED,core,False,G0005,,G0018,,petit appareil explicitement recherché,keywords_data/google_ads/search_volume/live,2026-09-03T14:41:31.031518+00:00,2026-09-03-qualification-9-produits-pur/raw/20-controls-0.json.gz,[]
A5,la petite liseuse de balzac,,,USD_DOCUMENTED,core,False,G0006,,G0019,,petit appareil explicitement recherché,keywords_data/google_ads/search_volume/live,2026-09-03T14:41:31.031518+00:00,2026-09-03-qualification-9-produits-pur/raw/20-controls-0.json.gz,[]
A5,jef aérosol la petite liseuse,,,USD_DOCUMENTED,core,False,G0004,0,G0017,0,petit appareil explicitement recherché,keywords_data/google_ads/search_volume/live,2026-09-03T14:41:31.031518+00:00,2026-09-03-qualification-9-produits-pur/raw/20-controls-0.json.gz,[]
A5,la petite liseuse jef aérosol,,,USD_DOCUMENTED,core,False,G0004,0,G0017,0,petit appareil explicitement recherché,keywords_data/google_ads/search_volume/live,2026-09-03T14:41:31.031518+00:00,2026-09-03-qualification-9-produits-pur/raw/20-controls-0.json.gz,[]
A5,liseuse kindle et epub,,,USD_DOCUMENTED,conditional,True,,,,,format EPUB mais taille et DRM à confirmer,keywords_data/google_ads/search_volume/live,2026-09-03T14:41:31.031518+00:00,2026-09-03-qualification-9-produits-pur/raw/20-controls-0.json.gz,[]
A5,liseuse bookeen format epub,,,USD_DOCUMENTED,conditional,True,,,,,format EPUB mais taille et DRM à confirmer,keywords_data/google_ads/search_volume/live,2026-09-03T14:41:31.031518+00:00,2026-09-03-qualification-9-produits-pur/raw/20-controls-0.json.gz,[]
A5,liseuse epub windows 10,,,USD_DOCUMENTED,incompatible,False,,,,,"lampe, logiciel, contenu ou sens non appareil",dataforseo_labs/google/keyword_suggestions/live,2026-09-03T14:36:21.563059+00:00,2026-09-03-qualification-9-produits-pur/raw/10-A5-labs-2.json.gz,"[{""year"": 2026, ""month"": 5, ""search_volume"": 0}, {""year"": 2026, ""month"": 4, ""search_volume"": 0}, {""year"": 2026, ""month"": 3, ""search_volume"": 0}, {""year"": 2026, ""month"": 2, ""search_volume"": 0}, {""year"": 2026, ""month"": 1, ""search_volume"": 0}, {""year"": 2025, ""month"": 12, ""search_volume"": 0}, {""year"": 2025, ""month"": 11, ""search_volume"": 0}, {""year"": 2025, ""month"": 10, ""search_volume"": 0}, {""year"": 2025, ""month"": 9, ""search_volume"": 0}, {""year"": 2025, ""month"": 8, ""search_volume"": 0}, {""year"": 2025, ""month"": 7, ""search_volume"": 0}, {""year"": 2025, ""month"": 6, ""search_volume"": 0}]"
A5,meilleur liseuse pdf epub,,,USD_DOCUMENTED,conditional,False,,,G0021,,format EPUB mais taille et DRM à confirmer,keywords_data/google_ads/search_volume/live,2026-09-03T14:41:31.031518+00:00,2026-09-03-qualification-9-produits-pur/raw/20-controls-0.json.gz,[]
A5,liseuse kindle compatible epub,,,USD_DOCUMENTED,conditional,True,,,,,format EPUB mais taille et DRM à confirmer,keywords_data/google_ads/search_volume/live,2026-09-03T14:41:31.031518+00:00,2026-09-03-qualification-9-produits-pur/raw/20-controls-0.json.gz,[]
A5,epub fixed layout liseuse,,,USD_DOCUMENTED,conditional,False,,,G0022,,format EPUB mais taille et DRM à confirmer,keywords_data/google_ads/search_volume/live,2026-09-03T14:41:31.031518+00:00,2026-09-03-qualification-9-produits-pur/raw/20-controls-0.json.gz,[]
A5,liseuse epub sans drm,,,USD_DOCUMENTED,conditional,False,,,G0023,,format EPUB mais taille et DRM à confirmer,keywords_data/google_ads/search_volume/live,2026-09-03T14:41:31.031518+00:00,2026-09-03-qualification-9-produits-pur/raw/20-controls-0.json.gz,[]
A5,application liseuse epub,,,USD_DOCUMENTED,incompatible,False,,,,,"lampe, logiciel, contenu ou sens non appareil",dataforseo_labs/google/keyword_suggestions/live,2026-09-03T14:36:21.563059+00:00,2026-09-03-qualification-9-produits-pur/raw/10-A5-labs-2.json.gz,"[{""year"": 2026, ""month"": 5, ""search_volume"": 0}, {""year"": 2026, ""month"": 4, ""search_volume"": 0}, {""year"": 2026, ""month"": 3, ""search_volume"": 0}, {""year"": 2026, ""month"": 2, ""search_volume"": 0}, {""year"": 2026, ""month"": 1, ""search_volume"": 0}, {""year"": 2025, ""month"": 12, ""search_volume"": 0}, {""year"": 2025, ""month"": 11, ""search_volume"": 0}, {""year"": 2025, ""month"": 10, ""search_volume"": 0}, {""year"": 2025, ""month"": 9, ""search_volume"": 0}, {""year"": 2025, ""month"": 8, ""search_volume"": 0}, {""year"": 2025, ""month"": 7, ""search_volume"": 0}, {""year"": 2025, ""month"": 6, ""search_volume"": 0}]"
A5,liseuse epub linux,,,USD_DOCUMENTED,conditional,False,,,G0024,,format EPUB mais taille et DRM à confirmer,keywords_data/google_ads/search_volume/live,2026-09-03T14:41:31.031518+00:00,2026-09-03-qualification-9-produits-pur/raw/20-controls-0.json.gz,[]
A5,liseuse epub couleur,,,USD_DOCUMENTED,conditional,False,,,G0025,,format EPUB mais taille et DRM à confirmer,keywords_data/google_ads/search_volume/live,2026-09-03T14:41:31.031518+00:00,2026-09-03-qualification-9-produits-pur/raw/20-controls-0.json.gz,[]
A5,liseuse electronique,,,USD_DOCUMENTED,parent,False,,,,,"liseuse générale, mini-format non demandé",keywords_data/google_ads/search_volume/live,2026-09-03T11:50:48.626635+00:00,2026-09-03-test-decouverte-search-12/05-live-volume-controls.json.gz,[]
A5,liseuse compacte,0,,USD_DOCUMENTED,core,False,G0007,0,G0020,0,petit appareil explicitement recherché,keywords_data/google_ads/search_volume/live,2026-09-03T14:41:31.031518+00:00,2026-09-03-qualification-9-produits-pur/raw/20-controls-0.json.gz,"[{""year"": 2026, ""month"": 7, ""search_volume"": 0}, {""year"": 2026, ""month"": 6, ""search_volume"": 0}, {""year"": 2026, ""month"": 5, ""search_volume"": 0}, {""year"": 2026, ""month"": 4, ""search_volume"": 0}, {""year"": 2026, ""month"": 3, ""search_volume"": 0}, {""year"": 2026, ""month"": 2, ""search_volume"": 0}, {""year"": 2026, ""month"": 1, ""search_volume"": 0}, {""year"": 2025, ""month"": 12, ""search_volume"": 0}, {""year"": 2025, ""month"": 11, ""search_volume"": 0}, {""year"": 2025, ""month"": 10, ""search_volume"": 0}, {""year"": 2025, ""month"": 9, ""search_volume"": 0}, {""year"": 2025, ""month"": 8, ""search_volume"": 0}]"
