candidate_id,keyword,volume,cpc,currency,scope,branded,core_group_id,counted_core_volume,group_id,counted_volume,exclusion_or_condition,endpoint,observed_at_utc,source,monthly_searches_json
A6,rasoir de surete,9900,0.91,USD_DOCUMENTED,core,False,G0001,9900,G0001,9900,rasoir de sûreté/sécurité homme ou non genré,keywords_data/google_ads/search_volume/live,2026-09-03T14:41:31.031518+00:00,2026-09-03-qualification-9-produits-pur/raw/20-controls-0.json.gz,"[{""year"": 2026, ""month"": 7, ""search_volume"": 14800}, {""year"": 2026, ""month"": 6, ""search_volume"": 18100}, {""year"": 2026, ""month"": 5, ""search_volume"": 12100}, {""year"": 2026, ""month"": 4, ""search_volume"": 9900}, {""year"": 2026, ""month"": 3, ""search_volume"": 9900}, {""year"": 2026, ""month"": 2, ""search_volume"": 8100}, {""year"": 2026, ""month"": 1, ""search_volume"": 8100}, {""year"": 2025, ""month"": 12, ""search_volume"": 9900}, {""year"": 2025, ""month"": 11, ""search_volume"": 9900}, {""year"": 2025, ""month"": 10, ""search_volume"": 8100}, {""year"": 2025, ""month"": 9, ""search_volume"": 8100}, {""year"": 2025, ""month"": 8, ""search_volume"": 12100}]"
A6,rasoir de sûreté,9900,0.91,USD_DOCUMENTED,core,False,G0001,0,G0001,0,rasoir de sûreté/sécurité homme ou non genré,keywords_data/google_ads/search_volume/live,2026-09-03T14:41:31.031518+00:00,2026-09-03-qualification-9-produits-pur/raw/20-controls-0.json.gz,"[{""year"": 2026, ""month"": 7, ""search_volume"": 14800}, {""year"": 2026, ""month"": 6, ""search_volume"": 18100}, {""year"": 2026, ""month"": 5, ""search_volume"": 12100}, {""year"": 2026, ""month"": 4, ""search_volume"": 9900}, {""year"": 2026, ""month"": 3, ""search_volume"": 9900}, {""year"": 2026, ""month"": 2, ""search_volume"": 8100}, {""year"": 2026, ""month"": 1, ""search_volume"": 8100}, {""year"": 2025, ""month"": 12, ""search_volume"": 9900}, {""year"": 2025, ""month"": 11, ""search_volume"": 9900}, {""year"": 2025, ""month"": 10, ""search_volume"": 8100}, {""year"": 2025, ""month"": 9, ""search_volume"": 8100}, {""year"": 2025, ""month"": 8, ""search_volume"": 12100}]"
A6,rasoir de surete homme,1600,1.08,USD_DOCUMENTED,core,False,G0002,1600,G0002,1600,rasoir de sûreté/sécurité homme ou non genré,keywords_data/google_ads/search_volume/live,2026-09-03T14:41:31.031518+00:00,2026-09-03-qualification-9-produits-pur/raw/20-controls-0.json.gz,"[{""year"": 2026, ""month"": 7, ""search_volume"": 1900}, {""year"": 2026, ""month"": 6, ""search_volume"": 2400}, {""year"": 2026, ""month"": 5, ""search_volume"": 1900}, {""year"": 2026, ""month"": 4, ""search_volume"": 1900}, {""year"": 2026, ""month"": 3, ""search_volume"": 1600}, {""year"": 2026, ""month"": 2, ""search_volume"": 1600}, {""year"": 2026, ""month"": 1, ""search_volume"": 1900}, {""year"": 2025, ""month"": 12, ""search_volume"": 2400}, {""year"": 2025, ""month"": 11, ""search_volume"": 1600}, {""year"": 2025, ""month"": 10, ""search_volume"": 1300}, {""year"": 2025, ""month"": 9, ""search_volume"": 1000}, {""year"": 2025, ""month"": 8, ""search_volume"": 1300}]"
A6,rasoir de sûreté homme,1600,1.08,USD_DOCUMENTED,core,False,G0002,0,G0002,0,rasoir de sûreté/sécurité homme ou non genré,keywords_data/google_ads/search_volume/live,2026-09-03T14:41:31.031518+00:00,2026-09-03-qualification-9-produits-pur/raw/20-controls-0.json.gz,"[{""year"": 2026, ""month"": 7, ""search_volume"": 1900}, {""year"": 2026, ""month"": 6, ""search_volume"": 2400}, {""year"": 2026, ""month"": 5, ""search_volume"": 1900}, {""year"": 2026, ""month"": 4, ""search_volume"": 1900}, {""year"": 2026, ""month"": 3, ""search_volume"": 1600}, {""year"": 2026, ""month"": 2, ""search_volume"": 1600}, {""year"": 2026, ""month"": 1, ""search_volume"": 1900}, {""year"": 2025, ""month"": 12, ""search_volume"": 2400}, {""year"": 2025, ""month"": 11, ""search_volume"": 1600}, {""year"": 2025, ""month"": 10, ""search_volume"": 1300}, {""year"": 2025, ""month"": 9, ""search_volume"": 1000}, {""year"": 2025, ""month"": 8, ""search_volume"": 1300}]"
A6,rasoir de surete femme,1300,0.51,USD_DOCUMENTED,incompatible,False,,,,,"accessoire, autre public/format ou provenance non prouvée",keywords_data/google_ads/search_volume/live,2026-09-03T14:41:31.031518+00:00,2026-09-03-qualification-9-produits-pur/raw/20-controls-0.json.gz,"[{""year"": 2026, ""month"": 7, ""search_volume"": 1900}, {""year"": 2026, ""month"": 6, ""search_volume"": 3600}, {""year"": 2026, ""month"": 5, ""search_volume"": 1300}, {""year"": 2026, ""month"": 4, ""search_volume"": 1000}, {""year"": 2026, ""month"": 3, ""search_volume"": 1000}, {""year"": 2026, ""month"": 2, ""search_volume"": 1000}, {""year"": 2026, ""month"": 1, ""search_volume"": 880}, {""year"": 2025, ""month"": 12, ""search_volume"": 1000}, {""year"": 2025, ""month"": 11, ""search_volume"": 1000}, {""year"": 2025, ""month"": 10, ""search_volume"": 1000}, {""year"": 2025, ""month"": 9, ""search_volume"": 1000}, {""year"": 2025, ""month"": 8, ""search_volume"": 1900}]"
A6,rasoir de sûreté femme,1300,0.51,USD_DOCUMENTED,incompatible,False,,,,,"accessoire, autre public/format ou provenance non prouvée",keywords_data/google_ads/search_volume/live,2026-09-03T14:41:31.031518+00:00,2026-09-03-qualification-9-produits-pur/raw/20-controls-0.json.gz,"[{""year"": 2026, ""month"": 7, ""search_volume"": 1900}, {""year"": 2026, ""month"": 6, ""search_volume"": 3600}, {""year"": 2026, ""month"": 5, ""search_volume"": 1300}, {""year"": 2026, ""month"": 4, ""search_volume"": 1000}, {""year"": 2026, ""month"": 3, ""search_volume"": 1000}, {""year"": 2026, ""month"": 2, ""search_volume"": 1000}, {""year"": 2026, ""month"": 1, ""search_volume"": 880}, {""year"": 2025, ""month"": 12, ""search_volume"": 1000}, {""year"": 2025, ""month"": 11, ""search_volume"": 1000}, {""year"": 2025, ""month"": 10, ""search_volume"": 1000}, {""year"": 2025, ""month"": 9, ""search_volume"": 1000}, {""year"": 2025, ""month"": 8, ""search_volume"": 1900}]"
A6,kit rasage pour homme,1000,0.63,USD_DOCUMENTED,conditional,False,,,G0003,1000,"ensemble ou traditionnel, composition à confirmer en SERP",keywords_data/google_ads/search_volume/live,2026-09-03T14:41:36.469628+00:00,2026-09-03-qualification-9-produits-pur/raw/20-controls-1.json.gz,"[{""year"": 2026, ""month"": 7, ""search_volume"": 480}, {""year"": 2026, ""month"": 6, ""search_volume"": 720}, {""year"": 2026, ""month"": 5, ""search_volume"": 590}, {""year"": 2026, ""month"": 4, ""search_volume"": 480}, {""year"": 2026, ""month"": 3, ""search_volume"": 590}, {""year"": 2026, ""month"": 2, ""search_volume"": 880}, {""year"": 2026, ""month"": 1, ""search_volume"": 720}, {""year"": 2025, ""month"": 12, ""search_volume"": 3600}, {""year"": 2025, ""month"": 11, ""search_volume"": 2400}, {""year"": 2025, ""month"": 10, ""search_volume"": 880}, {""year"": 2025, ""month"": 9, ""search_volume"": 590}, {""year"": 2025, ""month"": 8, ""search_volume"": 480}]"
A6,kit rasage homme,1000,0.63,USD_DOCUMENTED,conditional,False,,,G0003,0,"ensemble ou traditionnel, composition à confirmer en SERP",keywords_data/google_ads/search_volume/live,2026-09-03T14:41:36.469628+00:00,2026-09-03-qualification-9-produits-pur/raw/20-controls-1.json.gz,"[{""year"": 2026, ""month"": 7, ""search_volume"": 480}, {""year"": 2026, ""month"": 6, ""search_volume"": 720}, {""year"": 2026, ""month"": 5, ""search_volume"": 590}, {""year"": 2026, ""month"": 4, ""search_volume"": 480}, {""year"": 2026, ""month"": 3, ""search_volume"": 590}, {""year"": 2026, ""month"": 2, ""search_volume"": 880}, {""year"": 2026, ""month"": 1, ""search_volume"": 720}, {""year"": 2025, ""month"": 12, ""search_volume"": 3600}, {""year"": 2025, ""month"": 11, ""search_volume"": 2400}, {""year"": 2025, ""month"": 10, ""search_volume"": 880}, {""year"": 2025, ""month"": 9, ""search_volume"": 590}, {""year"": 2025, ""month"": 8, ""search_volume"": 480}]"
A6,rasoir de sécurité,880,0.93,USD_DOCUMENTED,core,False,G0003,880,G0004,880,rasoir de sûreté/sécurité homme ou non genré,keywords_data/google_ads/search_volume/live,2026-09-03T14:41:36.469628+00:00,2026-09-03-qualification-9-produits-pur/raw/20-controls-1.json.gz,"[{""year"": 2026, ""month"": 7, ""search_volume"": 880}, {""year"": 2026, ""month"": 6, ""search_volume"": 880}, {""year"": 2026, ""month"": 5, ""search_volume"": 880}, {""year"": 2026, ""month"": 4, ""search_volume"": 880}, {""year"": 2026, ""month"": 3, ""search_volume"": 880}, {""year"": 2026, ""month"": 2, ""search_volume"": 720}, {""year"": 2026, ""month"": 1, ""search_volume"": 720}, {""year"": 2025, ""month"": 12, ""search_volume"": 1000}, {""year"": 2025, ""month"": 11, ""search_volume"": 880}, {""year"": 2025, ""month"": 10, ""search_volume"": 880}, {""year"": 2025, ""month"": 9, ""search_volume"": 1000}, {""year"": 2025, ""month"": 8, ""search_volume"": 1000}]"
A6,coffret rasage pour homme,880,0.78,USD_DOCUMENTED,conditional,False,,,G0005,880,"ensemble ou traditionnel, composition à confirmer en SERP",keywords_data/google_ads/search_volume/live,2026-09-03T14:41:36.469628+00:00,2026-09-03-qualification-9-produits-pur/raw/20-controls-1.json.gz,"[{""year"": 2026, ""month"": 7, ""search_volume"": 320}, {""year"": 2026, ""month"": 6, ""search_volume"": 480}, {""year"": 2026, ""month"": 5, ""search_volume"": 320}, {""year"": 2026, ""month"": 4, ""search_volume"": 320}, {""year"": 2026, ""month"": 3, ""search_volume"": 390}, {""year"": 2026, ""month"": 2, ""search_volume"": 590}, {""year"": 2026, ""month"": 1, ""search_volume"": 590}, {""year"": 2025, ""month"": 12, ""search_volume"": 3600}, {""year"": 2025, ""month"": 11, ""search_volume"": 2400}, {""year"": 2025, ""month"": 10, ""search_volume"": 590}, {""year"": 2025, ""month"": 9, ""search_volume"": 480}, {""year"": 2025, ""month"": 8, ""search_volume"": 390}]"
A6,coffret homme rasage,880,0.78,USD_DOCUMENTED,conditional,False,,,G0005,0,"ensemble ou traditionnel, composition à confirmer en SERP",keywords_data/google_ads/search_volume/live,2026-09-03T14:41:36.469628+00:00,2026-09-03-qualification-9-produits-pur/raw/20-controls-1.json.gz,"[{""year"": 2026, ""month"": 7, ""search_volume"": 320}, {""year"": 2026, ""month"": 6, ""search_volume"": 480}, {""year"": 2026, ""month"": 5, ""search_volume"": 320}, {""year"": 2026, ""month"": 4, ""search_volume"": 320}, {""year"": 2026, ""month"": 3, ""search_volume"": 390}, {""year"": 2026, ""month"": 2, ""search_volume"": 590}, {""year"": 2026, ""month"": 1, ""search_volume"": 590}, {""year"": 2025, ""month"": 12, ""search_volume"": 3600}, {""year"": 2025, ""month"": 11, ""search_volume"": 2400}, {""year"": 2025, ""month"": 10, ""search_volume"": 590}, {""year"": 2025, ""month"": 9, ""search_volume"": 480}, {""year"": 2025, ""month"": 8, ""search_volume"": 390}]"
A6,coffret rasage homme,880,0.78,USD_DOCUMENTED,conditional,False,,,G0005,0,"ensemble ou traditionnel, composition à confirmer en SERP",keywords_data/google_ads/search_volume/live,2026-09-03T14:41:36.469628+00:00,2026-09-03-qualification-9-produits-pur/raw/20-controls-1.json.gz,"[{""year"": 2026, ""month"": 7, ""search_volume"": 320}, {""year"": 2026, ""month"": 6, ""search_volume"": 480}, {""year"": 2026, ""month"": 5, ""search_volume"": 320}, {""year"": 2026, ""month"": 4, ""search_volume"": 320}, {""year"": 2026, ""month"": 3, ""search_volume"": 390}, {""year"": 2026, ""month"": 2, ""search_volume"": 590}, {""year"": 2026, ""month"": 1, ""search_volume"": 590}, {""year"": 2025, ""month"": 12, ""search_volume"": 3600}, {""year"": 2025, ""month"": 11, ""search_volume"": 2400}, {""year"": 2025, ""month"": 10, ""search_volume"": 590}, {""year"": 2025, ""month"": 9, ""search_volume"": 480}, {""year"": 2025, ""month"": 8, ""search_volume"": 390}]"
A6,kit de rasage pour homme,880,0.89,USD_DOCUMENTED,conditional,False,,,G0003,0,"ensemble ou traditionnel, composition à confirmer en SERP",keywords_data/google_ads/search_volume/live,2026-09-03T14:41:36.469628+00:00,2026-09-03-qualification-9-produits-pur/raw/20-controls-1.json.gz,"[{""year"": 2026, ""month"": 7, ""search_volume"": 320}, {""year"": 2026, ""month"": 6, ""search_volume"": 480}, {""year"": 2026, ""month"": 5, ""search_volume"": 390}, {""year"": 2026, ""month"": 4, ""search_volume"": 390}, {""year"": 2026, ""month"": 3, ""search_volume"": 390}, {""year"": 2026, ""month"": 2, ""search_volume"": 720}, {""year"": 2026, ""month"": 1, ""search_volume"": 720}, {""year"": 2025, ""month"": 12, ""search_volume"": 2900}, {""year"": 2025, ""month"": 11, ""search_volume"": 1900}, {""year"": 2025, ""month"": 10, ""search_volume"": 880}, {""year"": 2025, ""month"": 9, ""search_volume"": 590}, {""year"": 2025, ""month"": 8, ""search_volume"": 480}]"
A6,kit de rasage homme,880,0.89,USD_DOCUMENTED,conditional,False,,,G0003,0,"ensemble ou traditionnel, composition à confirmer en SERP",keywords_data/google_ads/search_volume/live,2026-09-03T14:41:36.469628+00:00,2026-09-03-qualification-9-produits-pur/raw/20-controls-1.json.gz,"[{""year"": 2026, ""month"": 7, ""search_volume"": 320}, {""year"": 2026, ""month"": 6, ""search_volume"": 480}, {""year"": 2026, ""month"": 5, ""search_volume"": 390}, {""year"": 2026, ""month"": 4, ""search_volume"": 390}, {""year"": 2026, ""month"": 3, ""search_volume"": 390}, {""year"": 2026, ""month"": 2, ""search_volume"": 720}, {""year"": 2026, ""month"": 1, ""search_volume"": 720}, {""year"": 2025, ""month"": 12, ""search_volume"": 2900}, {""year"": 2025, ""month"": 11, ""search_volume"": 1900}, {""year"": 2025, ""month"": 10, ""search_volume"": 880}, {""year"": 2025, ""month"": 9, ""search_volume"": 590}, {""year"": 2025, ""month"": 8, ""search_volume"": 480}]"
A6,rasoir de securite,880,0.93,USD_DOCUMENTED,core,False,G0003,0,G0004,0,rasoir de sûreté/sécurité homme ou non genré,keywords_data/google_ads/search_volume/live,2026-09-03T14:41:36.469628+00:00,2026-09-03-qualification-9-produits-pur/raw/20-controls-1.json.gz,"[{""year"": 2026, ""month"": 7, ""search_volume"": 880}, {""year"": 2026, ""month"": 6, ""search_volume"": 880}, {""year"": 2026, ""month"": 5, ""search_volume"": 880}, {""year"": 2026, ""month"": 4, ""search_volume"": 880}, {""year"": 2026, ""month"": 3, ""search_volume"": 880}, {""year"": 2026, ""month"": 2, ""search_volume"": 720}, {""year"": 2026, ""month"": 1, ""search_volume"": 720}, {""year"": 2025, ""month"": 12, ""search_volume"": 1000}, {""year"": 2025, ""month"": 11, ""search_volume"": 880}, {""year"": 2025, ""month"": 10, ""search_volume"": 880}, {""year"": 2025, ""month"": 9, ""search_volume"": 1000}, {""year"": 2025, ""month"": 8, ""search_volume"": 1000}]"
A6,rasoir traditionnel,720,1.14,USD_DOCUMENTED,conditional,False,,,G0006,720,"ensemble ou traditionnel, composition à confirmer en SERP",keywords_data/google_ads/search_volume/live,2026-09-03T14:41:36.469628+00:00,2026-09-03-qualification-9-produits-pur/raw/20-controls-1.json.gz,"[{""year"": 2026, ""month"": 7, ""search_volume"": 590}, {""year"": 2026, ""month"": 6, ""search_volume"": 590}, {""year"": 2026, ""month"": 5, ""search_volume"": 880}, {""year"": 2026, ""month"": 4, ""search_volume"": 880}, {""year"": 2026, ""month"": 3, ""search_volume"": 880}, {""year"": 2026, ""month"": 2, ""search_volume"": 720}, {""year"": 2026, ""month"": 1, ""search_volume"": 720}, {""year"": 2025, ""month"": 12, ""search_volume"": 880}, {""year"": 2025, ""month"": 11, ""search_volume"": 1000}, {""year"": 2025, ""month"": 10, ""search_volume"": 880}, {""year"": 2025, ""month"": 9, ""search_volume"": 720}, {""year"": 2025, ""month"": 8, ""search_volume"": 590}]"
A6,rasoir surete,590,0.78,USD_DOCUMENTED,core,False,G0001,0,G0001,0,rasoir de sûreté/sécurité homme ou non genré,keywords_data/google_ads/search_volume/live,2026-09-03T14:41:31.031518+00:00,2026-09-03-qualification-9-produits-pur/raw/20-controls-0.json.gz,"[{""year"": 2026, ""month"": 7, ""search_volume"": 720}, {""year"": 2026, ""month"": 6, ""search_volume"": 1000}, {""year"": 2026, ""month"": 5, ""search_volume"": 590}, {""year"": 2026, ""month"": 4, ""search_volume"": 590}, {""year"": 2026, ""month"": 3, ""search_volume"": 480}, {""year"": 2026, ""month"": 2, ""search_volume"": 480}, {""year"": 2026, ""month"": 1, ""search_volume"": 480}, {""year"": 2025, ""month"": 12, ""search_volume"": 590}, {""year"": 2025, ""month"": 11, ""search_volume"": 480}, {""year"": 2025, ""month"": 10, ""search_volume"": 390}, {""year"": 2025, ""month"": 9, ""search_volume"": 390}, {""year"": 2025, ""month"": 8, ""search_volume"": 590}]"
A6,lame de rasoir surete,480,0.77,USD_DOCUMENTED,incompatible,False,,,,,"accessoire, autre public/format ou provenance non prouvée",dataforseo_labs/google/keyword_suggestions/live,2026-09-03T11:49:03.277522+00:00,2026-09-03-test-decouverte-search-12/04-A6-targeted.json.gz,"[{""year"": 2026, ""month"": 7, ""search_volume"": 720}, {""year"": 2026, ""month"": 6, ""search_volume"": 590}, {""year"": 2026, ""month"": 5, ""search_volume"": 590}, {""year"": 2026, ""month"": 4, ""search_volume"": 590}, {""year"": 2026, ""month"": 3, ""search_volume"": 590}, {""year"": 2026, ""month"": 2, ""search_volume"": 390}, {""year"": 2026, ""month"": 1, ""search_volume"": 480}, {""year"": 2025, ""month"": 12, ""search_volume"": 390}, {""year"": 2025, ""month"": 11, ""search_volume"": 320}, {""year"": 2025, ""month"": 10, ""search_volume"": 320}, {""year"": 2025, ""month"": 9, ""search_volume"": 320}, {""year"": 2025, ""month"": 8, ""search_volume"": 390}]"
A6,lame rasoir de surete,480,0.77,USD_DOCUMENTED,incompatible,False,,,,,"accessoire, autre public/format ou provenance non prouvée",dataforseo_labs/google/keyword_suggestions/live,2026-09-03T11:49:03.277522+00:00,2026-09-03-test-decouverte-search-12/04-A6-targeted.json.gz,"[{""year"": 2026, ""month"": 7, ""search_volume"": 720}, {""year"": 2026, ""month"": 6, ""search_volume"": 590}, {""year"": 2026, ""month"": 5, ""search_volume"": 590}, {""year"": 2026, ""month"": 4, ""search_volume"": 590}, {""year"": 2026, ""month"": 3, ""search_volume"": 590}, {""year"": 2026, ""month"": 2, ""search_volume"": 390}, {""year"": 2026, ""month"": 1, ""search_volume"": 480}, {""year"": 2025, ""month"": 12, ""search_volume"": 390}, {""year"": 2025, ""month"": 11, ""search_volume"": 320}, {""year"": 2025, ""month"": 10, ""search_volume"": 320}, {""year"": 2025, ""month"": 9, ""search_volume"": 320}, {""year"": 2025, ""month"": 8, ""search_volume"": 390}]"
A6,lame de rasoir de sûreté,480,0.77,USD_DOCUMENTED,incompatible,False,,,,,"accessoire, autre public/format ou provenance non prouvée",dataforseo_labs/google/keyword_suggestions/live,2026-09-03T14:36:23.673150+00:00,2026-09-03-qualification-9-produits-pur/raw/10-A6-labs-0.json.gz,"[{""year"": 2026, ""month"": 7, ""search_volume"": 720}, {""year"": 2026, ""month"": 6, ""search_volume"": 590}, {""year"": 2026, ""month"": 5, ""search_volume"": 590}, {""year"": 2026, ""month"": 4, ""search_volume"": 590}, {""year"": 2026, ""month"": 3, ""search_volume"": 590}, {""year"": 2026, ""month"": 2, ""search_volume"": 390}, {""year"": 2026, ""month"": 1, ""search_volume"": 480}, {""year"": 2025, ""month"": 12, ""search_volume"": 390}, {""year"": 2025, ""month"": 11, ""search_volume"": 320}, {""year"": 2025, ""month"": 10, ""search_volume"": 320}, {""year"": 2025, ""month"": 9, ""search_volume"": 320}, {""year"": 2025, ""month"": 8, ""search_volume"": 390}]"
A6,lame rasoir de sûreté,480,0.77,USD_DOCUMENTED,incompatible,False,,,,,"accessoire, autre public/format ou provenance non prouvée",dataforseo_labs/google/keyword_suggestions/live,2026-09-03T14:36:23.673150+00:00,2026-09-03-qualification-9-produits-pur/raw/10-A6-labs-0.json.gz,"[{""year"": 2026, ""month"": 7, ""search_volume"": 720}, {""year"": 2026, ""month"": 6, ""search_volume"": 590}, {""year"": 2026, ""month"": 5, ""search_volume"": 590}, {""year"": 2026, ""month"": 4, ""search_volume"": 590}, {""year"": 2026, ""month"": 3, ""search_volume"": 590}, {""year"": 2026, ""month"": 2, ""search_volume"": 390}, {""year"": 2026, ""month"": 1, ""search_volume"": 480}, {""year"": 2025, ""month"": 12, ""search_volume"": 390}, {""year"": 2025, ""month"": 11, ""search_volume"": 320}, {""year"": 2025, ""month"": 10, ""search_volume"": 320}, {""year"": 2025, ""month"": 9, ""search_volume"": 320}, {""year"": 2025, ""month"": 8, ""search_volume"": 390}]"
A6,lames pour rasoir de sûreté,480,0.77,USD_DOCUMENTED,incompatible,False,,,,,"accessoire, autre public/format ou provenance non prouvée",dataforseo_labs/google/keyword_suggestions/live,2026-09-03T14:36:23.673150+00:00,2026-09-03-qualification-9-produits-pur/raw/10-A6-labs-0.json.gz,"[{""year"": 2026, ""month"": 7, ""search_volume"": 720}, {""year"": 2026, ""month"": 6, ""search_volume"": 590}, {""year"": 2026, ""month"": 5, ""search_volume"": 590}, {""year"": 2026, ""month"": 4, ""search_volume"": 590}, {""year"": 2026, ""month"": 3, ""search_volume"": 590}, {""year"": 2026, ""month"": 2, ""search_volume"": 390}, {""year"": 2026, ""month"": 1, ""search_volume"": 480}, {""year"": 2025, ""month"": 12, ""search_volume"": 390}, {""year"": 2025, ""month"": 11, ""search_volume"": 320}, {""year"": 2025, ""month"": 10, ""search_volume"": 320}, {""year"": 2025, ""month"": 9, ""search_volume"": 320}, {""year"": 2025, ""month"": 8, ""search_volume"": 390}]"
A6,kit de rasage,390,0.77,USD_DOCUMENTED,conditional,False,,,G0007,390,"ensemble ou traditionnel, composition à confirmer en SERP",keywords_data/google_ads/search_volume/live,2026-09-03T14:41:36.469628+00:00,2026-09-03-qualification-9-produits-pur/raw/20-controls-1.json.gz,"[{""year"": 2026, ""month"": 7, ""search_volume"": 170}, {""year"": 2026, ""month"": 6, ""search_volume"": 170}, {""year"": 2026, ""month"": 5, ""search_volume"": 210}, {""year"": 2026, ""month"": 4, ""search_volume"": 170}, {""year"": 2026, ""month"": 3, ""search_volume"": 260}, {""year"": 2026, ""month"": 2, ""search_volume"": 390}, {""year"": 2026, ""month"": 1, ""search_volume"": 320}, {""year"": 2025, ""month"": 12, ""search_volume"": 1300}, {""year"": 2025, ""month"": 11, ""search_volume"": 1000}, {""year"": 2025, ""month"": 10, ""search_volume"": 320}, {""year"": 2025, ""month"": 9, ""search_volume"": 260}, {""year"": 2025, ""month"": 8, ""search_volume"": 210}]"
A6,kit pour rasage,390,0.82,USD_DOCUMENTED,conditional,False,,,G0007,0,"ensemble ou traditionnel, composition à confirmer en SERP",keywords_data/google_ads/search_volume/live,2026-09-03T14:41:36.469628+00:00,2026-09-03-qualification-9-produits-pur/raw/20-controls-1.json.gz,"[{""year"": 2026, ""month"": 7, ""search_volume"": 210}, {""year"": 2026, ""month"": 6, ""search_volume"": 210}, {""year"": 2026, ""month"": 5, ""search_volume"": 260}, {""year"": 2026, ""month"": 4, ""search_volume"": 210}, {""year"": 2026, ""month"": 3, ""search_volume"": 320}, {""year"": 2026, ""month"": 2, ""search_volume"": 320}, {""year"": 2026, ""month"": 1, ""search_volume"": 260}, {""year"": 2025, ""month"": 12, ""search_volume"": 1300}, {""year"": 2025, ""month"": 11, ""search_volume"": 880}, {""year"": 2025, ""month"": 10, ""search_volume"": 390}, {""year"": 2025, ""month"": 9, ""search_volume"": 260}, {""year"": 2025, ""month"": 8, ""search_volume"": 210}]"
A6,kit rasage,390,0.82,USD_DOCUMENTED,conditional,False,,,G0007,0,"ensemble ou traditionnel, composition à confirmer en SERP",keywords_data/google_ads/search_volume/live,2026-09-03T14:41:36.469628+00:00,2026-09-03-qualification-9-produits-pur/raw/20-controls-1.json.gz,"[{""year"": 2026, ""month"": 7, ""search_volume"": 210}, {""year"": 2026, ""month"": 6, ""search_volume"": 210}, {""year"": 2026, ""month"": 5, ""search_volume"": 260}, {""year"": 2026, ""month"": 4, ""search_volume"": 210}, {""year"": 2026, ""month"": 3, ""search_volume"": 320}, {""year"": 2026, ""month"": 2, ""search_volume"": 320}, {""year"": 2026, ""month"": 1, ""search_volume"": 260}, {""year"": 2025, ""month"": 12, ""search_volume"": 1300}, {""year"": 2025, ""month"": 11, ""search_volume"": 880}, {""year"": 2025, ""month"": 10, ""search_volume"": 390}, {""year"": 2025, ""month"": 9, ""search_volume"": 260}, {""year"": 2025, ""month"": 8, ""search_volume"": 210}]"
A6,rasoir de surete wilkinson,260,0.13,USD_DOCUMENTED,core,True,,,,,rasoir de sûreté/sécurité homme ou non genré,keywords_data/google_ads/search_volume/live,2026-09-03T14:41:31.031518+00:00,2026-09-03-qualification-9-produits-pur/raw/20-controls-0.json.gz,"[{""year"": 2026, ""month"": 7, ""search_volume"": 390}, {""year"": 2026, ""month"": 6, ""search_volume"": 390}, {""year"": 2026, ""month"": 5, ""search_volume"": 260}, {""year"": 2026, ""month"": 4, ""search_volume"": 260}, {""year"": 2026, ""month"": 3, ""search_volume"": 210}, {""year"": 2026, ""month"": 2, ""search_volume"": 170}, {""year"": 2026, ""month"": 1, ""search_volume"": 210}, {""year"": 2025, ""month"": 12, ""search_volume"": 260}, {""year"": 2025, ""month"": 11, ""search_volume"": 210}, {""year"": 2025, ""month"": 10, ""search_volume"": 140}, {""year"": 2025, ""month"": 9, ""search_volume"": 170}, {""year"": 2025, ""month"": 8, ""search_volume"": 170}]"
A6,rasoir de sûreté wilkinson,260,0.13,USD_DOCUMENTED,core,True,,,,,rasoir de sûreté/sécurité homme ou non genré,keywords_data/google_ads/search_volume/live,2026-09-03T14:41:31.031518+00:00,2026-09-03-qualification-9-produits-pur/raw/20-controls-0.json.gz,"[{""year"": 2026, ""month"": 7, ""search_volume"": 390}, {""year"": 2026, ""month"": 6, ""search_volume"": 390}, {""year"": 2026, ""month"": 5, ""search_volume"": 260}, {""year"": 2026, ""month"": 4, ""search_volume"": 260}, {""year"": 2026, ""month"": 3, ""search_volume"": 210}, {""year"": 2026, ""month"": 2, ""search_volume"": 170}, {""year"": 2026, ""month"": 1, ""search_volume"": 210}, {""year"": 2025, ""month"": 12, ""search_volume"": 260}, {""year"": 2025, ""month"": 11, ""search_volume"": 210}, {""year"": 2025, ""month"": 10, ""search_volume"": 140}, {""year"": 2025, ""month"": 9, ""search_volume"": 170}, {""year"": 2025, ""month"": 8, ""search_volume"": 170}]"
A6,meilleur rasoir de sûreté,210,0.75,USD_DOCUMENTED,core,False,G0004,210,G0008,210,rasoir de sûreté/sécurité homme ou non genré,keywords_data/google_ads/search_volume/live,2026-09-03T14:41:31.031518+00:00,2026-09-03-qualification-9-produits-pur/raw/20-controls-0.json.gz,"[{""year"": 2026, ""month"": 7, ""search_volume"": 480}, {""year"": 2026, ""month"": 6, ""search_volume"": 590}, {""year"": 2026, ""month"": 5, ""search_volume"": 390}, {""year"": 2026, ""month"": 4, ""search_volume"": 260}, {""year"": 2026, ""month"": 3, ""search_volume"": 210}, {""year"": 2026, ""month"": 2, ""search_volume"": 170}, {""year"": 2026, ""month"": 1, ""search_volume"": 140}, {""year"": 2025, ""month"": 12, ""search_volume"": 140}, {""year"": 2025, ""month"": 11, ""search_volume"": 140}, {""year"": 2025, ""month"": 10, ""search_volume"": 90}, {""year"": 2025, ""month"": 9, ""search_volume"": 90}, {""year"": 2025, ""month"": 8, ""search_volume"": 110}]"
A6,meilleur rasoir de sûreté homme,210,0.81,USD_DOCUMENTED,core,False,G0005,210,G0009,210,rasoir de sûreté/sécurité homme ou non genré,keywords_data/google_ads/search_volume/live,2026-09-03T14:41:31.031518+00:00,2026-09-03-qualification-9-produits-pur/raw/20-controls-0.json.gz,"[{""year"": 2026, ""month"": 7, ""search_volume"": 480}, {""year"": 2026, ""month"": 6, ""search_volume"": 480}, {""year"": 2026, ""month"": 5, ""search_volume"": 390}, {""year"": 2026, ""month"": 4, ""search_volume"": 260}, {""year"": 2026, ""month"": 3, ""search_volume"": 260}, {""year"": 2026, ""month"": 2, ""search_volume"": 260}, {""year"": 2026, ""month"": 1, ""search_volume"": 210}, {""year"": 2025, ""month"": 12, ""search_volume"": 210}, {""year"": 2025, ""month"": 11, ""search_volume"": 140}, {""year"": 2025, ""month"": 10, ""search_volume"": 70}, {""year"": 2025, ""month"": 9, ""search_volume"": 50}, {""year"": 2025, ""month"": 8, ""search_volume"": 70}]"
A6,coffret rasage,210,0.64,USD_DOCUMENTED,conditional,False,,,G0010,210,"ensemble ou traditionnel, composition à confirmer en SERP",keywords_data/google_ads/search_volume/live,2026-09-03T14:41:36.469628+00:00,2026-09-03-qualification-9-produits-pur/raw/20-controls-1.json.gz,"[{""year"": 2026, ""month"": 7, ""search_volume"": 70}, {""year"": 2026, ""month"": 6, ""search_volume"": 110}, {""year"": 2026, ""month"": 5, ""search_volume"": 70}, {""year"": 2026, ""month"": 4, ""search_volume"": 90}, {""year"": 2026, ""month"": 3, ""search_volume"": 70}, {""year"": 2026, ""month"": 2, ""search_volume"": 140}, {""year"": 2026, ""month"": 1, ""search_volume"": 110}, {""year"": 2025, ""month"": 12, ""search_volume"": 880}, {""year"": 2025, ""month"": 11, ""search_volume"": 590}, {""year"": 2025, ""month"": 10, ""search_volume"": 170}, {""year"": 2025, ""month"": 9, ""search_volume"": 70}, {""year"": 2025, ""month"": 8, ""search_volume"": 90}]"
A6,coffret apres rasage homme,210,0.59,USD_DOCUMENTED,incompatible,False,,,,,"accessoire, autre public/format ou provenance non prouvée",dataforseo_labs/google/keyword_suggestions/live,2026-09-03T14:36:24.514398+00:00,2026-09-03-qualification-9-produits-pur/raw/10-A6-labs-3.json.gz,"[{""year"": 2026, ""month"": 7, ""search_volume"": 70}, {""year"": 2026, ""month"": 6, ""search_volume"": 110}, {""year"": 2026, ""month"": 5, ""search_volume"": 70}, {""year"": 2026, ""month"": 4, ""search_volume"": 40}, {""year"": 2026, ""month"": 3, ""search_volume"": 70}, {""year"": 2026, ""month"": 2, ""search_volume"": 110}, {""year"": 2026, ""month"": 1, ""search_volume"": 110}, {""year"": 2025, ""month"": 12, ""search_volume"": 1000}, {""year"": 2025, ""month"": 11, ""search_volume"": 590}, {""year"": 2025, ""month"": 10, ""search_volume"": 140}, {""year"": 2025, ""month"": 9, ""search_volume"": 90}, {""year"": 2025, ""month"": 8, ""search_volume"": 50}]"
A6,coffret après rasage homme,210,0.59,USD_DOCUMENTED,incompatible,False,,,,,"accessoire, autre public/format ou provenance non prouvée",dataforseo_labs/google/keyword_suggestions/live,2026-09-03T14:36:24.514398+00:00,2026-09-03-qualification-9-produits-pur/raw/10-A6-labs-3.json.gz,"[{""year"": 2026, ""month"": 7, ""search_volume"": 70}, {""year"": 2026, ""month"": 6, ""search_volume"": 110}, {""year"": 2026, ""month"": 5, ""search_volume"": 70}, {""year"": 2026, ""month"": 4, ""search_volume"": 40}, {""year"": 2026, ""month"": 3, ""search_volume"": 70}, {""year"": 2026, ""month"": 2, ""search_volume"": 110}, {""year"": 2026, ""month"": 1, ""search_volume"": 110}, {""year"": 2025, ""month"": 12, ""search_volume"": 1000}, {""year"": 2025, ""month"": 11, ""search_volume"": 590}, {""year"": 2025, ""month"": 10, ""search_volume"": 140}, {""year"": 2025, ""month"": 9, ""search_volume"": 90}, {""year"": 2025, ""month"": 8, ""search_volume"": 50}]"
A6,coffret après-rasage homme,210,0.59,USD_DOCUMENTED,incompatible,False,,,,,"accessoire, autre public/format ou provenance non prouvée",dataforseo_labs/google/keyword_suggestions/live,2026-09-03T14:36:24.514398+00:00,2026-09-03-qualification-9-produits-pur/raw/10-A6-labs-3.json.gz,"[{""year"": 2026, ""month"": 7, ""search_volume"": 70}, {""year"": 2026, ""month"": 6, ""search_volume"": 110}, {""year"": 2026, ""month"": 5, ""search_volume"": 70}, {""year"": 2026, ""month"": 4, ""search_volume"": 40}, {""year"": 2026, ""month"": 3, ""search_volume"": 70}, {""year"": 2026, ""month"": 2, ""search_volume"": 110}, {""year"": 2026, ""month"": 1, ""search_volume"": 110}, {""year"": 2025, ""month"": 12, ""search_volume"": 1000}, {""year"": 2025, ""month"": 11, ""search_volume"": 590}, {""year"": 2025, ""month"": 10, ""search_volume"": 140}, {""year"": 2025, ""month"": 9, ""search_volume"": 90}, {""year"": 2025, ""month"": 8, ""search_volume"": 50}]"
A6,rasoir de surete gillette,170,0.35,USD_DOCUMENTED,core,True,,,,,rasoir de sûreté/sécurité homme ou non genré,keywords_data/google_ads/search_volume/live,2026-09-03T14:41:31.031518+00:00,2026-09-03-qualification-9-produits-pur/raw/20-controls-0.json.gz,"[{""year"": 2026, ""month"": 7, ""search_volume"": 260}, {""year"": 2026, ""month"": 6, ""search_volume"": 210}, {""year"": 2026, ""month"": 5, ""search_volume"": 210}, {""year"": 2026, ""month"": 4, ""search_volume"": 170}, {""year"": 2026, ""month"": 3, ""search_volume"": 110}, {""year"": 2026, ""month"": 2, ""search_volume"": 140}, {""year"": 2026, ""month"": 1, ""search_volume"": 140}, {""year"": 2025, ""month"": 12, ""search_volume"": 170}, {""year"": 2025, ""month"": 11, ""search_volume"": 140}, {""year"": 2025, ""month"": 10, ""search_volume"": 140}, {""year"": 2025, ""month"": 9, ""search_volume"": 140}, {""year"": 2025, ""month"": 8, ""search_volume"": 170}]"
A6,rasoir de sûreté gillette,170,0.35,USD_DOCUMENTED,core,True,,,,,rasoir de sûreté/sécurité homme ou non genré,keywords_data/google_ads/search_volume/live,2026-09-03T14:41:31.031518+00:00,2026-09-03-qualification-9-produits-pur/raw/20-controls-0.json.gz,"[{""year"": 2026, ""month"": 7, ""search_volume"": 260}, {""year"": 2026, ""month"": 6, ""search_volume"": 210}, {""year"": 2026, ""month"": 5, ""search_volume"": 210}, {""year"": 2026, ""month"": 4, ""search_volume"": 170}, {""year"": 2026, ""month"": 3, ""search_volume"": 110}, {""year"": 2026, ""month"": 2, ""search_volume"": 140}, {""year"": 2026, ""month"": 1, ""search_volume"": 140}, {""year"": 2025, ""month"": 12, ""search_volume"": 170}, {""year"": 2025, ""month"": 11, ""search_volume"": 140}, {""year"": 2025, ""month"": 10, ""search_volume"": 140}, {""year"": 2025, ""month"": 9, ""search_volume"": 140}, {""year"": 2025, ""month"": 8, ""search_volume"": 170}]"
A6,rasoir de sûreté shavest,140,0.32,USD_DOCUMENTED,core,True,,,,,rasoir de sûreté/sécurité homme ou non genré,keywords_data/google_ads/search_volume/live,2026-09-03T14:41:31.031518+00:00,2026-09-03-qualification-9-produits-pur/raw/20-controls-0.json.gz,"[{""year"": 2026, ""month"": 7, ""search_volume"": 210}, {""year"": 2026, ""month"": 6, ""search_volume"": 480}, {""year"": 2026, ""month"": 5, ""search_volume"": 110}, {""year"": 2026, ""month"": 4, ""search_volume"": 90}, {""year"": 2026, ""month"": 3, ""search_volume"": 90}, {""year"": 2026, ""month"": 2, ""search_volume"": 70}, {""year"": 2026, ""month"": 1, ""search_volume"": 90}, {""year"": 2025, ""month"": 12, ""search_volume"": 170}, {""year"": 2025, ""month"": 11, ""search_volume"": 170}, {""year"": 2025, ""month"": 10, ""search_volume"": 90}, {""year"": 2025, ""month"": 9, ""search_volume"": 90}, {""year"": 2025, ""month"": 8, ""search_volume"": 140}]"
A6,kit rasage barbe homme,140,0.77,USD_DOCUMENTED,conditional,False,,,G0011,140,"ensemble ou traditionnel, composition à confirmer en SERP",keywords_data/google_ads/search_volume/live,2026-09-03T14:41:36.469628+00:00,2026-09-03-qualification-9-produits-pur/raw/20-controls-1.json.gz,"[{""year"": 2026, ""month"": 7, ""search_volume"": 70}, {""year"": 2026, ""month"": 6, ""search_volume"": 90}, {""year"": 2026, ""month"": 5, ""search_volume"": 70}, {""year"": 2026, ""month"": 4, ""search_volume"": 70}, {""year"": 2026, ""month"": 3, ""search_volume"": 70}, {""year"": 2026, ""month"": 2, ""search_volume"": 110}, {""year"": 2026, ""month"": 1, ""search_volume"": 140}, {""year"": 2025, ""month"": 12, ""search_volume"": 390}, {""year"": 2025, ""month"": 11, ""search_volume"": 390}, {""year"": 2025, ""month"": 10, ""search_volume"": 140}, {""year"": 2025, ""month"": 9, ""search_volume"": 110}, {""year"": 2025, ""month"": 8, ""search_volume"": 70}]"
A6,lame rasoir surete,110,0.68,USD_DOCUMENTED,incompatible,False,,,,,"accessoire, autre public/format ou provenance non prouvée",dataforseo_labs/google/keyword_suggestions/live,2026-09-03T11:49:03.277522+00:00,2026-09-03-test-decouverte-search-12/04-A6-targeted.json.gz,"[{""year"": 2026, ""month"": 7, ""search_volume"": 140}, {""year"": 2026, ""month"": 6, ""search_volume"": 170}, {""year"": 2026, ""month"": 5, ""search_volume"": 110}, {""year"": 2026, ""month"": 4, ""search_volume"": 140}, {""year"": 2026, ""month"": 3, ""search_volume"": 90}, {""year"": 2026, ""month"": 2, ""search_volume"": 110}, {""year"": 2026, ""month"": 1, ""search_volume"": 110}, {""year"": 2025, ""month"": 12, ""search_volume"": 110}, {""year"": 2025, ""month"": 11, ""search_volume"": 90}, {""year"": 2025, ""month"": 10, ""search_volume"": 90}, {""year"": 2025, ""month"": 9, ""search_volume"": 70}, {""year"": 2025, ""month"": 8, ""search_volume"": 110}]"
A6,rasoir surete homme,110,0.91,USD_DOCUMENTED,core,False,G0002,0,G0002,0,rasoir de sûreté/sécurité homme ou non genré,keywords_data/google_ads/search_volume/live,2026-09-03T14:41:31.031518+00:00,2026-09-03-qualification-9-produits-pur/raw/20-controls-0.json.gz,"[{""year"": 2026, ""month"": 7, ""search_volume"": 110}, {""year"": 2026, ""month"": 6, ""search_volume"": 140}, {""year"": 2026, ""month"": 5, ""search_volume"": 140}, {""year"": 2026, ""month"": 4, ""search_volume"": 110}, {""year"": 2026, ""month"": 3, ""search_volume"": 110}, {""year"": 2026, ""month"": 2, ""search_volume"": 110}, {""year"": 2026, ""month"": 1, ""search_volume"": 140}, {""year"": 2025, ""month"": 12, ""search_volume"": 140}, {""year"": 2025, ""month"": 11, ""search_volume"": 90}, {""year"": 2025, ""month"": 10, ""search_volume"": 40}, {""year"": 2025, ""month"": 9, ""search_volume"": 20}, {""year"": 2025, ""month"": 8, ""search_volume"": 20}]"
A6,rasoir de sécurité homme,110,0.85,USD_DOCUMENTED,core,False,G0006,110,G0012,110,rasoir de sûreté/sécurité homme ou non genré,keywords_data/google_ads/search_volume/live,2026-09-03T14:41:36.469628+00:00,2026-09-03-qualification-9-produits-pur/raw/20-controls-1.json.gz,"[{""year"": 2026, ""month"": 7, ""search_volume"": 110}, {""year"": 2026, ""month"": 6, ""search_volume"": 210}, {""year"": 2026, ""month"": 5, ""search_volume"": 140}, {""year"": 2026, ""month"": 4, ""search_volume"": 70}, {""year"": 2026, ""month"": 3, ""search_volume"": 90}, {""year"": 2026, ""month"": 2, ""search_volume"": 110}, {""year"": 2026, ""month"": 1, ""search_volume"": 140}, {""year"": 2025, ""month"": 12, ""search_volume"": 210}, {""year"": 2025, ""month"": 11, ""search_volume"": 90}, {""year"": 2025, ""month"": 10, ""search_volume"": 90}, {""year"": 2025, ""month"": 9, ""search_volume"": 90}, {""year"": 2025, ""month"": 8, ""search_volume"": 90}]"
A6,rasoir de surete francais,90,1.25,USD_DOCUMENTED,incompatible,False,,,,,"accessoire, autre public/format ou provenance non prouvée",dataforseo_labs/google/keyword_suggestions/live,2026-09-03T11:49:03.277522+00:00,2026-09-03-test-decouverte-search-12/04-A6-targeted.json.gz,"[{""year"": 2026, ""month"": 7, ""search_volume"": 320}, {""year"": 2026, ""month"": 6, ""search_volume"": 260}, {""year"": 2026, ""month"": 5, ""search_volume"": 140}, {""year"": 2026, ""month"": 4, ""search_volume"": 70}, {""year"": 2026, ""month"": 3, ""search_volume"": 70}, {""year"": 2026, ""month"": 2, ""search_volume"": 70}, {""year"": 2026, ""month"": 1, ""search_volume"": 70}, {""year"": 2025, ""month"": 12, ""search_volume"": 50}, {""year"": 2025, ""month"": 11, ""search_volume"": 40}, {""year"": 2025, ""month"": 10, ""search_volume"": 20}, {""year"": 2025, ""month"": 9, ""search_volume"": 10}, {""year"": 2025, ""month"": 8, ""search_volume"": 20}]"
A6,rasoir de sûreté français,90,1.25,USD_DOCUMENTED,incompatible,False,,,,,"accessoire, autre public/format ou provenance non prouvée",dataforseo_labs/google/keyword_suggestions/live,2026-09-03T14:36:23.673150+00:00,2026-09-03-qualification-9-produits-pur/raw/10-A6-labs-0.json.gz,"[{""year"": 2026, ""month"": 7, ""search_volume"": 320}, {""year"": 2026, ""month"": 6, ""search_volume"": 260}, {""year"": 2026, ""month"": 5, ""search_volume"": 140}, {""year"": 2026, ""month"": 4, ""search_volume"": 70}, {""year"": 2026, ""month"": 3, ""search_volume"": 70}, {""year"": 2026, ""month"": 2, ""search_volume"": 70}, {""year"": 2026, ""month"": 1, ""search_volume"": 70}, {""year"": 2025, ""month"": 12, ""search_volume"": 50}, {""year"": 2025, ""month"": 11, ""search_volume"": 40}, {""year"": 2025, ""month"": 10, ""search_volume"": 20}, {""year"": 2025, ""month"": 9, ""search_volume"": 10}, {""year"": 2025, ""month"": 8, ""search_volume"": 20}]"
A6,coffret rasage homme luxe,90,1.06,USD_DOCUMENTED,conditional,False,,,G0013,90,"ensemble ou traditionnel, composition à confirmer en SERP",keywords_data/google_ads/search_volume/live,2026-09-03T14:41:36.469628+00:00,2026-09-03-qualification-9-produits-pur/raw/20-controls-1.json.gz,"[{""year"": 2026, ""month"": 7, ""search_volume"": 70}, {""year"": 2026, ""month"": 6, ""search_volume"": 70}, {""year"": 2026, ""month"": 5, ""search_volume"": 30}, {""year"": 2026, ""month"": 4, ""search_volume"": 30}, {""year"": 2026, ""month"": 3, ""search_volume"": 50}, {""year"": 2026, ""month"": 2, ""search_volume"": 40}, {""year"": 2026, ""month"": 1, ""search_volume"": 50}, {""year"": 2025, ""month"": 12, ""search_volume"": 320}, {""year"": 2025, ""month"": 11, ""search_volume"": 260}, {""year"": 2025, ""month"": 10, ""search_volume"": 90}, {""year"": 2025, ""month"": 9, ""search_volume"": 50}, {""year"": 2025, ""month"": 8, ""search_volume"": 50}]"
A6,coffret rasage ado,90,0.27,USD_DOCUMENTED,incompatible,False,,,,,"accessoire, autre public/format ou provenance non prouvée",dataforseo_labs/google/keyword_suggestions/live,2026-09-03T14:36:24.514398+00:00,2026-09-03-qualification-9-produits-pur/raw/10-A6-labs-3.json.gz,"[{""year"": 2026, ""month"": 7, ""search_volume"": 40}, {""year"": 2026, ""month"": 6, ""search_volume"": 50}, {""year"": 2026, ""month"": 5, ""search_volume"": 40}, {""year"": 2026, ""month"": 4, ""search_volume"": 50}, {""year"": 2026, ""month"": 3, ""search_volume"": 50}, {""year"": 2026, ""month"": 2, ""search_volume"": 70}, {""year"": 2026, ""month"": 1, ""search_volume"": 50}, {""year"": 2025, ""month"": 12, ""search_volume"": 320}, {""year"": 2025, ""month"": 11, ""search_volume"": 170}, {""year"": 2025, ""month"": 10, ""search_volume"": 110}, {""year"": 2025, ""month"": 9, ""search_volume"": 90}, {""year"": 2025, ""month"": 8, ""search_volume"": 110}]"
A6,kit rasage blaireau,90,0.95,USD_DOCUMENTED,conditional,False,,,G0014,90,"ensemble ou traditionnel, composition à confirmer en SERP",keywords_data/google_ads/search_volume/live,2026-09-03T14:41:36.469628+00:00,2026-09-03-qualification-9-produits-pur/raw/20-controls-1.json.gz,"[{""year"": 2026, ""month"": 7, ""search_volume"": 70}, {""year"": 2026, ""month"": 6, ""search_volume"": 70}, {""year"": 2026, ""month"": 5, ""search_volume"": 40}, {""year"": 2026, ""month"": 4, ""search_volume"": 50}, {""year"": 2026, ""month"": 3, ""search_volume"": 50}, {""year"": 2026, ""month"": 2, ""search_volume"": 70}, {""year"": 2026, ""month"": 1, ""search_volume"": 70}, {""year"": 2025, ""month"": 12, ""search_volume"": 320}, {""year"": 2025, ""month"": 11, ""search_volume"": 170}, {""year"": 2025, ""month"": 10, ""search_volume"": 70}, {""year"": 2025, ""month"": 9, ""search_volume"": 40}, {""year"": 2025, ""month"": 8, ""search_volume"": 40}]"
A6,kit blaireau rasage,90,0.95,USD_DOCUMENTED,conditional,False,,,G0014,0,"ensemble ou traditionnel, composition à confirmer en SERP",keywords_data/google_ads/search_volume/live,2026-09-03T14:41:36.469628+00:00,2026-09-03-qualification-9-produits-pur/raw/20-controls-1.json.gz,"[{""year"": 2026, ""month"": 7, ""search_volume"": 70}, {""year"": 2026, ""month"": 6, ""search_volume"": 70}, {""year"": 2026, ""month"": 5, ""search_volume"": 40}, {""year"": 2026, ""month"": 4, ""search_volume"": 50}, {""year"": 2026, ""month"": 3, ""search_volume"": 50}, {""year"": 2026, ""month"": 2, ""search_volume"": 70}, {""year"": 2026, ""month"": 1, ""search_volume"": 70}, {""year"": 2025, ""month"": 12, ""search_volume"": 320}, {""year"": 2025, ""month"": 11, ""search_volume"": 170}, {""year"": 2025, ""month"": 10, ""search_volume"": 70}, {""year"": 2025, ""month"": 9, ""search_volume"": 40}, {""year"": 2025, ""month"": 8, ""search_volume"": 40}]"
A6,meilleur kit de rasage pour homme,90,1.17,USD_DOCUMENTED,conditional,False,,,G0015,90,"ensemble ou traditionnel, composition à confirmer en SERP",keywords_data/google_ads/search_volume/live,2026-09-03T14:41:36.469628+00:00,2026-09-03-qualification-9-produits-pur/raw/20-controls-1.json.gz,"[{""year"": 2026, ""month"": 7, ""search_volume"": 70}, {""year"": 2026, ""month"": 6, ""search_volume"": 70}, {""year"": 2026, ""month"": 5, ""search_volume"": 70}, {""year"": 2026, ""month"": 4, ""search_volume"": 50}, {""year"": 2026, ""month"": 3, ""search_volume"": 90}, {""year"": 2026, ""month"": 2, ""search_volume"": 70}, {""year"": 2026, ""month"": 1, ""search_volume"": 70}, {""year"": 2025, ""month"": 12, ""search_volume"": 260}, {""year"": 2025, ""month"": 11, ""search_volume"": 210}, {""year"": 2025, ""month"": 10, ""search_volume"": 70}, {""year"": 2025, ""month"": 9, ""search_volume"": 50}, {""year"": 2025, ""month"": 8, ""search_volume"": 40}]"
A6,rasoir de surete carrefour,70,0.1,USD_DOCUMENTED,core,True,,,,,rasoir de sûreté/sécurité homme ou non genré,keywords_data/google_ads/search_volume/live,2026-09-03T14:41:31.031518+00:00,2026-09-03-qualification-9-produits-pur/raw/20-controls-0.json.gz,"[{""year"": 2026, ""month"": 7, ""search_volume"": 140}, {""year"": 2026, ""month"": 6, ""search_volume"": 170}, {""year"": 2026, ""month"": 5, ""search_volume"": 90}, {""year"": 2026, ""month"": 4, ""search_volume"": 70}, {""year"": 2026, ""month"": 3, ""search_volume"": 50}, {""year"": 2026, ""month"": 2, ""search_volume"": 50}, {""year"": 2026, ""month"": 1, ""search_volume"": 50}, {""year"": 2025, ""month"": 12, ""search_volume"": 70}, {""year"": 2025, ""month"": 11, ""search_volume"": 50}, {""year"": 2025, ""month"": 10, ""search_volume"": 50}, {""year"": 2025, ""month"": 9, ""search_volume"": 50}, {""year"": 2025, ""month"": 8, ""search_volume"": 90}]"
A6,rasoir de sûreté carrefour,70,0.1,USD_DOCUMENTED,core,True,,,,,rasoir de sûreté/sécurité homme ou non genré,keywords_data/google_ads/search_volume/live,2026-09-03T14:41:31.031518+00:00,2026-09-03-qualification-9-produits-pur/raw/20-controls-0.json.gz,"[{""year"": 2026, ""month"": 7, ""search_volume"": 140}, {""year"": 2026, ""month"": 6, ""search_volume"": 170}, {""year"": 2026, ""month"": 5, ""search_volume"": 90}, {""year"": 2026, ""month"": 4, ""search_volume"": 70}, {""year"": 2026, ""month"": 3, ""search_volume"": 50}, {""year"": 2026, ""month"": 2, ""search_volume"": 50}, {""year"": 2026, ""month"": 1, ""search_volume"": 50}, {""year"": 2025, ""month"": 12, ""search_volume"": 70}, {""year"": 2025, ""month"": 11, ""search_volume"": 50}, {""year"": 2025, ""month"": 10, ""search_volume"": 50}, {""year"": 2025, ""month"": 9, ""search_volume"": 50}, {""year"": 2025, ""month"": 8, ""search_volume"": 90}]"
A6,meilleur lame rasoir de sûreté,70,0.46,USD_DOCUMENTED,incompatible,False,,,,,"accessoire, autre public/format ou provenance non prouvée",dataforseo_labs/google/keyword_suggestions/live,2026-09-03T14:36:23.673150+00:00,2026-09-03-qualification-9-produits-pur/raw/10-A6-labs-0.json.gz,"[{""year"": 2026, ""month"": 7, ""search_volume"": 90}, {""year"": 2026, ""month"": 6, ""search_volume"": 90}, {""year"": 2026, ""month"": 5, ""search_volume"": 90}, {""year"": 2026, ""month"": 4, ""search_volume"": 70}, {""year"": 2026, ""month"": 3, ""search_volume"": 70}, {""year"": 2026, ""month"": 2, ""search_volume"": 50}, {""year"": 2026, ""month"": 1, ""search_volume"": 70}, {""year"": 2025, ""month"": 12, ""search_volume"": 50}, {""year"": 2025, ""month"": 11, ""search_volume"": 50}, {""year"": 2025, ""month"": 10, ""search_volume"": 40}, {""year"": 2025, ""month"": 9, ""search_volume"": 40}, {""year"": 2025, ""month"": 8, ""search_volume"": 40}]"
A6,meilleur rasoir de sûreté femme,70,0.44,USD_DOCUMENTED,incompatible,False,,,,,"accessoire, autre public/format ou provenance non prouvée",dataforseo_labs/google/keyword_suggestions/live,2026-09-03T14:36:23.673150+00:00,2026-09-03-qualification-9-produits-pur/raw/10-A6-labs-0.json.gz,"[{""year"": 2026, ""month"": 7, ""search_volume"": 90}, {""year"": 2026, ""month"": 6, ""search_volume"": 110}, {""year"": 2026, ""month"": 5, ""search_volume"": 110}, {""year"": 2026, ""month"": 4, ""search_volume"": 40}, {""year"": 2026, ""month"": 3, ""search_volume"": 70}, {""year"": 2026, ""month"": 2, ""search_volume"": 40}, {""year"": 2026, ""month"": 1, ""search_volume"": 50}, {""year"": 2025, ""month"": 12, ""search_volume"": 50}, {""year"": 2025, ""month"": 11, ""search_volume"": 50}, {""year"": 2025, ""month"": 10, ""search_volume"": 40}, {""year"": 2025, ""month"": 9, ""search_volume"": 50}, {""year"": 2025, ""month"": 8, ""search_volume"": 90}]"
A6,coffret de rasage homme,70,0.7,USD_DOCUMENTED,conditional,False,,,G0005,0,"ensemble ou traditionnel, composition à confirmer en SERP",keywords_data/google_ads/search_volume/live,2026-09-03T14:41:36.469628+00:00,2026-09-03-qualification-9-produits-pur/raw/20-controls-1.json.gz,"[{""year"": 2026, ""month"": 7, ""search_volume"": 20}, {""year"": 2026, ""month"": 6, ""search_volume"": 50}, {""year"": 2026, ""month"": 5, ""search_volume"": 70}, {""year"": 2026, ""month"": 4, ""search_volume"": 30}, {""year"": 2026, ""month"": 3, ""search_volume"": 90}, {""year"": 2026, ""month"": 2, ""search_volume"": 90}, {""year"": 2026, ""month"": 1, ""search_volume"": 40}, {""year"": 2025, ""month"": 12, ""search_volume"": 210}, {""year"": 2025, ""month"": 11, ""search_volume"": 170}, {""year"": 2025, ""month"": 10, ""search_volume"": 70}, {""year"": 2025, ""month"": 9, ""search_volume"": 30}, {""year"": 2025, ""month"": 8, ""search_volume"": 30}]"
A6,coffret rasage homme sephora,70,0.42,USD_DOCUMENTED,conditional,True,,,,,"ensemble ou traditionnel, composition à confirmer en SERP",keywords_data/google_ads/search_volume/live,2026-09-03T14:41:36.469628+00:00,2026-09-03-qualification-9-produits-pur/raw/20-controls-1.json.gz,"[{""year"": 2026, ""month"": 7, ""search_volume"": 20}, {""year"": 2026, ""month"": 6, ""search_volume"": 50}, {""year"": 2026, ""month"": 5, ""search_volume"": 40}, {""year"": 2026, ""month"": 4, ""search_volume"": 30}, {""year"": 2026, ""month"": 3, ""search_volume"": 30}, {""year"": 2026, ""month"": 2, ""search_volume"": 30}, {""year"": 2026, ""month"": 1, ""search_volume"": 20}, {""year"": 2025, ""month"": 12, ""search_volume"": 320}, {""year"": 2025, ""month"": 11, ""search_volume"": 170}, {""year"": 2025, ""month"": 10, ""search_volume"": 40}, {""year"": 2025, ""month"": 9, ""search_volume"": 30}, {""year"": 2025, ""month"": 8, ""search_volume"": 20}]"
A6,coffret de rasage pour homme,70,0.7,USD_DOCUMENTED,conditional,False,,,G0005,0,"ensemble ou traditionnel, composition à confirmer en SERP",keywords_data/google_ads/search_volume/live,2026-09-03T14:41:36.469628+00:00,2026-09-03-qualification-9-produits-pur/raw/20-controls-1.json.gz,"[{""year"": 2026, ""month"": 7, ""search_volume"": 20}, {""year"": 2026, ""month"": 6, ""search_volume"": 50}, {""year"": 2026, ""month"": 5, ""search_volume"": 70}, {""year"": 2026, ""month"": 4, ""search_volume"": 30}, {""year"": 2026, ""month"": 3, ""search_volume"": 90}, {""year"": 2026, ""month"": 2, ""search_volume"": 90}, {""year"": 2026, ""month"": 1, ""search_volume"": 40}, {""year"": 2025, ""month"": 12, ""search_volume"": 210}, {""year"": 2025, ""month"": 11, ""search_volume"": 170}, {""year"": 2025, ""month"": 10, ""search_volume"": 70}, {""year"": 2025, ""month"": 9, ""search_volume"": 30}, {""year"": 2025, ""month"": 8, ""search_volume"": 30}]"
A6,kit après-rasage homme,70,0.63,USD_DOCUMENTED,incompatible,False,,,,,"accessoire, autre public/format ou provenance non prouvée",dataforseo_labs/google/keyword_suggestions/live,2026-09-03T14:36:24.996196+00:00,2026-09-03-qualification-9-produits-pur/raw/10-A6-labs-4.json.gz,"[{""year"": 2026, ""month"": 7, ""search_volume"": 20}, {""year"": 2026, ""month"": 6, ""search_volume"": 30}, {""year"": 2026, ""month"": 5, ""search_volume"": 20}, {""year"": 2026, ""month"": 4, ""search_volume"": 20}, {""year"": 2026, ""month"": 3, ""search_volume"": 10}, {""year"": 2026, ""month"": 2, ""search_volume"": 70}, {""year"": 2026, ""month"": 1, ""search_volume"": 70}, {""year"": 2025, ""month"": 12, ""search_volume"": 260}, {""year"": 2025, ""month"": 11, ""search_volume"": 170}, {""year"": 2025, ""month"": 10, ""search_volume"": 40}, {""year"": 2025, ""month"": 9, ""search_volume"": 20}, {""year"": 2025, ""month"": 8, ""search_volume"": 20}]"
A6,kit rasage homme traditionnel,70,0.92,USD_DOCUMENTED,conditional,False,,,G0016,70,"ensemble ou traditionnel, composition à confirmer en SERP",keywords_data/google_ads/search_volume/live,2026-09-03T14:41:36.469628+00:00,2026-09-03-qualification-9-produits-pur/raw/20-controls-1.json.gz,"[{""year"": 2026, ""month"": 7, ""search_volume"": 50}, {""year"": 2026, ""month"": 6, ""search_volume"": 70}, {""year"": 2026, ""month"": 5, ""search_volume"": 50}, {""year"": 2026, ""month"": 4, ""search_volume"": 40}, {""year"": 2026, ""month"": 3, ""search_volume"": 40}, {""year"": 2026, ""month"": 2, ""search_volume"": 40}, {""year"": 2026, ""month"": 1, ""search_volume"": 40}, {""year"": 2025, ""month"": 12, ""search_volume"": 210}, {""year"": 2025, ""month"": 11, ""search_volume"": 170}, {""year"": 2025, ""month"": 10, ""search_volume"": 70}, {""year"": 2025, ""month"": 9, ""search_volume"": 40}, {""year"": 2025, ""month"": 8, ""search_volume"": 50}]"
A6,kit rasage barbe,70,0.84,USD_DOCUMENTED,conditional,False,,,G0017,70,"ensemble ou traditionnel, composition à confirmer en SERP",keywords_data/google_ads/search_volume/live,2026-09-03T14:41:36.469628+00:00,2026-09-03-qualification-9-produits-pur/raw/20-controls-1.json.gz,"[{""year"": 2026, ""month"": 7, ""search_volume"": 30}, {""year"": 2026, ""month"": 6, ""search_volume"": 40}, {""year"": 2026, ""month"": 5, ""search_volume"": 20}, {""year"": 2026, ""month"": 4, ""search_volume"": 40}, {""year"": 2026, ""month"": 3, ""search_volume"": 30}, {""year"": 2026, ""month"": 2, ""search_volume"": 40}, {""year"": 2026, ""month"": 1, ""search_volume"": 50}, {""year"": 2025, ""month"": 12, ""search_volume"": 170}, {""year"": 2025, ""month"": 11, ""search_volume"": 140}, {""year"": 2025, ""month"": 10, ""search_volume"": 50}, {""year"": 2025, ""month"": 9, ""search_volume"": 170}, {""year"": 2025, ""month"": 8, ""search_volume"": 50}]"
A6,kit après rasage homme,70,0.63,USD_DOCUMENTED,incompatible,False,,,,,"accessoire, autre public/format ou provenance non prouvée",dataforseo_labs/google/keyword_suggestions/live,2026-09-03T14:36:24.996196+00:00,2026-09-03-qualification-9-produits-pur/raw/10-A6-labs-4.json.gz,"[{""year"": 2026, ""month"": 7, ""search_volume"": 20}, {""year"": 2026, ""month"": 6, ""search_volume"": 30}, {""year"": 2026, ""month"": 5, ""search_volume"": 20}, {""year"": 2026, ""month"": 4, ""search_volume"": 20}, {""year"": 2026, ""month"": 3, ""search_volume"": 10}, {""year"": 2026, ""month"": 2, ""search_volume"": 70}, {""year"": 2026, ""month"": 1, ""search_volume"": 70}, {""year"": 2025, ""month"": 12, ""search_volume"": 260}, {""year"": 2025, ""month"": 11, ""search_volume"": 170}, {""year"": 2025, ""month"": 10, ""search_volume"": 40}, {""year"": 2025, ""month"": 9, ""search_volume"": 20}, {""year"": 2025, ""month"": 8, ""search_volume"": 20}]"
A6,kit apres rasage homme,70,0.63,USD_DOCUMENTED,incompatible,False,,,,,"accessoire, autre public/format ou provenance non prouvée",dataforseo_labs/google/keyword_suggestions/live,2026-09-03T14:36:24.996196+00:00,2026-09-03-qualification-9-produits-pur/raw/10-A6-labs-4.json.gz,"[{""year"": 2026, ""month"": 7, ""search_volume"": 20}, {""year"": 2026, ""month"": 6, ""search_volume"": 30}, {""year"": 2026, ""month"": 5, ""search_volume"": 20}, {""year"": 2026, ""month"": 4, ""search_volume"": 20}, {""year"": 2026, ""month"": 3, ""search_volume"": 10}, {""year"": 2026, ""month"": 2, ""search_volume"": 70}, {""year"": 2026, ""month"": 1, ""search_volume"": 70}, {""year"": 2025, ""month"": 12, ""search_volume"": 260}, {""year"": 2025, ""month"": 11, ""search_volume"": 170}, {""year"": 2025, ""month"": 10, ""search_volume"": 40}, {""year"": 2025, ""month"": 9, ""search_volume"": 20}, {""year"": 2025, ""month"": 8, ""search_volume"": 20}]"
A6,rasoir de surete merkur,50,0.47,USD_DOCUMENTED,core,True,,,,,rasoir de sûreté/sécurité homme ou non genré,keywords_data/google_ads/search_volume/live,2026-09-03T14:41:31.031518+00:00,2026-09-03-qualification-9-produits-pur/raw/20-controls-0.json.gz,"[{""year"": 2026, ""month"": 7, ""search_volume"": 70}, {""year"": 2026, ""month"": 6, ""search_volume"": 50}, {""year"": 2026, ""month"": 5, ""search_volume"": 110}, {""year"": 2026, ""month"": 4, ""search_volume"": 50}, {""year"": 2026, ""month"": 3, ""search_volume"": 30}, {""year"": 2026, ""month"": 2, ""search_volume"": 30}, {""year"": 2026, ""month"": 1, ""search_volume"": 50}, {""year"": 2025, ""month"": 12, ""search_volume"": 50}, {""year"": 2025, ""month"": 11, ""search_volume"": 50}, {""year"": 2025, ""month"": 10, ""search_volume"": 40}, {""year"": 2025, ""month"": 9, ""search_volume"": 40}, {""year"": 2025, ""month"": 8, ""search_volume"": 40}]"
A6,rasoir de sûreté femme maillot,50,0.65,USD_DOCUMENTED,incompatible,False,,,,,"format, public, pays ou intention hors kit débutant fixe",dataforseo_labs/google/keyword_suggestions/live,2026-09-03T14:36:23.673150+00:00,2026-09-03-qualification-9-produits-pur/raw/10-A6-labs-0.json.gz,"[{""year"": 2026, ""month"": 7, ""search_volume"": 50}, {""year"": 2026, ""month"": 6, ""search_volume"": 90}, {""year"": 2026, ""month"": 5, ""search_volume"": 50}, {""year"": 2026, ""month"": 4, ""search_volume"": 40}, {""year"": 2026, ""month"": 3, ""search_volume"": 50}, {""year"": 2026, ""month"": 2, ""search_volume"": 40}, {""year"": 2026, ""month"": 1, ""search_volume"": 50}, {""year"": 2025, ""month"": 12, ""search_volume"": 30}, {""year"": 2025, ""month"": 11, ""search_volume"": 30}, {""year"": 2025, ""month"": 10, ""search_volume"": 70}, {""year"": 2025, ""month"": 9, ""search_volume"": 50}, {""year"": 2025, ""month"": 8, ""search_volume"": 70}]"
A6,rasoir de sûreté made in france,50,1.4,USD_DOCUMENTED,incompatible,False,,,,,"accessoire, autre public/format ou provenance non prouvée",dataforseo_labs/google/keyword_suggestions/live,2026-09-03T14:36:23.673150+00:00,2026-09-03-qualification-9-produits-pur/raw/10-A6-labs-0.json.gz,"[{""year"": 2026, ""month"": 7, ""search_volume"": 90}, {""year"": 2026, ""month"": 6, ""search_volume"": 70}, {""year"": 2026, ""month"": 5, ""search_volume"": 70}, {""year"": 2026, ""month"": 4, ""search_volume"": 40}, {""year"": 2026, ""month"": 3, ""search_volume"": 50}, {""year"": 2026, ""month"": 2, ""search_volume"": 50}, {""year"": 2026, ""month"": 1, ""search_volume"": 50}, {""year"": 2025, ""month"": 12, ""search_volume"": 50}, {""year"": 2025, ""month"": 11, ""search_volume"": 50}, {""year"": 2025, ""month"": 10, ""search_volume"": 20}, {""year"": 2025, ""month"": 9, ""search_volume"": 40}, {""year"": 2025, ""month"": 8, ""search_volume"": 30}]"
A6,rasoir de sûreté merkur,50,0.47,USD_DOCUMENTED,core,True,,,,,rasoir de sûreté/sécurité homme ou non genré,keywords_data/google_ads/search_volume/live,2026-09-03T14:41:31.031518+00:00,2026-09-03-qualification-9-produits-pur/raw/20-controls-0.json.gz,"[{""year"": 2026, ""month"": 7, ""search_volume"": 70}, {""year"": 2026, ""month"": 6, ""search_volume"": 50}, {""year"": 2026, ""month"": 5, ""search_volume"": 110}, {""year"": 2026, ""month"": 4, ""search_volume"": 50}, {""year"": 2026, ""month"": 3, ""search_volume"": 30}, {""year"": 2026, ""month"": 2, ""search_volume"": 30}, {""year"": 2026, ""month"": 1, ""search_volume"": 50}, {""year"": 2025, ""month"": 12, ""search_volume"": 50}, {""year"": 2025, ""month"": 11, ""search_volume"": 50}, {""year"": 2025, ""month"": 10, ""search_volume"": 40}, {""year"": 2025, ""month"": 9, ""search_volume"": 40}, {""year"": 2025, ""month"": 8, ""search_volume"": 40}]"
A6,rasoir de sûreté king c gillette,50,0.33,USD_DOCUMENTED,core,True,,,,,rasoir de sûreté/sécurité homme ou non genré,keywords_data/google_ads/search_volume/live,2026-09-03T14:41:36.469628+00:00,2026-09-03-qualification-9-produits-pur/raw/20-controls-1.json.gz,"[{""year"": 2026, ""month"": 7, ""search_volume"": 90}, {""year"": 2026, ""month"": 6, ""search_volume"": 90}, {""year"": 2026, ""month"": 5, ""search_volume"": 50}, {""year"": 2026, ""month"": 4, ""search_volume"": 30}, {""year"": 2026, ""month"": 3, ""search_volume"": 50}, {""year"": 2026, ""month"": 2, ""search_volume"": 50}, {""year"": 2026, ""month"": 1, ""search_volume"": 70}, {""year"": 2025, ""month"": 12, ""search_volume"": 40}, {""year"": 2025, ""month"": 11, ""search_volume"": 50}, {""year"": 2025, ""month"": 10, ""search_volume"": 30}, {""year"": 2025, ""month"": 9, ""search_volume"": 40}, {""year"": 2025, ""month"": 8, ""search_volume"": 50}]"
A6,meilleur lame de rasoir de sûreté,50,0.63,USD_DOCUMENTED,incompatible,False,,,,,"accessoire, autre public/format ou provenance non prouvée",dataforseo_labs/google/keyword_suggestions/live,2026-09-03T14:36:23.673150+00:00,2026-09-03-qualification-9-produits-pur/raw/10-A6-labs-0.json.gz,"[{""year"": 2026, ""month"": 7, ""search_volume"": 90}, {""year"": 2026, ""month"": 6, ""search_volume"": 90}, {""year"": 2026, ""month"": 5, ""search_volume"": 50}, {""year"": 2026, ""month"": 4, ""search_volume"": 40}, {""year"": 2026, ""month"": 3, ""search_volume"": 70}, {""year"": 2026, ""month"": 2, ""search_volume"": 70}, {""year"": 2026, ""month"": 1, ""search_volume"": 40}, {""year"": 2025, ""month"": 12, ""search_volume"": 50}, {""year"": 2025, ""month"": 11, ""search_volume"": 70}, {""year"": 2025, ""month"": 10, ""search_volume"": 40}, {""year"": 2025, ""month"": 9, ""search_volume"": 30}, {""year"": 2025, ""month"": 8, ""search_volume"": 40}]"
A6,rasoir de sûreté lamier,50,0.46,USD_DOCUMENTED,core,True,,,,,rasoir de sûreté/sécurité homme ou non genré,keywords_data/google_ads/search_volume/live,2026-09-03T14:41:36.469628+00:00,2026-09-03-qualification-9-produits-pur/raw/20-controls-1.json.gz,"[{""year"": 2026, ""month"": 7, ""search_volume"": 110}, {""year"": 2026, ""month"": 6, ""search_volume"": 110}, {""year"": 2026, ""month"": 5, ""search_volume"": 140}, {""year"": 2026, ""month"": 4, ""search_volume"": 90}, {""year"": 2026, ""month"": 3, ""search_volume"": 70}, {""year"": 2026, ""month"": 2, ""search_volume"": 70}, {""year"": 2026, ""month"": 1, ""search_volume"": 90}, {""year"": 2025, ""month"": 12, ""search_volume"": 0}, {""year"": 2025, ""month"": 11, ""search_volume"": 0}, {""year"": 2025, ""month"": 10, ""search_volume"": 0}, {""year"": 2025, ""month"": 9, ""search_volume"": 0}, {""year"": 2025, ""month"": 8, ""search_volume"": 0}]"
A6,rasoir de sûreté avis,50,1.05,USD_DOCUMENTED,core,False,G0007,50,G0018,50,rasoir de sûreté/sécurité homme ou non genré,keywords_data/google_ads/search_volume/live,2026-09-03T14:41:36.469628+00:00,2026-09-03-qualification-9-produits-pur/raw/20-controls-1.json.gz,"[{""year"": 2026, ""month"": 7, ""search_volume"": 70}, {""year"": 2026, ""month"": 6, ""search_volume"": 90}, {""year"": 2026, ""month"": 5, ""search_volume"": 70}, {""year"": 2026, ""month"": 4, ""search_volume"": 30}, {""year"": 2026, ""month"": 3, ""search_volume"": 50}, {""year"": 2026, ""month"": 2, ""search_volume"": 40}, {""year"": 2026, ""month"": 1, ""search_volume"": 50}, {""year"": 2025, ""month"": 12, ""search_volume"": 50}, {""year"": 2025, ""month"": 11, ""search_volume"": 40}, {""year"": 2025, ""month"": 10, ""search_volume"": 40}, {""year"": 2025, ""month"": 9, ""search_volume"": 40}, {""year"": 2025, ""month"": 8, ""search_volume"": 90}]"
A6,comment utiliser un rasoir de sûreté,50,0.31,USD_DOCUMENTED,information,False,,,,,"usage/SAV/risque, hors demande achat directe",dataforseo_labs/google/keyword_suggestions/live,2026-09-03T14:36:23.673150+00:00,2026-09-03-qualification-9-produits-pur/raw/10-A6-labs-0.json.gz,"[{""year"": 2026, ""month"": 7, ""search_volume"": 70}, {""year"": 2026, ""month"": 6, ""search_volume"": 90}, {""year"": 2026, ""month"": 5, ""search_volume"": 70}, {""year"": 2026, ""month"": 4, ""search_volume"": 40}, {""year"": 2026, ""month"": 3, ""search_volume"": 50}, {""year"": 2026, ""month"": 2, ""search_volume"": 40}, {""year"": 2026, ""month"": 1, ""search_volume"": 50}, {""year"": 2025, ""month"": 12, ""search_volume"": 50}, {""year"": 2025, ""month"": 11, ""search_volume"": 30}, {""year"": 2025, ""month"": 10, ""search_volume"": 50}, {""year"": 2025, ""month"": 9, ""search_volume"": 40}, {""year"": 2025, ""month"": 8, ""search_volume"": 70}]"
A6,rasoir traditionnel homme,50,1.29,USD_DOCUMENTED,conditional,False,,,G0019,50,"ensemble ou traditionnel, composition à confirmer en SERP",keywords_data/google_ads/search_volume/live,2026-09-03T14:41:36.469628+00:00,2026-09-03-qualification-9-produits-pur/raw/20-controls-1.json.gz,"[{""year"": 2026, ""month"": 7, ""search_volume"": 50}, {""year"": 2026, ""month"": 6, ""search_volume"": 70}, {""year"": 2026, ""month"": 5, ""search_volume"": 50}, {""year"": 2026, ""month"": 4, ""search_volume"": 50}, {""year"": 2026, ""month"": 3, ""search_volume"": 50}, {""year"": 2026, ""month"": 2, ""search_volume"": 40}, {""year"": 2026, ""month"": 1, ""search_volume"": 50}, {""year"": 2025, ""month"": 12, ""search_volume"": 50}, {""year"": 2025, ""month"": 11, ""search_volume"": 70}, {""year"": 2025, ""month"": 10, ""search_volume"": 40}, {""year"": 2025, ""month"": 9, ""search_volume"": 40}, {""year"": 2025, ""month"": 8, ""search_volume"": 40}]"
A6,coffret apres rasage,50,0.39,USD_DOCUMENTED,incompatible,False,,,,,"accessoire, autre public/format ou provenance non prouvée",dataforseo_labs/google/keyword_suggestions/live,2026-09-03T14:36:24.514398+00:00,2026-09-03-qualification-9-produits-pur/raw/10-A6-labs-3.json.gz,"[{""year"": 2026, ""month"": 7, ""search_volume"": 20}, {""year"": 2026, ""month"": 6, ""search_volume"": 10}, {""year"": 2026, ""month"": 5, ""search_volume"": 20}, {""year"": 2026, ""month"": 4, ""search_volume"": 20}, {""year"": 2026, ""month"": 3, ""search_volume"": 10}, {""year"": 2026, ""month"": 2, ""search_volume"": 20}, {""year"": 2026, ""month"": 1, ""search_volume"": 20}, {""year"": 2025, ""month"": 12, ""search_volume"": 260}, {""year"": 2025, ""month"": 11, ""search_volume"": 140}, {""year"": 2025, ""month"": 10, ""search_volume"": 30}, {""year"": 2025, ""month"": 9, ""search_volume"": 10}, {""year"": 2025, ""month"": 8, ""search_volume"": 20}]"
A6,coffret après rasage,50,0.39,USD_DOCUMENTED,incompatible,False,,,,,"accessoire, autre public/format ou provenance non prouvée",dataforseo_labs/google/keyword_suggestions/live,2026-09-03T14:36:24.514398+00:00,2026-09-03-qualification-9-produits-pur/raw/10-A6-labs-3.json.gz,"[{""year"": 2026, ""month"": 7, ""search_volume"": 20}, {""year"": 2026, ""month"": 6, ""search_volume"": 10}, {""year"": 2026, ""month"": 5, ""search_volume"": 20}, {""year"": 2026, ""month"": 4, ""search_volume"": 20}, {""year"": 2026, ""month"": 3, ""search_volume"": 10}, {""year"": 2026, ""month"": 2, ""search_volume"": 20}, {""year"": 2026, ""month"": 1, ""search_volume"": 20}, {""year"": 2025, ""month"": 12, ""search_volume"": 260}, {""year"": 2025, ""month"": 11, ""search_volume"": 140}, {""year"": 2025, ""month"": 10, ""search_volume"": 30}, {""year"": 2025, ""month"": 9, ""search_volume"": 10}, {""year"": 2025, ""month"": 8, ""search_volume"": 20}]"
A6,coffret après-rasage,50,0.39,USD_DOCUMENTED,incompatible,False,,,,,"accessoire, autre public/format ou provenance non prouvée",dataforseo_labs/google/keyword_suggestions/live,2026-09-03T14:36:24.514398+00:00,2026-09-03-qualification-9-produits-pur/raw/10-A6-labs-3.json.gz,"[{""year"": 2026, ""month"": 7, ""search_volume"": 20}, {""year"": 2026, ""month"": 6, ""search_volume"": 10}, {""year"": 2026, ""month"": 5, ""search_volume"": 20}, {""year"": 2026, ""month"": 4, ""search_volume"": 20}, {""year"": 2026, ""month"": 3, ""search_volume"": 10}, {""year"": 2026, ""month"": 2, ""search_volume"": 20}, {""year"": 2026, ""month"": 1, ""search_volume"": 20}, {""year"": 2025, ""month"": 12, ""search_volume"": 260}, {""year"": 2025, ""month"": 11, ""search_volume"": 140}, {""year"": 2025, ""month"": 10, ""search_volume"": 30}, {""year"": 2025, ""month"": 9, ""search_volume"": 10}, {""year"": 2025, ""month"": 8, ""search_volume"": 20}]"
A6,blaireau rasage coffret,50,2.06,USD_DOCUMENTED,conditional,False,,,G0020,50,"ensemble ou traditionnel, composition à confirmer en SERP",keywords_data/google_ads/search_volume/live,2026-09-03T14:41:36.469628+00:00,2026-09-03-qualification-9-produits-pur/raw/20-controls-1.json.gz,"[{""year"": 2026, ""month"": 7, ""search_volume"": 10}, {""year"": 2026, ""month"": 6, ""search_volume"": 30}, {""year"": 2026, ""month"": 5, ""search_volume"": 40}, {""year"": 2026, ""month"": 4, ""search_volume"": 10}, {""year"": 2026, ""month"": 3, ""search_volume"": 20}, {""year"": 2026, ""month"": 2, ""search_volume"": 20}, {""year"": 2026, ""month"": 1, ""search_volume"": 20}, {""year"": 2025, ""month"": 12, ""search_volume"": 210}, {""year"": 2025, ""month"": 11, ""search_volume"": 140}, {""year"": 2025, ""month"": 10, ""search_volume"": 40}, {""year"": 2025, ""month"": 9, ""search_volume"": 30}, {""year"": 2025, ""month"": 8, ""search_volume"": 20}]"
A6,coffret blaireau rasage,50,2.06,USD_DOCUMENTED,conditional,False,,,G0020,0,"ensemble ou traditionnel, composition à confirmer en SERP",keywords_data/google_ads/search_volume/live,2026-09-03T14:41:36.469628+00:00,2026-09-03-qualification-9-produits-pur/raw/20-controls-1.json.gz,"[{""year"": 2026, ""month"": 7, ""search_volume"": 10}, {""year"": 2026, ""month"": 6, ""search_volume"": 30}, {""year"": 2026, ""month"": 5, ""search_volume"": 40}, {""year"": 2026, ""month"": 4, ""search_volume"": 10}, {""year"": 2026, ""month"": 3, ""search_volume"": 20}, {""year"": 2026, ""month"": 2, ""search_volume"": 20}, {""year"": 2026, ""month"": 1, ""search_volume"": 20}, {""year"": 2025, ""month"": 12, ""search_volume"": 210}, {""year"": 2025, ""month"": 11, ""search_volume"": 140}, {""year"": 2025, ""month"": 10, ""search_volume"": 40}, {""year"": 2025, ""month"": 9, ""search_volume"": 30}, {""year"": 2025, ""month"": 8, ""search_volume"": 20}]"
A6,coffret rasage homme yves rocher,50,,USD_DOCUMENTED,conditional,True,,,,,"ensemble ou traditionnel, composition à confirmer en SERP",keywords_data/google_ads/search_volume/live,2026-09-03T14:41:36.469628+00:00,2026-09-03-qualification-9-produits-pur/raw/20-controls-1.json.gz,"[{""year"": 2026, ""month"": 7, ""search_volume"": 10}, {""year"": 2026, ""month"": 6, ""search_volume"": 30}, {""year"": 2026, ""month"": 5, ""search_volume"": 10}, {""year"": 2026, ""month"": 4, ""search_volume"": 10}, {""year"": 2026, ""month"": 3, ""search_volume"": 20}, {""year"": 2026, ""month"": 2, ""search_volume"": 20}, {""year"": 2026, ""month"": 1, ""search_volume"": 30}, {""year"": 2025, ""month"": 12, ""search_volume"": 210}, {""year"": 2025, ""month"": 11, ""search_volume"": 110}, {""year"": 2025, ""month"": 10, ""search_volume"": 30}, {""year"": 2025, ""month"": 9, ""search_volume"": 20}, {""year"": 2025, ""month"": 8, ""search_volume"": 30}]"
A6,coffret rasage blaireau,50,2.06,USD_DOCUMENTED,conditional,False,,,G0020,0,"ensemble ou traditionnel, composition à confirmer en SERP",keywords_data/google_ads/search_volume/live,2026-09-03T14:41:36.469628+00:00,2026-09-03-qualification-9-produits-pur/raw/20-controls-1.json.gz,"[{""year"": 2026, ""month"": 7, ""search_volume"": 10}, {""year"": 2026, ""month"": 6, ""search_volume"": 30}, {""year"": 2026, ""month"": 5, ""search_volume"": 40}, {""year"": 2026, ""month"": 4, ""search_volume"": 10}, {""year"": 2026, ""month"": 3, ""search_volume"": 20}, {""year"": 2026, ""month"": 2, ""search_volume"": 20}, {""year"": 2026, ""month"": 1, ""search_volume"": 20}, {""year"": 2025, ""month"": 12, ""search_volume"": 210}, {""year"": 2025, ""month"": 11, ""search_volume"": 140}, {""year"": 2025, ""month"": 10, ""search_volume"": 40}, {""year"": 2025, ""month"": 9, ""search_volume"": 30}, {""year"": 2025, ""month"": 8, ""search_volume"": 20}]"
A6,rasoir surete wilkinson,40,0.08,USD_DOCUMENTED,core,True,,,,,rasoir de sûreté/sécurité homme ou non genré,keywords_data/google_ads/search_volume/live,2026-09-03T14:41:31.031518+00:00,2026-09-03-qualification-9-produits-pur/raw/20-controls-0.json.gz,"[{""year"": 2026, ""month"": 7, ""search_volume"": 70}, {""year"": 2026, ""month"": 6, ""search_volume"": 70}, {""year"": 2026, ""month"": 5, ""search_volume"": 40}, {""year"": 2026, ""month"": 4, ""search_volume"": 40}, {""year"": 2026, ""month"": 3, ""search_volume"": 40}, {""year"": 2026, ""month"": 2, ""search_volume"": 30}, {""year"": 2026, ""month"": 1, ""search_volume"": 40}, {""year"": 2025, ""month"": 12, ""search_volume"": 40}, {""year"": 2025, ""month"": 11, ""search_volume"": 50}, {""year"": 2025, ""month"": 10, ""search_volume"": 20}, {""year"": 2025, ""month"": 9, ""search_volume"": 30}, {""year"": 2025, ""month"": 8, ""search_volume"": 50}]"
A6,rasoir de sûreté wilkinson avis,40,0.21,USD_DOCUMENTED,core,True,,,,,rasoir de sûreté/sécurité homme ou non genré,keywords_data/google_ads/search_volume/live,2026-09-03T14:41:36.469628+00:00,2026-09-03-qualification-9-produits-pur/raw/20-controls-1.json.gz,"[{""year"": 2026, ""month"": 7, ""search_volume"": 70}, {""year"": 2026, ""month"": 6, ""search_volume"": 50}, {""year"": 2026, ""month"": 5, ""search_volume"": 70}, {""year"": 2026, ""month"": 4, ""search_volume"": 70}, {""year"": 2026, ""month"": 3, ""search_volume"": 40}, {""year"": 2026, ""month"": 2, ""search_volume"": 30}, {""year"": 2026, ""month"": 1, ""search_volume"": 40}, {""year"": 2025, ""month"": 12, ""search_volume"": 30}, {""year"": 2025, ""month"": 11, ""search_volume"": 30}, {""year"": 2025, ""month"": 10, ""search_volume"": 20}, {""year"": 2025, ""month"": 9, ""search_volume"": 20}, {""year"": 2025, ""month"": 8, ""search_volume"": 30}]"
A6,rasoir de sûreté femme avis,40,0.41,USD_DOCUMENTED,incompatible,False,,,,,"accessoire, autre public/format ou provenance non prouvée",dataforseo_labs/google/keyword_suggestions/live,2026-09-03T14:36:23.673150+00:00,2026-09-03-qualification-9-produits-pur/raw/10-A6-labs-0.json.gz,"[{""year"": 2026, ""month"": 7, ""search_volume"": 40}, {""year"": 2026, ""month"": 6, ""search_volume"": 50}, {""year"": 2026, ""month"": 5, ""search_volume"": 50}, {""year"": 2026, ""month"": 4, ""search_volume"": 30}, {""year"": 2026, ""month"": 3, ""search_volume"": 40}, {""year"": 2026, ""month"": 2, ""search_volume"": 30}, {""year"": 2026, ""month"": 1, ""search_volume"": 30}, {""year"": 2025, ""month"": 12, ""search_volume"": 40}, {""year"": 2025, ""month"": 11, ""search_volume"": 40}, {""year"": 2025, ""month"": 10, ""search_volume"": 40}, {""year"": 2025, ""month"": 9, ""search_volume"": 40}, {""year"": 2025, ""month"": 8, ""search_volume"": 90}]"
A6,kit rasoir de sûreté,40,0.81,USD_DOCUMENTED,core,False,G0008,40,G0021,40,rasoir de sûreté/sécurité homme ou non genré,keywords_data/google_ads/search_volume/live,2026-09-03T14:41:36.469628+00:00,2026-09-03-qualification-9-produits-pur/raw/20-controls-1.json.gz,"[{""year"": 2026, ""month"": 7, ""search_volume"": 50}, {""year"": 2026, ""month"": 6, ""search_volume"": 40}, {""year"": 2026, ""month"": 5, ""search_volume"": 30}, {""year"": 2026, ""month"": 4, ""search_volume"": 30}, {""year"": 2026, ""month"": 3, ""search_volume"": 40}, {""year"": 2026, ""month"": 2, ""search_volume"": 30}, {""year"": 2026, ""month"": 1, ""search_volume"": 30}, {""year"": 2025, ""month"": 12, ""search_volume"": 90}, {""year"": 2025, ""month"": 11, ""search_volume"": 90}, {""year"": 2025, ""month"": 10, ""search_volume"": 20}, {""year"": 2025, ""month"": 9, ""search_volume"": 30}, {""year"": 2025, ""month"": 8, ""search_volume"": 30}]"
A6,aiguiseur lame de rasoir de sûreté,40,0.17,USD_DOCUMENTED,incompatible,False,,,,,"accessoire, autre public/format ou provenance non prouvée",dataforseo_labs/google/keyword_suggestions/live,2026-09-03T14:36:23.673150+00:00,2026-09-03-qualification-9-produits-pur/raw/10-A6-labs-0.json.gz,"[{""year"": 2026, ""month"": 7, ""search_volume"": 50}, {""year"": 2026, ""month"": 6, ""search_volume"": 20}, {""year"": 2026, ""month"": 5, ""search_volume"": 70}, {""year"": 2026, ""month"": 4, ""search_volume"": 40}, {""year"": 2026, ""month"": 3, ""search_volume"": 20}, {""year"": 2026, ""month"": 2, ""search_volume"": 30}, {""year"": 2026, ""month"": 1, ""search_volume"": 40}, {""year"": 2025, ""month"": 12, ""search_volume"": 30}, {""year"": 2025, ""month"": 11, ""search_volume"": 30}, {""year"": 2025, ""month"": 10, ""search_volume"": 40}, {""year"": 2025, ""month"": 9, ""search_volume"": 30}, {""year"": 2025, ""month"": 8, ""search_volume"": 30}]"
A6,étui rasoir de sûreté,40,0.6,USD_DOCUMENTED,incompatible,False,,,,,"accessoire, autre public/format ou provenance non prouvée",keywords_data/google_ads/search_volume/live,2026-09-03T14:41:36.469628+00:00,2026-09-03-qualification-9-produits-pur/raw/20-controls-1.json.gz,"[{""year"": 2026, ""month"": 7, ""search_volume"": 50}, {""year"": 2026, ""month"": 6, ""search_volume"": 70}, {""year"": 2026, ""month"": 5, ""search_volume"": 70}, {""year"": 2026, ""month"": 4, ""search_volume"": 30}, {""year"": 2026, ""month"": 3, ""search_volume"": 30}, {""year"": 2026, ""month"": 2, ""search_volume"": 40}, {""year"": 2026, ""month"": 1, ""search_volume"": 40}, {""year"": 2025, ""month"": 12, ""search_volume"": 30}, {""year"": 2025, ""month"": 11, ""search_volume"": 30}, {""year"": 2025, ""month"": 10, ""search_volume"": 30}, {""year"": 2025, ""month"": 9, ""search_volume"": 20}, {""year"": 2025, ""month"": 8, ""search_volume"": 50}]"
A6,coffret rasage homme nocibe,40,0.08,USD_DOCUMENTED,conditional,True,,,,,"ensemble ou traditionnel, composition à confirmer en SERP",keywords_data/google_ads/search_volume/live,2026-09-03T14:41:36.469628+00:00,2026-09-03-qualification-9-produits-pur/raw/20-controls-1.json.gz,"[{""year"": 2026, ""month"": 7, ""search_volume"": 10}, {""year"": 2026, ""month"": 6, ""search_volume"": 20}, {""year"": 2026, ""month"": 5, ""search_volume"": 10}, {""year"": 2026, ""month"": 4, ""search_volume"": 10}, {""year"": 2026, ""month"": 3, ""search_volume"": 10}, {""year"": 2026, ""month"": 2, ""search_volume"": 30}, {""year"": 2026, ""month"": 1, ""search_volume"": 30}, {""year"": 2025, ""month"": 12, ""search_volume"": 210}, {""year"": 2025, ""month"": 11, ""search_volume"": 110}, {""year"": 2025, ""month"": 10, ""search_volume"": 10}, {""year"": 2025, ""month"": 9, ""search_volume"": 20}, {""year"": 2025, ""month"": 8, ""search_volume"": 20}]"
A6,coffret rasage homme nocibé,40,0.08,USD_DOCUMENTED,conditional,True,,,,,"ensemble ou traditionnel, composition à confirmer en SERP",keywords_data/google_ads/search_volume/live,2026-09-03T14:41:36.469628+00:00,2026-09-03-qualification-9-produits-pur/raw/20-controls-1.json.gz,"[{""year"": 2026, ""month"": 7, ""search_volume"": 10}, {""year"": 2026, ""month"": 6, ""search_volume"": 20}, {""year"": 2026, ""month"": 5, ""search_volume"": 10}, {""year"": 2026, ""month"": 4, ""search_volume"": 10}, {""year"": 2026, ""month"": 3, ""search_volume"": 10}, {""year"": 2026, ""month"": 2, ""search_volume"": 30}, {""year"": 2026, ""month"": 1, ""search_volume"": 30}, {""year"": 2025, ""month"": 12, ""search_volume"": 210}, {""year"": 2025, ""month"": 11, ""search_volume"": 110}, {""year"": 2025, ""month"": 10, ""search_volume"": 10}, {""year"": 2025, ""month"": 9, ""search_volume"": 20}, {""year"": 2025, ""month"": 8, ""search_volume"": 20}]"
A6,coffret blaireau rasage sephora,40,4.13,USD_DOCUMENTED,conditional,True,,,,,"ensemble ou traditionnel, composition à confirmer en SERP",keywords_data/google_ads/search_volume/live,2026-09-03T14:41:36.469628+00:00,2026-09-03-qualification-9-produits-pur/raw/20-controls-1.json.gz,"[{""year"": 2026, ""month"": 7, ""search_volume"": 10}, {""year"": 2026, ""month"": 6, ""search_volume"": 30}, {""year"": 2026, ""month"": 5, ""search_volume"": 30}, {""year"": 2026, ""month"": 4, ""search_volume"": 10}, {""year"": 2026, ""month"": 3, ""search_volume"": 10}, {""year"": 2026, ""month"": 2, ""search_volume"": 20}, {""year"": 2026, ""month"": 1, ""search_volume"": 10}, {""year"": 2025, ""month"": 12, ""search_volume"": 170}, {""year"": 2025, ""month"": 11, ""search_volume"": 70}, {""year"": 2025, ""month"": 10, ""search_volume"": 30}, {""year"": 2025, ""month"": 9, ""search_volume"": 20}, {""year"": 2025, ""month"": 8, ""search_volume"": 10}]"
A6,rasoir surete gillette,30,0.06,USD_DOCUMENTED,core,True,,,,,rasoir de sûreté/sécurité homme ou non genré,keywords_data/google_ads/search_volume/live,2026-09-03T14:41:31.031518+00:00,2026-09-03-qualification-9-produits-pur/raw/20-controls-0.json.gz,"[{""year"": 2026, ""month"": 7, ""search_volume"": 20}, {""year"": 2026, ""month"": 6, ""search_volume"": 30}, {""year"": 2026, ""month"": 5, ""search_volume"": 40}, {""year"": 2026, ""month"": 4, ""search_volume"": 20}, {""year"": 2026, ""month"": 3, ""search_volume"": 40}, {""year"": 2026, ""month"": 2, ""search_volume"": 20}, {""year"": 2026, ""month"": 1, ""search_volume"": 20}, {""year"": 2025, ""month"": 12, ""search_volume"": 40}, {""year"": 2025, ""month"": 11, ""search_volume"": 20}, {""year"": 2025, ""month"": 10, ""search_volume"": 20}, {""year"": 2025, ""month"": 9, ""search_volume"": 30}, {""year"": 2025, ""month"": 8, ""search_volume"": 50}]"
A6,king c gillette rasoir de sûreté,30,0.58,USD_DOCUMENTED,core,True,,,,,rasoir de sûreté/sécurité homme ou non genré,keywords_data/google_ads/search_volume/live,2026-09-03T14:41:36.469628+00:00,2026-09-03-qualification-9-produits-pur/raw/20-controls-1.json.gz,"[{""year"": 2026, ""month"": 7, ""search_volume"": 50}, {""year"": 2026, ""month"": 6, ""search_volume"": 40}, {""year"": 2026, ""month"": 5, ""search_volume"": 40}, {""year"": 2026, ""month"": 4, ""search_volume"": 40}, {""year"": 2026, ""month"": 3, ""search_volume"": 20}, {""year"": 2026, ""month"": 2, ""search_volume"": 20}, {""year"": 2026, ""month"": 1, ""search_volume"": 20}, {""year"": 2025, ""month"": 12, ""search_volume"": 30}, {""year"": 2025, ""month"": 11, ""search_volume"": 30}, {""year"": 2025, ""month"": 10, ""search_volume"": 20}, {""year"": 2025, ""month"": 9, ""search_volume"": 10}, {""year"": 2025, ""month"": 8, ""search_volume"": 20}]"
A6,rasoir de sûreté fabriqué en france,30,1.52,USD_DOCUMENTED,information,False,,,,,"usage/SAV/risque, hors demande achat directe",dataforseo_labs/google/keyword_suggestions/live,2026-09-03T14:36:23.673150+00:00,2026-09-03-qualification-9-produits-pur/raw/10-A6-labs-0.json.gz,"[{""year"": 2026, ""month"": 7, ""search_volume"": 70}, {""year"": 2026, ""month"": 6, ""search_volume"": 90}, {""year"": 2026, ""month"": 5, ""search_volume"": 40}, {""year"": 2026, ""month"": 4, ""search_volume"": 10}, {""year"": 2026, ""month"": 3, ""search_volume"": 10}, {""year"": 2026, ""month"": 2, ""search_volume"": 10}, {""year"": 2026, ""month"": 1, ""search_volume"": 30}, {""year"": 2025, ""month"": 12, ""search_volume"": 20}, {""year"": 2025, ""month"": 11, ""search_volume"": 30}, {""year"": 2025, ""month"": 10, ""search_volume"": 10}, {""year"": 2025, ""month"": 9, ""search_volume"": 20}, {""year"": 2025, ""month"": 8, ""search_volume"": 20}]"
A6,rasoir de sûreté dangereux,30,,USD_DOCUMENTED,information,False,,,,,"usage/SAV/risque, hors demande achat directe",dataforseo_labs/google/keyword_suggestions/live,2026-09-03T14:36:23.673150+00:00,2026-09-03-qualification-9-produits-pur/raw/10-A6-labs-0.json.gz,"[{""year"": 2026, ""month"": 7, ""search_volume"": 10}, {""year"": 2026, ""month"": 6, ""search_volume"": 40}, {""year"": 2026, ""month"": 5, ""search_volume"": 30}, {""year"": 2026, ""month"": 4, ""search_volume"": 30}, {""year"": 2026, ""month"": 3, ""search_volume"": 50}, {""year"": 2026, ""month"": 2, ""search_volume"": 10}, {""year"": 2026, ""month"": 1, ""search_volume"": 10}, {""year"": 2025, ""month"": 12, ""search_volume"": 30}, {""year"": 2025, ""month"": 11, ""search_volume"": 40}, {""year"": 2025, ""month"": 10, ""search_volume"": 40}, {""year"": 2025, ""month"": 9, ""search_volume"": 50}, {""year"": 2025, ""month"": 8, ""search_volume"": 50}]"
A6,durée de vie lame rasoir de sûreté,30,0.22,USD_DOCUMENTED,incompatible,False,,,,,"accessoire, autre public/format ou provenance non prouvée",dataforseo_labs/google/keyword_suggestions/live,2026-09-03T14:36:23.673150+00:00,2026-09-03-qualification-9-produits-pur/raw/10-A6-labs-0.json.gz,"[{""year"": 2026, ""month"": 7, ""search_volume"": 30}, {""year"": 2026, ""month"": 6, ""search_volume"": 50}, {""year"": 2026, ""month"": 5, ""search_volume"": 50}, {""year"": 2026, ""month"": 4, ""search_volume"": 20}, {""year"": 2026, ""month"": 3, ""search_volume"": 30}, {""year"": 2026, ""month"": 2, ""search_volume"": 30}, {""year"": 2026, ""month"": 1, ""search_volume"": 30}, {""year"": 2025, ""month"": 12, ""search_volume"": 30}, {""year"": 2025, ""month"": 11, ""search_volume"": 40}, {""year"": 2025, ""month"": 10, ""search_volume"": 20}, {""year"": 2025, ""month"": 9, ""search_volume"": 40}, {""year"": 2025, ""month"": 8, ""search_volume"": 50}]"
A6,rasoir de sûreté haut de gamme,30,1.18,USD_DOCUMENTED,core,False,G0009,30,G0022,30,rasoir de sûreté/sécurité homme ou non genré,keywords_data/google_ads/search_volume/live,2026-09-03T14:41:36.469628+00:00,2026-09-03-qualification-9-produits-pur/raw/20-controls-1.json.gz,"[{""year"": 2026, ""month"": 7, ""search_volume"": 50}, {""year"": 2026, ""month"": 6, ""search_volume"": 40}, {""year"": 2026, ""month"": 5, ""search_volume"": 40}, {""year"": 2026, ""month"": 4, ""search_volume"": 50}, {""year"": 2026, ""month"": 3, ""search_volume"": 40}, {""year"": 2026, ""month"": 2, ""search_volume"": 50}, {""year"": 2026, ""month"": 1, ""search_volume"": 10}, {""year"": 2025, ""month"": 12, ""search_volume"": 10}, {""year"": 2025, ""month"": 11, ""search_volume"": 10}, {""year"": 2025, ""month"": 10, ""search_volume"": 10}, {""year"": 2025, ""month"": 9, ""search_volume"": 10}, {""year"": 2025, ""month"": 8, ""search_volume"": 10}]"
A6,wilkinson rasoir de sûreté,30,0.13,USD_DOCUMENTED,core,True,,,,,rasoir de sûreté/sécurité homme ou non genré,keywords_data/google_ads/search_volume/live,2026-09-03T14:41:36.469628+00:00,2026-09-03-qualification-9-produits-pur/raw/20-controls-1.json.gz,"[{""year"": 2026, ""month"": 7, ""search_volume"": 50}, {""year"": 2026, ""month"": 6, ""search_volume"": 40}, {""year"": 2026, ""month"": 5, ""search_volume"": 30}, {""year"": 2026, ""month"": 4, ""search_volume"": 30}, {""year"": 2026, ""month"": 3, ""search_volume"": 30}, {""year"": 2026, ""month"": 2, ""search_volume"": 20}, {""year"": 2026, ""month"": 1, ""search_volume"": 30}, {""year"": 2025, ""month"": 12, ""search_volume"": 30}, {""year"": 2025, ""month"": 11, ""search_volume"": 30}, {""year"": 2025, ""month"": 10, ""search_volume"": 10}, {""year"": 2025, ""month"": 9, ""search_volume"": 10}, {""year"": 2025, ""month"": 8, ""search_volume"": 10}]"
A6,meilleur rasoir de sûreté pour débutant,30,0.83,USD_DOCUMENTED,core,False,G0010,30,G0023,30,rasoir de sûreté/sécurité homme ou non genré,keywords_data/google_ads/search_volume/live,2026-09-03T14:41:36.469628+00:00,2026-09-03-qualification-9-produits-pur/raw/20-controls-1.json.gz,"[{""year"": 2026, ""month"": 7, ""search_volume"": 170}, {""year"": 2026, ""month"": 6, ""search_volume"": 110}, {""year"": 2026, ""month"": 5, ""search_volume"": 50}, {""year"": 2026, ""month"": 4, ""search_volume"": 0}, {""year"": 2026, ""month"": 3, ""search_volume"": 0}, {""year"": 2026, ""month"": 2, ""search_volume"": 0}, {""year"": 2026, ""month"": 1, ""search_volume"": 0}, {""year"": 2025, ""month"": 12, ""search_volume"": 0}, {""year"": 2025, ""month"": 11, ""search_volume"": 0}, {""year"": 2025, ""month"": 10, ""search_volume"": 0}, {""year"": 2025, ""month"": 9, ""search_volume"": 0}, {""year"": 2025, ""month"": 8, ""search_volume"": 0}]"
A6,rasoir de sécurité femme,30,0.44,USD_DOCUMENTED,incompatible,False,,,,,"accessoire, autre public/format ou provenance non prouvée",dataforseo_labs/google/keyword_suggestions/live,2026-09-03T14:36:24.143908+00:00,2026-09-03-qualification-9-produits-pur/raw/10-A6-labs-2.json.gz,"[{""year"": 2026, ""month"": 7, ""search_volume"": 40}, {""year"": 2026, ""month"": 6, ""search_volume"": 40}, {""year"": 2026, ""month"": 5, ""search_volume"": 30}, {""year"": 2026, ""month"": 4, ""search_volume"": 20}, {""year"": 2026, ""month"": 3, ""search_volume"": 30}, {""year"": 2026, ""month"": 2, ""search_volume"": 10}, {""year"": 2026, ""month"": 1, ""search_volume"": 20}, {""year"": 2025, ""month"": 12, ""search_volume"": 20}, {""year"": 2025, ""month"": 11, ""search_volume"": 20}, {""year"": 2025, ""month"": 10, ""search_volume"": 50}, {""year"": 2025, ""month"": 9, ""search_volume"": 30}, {""year"": 2025, ""month"": 8, ""search_volume"": 70}]"
A6,coffret homme apres rasage,30,0.65,USD_DOCUMENTED,incompatible,False,,,,,"accessoire, autre public/format ou provenance non prouvée",dataforseo_labs/google/keyword_suggestions/live,2026-09-03T14:36:24.514398+00:00,2026-09-03-qualification-9-produits-pur/raw/10-A6-labs-3.json.gz,"[{""year"": 2026, ""month"": 7, ""search_volume"": 10}, {""year"": 2026, ""month"": 6, ""search_volume"": 20}, {""year"": 2026, ""month"": 5, ""search_volume"": 10}, {""year"": 2026, ""month"": 4, ""search_volume"": 10}, {""year"": 2026, ""month"": 3, ""search_volume"": 10}, {""year"": 2026, ""month"": 2, ""search_volume"": 10}, {""year"": 2026, ""month"": 1, ""search_volume"": 10}, {""year"": 2025, ""month"": 12, ""search_volume"": 170}, {""year"": 2025, ""month"": 11, ""search_volume"": 50}, {""year"": 2025, ""month"": 10, ""search_volume"": 10}, {""year"": 2025, ""month"": 9, ""search_volume"": 10}, {""year"": 2025, ""month"": 8, ""search_volume"": 10}]"
A6,rituals coffret homme rasage,30,0.41,USD_DOCUMENTED,conditional,True,,,,,"ensemble ou traditionnel, composition à confirmer en SERP",keywords_data/google_ads/search_volume/live,2026-09-03T14:41:36.469628+00:00,2026-09-03-qualification-9-produits-pur/raw/20-controls-1.json.gz,"[{""year"": 2026, ""month"": 7, ""search_volume"": 20}, {""year"": 2026, ""month"": 6, ""search_volume"": 10}, {""year"": 2026, ""month"": 5, ""search_volume"": 10}, {""year"": 2026, ""month"": 4, ""search_volume"": 10}, {""year"": 2026, ""month"": 3, ""search_volume"": 10}, {""year"": 2026, ""month"": 2, ""search_volume"": 20}, {""year"": 2026, ""month"": 1, ""search_volume"": 20}, {""year"": 2025, ""month"": 12, ""search_volume"": 110}, {""year"": 2025, ""month"": 11, ""search_volume"": 110}, {""year"": 2025, ""month"": 10, ""search_volume"": 40}, {""year"": 2025, ""month"": 9, ""search_volume"": 10}, {""year"": 2025, ""month"": 8, ""search_volume"": 20}]"
A6,coffret rasage homme pas cher,30,1.14,USD_DOCUMENTED,conditional,False,,,G0024,30,"ensemble ou traditionnel, composition à confirmer en SERP",keywords_data/google_ads/search_volume/live,2026-09-03T14:41:36.469628+00:00,2026-09-03-qualification-9-produits-pur/raw/20-controls-1.json.gz,"[{""year"": 2026, ""month"": 7, ""search_volume"": 10}, {""year"": 2026, ""month"": 6, ""search_volume"": 20}, {""year"": 2026, ""month"": 5, ""search_volume"": 10}, {""year"": 2026, ""month"": 4, ""search_volume"": 10}, {""year"": 2026, ""month"": 3, ""search_volume"": 10}, {""year"": 2026, ""month"": 2, ""search_volume"": 10}, {""year"": 2026, ""month"": 1, ""search_volume"": 20}, {""year"": 2025, ""month"": 12, ""search_volume"": 110}, {""year"": 2025, ""month"": 11, ""search_volume"": 70}, {""year"": 2025, ""month"": 10, ""search_volume"": 30}, {""year"": 2025, ""month"": 9, ""search_volume"": 10}, {""year"": 2025, ""month"": 8, ""search_volume"": 10}]"
A6,coffret de rasage,30,0.26,USD_DOCUMENTED,conditional,False,,,G0010,0,"ensemble ou traditionnel, composition à confirmer en SERP",keywords_data/google_ads/search_volume/live,2026-09-03T14:41:36.469628+00:00,2026-09-03-qualification-9-produits-pur/raw/20-controls-1.json.gz,"[{""year"": 2026, ""month"": 7, ""search_volume"": 10}, {""year"": 2026, ""month"": 6, ""search_volume"": 20}, {""year"": 2026, ""month"": 5, ""search_volume"": 10}, {""year"": 2026, ""month"": 4, ""search_volume"": 10}, {""year"": 2026, ""month"": 3, ""search_volume"": 20}, {""year"": 2026, ""month"": 2, ""search_volume"": 10}, {""year"": 2026, ""month"": 1, ""search_volume"": 10}, {""year"": 2025, ""month"": 12, ""search_volume"": 110}, {""year"": 2025, ""month"": 11, ""search_volume"": 90}, {""year"": 2025, ""month"": 10, ""search_volume"": 20}, {""year"": 2025, ""month"": 9, ""search_volume"": 30}, {""year"": 2025, ""month"": 8, ""search_volume"": 10}]"
A6,coffret cadeau rasage homme,30,0.71,USD_DOCUMENTED,conditional,False,,,G0025,30,"ensemble ou traditionnel, composition à confirmer en SERP",keywords_data/google_ads/search_volume/live,2026-09-03T14:41:36.469628+00:00,2026-09-03-qualification-9-produits-pur/raw/20-controls-1.json.gz,"[{""year"": 2026, ""month"": 7, ""search_volume"": 10}, {""year"": 2026, ""month"": 6, ""search_volume"": 10}, {""year"": 2026, ""month"": 5, ""search_volume"": 10}, {""year"": 2026, ""month"": 4, ""search_volume"": 10}, {""year"": 2026, ""month"": 3, ""search_volume"": 10}, {""year"": 2026, ""month"": 2, ""search_volume"": 10}, {""year"": 2026, ""month"": 1, ""search_volume"": 10}, {""year"": 2025, ""month"": 12, ""search_volume"": 110}, {""year"": 2025, ""month"": 11, ""search_volume"": 90}, {""year"": 2025, ""month"": 10, ""search_volume"": 20}, {""year"": 2025, ""month"": 9, ""search_volume"": 10}, {""year"": 2025, ""month"": 8, ""search_volume"": 10}]"
A6,coffret soin rasage homme,30,1.65,USD_DOCUMENTED,conditional,False,,,G0026,30,"ensemble ou traditionnel, composition à confirmer en SERP",keywords_data/google_ads/search_volume/live,2026-09-03T14:41:36.469628+00:00,2026-09-03-qualification-9-produits-pur/raw/20-controls-1.json.gz,"[{""year"": 2026, ""month"": 7, ""search_volume"": 10}, {""year"": 2026, ""month"": 6, ""search_volume"": 20}, {""year"": 2026, ""month"": 5, ""search_volume"": 10}, {""year"": 2026, ""month"": 4, ""search_volume"": 10}, {""year"": 2026, ""month"": 3, ""search_volume"": 10}, {""year"": 2026, ""month"": 2, ""search_volume"": 10}, {""year"": 2026, ""month"": 1, ""search_volume"": 10}, {""year"": 2025, ""month"": 12, ""search_volume"": 110}, {""year"": 2025, ""month"": 11, ""search_volume"": 90}, {""year"": 2025, ""month"": 10, ""search_volume"": 10}, {""year"": 2025, ""month"": 9, ""search_volume"": 10}, {""year"": 2025, ""month"": 8, ""search_volume"": 10}]"
A6,coffret cadeau homme rasage,30,0.71,USD_DOCUMENTED,conditional,False,,,G0025,0,"ensemble ou traditionnel, composition à confirmer en SERP",keywords_data/google_ads/search_volume/live,2026-09-03T14:41:36.469628+00:00,2026-09-03-qualification-9-produits-pur/raw/20-controls-1.json.gz,"[{""year"": 2026, ""month"": 7, ""search_volume"": 10}, {""year"": 2026, ""month"": 6, ""search_volume"": 10}, {""year"": 2026, ""month"": 5, ""search_volume"": 10}, {""year"": 2026, ""month"": 4, ""search_volume"": 10}, {""year"": 2026, ""month"": 3, ""search_volume"": 10}, {""year"": 2026, ""month"": 2, ""search_volume"": 10}, {""year"": 2026, ""month"": 1, ""search_volume"": 10}, {""year"": 2025, ""month"": 12, ""search_volume"": 110}, {""year"": 2025, ""month"": 11, ""search_volume"": 90}, {""year"": 2025, ""month"": 10, ""search_volume"": 20}, {""year"": 2025, ""month"": 9, ""search_volume"": 10}, {""year"": 2025, ""month"": 8, ""search_volume"": 10}]"
A6,coffret rasage homme bio,30,,USD_DOCUMENTED,conditional,False,,,G0027,30,"ensemble ou traditionnel, composition à confirmer en SERP",keywords_data/google_ads/search_volume/live,2026-09-03T14:41:36.469628+00:00,2026-09-03-qualification-9-produits-pur/raw/20-controls-1.json.gz,"[{""year"": 2026, ""month"": 7, ""search_volume"": 0}, {""year"": 2026, ""month"": 6, ""search_volume"": 10}, {""year"": 2026, ""month"": 5, ""search_volume"": 30}, {""year"": 2026, ""month"": 4, ""search_volume"": 20}, {""year"": 2026, ""month"": 3, ""search_volume"": 70}, {""year"": 2026, ""month"": 2, ""search_volume"": 70}, {""year"": 2026, ""month"": 1, ""search_volume"": 10}, {""year"": 2025, ""month"": 12, ""search_volume"": 30}, {""year"": 2025, ""month"": 11, ""search_volume"": 10}, {""year"": 2025, ""month"": 10, ""search_volume"": 10}, {""year"": 2025, ""month"": 9, ""search_volume"": 30}, {""year"": 2025, ""month"": 8, ""search_volume"": 40}]"
A6,kit de rasage à l ancienne,30,0.63,USD_DOCUMENTED,incompatible,False,,,,,"accessoire, autre public/format ou provenance non prouvée",dataforseo_labs/google/keyword_suggestions/live,2026-09-03T14:36:24.996196+00:00,2026-09-03-qualification-9-produits-pur/raw/10-A6-labs-4.json.gz,"[{""year"": 2026, ""month"": 7, ""search_volume"": 20}, {""year"": 2026, ""month"": 6, ""search_volume"": 20}, {""year"": 2026, ""month"": 5, ""search_volume"": 20}, {""year"": 2026, ""month"": 4, ""search_volume"": 10}, {""year"": 2026, ""month"": 3, ""search_volume"": 20}, {""year"": 2026, ""month"": 2, ""search_volume"": 20}, {""year"": 2026, ""month"": 1, ""search_volume"": 20}, {""year"": 2025, ""month"": 12, ""search_volume"": 70}, {""year"": 2025, ""month"": 11, ""search_volume"": 90}, {""year"": 2025, ""month"": 10, ""search_volume"": 30}, {""year"": 2025, ""month"": 9, ""search_volume"": 40}, {""year"": 2025, ""month"": 8, ""search_volume"": 50}]"
A6,kit rasage coupe-choux,30,1.17,USD_DOCUMENTED,incompatible,False,,,,,"accessoire, autre public/format ou provenance non prouvée",dataforseo_labs/google/keyword_suggestions/live,2026-09-03T14:36:24.996196+00:00,2026-09-03-qualification-9-produits-pur/raw/10-A6-labs-4.json.gz,"[{""year"": 2026, ""month"": 7, ""search_volume"": 10}, {""year"": 2026, ""month"": 6, ""search_volume"": 10}, {""year"": 2026, ""month"": 5, ""search_volume"": 10}, {""year"": 2026, ""month"": 4, ""search_volume"": 10}, {""year"": 2026, ""month"": 3, ""search_volume"": 10}, {""year"": 2026, ""month"": 2, ""search_volume"": 20}, {""year"": 2026, ""month"": 1, ""search_volume"": 20}, {""year"": 2025, ""month"": 12, ""search_volume"": 110}, {""year"": 2025, ""month"": 11, ""search_volume"": 70}, {""year"": 2025, ""month"": 10, ""search_volume"": 30}, {""year"": 2025, ""month"": 9, ""search_volume"": 50}, {""year"": 2025, ""month"": 8, ""search_volume"": 30}]"
A6,kit de rasage à l'ancienne,30,0.63,USD_DOCUMENTED,incompatible,False,,,,,"accessoire, autre public/format ou provenance non prouvée",dataforseo_labs/google/keyword_suggestions/live,2026-09-03T14:36:24.996196+00:00,2026-09-03-qualification-9-produits-pur/raw/10-A6-labs-4.json.gz,"[{""year"": 2026, ""month"": 7, ""search_volume"": 20}, {""year"": 2026, ""month"": 6, ""search_volume"": 20}, {""year"": 2026, ""month"": 5, ""search_volume"": 20}, {""year"": 2026, ""month"": 4, ""search_volume"": 10}, {""year"": 2026, ""month"": 3, ""search_volume"": 20}, {""year"": 2026, ""month"": 2, ""search_volume"": 20}, {""year"": 2026, ""month"": 1, ""search_volume"": 20}, {""year"": 2025, ""month"": 12, ""search_volume"": 70}, {""year"": 2025, ""month"": 11, ""search_volume"": 90}, {""year"": 2025, ""month"": 10, ""search_volume"": 30}, {""year"": 2025, ""month"": 9, ""search_volume"": 40}, {""year"": 2025, ""month"": 8, ""search_volume"": 50}]"
A6,kit de rasage barbe,30,0.5,USD_DOCUMENTED,conditional,False,,,G0017,0,"ensemble ou traditionnel, composition à confirmer en SERP",keywords_data/google_ads/search_volume/live,2026-09-03T14:41:36.469628+00:00,2026-09-03-qualification-9-produits-pur/raw/20-controls-1.json.gz,"[{""year"": 2026, ""month"": 7, ""search_volume"": 10}, {""year"": 2026, ""month"": 6, ""search_volume"": 10}, {""year"": 2026, ""month"": 5, ""search_volume"": 30}, {""year"": 2026, ""month"": 4, ""search_volume"": 30}, {""year"": 2026, ""month"": 3, ""search_volume"": 70}, {""year"": 2026, ""month"": 2, ""search_volume"": 90}, {""year"": 2026, ""month"": 1, ""search_volume"": 10}, {""year"": 2025, ""month"": 12, ""search_volume"": 50}, {""year"": 2025, ""month"": 11, ""search_volume"": 50}, {""year"": 2025, ""month"": 10, ""search_volume"": 10}, {""year"": 2025, ""month"": 9, ""search_volume"": 10}, {""year"": 2025, ""month"": 8, ""search_volume"": 40}]"
A6,kit rasage femme,30,0.4,USD_DOCUMENTED,incompatible,False,,,,,"accessoire, autre public/format ou provenance non prouvée",dataforseo_labs/google/keyword_suggestions/live,2026-09-03T14:36:24.996196+00:00,2026-09-03-qualification-9-produits-pur/raw/10-A6-labs-4.json.gz,"[{""year"": 2026, ""month"": 7, ""search_volume"": 50}, {""year"": 2026, ""month"": 6, ""search_volume"": 50}, {""year"": 2026, ""month"": 5, ""search_volume"": 40}, {""year"": 2026, ""month"": 4, ""search_volume"": 10}, {""year"": 2026, ""month"": 3, ""search_volume"": 20}, {""year"": 2026, ""month"": 2, ""search_volume"": 10}, {""year"": 2026, ""month"": 1, ""search_volume"": 20}, {""year"": 2025, ""month"": 12, ""search_volume"": 30}, {""year"": 2025, ""month"": 11, ""search_volume"": 30}, {""year"": 2025, ""month"": 10, ""search_volume"": 20}, {""year"": 2025, ""month"": 9, ""search_volume"": 10}, {""year"": 2025, ""month"": 8, ""search_volume"": 20}]"
A6,kit de rasage manuel homme,30,1.91,USD_DOCUMENTED,conditional,False,,,G0028,30,"ensemble ou traditionnel, composition à confirmer en SERP",keywords_data/google_ads/search_volume/live,2026-09-03T14:41:36.469628+00:00,2026-09-03-qualification-9-produits-pur/raw/20-controls-1.json.gz,"[{""year"": 2026, ""month"": 7, ""search_volume"": 10}, {""year"": 2026, ""month"": 6, ""search_volume"": 10}, {""year"": 2026, ""month"": 5, ""search_volume"": 40}, {""year"": 2026, ""month"": 4, ""search_volume"": 40}, {""year"": 2026, ""month"": 3, ""search_volume"": 70}, {""year"": 2026, ""month"": 2, ""search_volume"": 70}, {""year"": 2026, ""month"": 1, ""search_volume"": 20}, {""year"": 2025, ""month"": 12, ""search_volume"": 20}, {""year"": 2025, ""month"": 11, ""search_volume"": 20}, {""year"": 2025, ""month"": 10, ""search_volume"": 20}, {""year"": 2025, ""month"": 9, ""search_volume"": 30}, {""year"": 2025, ""month"": 8, ""search_volume"": 20}]"
A6,kit de rasage pour homme sephora,30,0.23,USD_DOCUMENTED,conditional,True,,,,,"ensemble ou traditionnel, composition à confirmer en SERP",keywords_data/google_ads/search_volume/live,2026-09-03T14:41:36.469628+00:00,2026-09-03-qualification-9-produits-pur/raw/20-controls-1.json.gz,"[{""year"": 2026, ""month"": 7, ""search_volume"": 10}, {""year"": 2026, ""month"": 6, ""search_volume"": 10}, {""year"": 2026, ""month"": 5, ""search_volume"": 10}, {""year"": 2026, ""month"": 4, ""search_volume"": 10}, {""year"": 2026, ""month"": 3, ""search_volume"": 10}, {""year"": 2026, ""month"": 2, ""search_volume"": 20}, {""year"": 2026, ""month"": 1, ""search_volume"": 10}, {""year"": 2025, ""month"": 12, ""search_volume"": 110}, {""year"": 2025, ""month"": 11, ""search_volume"": 50}, {""year"": 2025, ""month"": 10, ""search_volume"": 20}, {""year"": 2025, ""month"": 9, ""search_volume"": 20}, {""year"": 2025, ""month"": 8, ""search_volume"": 20}]"
A6,kit rasage coupe choux,30,1.17,USD_DOCUMENTED,incompatible,False,,,,,"accessoire, autre public/format ou provenance non prouvée",dataforseo_labs/google/keyword_suggestions/live,2026-09-03T14:36:24.996196+00:00,2026-09-03-qualification-9-produits-pur/raw/10-A6-labs-4.json.gz,"[{""year"": 2026, ""month"": 7, ""search_volume"": 10}, {""year"": 2026, ""month"": 6, ""search_volume"": 10}, {""year"": 2026, ""month"": 5, ""search_volume"": 10}, {""year"": 2026, ""month"": 4, ""search_volume"": 10}, {""year"": 2026, ""month"": 3, ""search_volume"": 10}, {""year"": 2026, ""month"": 2, ""search_volume"": 20}, {""year"": 2026, ""month"": 1, ""search_volume"": 20}, {""year"": 2025, ""month"": 12, ""search_volume"": 110}, {""year"": 2025, ""month"": 11, ""search_volume"": 70}, {""year"": 2025, ""month"": 10, ""search_volume"": 30}, {""year"": 2025, ""month"": 9, ""search_volume"": 50}, {""year"": 2025, ""month"": 8, ""search_volume"": 30}]"
A6,kit rasage coupe chou,30,1.17,USD_DOCUMENTED,incompatible,False,,,,,"accessoire, autre public/format ou provenance non prouvée",dataforseo_labs/google/keyword_suggestions/live,2026-09-03T14:36:24.996196+00:00,2026-09-03-qualification-9-produits-pur/raw/10-A6-labs-4.json.gz,"[{""year"": 2026, ""month"": 7, ""search_volume"": 10}, {""year"": 2026, ""month"": 6, ""search_volume"": 10}, {""year"": 2026, ""month"": 5, ""search_volume"": 10}, {""year"": 2026, ""month"": 4, ""search_volume"": 10}, {""year"": 2026, ""month"": 3, ""search_volume"": 10}, {""year"": 2026, ""month"": 2, ""search_volume"": 20}, {""year"": 2026, ""month"": 1, ""search_volume"": 20}, {""year"": 2025, ""month"": 12, ""search_volume"": 110}, {""year"": 2025, ""month"": 11, ""search_volume"": 70}, {""year"": 2025, ""month"": 10, ""search_volume"": 30}, {""year"": 2025, ""month"": 9, ""search_volume"": 50}, {""year"": 2025, ""month"": 8, ""search_volume"": 30}]"
A6,rasoir de surete debutant,20,0.24,USD_DOCUMENTED,core,False,G0011,20,G0029,20,rasoir de sûreté/sécurité homme ou non genré,keywords_data/google_ads/search_volume/live,2026-09-03T14:41:31.031518+00:00,2026-09-03-qualification-9-produits-pur/raw/20-controls-0.json.gz,"[{""year"": 2026, ""month"": 7, ""search_volume"": 10}, {""year"": 2026, ""month"": 6, ""search_volume"": 40}, {""year"": 2026, ""month"": 5, ""search_volume"": 30}, {""year"": 2026, ""month"": 4, ""search_volume"": 10}, {""year"": 2026, ""month"": 3, ""search_volume"": 20}, {""year"": 2026, ""month"": 2, ""search_volume"": 10}, {""year"": 2026, ""month"": 1, ""search_volume"": 20}, {""year"": 2025, ""month"": 12, ""search_volume"": 10}, {""year"": 2025, ""month"": 11, ""search_volume"": 10}, {""year"": 2025, ""month"": 10, ""search_volume"": 20}, {""year"": 2025, ""month"": 9, ""search_volume"": 10}, {""year"": 2025, ""month"": 8, ""search_volume"": 10}]"
A6,comment utiliser rasoir de surete,20,,USD_DOCUMENTED,information,False,,,,,"usage/SAV/risque, hors demande achat directe",dataforseo_labs/google/keyword_suggestions/live,2026-09-03T11:49:03.277522+00:00,2026-09-03-test-decouverte-search-12/04-A6-targeted.json.gz,"[{""year"": 2026, ""month"": 7, ""search_volume"": 20}, {""year"": 2026, ""month"": 6, ""search_volume"": 20}, {""year"": 2026, ""month"": 5, ""search_volume"": 20}, {""year"": 2026, ""month"": 4, ""search_volume"": 10}, {""year"": 2026, ""month"": 3, ""search_volume"": 20}, {""year"": 2026, ""month"": 2, ""search_volume"": 20}, {""year"": 2026, ""month"": 1, ""search_volume"": 10}, {""year"": 2025, ""month"": 12, ""search_volume"": 20}, {""year"": 2025, ""month"": 11, ""search_volume"": 10}, {""year"": 2025, ""month"": 10, ""search_volume"": 10}, {""year"": 2025, ""month"": 9, ""search_volume"": 20}, {""year"": 2025, ""month"": 8, ""search_volume"": 20}]"
A6,lame rasoir de sûreté peau sensible,20,0.54,USD_DOCUMENTED,incompatible,False,,,,,"accessoire, autre public/format ou provenance non prouvée",dataforseo_labs/google/keyword_suggestions/live,2026-09-03T14:36:23.673150+00:00,2026-09-03-qualification-9-produits-pur/raw/10-A6-labs-0.json.gz,"[{""year"": 2026, ""month"": 7, ""search_volume"": 40}, {""year"": 2026, ""month"": 6, ""search_volume"": 30}, {""year"": 2026, ""month"": 5, ""search_volume"": 10}, {""year"": 2026, ""month"": 4, ""search_volume"": 20}, {""year"": 2026, ""month"": 3, ""search_volume"": 20}, {""year"": 2026, ""month"": 2, ""search_volume"": 20}, {""year"": 2026, ""month"": 1, ""search_volume"": 20}, {""year"": 2025, ""month"": 12, ""search_volume"": 20}, {""year"": 2025, ""month"": 11, ""search_volume"": 10}, {""year"": 2025, ""month"": 10, ""search_volume"": 20}, {""year"": 2025, ""month"": 9, ""search_volume"": 30}, {""year"": 2025, ""month"": 8, ""search_volume"": 20}]"
A6,le rasoir de sûreté,20,,USD_DOCUMENTED,core,False,G0001,0,G0001,0,rasoir de sûreté/sécurité homme ou non genré,keywords_data/google_ads/search_volume/live,2026-09-03T14:41:36.469628+00:00,2026-09-03-qualification-9-produits-pur/raw/20-controls-1.json.gz,"[{""year"": 2026, ""month"": 7, ""search_volume"": 10}, {""year"": 2026, ""month"": 6, ""search_volume"": 30}, {""year"": 2026, ""month"": 5, ""search_volume"": 30}, {""year"": 2026, ""month"": 4, ""search_volume"": 20}, {""year"": 2026, ""month"": 3, ""search_volume"": 10}, {""year"": 2026, ""month"": 2, ""search_volume"": 10}, {""year"": 2026, ""month"": 1, ""search_volume"": 10}, {""year"": 2025, ""month"": 12, ""search_volume"": 30}, {""year"": 2025, ""month"": 11, ""search_volume"": 10}, {""year"": 2025, ""month"": 10, ""search_volume"": 10}, {""year"": 2025, ""month"": 9, ""search_volume"": 10}, {""year"": 2025, ""month"": 8, ""search_volume"": 10}]"
A6,rasoir de sûreté femme made in france,20,0.48,USD_DOCUMENTED,incompatible,False,,,,,"accessoire, autre public/format ou provenance non prouvée",dataforseo_labs/google/keyword_suggestions/live,2026-09-03T14:36:23.673150+00:00,2026-09-03-qualification-9-produits-pur/raw/10-A6-labs-0.json.gz,"[{""year"": 2026, ""month"": 7, ""search_volume"": 10}, {""year"": 2026, ""month"": 6, ""search_volume"": 10}, {""year"": 2026, ""month"": 5, ""search_volume"": 30}, {""year"": 2026, ""month"": 4, ""search_volume"": 20}, {""year"": 2026, ""month"": 3, ""search_volume"": 10}, {""year"": 2026, ""month"": 2, ""search_volume"": 10}, {""year"": 2026, ""month"": 1, ""search_volume"": 20}, {""year"": 2025, ""month"": 12, ""search_volume"": 10}, {""year"": 2025, ""month"": 11, ""search_volume"": 10}, {""year"": 2025, ""month"": 10, ""search_volume"": 10}, {""year"": 2025, ""month"": 9, ""search_volume"": 10}, {""year"": 2025, ""month"": 8, ""search_volume"": 20}]"
A6,rasoir de sûreté crâne,20,1.74,USD_DOCUMENTED,incompatible,False,,,,,"format, public, pays ou intention hors kit débutant fixe",keywords_data/google_ads/search_volume/live,2026-09-03T14:41:36.469628+00:00,2026-09-03-qualification-9-produits-pur/raw/20-controls-1.json.gz,"[{""year"": 2026, ""month"": 7, ""search_volume"": 40}, {""year"": 2026, ""month"": 6, ""search_volume"": 30}, {""year"": 2026, ""month"": 5, ""search_volume"": 30}, {""year"": 2026, ""month"": 4, ""search_volume"": 20}, {""year"": 2026, ""month"": 3, ""search_volume"": 20}, {""year"": 2026, ""month"": 2, ""search_volume"": 10}, {""year"": 2026, ""month"": 1, ""search_volume"": 20}, {""year"": 2025, ""month"": 12, ""search_volume"": 20}, {""year"": 2025, ""month"": 11, ""search_volume"": 10}, {""year"": 2025, ""month"": 10, ""search_volume"": 10}, {""year"": 2025, ""month"": 9, ""search_volume"": 10}, {""year"": 2025, ""month"": 8, ""search_volume"": 20}]"
A6,comment utiliser un rasoir de sûreté femme,20,0.83,USD_DOCUMENTED,information,False,,,,,"usage/SAV/risque, hors demande achat directe",dataforseo_labs/google/keyword_suggestions/live,2026-09-03T14:36:23.673150+00:00,2026-09-03-qualification-9-produits-pur/raw/10-A6-labs-0.json.gz,"[{""year"": 2026, ""month"": 7, ""search_volume"": 20}, {""year"": 2026, ""month"": 6, ""search_volume"": 30}, {""year"": 2026, ""month"": 5, ""search_volume"": 30}, {""year"": 2026, ""month"": 4, ""search_volume"": 20}, {""year"": 2026, ""month"": 3, ""search_volume"": 20}, {""year"": 2026, ""month"": 2, ""search_volume"": 10}, {""year"": 2026, ""month"": 1, ""search_volume"": 20}, {""year"": 2025, ""month"": 12, ""search_volume"": 20}, {""year"": 2025, ""month"": 11, ""search_volume"": 20}, {""year"": 2025, ""month"": 10, ""search_volume"": 20}, {""year"": 2025, ""month"": 9, ""search_volume"": 20}, {""year"": 2025, ""month"": 8, ""search_volume"": 50}]"
A6,rasoir de sûreté débutant,20,0.24,USD_DOCUMENTED,core,False,G0011,0,G0029,0,rasoir de sûreté/sécurité homme ou non genré,keywords_data/google_ads/search_volume/live,2026-09-03T14:41:36.469628+00:00,2026-09-03-qualification-9-produits-pur/raw/20-controls-1.json.gz,"[{""year"": 2026, ""month"": 7, ""search_volume"": 10}, {""year"": 2026, ""month"": 6, ""search_volume"": 40}, {""year"": 2026, ""month"": 5, ""search_volume"": 30}, {""year"": 2026, ""month"": 4, ""search_volume"": 10}, {""year"": 2026, ""month"": 3, ""search_volume"": 20}, {""year"": 2026, ""month"": 2, ""search_volume"": 10}, {""year"": 2026, ""month"": 1, ""search_volume"": 20}, {""year"": 2025, ""month"": 12, ""search_volume"": 10}, {""year"": 2025, ""month"": 11, ""search_volume"": 10}, {""year"": 2025, ""month"": 10, ""search_volume"": 20}, {""year"": 2025, ""month"": 9, ""search_volume"": 10}, {""year"": 2025, ""month"": 8, ""search_volume"": 10}]"
A6,rasoir de sûreté parker,20,0.28,USD_DOCUMENTED,core,True,,,,,rasoir de sûreté/sécurité homme ou non genré,keywords_data/google_ads/search_volume/live,2026-09-03T14:41:36.469628+00:00,2026-09-03-qualification-9-produits-pur/raw/20-controls-1.json.gz,"[{""year"": 2026, ""month"": 7, ""search_volume"": 20}, {""year"": 2026, ""month"": 6, ""search_volume"": 20}, {""year"": 2026, ""month"": 5, ""search_volume"": 20}, {""year"": 2026, ""month"": 4, ""search_volume"": 10}, {""year"": 2026, ""month"": 3, ""search_volume"": 30}, {""year"": 2026, ""month"": 2, ""search_volume"": 10}, {""year"": 2026, ""month"": 1, ""search_volume"": 10}, {""year"": 2025, ""month"": 12, ""search_volume"": 10}, {""year"": 2025, ""month"": 11, ""search_volume"": 20}, {""year"": 2025, ""month"": 10, ""search_volume"": 10}, {""year"": 2025, ""month"": 9, ""search_volume"": 10}, {""year"": 2025, ""month"": 8, ""search_volume"": 10}]"
A6,rasoir de sûreté wilkinson femme,20,0.25,USD_DOCUMENTED,incompatible,True,,,,,"accessoire, autre public/format ou provenance non prouvée",dataforseo_labs/google/keyword_suggestions/live,2026-09-03T14:36:23.673150+00:00,2026-09-03-qualification-9-produits-pur/raw/10-A6-labs-0.json.gz,"[{""year"": 2026, ""month"": 7, ""search_volume"": 40}, {""year"": 2026, ""month"": 6, ""search_volume"": 50}, {""year"": 2026, ""month"": 5, ""search_volume"": 40}, {""year"": 2026, ""month"": 4, ""search_volume"": 20}, {""year"": 2026, ""month"": 3, ""search_volume"": 20}, {""year"": 2026, ""month"": 2, ""search_volume"": 10}, {""year"": 2026, ""month"": 1, ""search_volume"": 10}, {""year"": 2025, ""month"": 12, ""search_volume"": 10}, {""year"": 2025, ""month"": 11, ""search_volume"": 10}, {""year"": 2025, ""month"": 10, ""search_volume"": 10}, {""year"": 2025, ""month"": 9, ""search_volume"": 20}, {""year"": 2025, ""month"": 8, ""search_volume"": 20}]"
A6,ou jeter ses lames de rasoir de sûreté,20,,USD_DOCUMENTED,incompatible,False,,,,,"accessoire, autre public/format ou provenance non prouvée",dataforseo_labs/google/keyword_suggestions/live,2026-09-03T14:36:23.673150+00:00,2026-09-03-qualification-9-produits-pur/raw/10-A6-labs-0.json.gz,"[{""year"": 2026, ""month"": 7, ""search_volume"": 30}, {""year"": 2026, ""month"": 6, ""search_volume"": 30}, {""year"": 2026, ""month"": 5, ""search_volume"": 30}, {""year"": 2026, ""month"": 4, ""search_volume"": 20}, {""year"": 2026, ""month"": 3, ""search_volume"": 20}, {""year"": 2026, ""month"": 2, ""search_volume"": 10}, {""year"": 2026, ""month"": 1, ""search_volume"": 10}, {""year"": 2025, ""month"": 12, ""search_volume"": 10}, {""year"": 2025, ""month"": 11, ""search_volume"": 10}, {""year"": 2025, ""month"": 10, ""search_volume"": 10}, {""year"": 2025, ""month"": 9, ""search_volume"": 30}, {""year"": 2025, ""month"": 8, ""search_volume"": 30}]"
A6,rasoir de sécurité wilkinson,20,0.06,USD_DOCUMENTED,core,True,,,,,rasoir de sûreté/sécurité homme ou non genré,keywords_data/google_ads/search_volume/live,2026-09-03T14:41:36.469628+00:00,2026-09-03-qualification-9-produits-pur/raw/20-controls-1.json.gz,"[{""year"": 2026, ""month"": 7, ""search_volume"": 40}, {""year"": 2026, ""month"": 6, ""search_volume"": 40}, {""year"": 2026, ""month"": 5, ""search_volume"": 30}, {""year"": 2026, ""month"": 4, ""search_volume"": 20}, {""year"": 2026, ""month"": 3, ""search_volume"": 20}, {""year"": 2026, ""month"": 2, ""search_volume"": 10}, {""year"": 2026, ""month"": 1, ""search_volume"": 30}, {""year"": 2025, ""month"": 12, ""search_volume"": 20}, {""year"": 2025, ""month"": 11, ""search_volume"": 30}, {""year"": 2025, ""month"": 10, ""search_volume"": 20}, {""year"": 2025, ""month"": 9, ""search_volume"": 20}, {""year"": 2025, ""month"": 8, ""search_volume"": 20}]"
A6,meilleur rasoir de sécurité,20,1.2,USD_DOCUMENTED,core,False,G0012,20,G0030,20,rasoir de sûreté/sécurité homme ou non genré,keywords_data/google_ads/search_volume/live,2026-09-03T14:41:36.469628+00:00,2026-09-03-qualification-9-produits-pur/raw/20-controls-1.json.gz,"[{""year"": 2026, ""month"": 7, ""search_volume"": 30}, {""year"": 2026, ""month"": 6, ""search_volume"": 30}, {""year"": 2026, ""month"": 5, ""search_volume"": 30}, {""year"": 2026, ""month"": 4, ""search_volume"": 20}, {""year"": 2026, ""month"": 3, ""search_volume"": 10}, {""year"": 2026, ""month"": 2, ""search_volume"": 10}, {""year"": 2026, ""month"": 1, ""search_volume"": 10}, {""year"": 2025, ""month"": 12, ""search_volume"": 20}, {""year"": 2025, ""month"": 11, ""search_volume"": 10}, {""year"": 2025, ""month"": 10, ""search_volume"": 10}, {""year"": 2025, ""month"": 9, ""search_volume"": 10}, {""year"": 2025, ""month"": 8, ""search_volume"": 10}]"
A6,rasoir de sécurité gillette,20,0.21,USD_DOCUMENTED,core,True,,,,,rasoir de sûreté/sécurité homme ou non genré,keywords_data/google_ads/search_volume/live,2026-09-03T14:41:36.469628+00:00,2026-09-03-qualification-9-produits-pur/raw/20-controls-1.json.gz,"[{""year"": 2026, ""month"": 7, ""search_volume"": 40}, {""year"": 2026, ""month"": 6, ""search_volume"": 20}, {""year"": 2026, ""month"": 5, ""search_volume"": 30}, {""year"": 2026, ""month"": 4, ""search_volume"": 20}, {""year"": 2026, ""month"": 3, ""search_volume"": 20}, {""year"": 2026, ""month"": 2, ""search_volume"": 10}, {""year"": 2026, ""month"": 1, ""search_volume"": 20}, {""year"": 2025, ""month"": 12, ""search_volume"": 10}, {""year"": 2025, ""month"": 11, ""search_volume"": 40}, {""year"": 2025, ""month"": 10, ""search_volume"": 20}, {""year"": 2025, ""month"": 9, ""search_volume"": 10}, {""year"": 2025, ""month"": 8, ""search_volume"": 10}]"
A6,rasoir de sécurité papillon,20,0.28,USD_DOCUMENTED,incompatible,False,,,,,"format, public, pays ou intention hors kit débutant fixe",keywords_data/google_ads/search_volume/live,2026-09-03T14:41:36.469628+00:00,2026-09-03-qualification-9-produits-pur/raw/20-controls-1.json.gz,"[{""year"": 2026, ""month"": 7, ""search_volume"": 10}, {""year"": 2026, ""month"": 6, ""search_volume"": 10}, {""year"": 2026, ""month"": 5, ""search_volume"": 20}, {""year"": 2026, ""month"": 4, ""search_volume"": 10}, {""year"": 2026, ""month"": 3, ""search_volume"": 10}, {""year"": 2026, ""month"": 2, ""search_volume"": 10}, {""year"": 2026, ""month"": 1, ""search_volume"": 20}, {""year"": 2025, ""month"": 12, ""search_volume"": 40}, {""year"": 2025, ""month"": 11, ""search_volume"": 30}, {""year"": 2025, ""month"": 10, ""search_volume"": 20}, {""year"": 2025, ""month"": 9, ""search_volume"": 30}, {""year"": 2025, ""month"": 8, ""search_volume"": 40}]"
A6,lame de rasoir de sécurité,20,0.53,USD_DOCUMENTED,incompatible,False,,,,,"accessoire, autre public/format ou provenance non prouvée",dataforseo_labs/google/keyword_suggestions/live,2026-09-03T14:36:24.143908+00:00,2026-09-03-qualification-9-produits-pur/raw/10-A6-labs-2.json.gz,"[{""year"": 2026, ""month"": 7, ""search_volume"": 30}, {""year"": 2026, ""month"": 6, ""search_volume"": 40}, {""year"": 2026, ""month"": 5, ""search_volume"": 40}, {""year"": 2026, ""month"": 4, ""search_volume"": 20}, {""year"": 2026, ""month"": 3, ""search_volume"": 30}, {""year"": 2026, ""month"": 2, ""search_volume"": 20}, {""year"": 2026, ""month"": 1, ""search_volume"": 20}, {""year"": 2025, ""month"": 12, ""search_volume"": 20}, {""year"": 2025, ""month"": 11, ""search_volume"": 10}, {""year"": 2025, ""month"": 10, ""search_volume"": 20}, {""year"": 2025, ""month"": 9, ""search_volume"": 10}, {""year"": 2025, ""month"": 8, ""search_volume"": 20}]"
A6,coffret rasage gillette,20,0.19,USD_DOCUMENTED,conditional,True,,,,,"ensemble ou traditionnel, composition à confirmer en SERP",keywords_data/google_ads/search_volume/live,2026-09-03T14:41:36.469628+00:00,2026-09-03-qualification-9-produits-pur/raw/20-controls-1.json.gz,"[{""year"": 2026, ""month"": 7, ""search_volume"": 10}, {""year"": 2026, ""month"": 6, ""search_volume"": 20}, {""year"": 2026, ""month"": 5, ""search_volume"": 10}, {""year"": 2026, ""month"": 4, ""search_volume"": 10}, {""year"": 2026, ""month"": 3, ""search_volume"": 10}, {""year"": 2026, ""month"": 2, ""search_volume"": 10}, {""year"": 2026, ""month"": 1, ""search_volume"": 10}, {""year"": 2025, ""month"": 12, ""search_volume"": 50}, {""year"": 2025, ""month"": 11, ""search_volume"": 30}, {""year"": 2025, ""month"": 10, ""search_volume"": 10}, {""year"": 2025, ""month"": 9, ""search_volume"": 10}, {""year"": 2025, ""month"": 8, ""search_volume"": 10}]"
A6,coffret rasage barbe homme,20,2.68,USD_DOCUMENTED,conditional,False,,,G0031,20,"ensemble ou traditionnel, composition à confirmer en SERP",keywords_data/google_ads/search_volume/live,2026-09-03T14:41:36.469628+00:00,2026-09-03-qualification-9-produits-pur/raw/20-controls-1.json.gz,"[{""year"": 2026, ""month"": 7, ""search_volume"": 10}, {""year"": 2026, ""month"": 6, ""search_volume"": 10}, {""year"": 2026, ""month"": 5, ""search_volume"": 10}, {""year"": 2026, ""month"": 4, ""search_volume"": 10}, {""year"": 2026, ""month"": 3, ""search_volume"": 10}, {""year"": 2026, ""month"": 2, ""search_volume"": 20}, {""year"": 2026, ""month"": 1, ""search_volume"": 10}, {""year"": 2025, ""month"": 12, ""search_volume"": 110}, {""year"": 2025, ""month"": 11, ""search_volume"": 50}, {""year"": 2025, ""month"": 10, ""search_volume"": 20}, {""year"": 2025, ""month"": 9, ""search_volume"": 20}, {""year"": 2025, ""month"": 8, ""search_volume"": 10}]"
A6,coffret rasage rituals,20,0.44,USD_DOCUMENTED,conditional,True,,,,,"ensemble ou traditionnel, composition à confirmer en SERP",keywords_data/google_ads/search_volume/live,2026-09-03T14:41:36.469628+00:00,2026-09-03-qualification-9-produits-pur/raw/20-controls-1.json.gz,"[{""year"": 2026, ""month"": 7, ""search_volume"": 20}, {""year"": 2026, ""month"": 6, ""search_volume"": 10}, {""year"": 2026, ""month"": 5, ""search_volume"": 10}, {""year"": 2026, ""month"": 4, ""search_volume"": 10}, {""year"": 2026, ""month"": 3, ""search_volume"": 10}, {""year"": 2026, ""month"": 2, ""search_volume"": 10}, {""year"": 2026, ""month"": 1, ""search_volume"": 10}, {""year"": 2025, ""month"": 12, ""search_volume"": 90}, {""year"": 2025, ""month"": 11, ""search_volume"": 40}, {""year"": 2025, ""month"": 10, ""search_volume"": 20}, {""year"": 2025, ""month"": 9, ""search_volume"": 10}, {""year"": 2025, ""month"": 8, ""search_volume"": 10}]"
A6,coffret rasage homme marionnaud,20,0.16,USD_DOCUMENTED,conditional,True,,,,,"ensemble ou traditionnel, composition à confirmer en SERP",keywords_data/google_ads/search_volume/live,2026-09-03T14:41:36.469628+00:00,2026-09-03-qualification-9-produits-pur/raw/20-controls-1.json.gz,"[{""year"": 2026, ""month"": 7, ""search_volume"": 10}, {""year"": 2026, ""month"": 6, ""search_volume"": 20}, {""year"": 2026, ""month"": 5, ""search_volume"": 10}, {""year"": 2026, ""month"": 4, ""search_volume"": 10}, {""year"": 2026, ""month"": 3, ""search_volume"": 10}, {""year"": 2026, ""month"": 2, ""search_volume"": 30}, {""year"": 2026, ""month"": 1, ""search_volume"": 10}, {""year"": 2025, ""month"": 12, ""search_volume"": 50}, {""year"": 2025, ""month"": 11, ""search_volume"": 40}, {""year"": 2025, ""month"": 10, ""search_volume"": 10}, {""year"": 2025, ""month"": 9, ""search_volume"": 10}, {""year"": 2025, ""month"": 8, ""search_volume"": 10}]"
A6,coffret rasage homme avec blaireau,20,0.48,USD_DOCUMENTED,conditional,False,,,G0032,20,"ensemble ou traditionnel, composition à confirmer en SERP",keywords_data/google_ads/search_volume/live,2026-09-03T14:41:36.469628+00:00,2026-09-03-qualification-9-produits-pur/raw/20-controls-1.json.gz,"[{""year"": 2026, ""month"": 7, ""search_volume"": 10}, {""year"": 2026, ""month"": 6, ""search_volume"": 10}, {""year"": 2026, ""month"": 5, ""search_volume"": 10}, {""year"": 2026, ""month"": 4, ""search_volume"": 10}, {""year"": 2026, ""month"": 3, ""search_volume"": 10}, {""year"": 2026, ""month"": 2, ""search_volume"": 20}, {""year"": 2026, ""month"": 1, ""search_volume"": 10}, {""year"": 2025, ""month"": 12, ""search_volume"": 110}, {""year"": 2025, ""month"": 11, ""search_volume"": 50}, {""year"": 2025, ""month"": 10, ""search_volume"": 10}, {""year"": 2025, ""month"": 9, ""search_volume"": 10}, {""year"": 2025, ""month"": 8, ""search_volume"": 0}]"
A6,kit barbe rasage,20,0.7,USD_DOCUMENTED,conditional,False,,,G0017,0,"ensemble ou traditionnel, composition à confirmer en SERP",keywords_data/google_ads/search_volume/live,2026-09-03T14:41:36.469628+00:00,2026-09-03-qualification-9-produits-pur/raw/20-controls-1.json.gz,"[{""year"": 2026, ""month"": 7, ""search_volume"": 10}, {""year"": 2026, ""month"": 6, ""search_volume"": 10}, {""year"": 2026, ""month"": 5, ""search_volume"": 10}, {""year"": 2026, ""month"": 4, ""search_volume"": 10}, {""year"": 2026, ""month"": 3, ""search_volume"": 10}, {""year"": 2026, ""month"": 2, ""search_volume"": 10}, {""year"": 2026, ""month"": 1, ""search_volume"": 10}, {""year"": 2025, ""month"": 12, ""search_volume"": 40}, {""year"": 2025, ""month"": 11, ""search_volume"": 40}, {""year"": 2025, ""month"": 10, ""search_volume"": 10}, {""year"": 2025, ""month"": 9, ""search_volume"": 20}, {""year"": 2025, ""month"": 8, ""search_volume"": 10}]"
A6,kit apres rasage,20,2.48,USD_DOCUMENTED,incompatible,False,,,,,"accessoire, autre public/format ou provenance non prouvée",dataforseo_labs/google/keyword_suggestions/live,2026-09-03T14:36:24.996196+00:00,2026-09-03-qualification-9-produits-pur/raw/10-A6-labs-4.json.gz,"[{""year"": 2026, ""month"": 7, ""search_volume"": 10}, {""year"": 2026, ""month"": 6, ""search_volume"": 10}, {""year"": 2026, ""month"": 5, ""search_volume"": 10}, {""year"": 2026, ""month"": 4, ""search_volume"": 10}, {""year"": 2026, ""month"": 3, ""search_volume"": 10}, {""year"": 2026, ""month"": 2, ""search_volume"": 20}, {""year"": 2026, ""month"": 1, ""search_volume"": 40}, {""year"": 2025, ""month"": 12, ""search_volume"": 70}, {""year"": 2025, ""month"": 11, ""search_volume"": 70}, {""year"": 2025, ""month"": 10, ""search_volume"": 30}, {""year"": 2025, ""month"": 9, ""search_volume"": 10}, {""year"": 2025, ""month"": 8, ""search_volume"": 10}]"
A6,kit rasage ado,20,0.36,USD_DOCUMENTED,incompatible,False,,,,,"accessoire, autre public/format ou provenance non prouvée",dataforseo_labs/google/keyword_suggestions/live,2026-09-03T14:36:24.996196+00:00,2026-09-03-qualification-9-produits-pur/raw/10-A6-labs-4.json.gz,"[{""year"": 2026, ""month"": 7, ""search_volume"": 10}, {""year"": 2026, ""month"": 6, ""search_volume"": 10}, {""year"": 2026, ""month"": 5, ""search_volume"": 20}, {""year"": 2026, ""month"": 4, ""search_volume"": 10}, {""year"": 2026, ""month"": 3, ""search_volume"": 10}, {""year"": 2026, ""month"": 2, ""search_volume"": 10}, {""year"": 2026, ""month"": 1, ""search_volume"": 10}, {""year"": 2025, ""month"": 12, ""search_volume"": 90}, {""year"": 2025, ""month"": 11, ""search_volume"": 40}, {""year"": 2025, ""month"": 10, ""search_volume"": 10}, {""year"": 2025, ""month"": 9, ""search_volume"": 10}, {""year"": 2025, ""month"": 8, ""search_volume"": 10}]"
A6,kit rasage homme : blaireau,20,1.54,USD_DOCUMENTED,conditional,False,,,G0033,20,"ensemble ou traditionnel, composition à confirmer en SERP",keywords_data/google_ads/search_volume/live,2026-09-03T14:41:36.469628+00:00,2026-09-03-qualification-9-produits-pur/raw/20-controls-1.json.gz,"[{""year"": 2026, ""month"": 7, ""search_volume"": 10}, {""year"": 2026, ""month"": 6, ""search_volume"": 10}, {""year"": 2026, ""month"": 5, ""search_volume"": 20}, {""year"": 2026, ""month"": 4, ""search_volume"": 10}, {""year"": 2026, ""month"": 3, ""search_volume"": 10}, {""year"": 2026, ""month"": 2, ""search_volume"": 20}, {""year"": 2026, ""month"": 1, ""search_volume"": 10}, {""year"": 2025, ""month"": 12, ""search_volume"": 70}, {""year"": 2025, ""month"": 11, ""search_volume"": 40}, {""year"": 2025, ""month"": 10, ""search_volume"": 10}, {""year"": 2025, ""month"": 9, ""search_volume"": 10}, {""year"": 2025, ""month"": 8, ""search_volume"": 20}]"
A6,kit rasage homme blaireau,20,1.54,USD_DOCUMENTED,conditional,False,,,G0033,0,"ensemble ou traditionnel, composition à confirmer en SERP",keywords_data/google_ads/search_volume/live,2026-09-03T14:41:36.469628+00:00,2026-09-03-qualification-9-produits-pur/raw/20-controls-1.json.gz,"[{""year"": 2026, ""month"": 7, ""search_volume"": 10}, {""year"": 2026, ""month"": 6, ""search_volume"": 10}, {""year"": 2026, ""month"": 5, ""search_volume"": 20}, {""year"": 2026, ""month"": 4, ""search_volume"": 10}, {""year"": 2026, ""month"": 3, ""search_volume"": 10}, {""year"": 2026, ""month"": 2, ""search_volume"": 20}, {""year"": 2026, ""month"": 1, ""search_volume"": 10}, {""year"": 2025, ""month"": 12, ""search_volume"": 70}, {""year"": 2025, ""month"": 11, ""search_volume"": 40}, {""year"": 2025, ""month"": 10, ""search_volume"": 10}, {""year"": 2025, ""month"": 9, ""search_volume"": 10}, {""year"": 2025, ""month"": 8, ""search_volume"": 20}]"
A6,changer lame rasoir de surete,10,,USD_DOCUMENTED,incompatible,False,,,,,"accessoire, autre public/format ou provenance non prouvée",dataforseo_labs/google/keyword_suggestions/live,2026-09-03T11:49:03.277522+00:00,2026-09-03-test-decouverte-search-12/04-A6-targeted.json.gz,"[{""year"": 2026, ""month"": 7, ""search_volume"": 10}, {""year"": 2026, ""month"": 6, ""search_volume"": 10}, {""year"": 2026, ""month"": 5, ""search_volume"": 10}, {""year"": 2026, ""month"": 4, ""search_volume"": 10}, {""year"": 2026, ""month"": 3, ""search_volume"": 10}, {""year"": 2026, ""month"": 2, ""search_volume"": 10}, {""year"": 2026, ""month"": 1, ""search_volume"": 10}, {""year"": 2025, ""month"": 12, ""search_volume"": 10}, {""year"": 2025, ""month"": 11, ""search_volume"": 10}, {""year"": 2025, ""month"": 10, ""search_volume"": 10}, {""year"": 2025, ""month"": 9, ""search_volume"": 10}, {""year"": 2025, ""month"": 8, ""search_volume"": 10}]"
A6,rasoir de surete avantage,10,,USD_DOCUMENTED,incompatible,False,,,,,"format, public, pays ou intention hors kit débutant fixe",keywords_data/google_ads/search_volume/live,2026-09-03T14:41:31.031518+00:00,2026-09-03-qualification-9-produits-pur/raw/20-controls-0.json.gz,"[{""year"": 2026, ""month"": 7, ""search_volume"": 10}, {""year"": 2026, ""month"": 6, ""search_volume"": 10}, {""year"": 2026, ""month"": 5, ""search_volume"": 10}, {""year"": 2026, ""month"": 4, ""search_volume"": 10}, {""year"": 2026, ""month"": 3, ""search_volume"": 10}, {""year"": 2026, ""month"": 2, ""search_volume"": 10}, {""year"": 2026, ""month"": 1, ""search_volume"": 10}, {""year"": 2025, ""month"": 12, ""search_volume"": 20}, {""year"": 2025, ""month"": 11, ""search_volume"": 20}, {""year"": 2025, ""month"": 10, ""search_volume"": 10}, {""year"": 2025, ""month"": 9, ""search_volume"": 10}, {""year"": 2025, ""month"": 8, ""search_volume"": 10}]"
A6,tuto rasoir de surete,10,,USD_DOCUMENTED,information,False,,,,,"usage/SAV/risque, hors demande achat directe",dataforseo_labs/google/keyword_suggestions/live,2026-09-03T11:49:03.277522+00:00,2026-09-03-test-decouverte-search-12/04-A6-targeted.json.gz,"[{""year"": 2026, ""month"": 7, ""search_volume"": 10}, {""year"": 2026, ""month"": 6, ""search_volume"": 20}, {""year"": 2026, ""month"": 5, ""search_volume"": 10}, {""year"": 2026, ""month"": 4, ""search_volume"": 10}, {""year"": 2026, ""month"": 3, ""search_volume"": 10}, {""year"": 2026, ""month"": 2, ""search_volume"": 10}, {""year"": 2026, ""month"": 1, ""search_volume"": 10}, {""year"": 2025, ""month"": 12, ""search_volume"": 10}, {""year"": 2025, ""month"": 11, ""search_volume"": 10}, {""year"": 2025, ""month"": 10, ""search_volume"": 10}, {""year"": 2025, ""month"": 9, ""search_volume"": 10}, {""year"": 2025, ""month"": 8, ""search_volume"": 10}]"
A6,lame de rasoir de surete gillette,10,0.02,USD_DOCUMENTED,incompatible,True,,,,,"accessoire, autre public/format ou provenance non prouvée",dataforseo_labs/google/keyword_suggestions/live,2026-09-03T11:49:03.277522+00:00,2026-09-03-test-decouverte-search-12/04-A6-targeted.json.gz,"[{""year"": 2026, ""month"": 7, ""search_volume"": 10}, {""year"": 2026, ""month"": 6, ""search_volume"": 10}, {""year"": 2026, ""month"": 5, ""search_volume"": 10}, {""year"": 2026, ""month"": 4, ""search_volume"": 10}, {""year"": 2026, ""month"": 3, ""search_volume"": 10}, {""year"": 2026, ""month"": 2, ""search_volume"": 10}, {""year"": 2026, ""month"": 1, ""search_volume"": 10}, {""year"": 2025, ""month"": 12, ""search_volume"": 10}, {""year"": 2025, ""month"": 11, ""search_volume"": 10}, {""year"": 2025, ""month"": 10, ""search_volume"": 10}, {""year"": 2025, ""month"": 9, ""search_volume"": 10}, {""year"": 2025, ""month"": 8, ""search_volume"": 10}]"
A6,comment se raser avec rasoir de surete,10,,USD_DOCUMENTED,information,False,,,,,"usage/SAV/risque, hors demande achat directe",dataforseo_labs/google/keyword_suggestions/live,2026-09-03T11:49:03.277522+00:00,2026-09-03-test-decouverte-search-12/04-A6-targeted.json.gz,"[{""year"": 2026, ""month"": 7, ""search_volume"": 10}, {""year"": 2026, ""month"": 6, ""search_volume"": 10}, {""year"": 2026, ""month"": 5, ""search_volume"": 10}, {""year"": 2026, ""month"": 4, ""search_volume"": 20}, {""year"": 2026, ""month"": 3, ""search_volume"": 10}, {""year"": 2026, ""month"": 2, ""search_volume"": 10}, {""year"": 2026, ""month"": 1, ""search_volume"": 10}, {""year"": 2025, ""month"": 12, ""search_volume"": 10}, {""year"": 2025, ""month"": 11, ""search_volume"": 10}, {""year"": 2025, ""month"": 10, ""search_volume"": 10}, {""year"": 2025, ""month"": 9, ""search_volume"": 10}, {""year"": 2025, ""month"": 8, ""search_volume"": 10}]"
A6,set rasoir de surete,10,1.14,USD_DOCUMENTED,core,False,G0013,10,G0034,10,rasoir de sûreté/sécurité homme ou non genré,keywords_data/google_ads/search_volume/live,2026-09-03T14:41:31.031518+00:00,2026-09-03-qualification-9-produits-pur/raw/20-controls-0.json.gz,"[{""year"": 2026, ""month"": 7, ""search_volume"": 10}, {""year"": 2026, ""month"": 6, ""search_volume"": 0}, {""year"": 2026, ""month"": 5, ""search_volume"": 0}, {""year"": 2026, ""month"": 4, ""search_volume"": 0}, {""year"": 2026, ""month"": 3, ""search_volume"": 0}, {""year"": 2026, ""month"": 2, ""search_volume"": 0}, {""year"": 2026, ""month"": 1, ""search_volume"": 0}, {""year"": 2025, ""month"": 12, ""search_volume"": 0}, {""year"": 2025, ""month"": 11, ""search_volume"": 10}, {""year"": 2025, ""month"": 10, ""search_volume"": 0}, {""year"": 2025, ""month"": 9, ""search_volume"": 0}, {""year"": 2025, ""month"": 8, ""search_volume"": 0}]"
A6,lamazuna rasoir de surete,10,,USD_DOCUMENTED,core,True,,,,,rasoir de sûreté/sécurité homme ou non genré,keywords_data/google_ads/search_volume/live,2026-09-03T14:41:31.031518+00:00,2026-09-03-qualification-9-produits-pur/raw/20-controls-0.json.gz,"[{""year"": 2026, ""month"": 7, ""search_volume"": 0}, {""year"": 2026, ""month"": 6, ""search_volume"": 0}, {""year"": 2026, ""month"": 5, ""search_volume"": 0}, {""year"": 2026, ""month"": 4, ""search_volume"": 0}, {""year"": 2026, ""month"": 3, ""search_volume"": 0}, {""year"": 2026, ""month"": 2, ""search_volume"": 0}, {""year"": 2026, ""month"": 1, ""search_volume"": 0}, {""year"": 2025, ""month"": 12, ""search_volume"": 0}, {""year"": 2025, ""month"": 11, ""search_volume"": 10}, {""year"": 2025, ""month"": 10, ""search_volume"": 10}, {""year"": 2025, ""month"": 9, ""search_volume"": 10}, {""year"": 2025, ""month"": 8, ""search_volume"": 10}]"
A6,rasoir de surete ancien,10,0.21,USD_DOCUMENTED,incompatible,False,,,,,"accessoire, autre public/format ou provenance non prouvée",dataforseo_labs/google/keyword_suggestions/live,2026-09-03T11:49:03.277522+00:00,2026-09-03-test-decouverte-search-12/04-A6-targeted.json.gz,"[{""year"": 2026, ""month"": 7, ""search_volume"": 10}, {""year"": 2026, ""month"": 6, ""search_volume"": 10}, {""year"": 2026, ""month"": 5, ""search_volume"": 10}, {""year"": 2026, ""month"": 4, ""search_volume"": 10}, {""year"": 2026, ""month"": 3, ""search_volume"": 10}, {""year"": 2026, ""month"": 2, ""search_volume"": 0}, {""year"": 2026, ""month"": 1, ""search_volume"": 10}, {""year"": 2025, ""month"": 12, ""search_volume"": 10}, {""year"": 2025, ""month"": 11, ""search_volume"": 10}, {""year"": 2025, ""month"": 10, ""search_volume"": 10}, {""year"": 2025, ""month"": 9, ""search_volume"": 10}, {""year"": 2025, ""month"": 8, ""search_volume"": 10}]"
A6,rasoir femme de surete,10,0.53,USD_DOCUMENTED,incompatible,False,,,,,"accessoire, autre public/format ou provenance non prouvée",dataforseo_labs/google/keyword_suggestions/live,2026-09-03T11:49:03.277522+00:00,2026-09-03-test-decouverte-search-12/04-A6-targeted.json.gz,"[{""year"": 2026, ""month"": 7, ""search_volume"": 20}, {""year"": 2026, ""month"": 6, ""search_volume"": 20}, {""year"": 2026, ""month"": 5, ""search_volume"": 10}, {""year"": 2026, ""month"": 4, ""search_volume"": 20}, {""year"": 2026, ""month"": 3, ""search_volume"": 10}, {""year"": 2026, ""month"": 2, ""search_volume"": 10}, {""year"": 2026, ""month"": 1, ""search_volume"": 20}, {""year"": 2025, ""month"": 12, ""search_volume"": 10}, {""year"": 2025, ""month"": 11, ""search_volume"": 10}, {""year"": 2025, ""month"": 10, ""search_volume"": 10}, {""year"": 2025, ""month"": 9, ""search_volume"": 10}, {""year"": 2025, ""month"": 8, ""search_volume"": 10}]"
A6,avis rasoir de surete wilkinson,10,0.11,USD_DOCUMENTED,core,True,,,,,rasoir de sûreté/sécurité homme ou non genré,keywords_data/google_ads/search_volume/live,2026-09-03T14:41:31.031518+00:00,2026-09-03-qualification-9-produits-pur/raw/20-controls-0.json.gz,"[{""year"": 2026, ""month"": 7, ""search_volume"": 10}, {""year"": 2026, ""month"": 6, ""search_volume"": 10}, {""year"": 2026, ""month"": 5, ""search_volume"": 10}, {""year"": 2026, ""month"": 4, ""search_volume"": 10}, {""year"": 2026, ""month"": 3, ""search_volume"": 10}, {""year"": 2026, ""month"": 2, ""search_volume"": 10}, {""year"": 2026, ""month"": 1, ""search_volume"": 0}, {""year"": 2025, ""month"": 12, ""search_volume"": 10}, {""year"": 2025, ""month"": 11, ""search_volume"": 0}, {""year"": 2025, ""month"": 10, ""search_volume"": 10}, {""year"": 2025, ""month"": 9, ""search_volume"": 0}, {""year"": 2025, ""month"": 8, ""search_volume"": 0}]"
A6,rasoir de surete leclerc,10,0.31,USD_DOCUMENTED,core,True,,,,,rasoir de sûreté/sécurité homme ou non genré,keywords_data/google_ads/search_volume/live,2026-09-03T14:41:31.031518+00:00,2026-09-03-qualification-9-produits-pur/raw/20-controls-0.json.gz,"[{""year"": 2026, ""month"": 7, ""search_volume"": 40}, {""year"": 2026, ""month"": 6, ""search_volume"": 50}, {""year"": 2026, ""month"": 5, ""search_volume"": 0}, {""year"": 2026, ""month"": 4, ""search_volume"": 0}, {""year"": 2026, ""month"": 3, ""search_volume"": 0}, {""year"": 2026, ""month"": 2, ""search_volume"": 0}, {""year"": 2026, ""month"": 1, ""search_volume"": 0}, {""year"": 2025, ""month"": 12, ""search_volume"": 0}, {""year"": 2025, ""month"": 11, ""search_volume"": 0}, {""year"": 2025, ""month"": 10, ""search_volume"": 0}, {""year"": 2025, ""month"": 9, ""search_volume"": 0}, {""year"": 2025, ""month"": 8, ""search_volume"": 0}]"
A6,rasoir surete reglable,10,,USD_DOCUMENTED,incompatible,False,,,,,"format, public, pays ou intention hors kit débutant fixe",keywords_data/google_ads/search_volume/live,2026-09-03T14:41:31.031518+00:00,2026-09-03-qualification-9-produits-pur/raw/20-controls-0.json.gz,"[{""year"": 2026, ""month"": 7, ""search_volume"": 10}, {""year"": 2026, ""month"": 6, ""search_volume"": 10}, {""year"": 2026, ""month"": 5, ""search_volume"": 10}, {""year"": 2026, ""month"": 4, ""search_volume"": 10}, {""year"": 2026, ""month"": 3, ""search_volume"": 10}, {""year"": 2026, ""month"": 2, ""search_volume"": 10}, {""year"": 2026, ""month"": 1, ""search_volume"": 0}, {""year"": 2025, ""month"": 12, ""search_volume"": 10}, {""year"": 2025, ""month"": 11, ""search_volume"": 10}, {""year"": 2025, ""month"": 10, ""search_volume"": 10}, {""year"": 2025, ""month"": 9, ""search_volume"": 10}, {""year"": 2025, ""month"": 8, ""search_volume"": 10}]"
A6,rasoir surete papillon,10,,USD_DOCUMENTED,incompatible,False,,,,,"format, public, pays ou intention hors kit débutant fixe",keywords_data/google_ads/search_volume/live,2026-09-03T14:41:31.031518+00:00,2026-09-03-qualification-9-produits-pur/raw/20-controls-0.json.gz,"[{""year"": 2026, ""month"": 7, ""search_volume"": 10}, {""year"": 2026, ""month"": 6, ""search_volume"": 10}, {""year"": 2026, ""month"": 5, ""search_volume"": 20}, {""year"": 2026, ""month"": 4, ""search_volume"": 10}, {""year"": 2026, ""month"": 3, ""search_volume"": 10}, {""year"": 2026, ""month"": 2, ""search_volume"": 10}, {""year"": 2026, ""month"": 1, ""search_volume"": 10}, {""year"": 2025, ""month"": 12, ""search_volume"": 10}, {""year"": 2025, ""month"": 11, ""search_volume"": 0}, {""year"": 2025, ""month"": 10, ""search_volume"": 10}, {""year"": 2025, ""month"": 9, ""search_volume"": 10}, {""year"": 2025, ""month"": 8, ""search_volume"": 10}]"
A6,rasoir surete debutant,10,,USD_DOCUMENTED,core,False,G0011,0,G0029,0,rasoir de sûreté/sécurité homme ou non genré,keywords_data/google_ads/search_volume/live,2026-09-03T14:41:31.031518+00:00,2026-09-03-qualification-9-produits-pur/raw/20-controls-0.json.gz,"[{""year"": 2026, ""month"": 7, ""search_volume"": 10}, {""year"": 2026, ""month"": 6, ""search_volume"": 10}, {""year"": 2026, ""month"": 5, ""search_volume"": 10}, {""year"": 2026, ""month"": 4, ""search_volume"": 10}, {""year"": 2026, ""month"": 3, ""search_volume"": 0}, {""year"": 2026, ""month"": 2, ""search_volume"": 0}, {""year"": 2026, ""month"": 1, ""search_volume"": 0}, {""year"": 2025, ""month"": 12, ""search_volume"": 10}, {""year"": 2025, ""month"": 11, ""search_volume"": 0}, {""year"": 2025, ""month"": 10, ""search_volume"": 0}, {""year"": 2025, ""month"": 9, ""search_volume"": 0}, {""year"": 2025, ""month"": 8, ""search_volume"": 0}]"
A6,rasoir de sûreté leclerc,10,0.31,USD_DOCUMENTED,core,True,,,,,rasoir de sûreté/sécurité homme ou non genré,keywords_data/google_ads/search_volume/live,2026-09-03T14:41:31.031518+00:00,2026-09-03-qualification-9-produits-pur/raw/20-controls-0.json.gz,"[{""year"": 2026, ""month"": 7, ""search_volume"": 40}, {""year"": 2026, ""month"": 6, ""search_volume"": 50}, {""year"": 2026, ""month"": 5, ""search_volume"": 0}, {""year"": 2026, ""month"": 4, ""search_volume"": 0}, {""year"": 2026, ""month"": 3, ""search_volume"": 0}, {""year"": 2026, ""month"": 2, ""search_volume"": 0}, {""year"": 2026, ""month"": 1, ""search_volume"": 0}, {""year"": 2025, ""month"": 12, ""search_volume"": 0}, {""year"": 2025, ""month"": 11, ""search_volume"": 0}, {""year"": 2025, ""month"": 10, ""search_volume"": 0}, {""year"": 2025, ""month"": 9, ""search_volume"": 0}, {""year"": 2025, ""month"": 8, ""search_volume"": 0}]"
A6,rasoir de sûreté fabrication française,10,0.33,USD_DOCUMENTED,incompatible,False,,,,,"accessoire, autre public/format ou provenance non prouvée",dataforseo_labs/google/keyword_suggestions/live,2026-09-03T14:36:23.673150+00:00,2026-09-03-qualification-9-produits-pur/raw/10-A6-labs-0.json.gz,"[{""year"": 2026, ""month"": 7, ""search_volume"": 10}, {""year"": 2026, ""month"": 6, ""search_volume"": 10}, {""year"": 2026, ""month"": 5, ""search_volume"": 10}, {""year"": 2026, ""month"": 4, ""search_volume"": 10}, {""year"": 2026, ""month"": 3, ""search_volume"": 10}, {""year"": 2026, ""month"": 2, ""search_volume"": 0}, {""year"": 2026, ""month"": 1, ""search_volume"": 0}, {""year"": 2025, ""month"": 12, ""search_volume"": 10}, {""year"": 2025, ""month"": 11, ""search_volume"": 0}, {""year"": 2025, ""month"": 10, ""search_volume"": 0}, {""year"": 2025, ""month"": 9, ""search_volume"": 10}, {""year"": 2025, ""month"": 8, ""search_volume"": 0}]"
A6,rasoir de sûreté shavest avis,10,0.13,USD_DOCUMENTED,core,True,,,,,rasoir de sûreté/sécurité homme ou non genré,keywords_data/google_ads/search_volume/live,2026-09-03T14:41:36.469628+00:00,2026-09-03-qualification-9-produits-pur/raw/20-controls-1.json.gz,"[{""year"": 2026, ""month"": 7, ""search_volume"": 10}, {""year"": 2026, ""month"": 6, ""search_volume"": 10}, {""year"": 2026, ""month"": 5, ""search_volume"": 10}, {""year"": 2026, ""month"": 4, ""search_volume"": 10}, {""year"": 2026, ""month"": 3, ""search_volume"": 10}, {""year"": 2026, ""month"": 2, ""search_volume"": 10}, {""year"": 2026, ""month"": 1, ""search_volume"": 10}, {""year"": 2025, ""month"": 12, ""search_volume"": 10}, {""year"": 2025, ""month"": 11, ""search_volume"": 10}, {""year"": 2025, ""month"": 10, ""search_volume"": 10}, {""year"": 2025, ""month"": 9, ""search_volume"": 10}, {""year"": 2025, ""month"": 8, ""search_volume"": 10}]"
A6,rasoir de sûreté maillot,10,0.48,USD_DOCUMENTED,incompatible,False,,,,,"format, public, pays ou intention hors kit débutant fixe",keywords_data/google_ads/search_volume/live,2026-09-03T14:41:36.469628+00:00,2026-09-03-qualification-9-produits-pur/raw/20-controls-1.json.gz,"[{""year"": 2026, ""month"": 7, ""search_volume"": 20}, {""year"": 2026, ""month"": 6, ""search_volume"": 30}, {""year"": 2026, ""month"": 5, ""search_volume"": 10}, {""year"": 2026, ""month"": 4, ""search_volume"": 10}, {""year"": 2026, ""month"": 3, ""search_volume"": 20}, {""year"": 2026, ""month"": 2, ""search_volume"": 10}, {""year"": 2026, ""month"": 1, ""search_volume"": 10}, {""year"": 2025, ""month"": 12, ""search_volume"": 10}, {""year"": 2025, ""month"": 11, ""search_volume"": 10}, {""year"": 2025, ""month"": 10, ""search_volume"": 10}, {""year"": 2025, ""month"": 9, ""search_volume"": 10}, {""year"": 2025, ""month"": 8, ""search_volume"": 20}]"
A6,wilkinson sword rasoir de sûreté avec 5 recharges incluses,10,,USD_DOCUMENTED,core,True,,,,,rasoir de sûreté/sécurité homme ou non genré,keywords_data/google_ads/search_volume/live,2026-09-03T14:41:36.469628+00:00,2026-09-03-qualification-9-produits-pur/raw/20-controls-1.json.gz,"[{""year"": 2026, ""month"": 7, ""search_volume"": 0}, {""year"": 2026, ""month"": 6, ""search_volume"": 0}, {""year"": 2026, ""month"": 5, ""search_volume"": 0}, {""year"": 2026, ""month"": 4, ""search_volume"": 0}, {""year"": 2026, ""month"": 3, ""search_volume"": 0}, {""year"": 2026, ""month"": 2, ""search_volume"": 0}, {""year"": 2026, ""month"": 1, ""search_volume"": 0}, {""year"": 2025, ""month"": 12, ""search_volume"": 10}, {""year"": 2025, ""month"": 11, ""search_volume"": 10}, {""year"": 2025, ""month"": 10, ""search_volume"": 0}, {""year"": 2025, ""month"": 9, ""search_volume"": 0}, {""year"": 2025, ""month"": 8, ""search_volume"": 0}]"
A6,rasoirs de sûreté rasoir femme,10,0.45,USD_DOCUMENTED,incompatible,False,,,,,"accessoire, autre public/format ou provenance non prouvée",dataforseo_labs/google/keyword_suggestions/live,2026-09-03T14:36:23.673150+00:00,2026-09-03-qualification-9-produits-pur/raw/10-A6-labs-0.json.gz,"[{""year"": 2026, ""month"": 7, ""search_volume"": 10}, {""year"": 2026, ""month"": 6, ""search_volume"": 10}, {""year"": 2026, ""month"": 5, ""search_volume"": 10}, {""year"": 2026, ""month"": 4, ""search_volume"": 10}, {""year"": 2026, ""month"": 3, ""search_volume"": 10}, {""year"": 2026, ""month"": 2, ""search_volume"": 10}, {""year"": 2026, ""month"": 1, ""search_volume"": 10}, {""year"": 2025, ""month"": 12, ""search_volume"": 10}, {""year"": 2025, ""month"": 11, ""search_volume"": 10}, {""year"": 2025, ""month"": 10, ""search_volume"": 10}, {""year"": 2025, ""month"": 9, ""search_volume"": 10}, {""year"": 2025, ""month"": 8, ""search_volume"": 10}]"
A6,rasoir de sûreté lamazuna,10,0.21,USD_DOCUMENTED,core,True,,,,,rasoir de sûreté/sécurité homme ou non genré,keywords_data/google_ads/search_volume/live,2026-09-03T14:41:36.469628+00:00,2026-09-03-qualification-9-produits-pur/raw/20-controls-1.json.gz,"[{""year"": 2026, ""month"": 7, ""search_volume"": 10}, {""year"": 2026, ""month"": 6, ""search_volume"": 10}, {""year"": 2026, ""month"": 5, ""search_volume"": 10}, {""year"": 2026, ""month"": 4, ""search_volume"": 10}, {""year"": 2026, ""month"": 3, ""search_volume"": 10}, {""year"": 2026, ""month"": 2, ""search_volume"": 10}, {""year"": 2026, ""month"": 1, ""search_volume"": 10}, {""year"": 2025, ""month"": 12, ""search_volume"": 10}, {""year"": 2025, ""month"": 11, ""search_volume"": 10}, {""year"": 2025, ""month"": 10, ""search_volume"": 10}, {""year"": 2025, ""month"": 9, ""search_volume"": 10}, {""year"": 2025, ""month"": 8, ""search_volume"": 10}]"
A6,rasoir de sûreté femme maillot avis,10,0.84,USD_DOCUMENTED,incompatible,False,,,,,"format, public, pays ou intention hors kit débutant fixe",dataforseo_labs/google/keyword_suggestions/live,2026-09-03T14:36:23.673150+00:00,2026-09-03-qualification-9-produits-pur/raw/10-A6-labs-0.json.gz,"[{""year"": 2026, ""month"": 7, ""search_volume"": 10}, {""year"": 2026, ""month"": 6, ""search_volume"": 10}, {""year"": 2026, ""month"": 5, ""search_volume"": 10}, {""year"": 2026, ""month"": 4, ""search_volume"": 10}, {""year"": 2026, ""month"": 3, ""search_volume"": 10}, {""year"": 2026, ""month"": 2, ""search_volume"": 10}, {""year"": 2026, ""month"": 1, ""search_volume"": 10}, {""year"": 2025, ""month"": 12, ""search_volume"": 10}, {""year"": 2025, ""month"": 11, ""search_volume"": 0}, {""year"": 2025, ""month"": 10, ""search_volume"": 10}, {""year"": 2025, ""month"": 9, ""search_volume"": 10}, {""year"": 2025, ""month"": 8, ""search_volume"": 10}]"
A6,rasoir de sûreté femme carrefour,10,0.08,USD_DOCUMENTED,incompatible,True,,,,,"accessoire, autre public/format ou provenance non prouvée",dataforseo_labs/google/keyword_suggestions/live,2026-09-03T14:36:23.673150+00:00,2026-09-03-qualification-9-produits-pur/raw/10-A6-labs-0.json.gz,"[{""year"": 2026, ""month"": 7, ""search_volume"": 30}, {""year"": 2026, ""month"": 6, ""search_volume"": 50}, {""year"": 2026, ""month"": 5, ""search_volume"": 10}, {""year"": 2026, ""month"": 4, ""search_volume"": 10}, {""year"": 2026, ""month"": 3, ""search_volume"": 10}, {""year"": 2026, ""month"": 2, ""search_volume"": 10}, {""year"": 2026, ""month"": 1, ""search_volume"": 10}, {""year"": 2025, ""month"": 12, ""search_volume"": 10}, {""year"": 2025, ""month"": 11, ""search_volume"": 10}, {""year"": 2025, ""month"": 10, ""search_volume"": 10}, {""year"": 2025, ""month"": 9, ""search_volume"": 10}, {""year"": 2025, ""month"": 8, ""search_volume"": 10}]"
A6,rasoir de sûreté ou coupe-choux,10,0.66,USD_DOCUMENTED,incompatible,False,,,,,"accessoire, autre public/format ou provenance non prouvée",dataforseo_labs/google/keyword_suggestions/live,2026-09-03T14:36:23.673150+00:00,2026-09-03-qualification-9-produits-pur/raw/10-A6-labs-0.json.gz,"[{""year"": 2026, ""month"": 7, ""search_volume"": 10}, {""year"": 2026, ""month"": 6, ""search_volume"": 10}, {""year"": 2026, ""month"": 5, ""search_volume"": 10}, {""year"": 2026, ""month"": 4, ""search_volume"": 10}, {""year"": 2026, ""month"": 3, ""search_volume"": 10}, {""year"": 2026, ""month"": 2, ""search_volume"": 20}, {""year"": 2026, ""month"": 1, ""search_volume"": 10}, {""year"": 2025, ""month"": 12, ""search_volume"": 20}, {""year"": 2025, ""month"": 11, ""search_volume"": 10}, {""year"": 2025, ""month"": 10, ""search_volume"": 10}, {""year"": 2025, ""month"": 9, ""search_volume"": 10}, {""year"": 2025, ""month"": 8, ""search_volume"": 20}]"
A6,rasoir de sûreté femme magasin,10,0.56,USD_DOCUMENTED,incompatible,False,,,,,"accessoire, autre public/format ou provenance non prouvée",dataforseo_labs/google/keyword_suggestions/live,2026-09-03T14:36:23.673150+00:00,2026-09-03-qualification-9-produits-pur/raw/10-A6-labs-0.json.gz,"[{""year"": 2026, ""month"": 7, ""search_volume"": 10}, {""year"": 2026, ""month"": 6, ""search_volume"": 10}, {""year"": 2026, ""month"": 5, ""search_volume"": 10}, {""year"": 2026, ""month"": 4, ""search_volume"": 10}, {""year"": 2026, ""month"": 3, ""search_volume"": 10}, {""year"": 2026, ""month"": 2, ""search_volume"": 10}, {""year"": 2026, ""month"": 1, ""search_volume"": 10}, {""year"": 2025, ""month"": 12, ""search_volume"": 10}, {""year"": 2025, ""month"": 11, ""search_volume"": 10}, {""year"": 2025, ""month"": 10, ""search_volume"": 10}, {""year"": 2025, ""month"": 9, ""search_volume"": 10}, {""year"": 2025, ""month"": 8, ""search_volume"": 10}]"
A6,forum rasoir de sûreté,10,,USD_DOCUMENTED,incompatible,False,,,,,"format, public, pays ou intention hors kit débutant fixe",keywords_data/google_ads/search_volume/live,2026-09-03T14:41:36.469628+00:00,2026-09-03-qualification-9-produits-pur/raw/20-controls-1.json.gz,"[{""year"": 2026, ""month"": 7, ""search_volume"": 10}, {""year"": 2026, ""month"": 6, ""search_volume"": 10}, {""year"": 2026, ""month"": 5, ""search_volume"": 20}, {""year"": 2026, ""month"": 4, ""search_volume"": 10}, {""year"": 2026, ""month"": 3, ""search_volume"": 10}, {""year"": 2026, ""month"": 2, ""search_volume"": 10}, {""year"": 2026, ""month"": 1, ""search_volume"": 10}, {""year"": 2025, ""month"": 12, ""search_volume"": 10}, {""year"": 2025, ""month"": 11, ""search_volume"": 10}, {""year"": 2025, ""month"": 10, ""search_volume"": 10}, {""year"": 2025, ""month"": 9, ""search_volume"": 10}, {""year"": 2025, ""month"": 8, ""search_volume"": 10}]"
A6,rasoir de sûreté ancien,10,0.21,USD_DOCUMENTED,incompatible,False,,,,,"accessoire, autre public/format ou provenance non prouvée",dataforseo_labs/google/keyword_suggestions/live,2026-09-03T14:36:23.673150+00:00,2026-09-03-qualification-9-produits-pur/raw/10-A6-labs-0.json.gz,"[{""year"": 2026, ""month"": 7, ""search_volume"": 10}, {""year"": 2026, ""month"": 6, ""search_volume"": 10}, {""year"": 2026, ""month"": 5, ""search_volume"": 10}, {""year"": 2026, ""month"": 4, ""search_volume"": 10}, {""year"": 2026, ""month"": 3, ""search_volume"": 10}, {""year"": 2026, ""month"": 2, ""search_volume"": 0}, {""year"": 2026, ""month"": 1, ""search_volume"": 10}, {""year"": 2025, ""month"": 12, ""search_volume"": 10}, {""year"": 2025, ""month"": 11, ""search_volume"": 10}, {""year"": 2025, ""month"": 10, ""search_volume"": 10}, {""year"": 2025, ""month"": 9, ""search_volume"": 10}, {""year"": 2025, ""month"": 8, ""search_volume"": 10}]"
A6,un rasoir de sûreté,10,0.42,USD_DOCUMENTED,core,False,G0001,0,G0001,0,rasoir de sûreté/sécurité homme ou non genré,keywords_data/google_ads/search_volume/live,2026-09-03T14:41:36.469628+00:00,2026-09-03-qualification-9-produits-pur/raw/20-controls-1.json.gz,"[{""year"": 2026, ""month"": 7, ""search_volume"": 10}, {""year"": 2026, ""month"": 6, ""search_volume"": 10}, {""year"": 2026, ""month"": 5, ""search_volume"": 10}, {""year"": 2026, ""month"": 4, ""search_volume"": 10}, {""year"": 2026, ""month"": 3, ""search_volume"": 20}, {""year"": 2026, ""month"": 2, ""search_volume"": 10}, {""year"": 2026, ""month"": 1, ""search_volume"": 10}, {""year"": 2025, ""month"": 12, ""search_volume"": 20}, {""year"": 2025, ""month"": 11, ""search_volume"": 20}, {""year"": 2025, ""month"": 10, ""search_volume"": 10}, {""year"": 2025, ""month"": 9, ""search_volume"": 10}, {""year"": 2025, ""month"": 8, ""search_volume"": 10}]"
A6,wilkinson sword rasoir de sûreté,10,0.41,USD_DOCUMENTED,core,True,,,,,rasoir de sûreté/sécurité homme ou non genré,keywords_data/google_ads/search_volume/live,2026-09-03T14:41:36.469628+00:00,2026-09-03-qualification-9-produits-pur/raw/20-controls-1.json.gz,"[{""year"": 2026, ""month"": 7, ""search_volume"": 10}, {""year"": 2026, ""month"": 6, ""search_volume"": 20}, {""year"": 2026, ""month"": 5, ""search_volume"": 20}, {""year"": 2026, ""month"": 4, ""search_volume"": 10}, {""year"": 2026, ""month"": 3, ""search_volume"": 10}, {""year"": 2026, ""month"": 2, ""search_volume"": 10}, {""year"": 2026, ""month"": 1, ""search_volume"": 10}, {""year"": 2025, ""month"": 12, ""search_volume"": 10}, {""year"": 2025, ""month"": 11, ""search_volume"": 10}, {""year"": 2025, ""month"": 10, ""search_volume"": 10}, {""year"": 2025, ""month"": 9, ""search_volume"": 10}, {""year"": 2025, ""month"": 8, ""search_volume"": 10}]"
A6,rasoir de sûreté suisse,10,,USD_DOCUMENTED,incompatible,False,,,,,"format, public, pays ou intention hors kit débutant fixe",keywords_data/google_ads/search_volume/live,2026-09-03T14:41:36.469628+00:00,2026-09-03-qualification-9-produits-pur/raw/20-controls-1.json.gz,"[{""year"": 2026, ""month"": 7, ""search_volume"": 10}, {""year"": 2026, ""month"": 6, ""search_volume"": 10}, {""year"": 2026, ""month"": 5, ""search_volume"": 0}, {""year"": 2026, ""month"": 4, ""search_volume"": 0}, {""year"": 2026, ""month"": 3, ""search_volume"": 0}, {""year"": 2026, ""month"": 2, ""search_volume"": 0}, {""year"": 2026, ""month"": 1, ""search_volume"": 0}, {""year"": 2025, ""month"": 12, ""search_volume"": 0}, {""year"": 2025, ""month"": 11, ""search_volume"": 0}, {""year"": 2025, ""month"": 10, ""search_volume"": 0}, {""year"": 2025, ""month"": 9, ""search_volume"": 0}, {""year"": 2025, ""month"": 8, ""search_volume"": 0}]"
A6,avis rasoir de sûreté femme,10,0.22,USD_DOCUMENTED,incompatible,False,,,,,"accessoire, autre public/format ou provenance non prouvée",dataforseo_labs/google/keyword_suggestions/live,2026-09-03T14:36:23.673150+00:00,2026-09-03-qualification-9-produits-pur/raw/10-A6-labs-0.json.gz,"[{""year"": 2026, ""month"": 7, ""search_volume"": 10}, {""year"": 2026, ""month"": 6, ""search_volume"": 10}, {""year"": 2026, ""month"": 5, ""search_volume"": 10}, {""year"": 2026, ""month"": 4, ""search_volume"": 10}, {""year"": 2026, ""month"": 3, ""search_volume"": 10}, {""year"": 2026, ""month"": 2, ""search_volume"": 10}, {""year"": 2026, ""month"": 1, ""search_volume"": 10}, {""year"": 2025, ""month"": 12, ""search_volume"": 10}, {""year"": 2025, ""month"": 11, ""search_volume"": 10}, {""year"": 2025, ""month"": 10, ""search_volume"": 10}, {""year"": 2025, ""month"": 9, ""search_volume"": 10}, {""year"": 2025, ""month"": 8, ""search_volume"": 10}]"
A6,rasoir de sûreté en métal,10,,USD_DOCUMENTED,core,False,G0014,10,G0035,10,rasoir de sûreté/sécurité homme ou non genré,keywords_data/google_ads/search_volume/live,2026-09-03T14:41:36.469628+00:00,2026-09-03-qualification-9-produits-pur/raw/20-controls-1.json.gz,"[{""year"": 2026, ""month"": 7, ""search_volume"": 10}, {""year"": 2026, ""month"": 6, ""search_volume"": 10}, {""year"": 2026, ""month"": 5, ""search_volume"": 10}, {""year"": 2026, ""month"": 4, ""search_volume"": 10}, {""year"": 2026, ""month"": 3, ""search_volume"": 10}, {""year"": 2026, ""month"": 2, ""search_volume"": 10}, {""year"": 2026, ""month"": 1, ""search_volume"": 10}, {""year"": 2025, ""month"": 12, ""search_volume"": 20}, {""year"": 2025, ""month"": 11, ""search_volume"": 10}, {""year"": 2025, ""month"": 10, ""search_volume"": 10}, {""year"": 2025, ""month"": 9, ""search_volume"": 10}, {""year"": 2025, ""month"": 8, ""search_volume"": 10}]"
A6,gillette king c rasoir de sûreté,10,0.08,USD_DOCUMENTED,core,True,,,,,rasoir de sûreté/sécurité homme ou non genré,keywords_data/google_ads/search_volume/live,2026-09-03T14:41:36.469628+00:00,2026-09-03-qualification-9-produits-pur/raw/20-controls-1.json.gz,"[{""year"": 2026, ""month"": 7, ""search_volume"": 70}, {""year"": 2026, ""month"": 6, ""search_volume"": 30}, {""year"": 2026, ""month"": 5, ""search_volume"": 40}, {""year"": 2026, ""month"": 4, ""search_volume"": 0}, {""year"": 2026, ""month"": 3, ""search_volume"": 0}, {""year"": 2026, ""month"": 2, ""search_volume"": 0}, {""year"": 2026, ""month"": 1, ""search_volume"": 0}, {""year"": 2025, ""month"": 12, ""search_volume"": 0}, {""year"": 2025, ""month"": 11, ""search_volume"": 0}, {""year"": 2025, ""month"": 10, ""search_volume"": 0}, {""year"": 2025, ""month"": 9, ""search_volume"": 0}, {""year"": 2025, ""month"": 8, ""search_volume"": 0}]"
A6,rasoir de sûreté ou coupe choux,10,0.66,USD_DOCUMENTED,incompatible,False,,,,,"accessoire, autre public/format ou provenance non prouvée",dataforseo_labs/google/keyword_suggestions/live,2026-09-03T14:36:23.673150+00:00,2026-09-03-qualification-9-produits-pur/raw/10-A6-labs-0.json.gz,"[{""year"": 2026, ""month"": 7, ""search_volume"": 10}, {""year"": 2026, ""month"": 6, ""search_volume"": 10}, {""year"": 2026, ""month"": 5, ""search_volume"": 10}, {""year"": 2026, ""month"": 4, ""search_volume"": 10}, {""year"": 2026, ""month"": 3, ""search_volume"": 10}, {""year"": 2026, ""month"": 2, ""search_volume"": 20}, {""year"": 2026, ""month"": 1, ""search_volume"": 10}, {""year"": 2025, ""month"": 12, ""search_volume"": 20}, {""year"": 2025, ""month"": 11, ""search_volume"": 10}, {""year"": 2025, ""month"": 10, ""search_volume"": 10}, {""year"": 2025, ""month"": 9, ""search_volume"": 10}, {""year"": 2025, ""month"": 8, ""search_volume"": 20}]"
A6,rasoir de sûreté bambaw avis,10,0.38,USD_DOCUMENTED,core,True,,,,,rasoir de sûreté/sécurité homme ou non genré,keywords_data/google_ads/search_volume/live,2026-09-03T14:41:36.469628+00:00,2026-09-03-qualification-9-produits-pur/raw/20-controls-1.json.gz,"[{""year"": 2026, ""month"": 7, ""search_volume"": 10}, {""year"": 2026, ""month"": 6, ""search_volume"": 10}, {""year"": 2026, ""month"": 5, ""search_volume"": 10}, {""year"": 2026, ""month"": 4, ""search_volume"": 10}, {""year"": 2026, ""month"": 3, ""search_volume"": 10}, {""year"": 2026, ""month"": 2, ""search_volume"": 10}, {""year"": 2026, ""month"": 1, ""search_volume"": 10}, {""year"": 2025, ""month"": 12, ""search_volume"": 10}, {""year"": 2025, ""month"": 11, ""search_volume"": 10}, {""year"": 2025, ""month"": 10, ""search_volume"": 10}, {""year"": 2025, ""month"": 9, ""search_volume"": 10}, {""year"": 2025, ""month"": 8, ""search_volume"": 10}]"
A6,rasoir de sûreté c'est quoi,10,0.11,USD_DOCUMENTED,incompatible,False,,,,,"format, public, pays ou intention hors kit débutant fixe",keywords_data/google_ads/search_volume/live,2026-09-03T14:41:36.469628+00:00,2026-09-03-qualification-9-produits-pur/raw/20-controls-1.json.gz,"[{""year"": 2026, ""month"": 7, ""search_volume"": 10}, {""year"": 2026, ""month"": 6, ""search_volume"": 20}, {""year"": 2026, ""month"": 5, ""search_volume"": 20}, {""year"": 2026, ""month"": 4, ""search_volume"": 20}, {""year"": 2026, ""month"": 3, ""search_volume"": 20}, {""year"": 2026, ""month"": 2, ""search_volume"": 20}, {""year"": 2026, ""month"": 1, ""search_volume"": 10}, {""year"": 2025, ""month"": 12, ""search_volume"": 0}, {""year"": 2025, ""month"": 11, ""search_volume"": 0}, {""year"": 2025, ""month"": 10, ""search_volume"": 0}, {""year"": 2025, ""month"": 9, ""search_volume"": 0}, {""year"": 2025, ""month"": 8, ""search_volume"": 0}]"
A6,rasoir de sûreté shavest original,10,,USD_DOCUMENTED,core,True,,,,,rasoir de sûreté/sécurité homme ou non genré,keywords_data/google_ads/search_volume/live,2026-09-03T14:41:36.469628+00:00,2026-09-03-qualification-9-produits-pur/raw/20-controls-1.json.gz,"[{""year"": 2026, ""month"": 7, ""search_volume"": 0}, {""year"": 2026, ""month"": 6, ""search_volume"": 10}, {""year"": 2026, ""month"": 5, ""search_volume"": 10}, {""year"": 2026, ""month"": 4, ""search_volume"": 0}, {""year"": 2026, ""month"": 3, ""search_volume"": 10}, {""year"": 2026, ""month"": 2, ""search_volume"": 0}, {""year"": 2026, ""month"": 1, ""search_volume"": 10}, {""year"": 2025, ""month"": 12, ""search_volume"": 0}, {""year"": 2025, ""month"": 11, ""search_volume"": 0}, {""year"": 2025, ""month"": 10, ""search_volume"": 10}, {""year"": 2025, ""month"": 9, ""search_volume"": 10}, {""year"": 2025, ""month"": 8, ""search_volume"": 0}]"
A6,bien choisir son rasoir de sûreté,10,,USD_DOCUMENTED,core,False,G0015,10,G0036,10,rasoir de sûreté/sécurité homme ou non genré,keywords_data/google_ads/search_volume/live,2026-09-03T14:41:36.469628+00:00,2026-09-03-qualification-9-produits-pur/raw/20-controls-1.json.gz,"[{""year"": 2026, ""month"": 7, ""search_volume"": 0}, {""year"": 2026, ""month"": 6, ""search_volume"": 0}, {""year"": 2026, ""month"": 5, ""search_volume"": 0}, {""year"": 2026, ""month"": 4, ""search_volume"": 0}, {""year"": 2026, ""month"": 3, ""search_volume"": 10}, {""year"": 2026, ""month"": 2, ""search_volume"": 0}, {""year"": 2026, ""month"": 1, ""search_volume"": 0}, {""year"": 2025, ""month"": 12, ""search_volume"": 0}, {""year"": 2025, ""month"": 11, ""search_volume"": 0}, {""year"": 2025, ""month"": 10, ""search_volume"": 0}, {""year"": 2025, ""month"": 9, ""search_volume"": 0}, {""year"": 2025, ""month"": 8, ""search_volume"": 0}]"
A6,rasoir de sûreté mühle r89,10,0.81,USD_DOCUMENTED,core,True,,,,,rasoir de sûreté/sécurité homme ou non genré,keywords_data/google_ads/search_volume/live,2026-09-03T14:41:36.469628+00:00,2026-09-03-qualification-9-produits-pur/raw/20-controls-1.json.gz,"[{""year"": 2026, ""month"": 7, ""search_volume"": 50}, {""year"": 2026, ""month"": 6, ""search_volume"": 30}, {""year"": 2026, ""month"": 5, ""search_volume"": 20}, {""year"": 2026, ""month"": 4, ""search_volume"": 0}, {""year"": 2026, ""month"": 3, ""search_volume"": 0}, {""year"": 2026, ""month"": 2, ""search_volume"": 0}, {""year"": 2026, ""month"": 1, ""search_volume"": 0}, {""year"": 2025, ""month"": 12, ""search_volume"": 0}, {""year"": 2025, ""month"": 11, ""search_volume"": 0}, {""year"": 2025, ""month"": 10, ""search_volume"": 0}, {""year"": 2025, ""month"": 9, ""search_volume"": 0}, {""year"": 2025, ""month"": 8, ""search_volume"": 0}]"
A6,rasoir de sûreté gillette avis,10,0.43,USD_DOCUMENTED,core,True,,,,,rasoir de sûreté/sécurité homme ou non genré,keywords_data/google_ads/search_volume/live,2026-09-03T14:41:36.469628+00:00,2026-09-03-qualification-9-produits-pur/raw/20-controls-1.json.gz,"[{""year"": 2026, ""month"": 7, ""search_volume"": 10}, {""year"": 2026, ""month"": 6, ""search_volume"": 10}, {""year"": 2026, ""month"": 5, ""search_volume"": 10}, {""year"": 2026, ""month"": 4, ""search_volume"": 10}, {""year"": 2026, ""month"": 3, ""search_volume"": 10}, {""year"": 2026, ""month"": 2, ""search_volume"": 10}, {""year"": 2026, ""month"": 1, ""search_volume"": 10}, {""year"": 2025, ""month"": 12, ""search_volume"": 20}, {""year"": 2025, ""month"": 11, ""search_volume"": 10}, {""year"": 2025, ""month"": 10, ""search_volume"": 10}, {""year"": 2025, ""month"": 9, ""search_volume"": 10}, {""year"": 2025, ""month"": 8, ""search_volume"": 10}]"
A6,rasoir de sûreté c est quoi,10,0.11,USD_DOCUMENTED,incompatible,False,,,,,"format, public, pays ou intention hors kit débutant fixe",keywords_data/google_ads/search_volume/live,2026-09-03T14:41:36.469628+00:00,2026-09-03-qualification-9-produits-pur/raw/20-controls-1.json.gz,"[{""year"": 2026, ""month"": 7, ""search_volume"": 10}, {""year"": 2026, ""month"": 6, ""search_volume"": 20}, {""year"": 2026, ""month"": 5, ""search_volume"": 20}, {""year"": 2026, ""month"": 4, ""search_volume"": 20}, {""year"": 2026, ""month"": 3, ""search_volume"": 20}, {""year"": 2026, ""month"": 2, ""search_volume"": 20}, {""year"": 2026, ""month"": 1, ""search_volume"": 10}, {""year"": 2025, ""month"": 12, ""search_volume"": 0}, {""year"": 2025, ""month"": 11, ""search_volume"": 0}, {""year"": 2025, ""month"": 10, ""search_volume"": 0}, {""year"": 2025, ""month"": 9, ""search_volume"": 0}, {""year"": 2025, ""month"": 8, ""search_volume"": 0}]"
A6,rasoir de sûreté king c gillette avis,10,0.12,USD_DOCUMENTED,core,True,,,,,rasoir de sûreté/sécurité homme ou non genré,keywords_data/google_ads/search_volume/live,2026-09-03T14:41:36.469628+00:00,2026-09-03-qualification-9-produits-pur/raw/20-controls-1.json.gz,"[{""year"": 2026, ""month"": 7, ""search_volume"": 20}, {""year"": 2026, ""month"": 6, ""search_volume"": 20}, {""year"": 2026, ""month"": 5, ""search_volume"": 20}, {""year"": 2026, ""month"": 4, ""search_volume"": 30}, {""year"": 2026, ""month"": 3, ""search_volume"": 10}, {""year"": 2026, ""month"": 2, ""search_volume"": 10}, {""year"": 2026, ""month"": 1, ""search_volume"": 10}, {""year"": 2025, ""month"": 12, ""search_volume"": 10}, {""year"": 2025, ""month"": 11, ""search_volume"": 10}, {""year"": 2025, ""month"": 10, ""search_volume"": 10}, {""year"": 2025, ""month"": 9, ""search_volume"": 10}, {""year"": 2025, ""month"": 8, ""search_volume"": 10}]"
A6,rasoir de sûreté en laiton,10,,USD_DOCUMENTED,conditional,False,,,G0042,10,matière laiton non garantie par le kit,keywords_data/google_ads/search_volume/live,2026-09-03T14:41:36.469628+00:00,2026-09-03-qualification-9-produits-pur/raw/20-controls-1.json.gz,"[{""year"": 2026, ""month"": 7, ""search_volume"": 0}, {""year"": 2026, ""month"": 6, ""search_volume"": 0}, {""year"": 2026, ""month"": 5, ""search_volume"": 0}, {""year"": 2026, ""month"": 4, ""search_volume"": 0}, {""year"": 2026, ""month"": 3, ""search_volume"": 10}, {""year"": 2026, ""month"": 2, ""search_volume"": 0}, {""year"": 2026, ""month"": 1, ""search_volume"": 0}, {""year"": 2025, ""month"": 12, ""search_volume"": 0}, {""year"": 2025, ""month"": 11, ""search_volume"": 0}, {""year"": 2025, ""month"": 10, ""search_volume"": 10}, {""year"": 2025, ""month"": 9, ""search_volume"": 0}, {""year"": 2025, ""month"": 8, ""search_volume"": 0}]"
A6,rasoir de sûreté homme avis,10,0.31,USD_DOCUMENTED,core,False,G0016,10,G0037,10,rasoir de sûreté/sécurité homme ou non genré,keywords_data/google_ads/search_volume/live,2026-09-03T14:41:36.469628+00:00,2026-09-03-qualification-9-produits-pur/raw/20-controls-1.json.gz,"[{""year"": 2026, ""month"": 7, ""search_volume"": 10}, {""year"": 2026, ""month"": 6, ""search_volume"": 0}, {""year"": 2026, ""month"": 5, ""search_volume"": 0}, {""year"": 2026, ""month"": 4, ""search_volume"": 0}, {""year"": 2026, ""month"": 3, ""search_volume"": 0}, {""year"": 2026, ""month"": 2, ""search_volume"": 0}, {""year"": 2026, ""month"": 1, ""search_volume"": 0}, {""year"": 2025, ""month"": 12, ""search_volume"": 0}, {""year"": 2025, ""month"": 11, ""search_volume"": 0}, {""year"": 2025, ""month"": 10, ""search_volume"": 0}, {""year"": 2025, ""month"": 9, ""search_volume"": 0}, {""year"": 2025, ""month"": 8, ""search_volume"": 0}]"
A6,rasoir de sûreté amazon,10,0.14,USD_DOCUMENTED,core,True,,,,,rasoir de sûreté/sécurité homme ou non genré,keywords_data/google_ads/search_volume/live,2026-09-03T14:41:36.469628+00:00,2026-09-03-qualification-9-produits-pur/raw/20-controls-1.json.gz,"[{""year"": 2026, ""month"": 7, ""search_volume"": 20}, {""year"": 2026, ""month"": 6, ""search_volume"": 30}, {""year"": 2026, ""month"": 5, ""search_volume"": 0}, {""year"": 2026, ""month"": 4, ""search_volume"": 0}, {""year"": 2026, ""month"": 3, ""search_volume"": 0}, {""year"": 2026, ""month"": 2, ""search_volume"": 0}, {""year"": 2026, ""month"": 1, ""search_volume"": 0}, {""year"": 2025, ""month"": 12, ""search_volume"": 0}, {""year"": 2025, ""month"": 11, ""search_volume"": 0}, {""year"": 2025, ""month"": 10, ""search_volume"": 0}, {""year"": 2025, ""month"": 9, ""search_volume"": 0}, {""year"": 2025, ""month"": 8, ""search_volume"": 0}]"
A6,rasoir traditionnel de barbier,10,,USD_DOCUMENTED,conditional,False,,,G0043,10,"ensemble ou traditionnel, composition à confirmer en SERP",keywords_data/google_ads/search_volume/live,2026-09-03T14:41:36.469628+00:00,2026-09-03-qualification-9-produits-pur/raw/20-controls-1.json.gz,"[{""year"": 2026, ""month"": 7, ""search_volume"": 10}, {""year"": 2026, ""month"": 6, ""search_volume"": 0}, {""year"": 2026, ""month"": 5, ""search_volume"": 0}, {""year"": 2026, ""month"": 4, ""search_volume"": 0}, {""year"": 2026, ""month"": 3, ""search_volume"": 0}, {""year"": 2026, ""month"": 2, ""search_volume"": 0}, {""year"": 2026, ""month"": 1, ""search_volume"": 0}, {""year"": 2025, ""month"": 12, ""search_volume"": 0}, {""year"": 2025, ""month"": 11, ""search_volume"": 0}, {""year"": 2025, ""month"": 10, ""search_volume"": 0}, {""year"": 2025, ""month"": 9, ""search_volume"": 10}, {""year"": 2025, ""month"": 8, ""search_volume"": 0}]"
A6,rasoir traditionnel japonais,10,,USD_DOCUMENTED,conditional,False,,,G0044,10,"ensemble ou traditionnel, composition à confirmer en SERP",keywords_data/google_ads/search_volume/live,2026-09-03T14:41:36.469628+00:00,2026-09-03-qualification-9-produits-pur/raw/20-controls-1.json.gz,"[{""year"": 2026, ""month"": 7, ""search_volume"": 10}, {""year"": 2026, ""month"": 6, ""search_volume"": 10}, {""year"": 2026, ""month"": 5, ""search_volume"": 10}, {""year"": 2026, ""month"": 4, ""search_volume"": 10}, {""year"": 2026, ""month"": 3, ""search_volume"": 10}, {""year"": 2026, ""month"": 2, ""search_volume"": 10}, {""year"": 2026, ""month"": 1, ""search_volume"": 10}, {""year"": 2025, ""month"": 12, ""search_volume"": 10}, {""year"": 2025, ""month"": 11, ""search_volume"": 10}, {""year"": 2025, ""month"": 10, ""search_volume"": 10}, {""year"": 2025, ""month"": 9, ""search_volume"": 10}, {""year"": 2025, ""month"": 8, ""search_volume"": 10}]"
A6,rasoir barbe traditionnel,10,,USD_DOCUMENTED,conditional,False,,,G0045,10,"ensemble ou traditionnel, composition à confirmer en SERP",keywords_data/google_ads/search_volume/live,2026-09-03T14:41:36.469628+00:00,2026-09-03-qualification-9-produits-pur/raw/20-controls-1.json.gz,"[{""year"": 2026, ""month"": 7, ""search_volume"": 10}, {""year"": 2026, ""month"": 6, ""search_volume"": 10}, {""year"": 2026, ""month"": 5, ""search_volume"": 10}, {""year"": 2026, ""month"": 4, ""search_volume"": 10}, {""year"": 2026, ""month"": 3, ""search_volume"": 10}, {""year"": 2026, ""month"": 2, ""search_volume"": 10}, {""year"": 2026, ""month"": 1, ""search_volume"": 0}, {""year"": 2025, ""month"": 12, ""search_volume"": 0}, {""year"": 2025, ""month"": 11, ""search_volume"": 10}, {""year"": 2025, ""month"": 10, ""search_volume"": 0}, {""year"": 2025, ""month"": 9, ""search_volume"": 0}, {""year"": 2025, ""month"": 8, ""search_volume"": 0}]"
A6,rasoir traditionnel wilkinson,10,,USD_DOCUMENTED,conditional,True,,,,,"ensemble ou traditionnel, composition à confirmer en SERP",keywords_data/google_ads/search_volume/live,2026-09-03T14:41:36.469628+00:00,2026-09-03-qualification-9-produits-pur/raw/20-controls-1.json.gz,"[{""year"": 2026, ""month"": 7, ""search_volume"": 0}, {""year"": 2026, ""month"": 6, ""search_volume"": 10}, {""year"": 2026, ""month"": 5, ""search_volume"": 0}, {""year"": 2026, ""month"": 4, ""search_volume"": 10}, {""year"": 2026, ""month"": 3, ""search_volume"": 0}, {""year"": 2026, ""month"": 2, ""search_volume"": 0}, {""year"": 2026, ""month"": 1, ""search_volume"": 0}, {""year"": 2025, ""month"": 12, ""search_volume"": 10}, {""year"": 2025, ""month"": 11, ""search_volume"": 10}, {""year"": 2025, ""month"": 10, ""search_volume"": 0}, {""year"": 2025, ""month"": 9, ""search_volume"": 0}, {""year"": 2025, ""month"": 8, ""search_volume"": 0}]"
A6,rasoir à barbe traditionnel,10,,USD_DOCUMENTED,conditional,False,,,G0045,0,"ensemble ou traditionnel, composition à confirmer en SERP",keywords_data/google_ads/search_volume/live,2026-09-03T14:41:36.469628+00:00,2026-09-03-qualification-9-produits-pur/raw/20-controls-1.json.gz,"[{""year"": 2026, ""month"": 7, ""search_volume"": 0}, {""year"": 2026, ""month"": 6, ""search_volume"": 10}, {""year"": 2026, ""month"": 5, ""search_volume"": 0}, {""year"": 2026, ""month"": 4, ""search_volume"": 10}, {""year"": 2026, ""month"": 3, ""search_volume"": 0}, {""year"": 2026, ""month"": 2, ""search_volume"": 0}, {""year"": 2026, ""month"": 1, ""search_volume"": 10}, {""year"": 2025, ""month"": 12, ""search_volume"": 10}, {""year"": 2025, ""month"": 11, ""search_volume"": 10}, {""year"": 2025, ""month"": 10, ""search_volume"": 10}, {""year"": 2025, ""month"": 9, ""search_volume"": 10}, {""year"": 2025, ""month"": 8, ""search_volume"": 0}]"
A6,lame de rasoir traditionnel,10,0.66,USD_DOCUMENTED,incompatible,False,,,,,"accessoire, autre public/format ou provenance non prouvée",dataforseo_labs/google/keyword_suggestions/live,2026-09-03T14:36:23.886101+00:00,2026-09-03-qualification-9-produits-pur/raw/10-A6-labs-1.json.gz,"[{""year"": 2026, ""month"": 7, ""search_volume"": 20}, {""year"": 2026, ""month"": 6, ""search_volume"": 10}, {""year"": 2026, ""month"": 5, ""search_volume"": 10}, {""year"": 2026, ""month"": 4, ""search_volume"": 10}, {""year"": 2026, ""month"": 3, ""search_volume"": 10}, {""year"": 2026, ""month"": 2, ""search_volume"": 10}, {""year"": 2026, ""month"": 1, ""search_volume"": 10}, {""year"": 2025, ""month"": 12, ""search_volume"": 10}, {""year"": 2025, ""month"": 11, ""search_volume"": 10}, {""year"": 2025, ""month"": 10, ""search_volume"": 10}, {""year"": 2025, ""month"": 9, ""search_volume"": 10}, {""year"": 2025, ""month"": 8, ""search_volume"": 20}]"
A6,rasoir lame traditionnel,10,,USD_DOCUMENTED,incompatible,False,,,,,"accessoire, autre public/format ou provenance non prouvée",dataforseo_labs/google/keyword_suggestions/live,2026-09-03T14:36:23.886101+00:00,2026-09-03-qualification-9-produits-pur/raw/10-A6-labs-1.json.gz,"[{""year"": 2026, ""month"": 7, ""search_volume"": 0}, {""year"": 2026, ""month"": 6, ""search_volume"": 0}, {""year"": 2026, ""month"": 5, ""search_volume"": 0}, {""year"": 2026, ""month"": 4, ""search_volume"": 0}, {""year"": 2026, ""month"": 3, ""search_volume"": 0}, {""year"": 2026, ""month"": 2, ""search_volume"": 0}, {""year"": 2026, ""month"": 1, ""search_volume"": 10}, {""year"": 2025, ""month"": 12, ""search_volume"": 0}, {""year"": 2025, ""month"": 11, ""search_volume"": 10}, {""year"": 2025, ""month"": 10, ""search_volume"": 0}, {""year"": 2025, ""month"": 9, ""search_volume"": 0}, {""year"": 2025, ""month"": 8, ""search_volume"": 0}]"
A6,lame rasoir de sécurité,10,0.54,USD_DOCUMENTED,incompatible,False,,,,,"accessoire, autre public/format ou provenance non prouvée",dataforseo_labs/google/keyword_suggestions/live,2026-09-03T14:36:24.143908+00:00,2026-09-03-qualification-9-produits-pur/raw/10-A6-labs-2.json.gz,"[{""year"": 2026, ""month"": 7, ""search_volume"": 10}, {""year"": 2026, ""month"": 6, ""search_volume"": 10}, {""year"": 2026, ""month"": 5, ""search_volume"": 20}, {""year"": 2026, ""month"": 4, ""search_volume"": 10}, {""year"": 2026, ""month"": 3, ""search_volume"": 10}, {""year"": 2026, ""month"": 2, ""search_volume"": 10}, {""year"": 2026, ""month"": 1, ""search_volume"": 10}, {""year"": 2025, ""month"": 12, ""search_volume"": 10}, {""year"": 2025, ""month"": 11, ""search_volume"": 10}, {""year"": 2025, ""month"": 10, ""search_volume"": 10}, {""year"": 2025, ""month"": 9, ""search_volume"": 10}, {""year"": 2025, ""month"": 8, ""search_volume"": 10}]"
A6,shavette ou rasoir de sécurité,10,,USD_DOCUMENTED,incompatible,False,,,,,"accessoire, autre public/format ou provenance non prouvée",dataforseo_labs/google/keyword_suggestions/live,2026-09-03T14:36:24.143908+00:00,2026-09-03-qualification-9-produits-pur/raw/10-A6-labs-2.json.gz,"[{""year"": 2026, ""month"": 7, ""search_volume"": 0}, {""year"": 2026, ""month"": 6, ""search_volume"": 10}, {""year"": 2026, ""month"": 5, ""search_volume"": 0}, {""year"": 2026, ""month"": 4, ""search_volume"": 0}, {""year"": 2026, ""month"": 3, ""search_volume"": 0}, {""year"": 2026, ""month"": 2, ""search_volume"": 0}, {""year"": 2026, ""month"": 1, ""search_volume"": 0}, {""year"": 2025, ""month"": 12, ""search_volume"": 0}, {""year"": 2025, ""month"": 11, ""search_volume"": 0}, {""year"": 2025, ""month"": 10, ""search_volume"": 0}, {""year"": 2025, ""month"": 9, ""search_volume"": 0}, {""year"": 2025, ""month"": 8, ""search_volume"": 0}]"
A6,rasoir de sécurité français,10,0.87,USD_DOCUMENTED,incompatible,False,,,,,"accessoire, autre public/format ou provenance non prouvée",dataforseo_labs/google/keyword_suggestions/live,2026-09-03T14:36:24.143908+00:00,2026-09-03-qualification-9-produits-pur/raw/10-A6-labs-2.json.gz,"[{""year"": 2026, ""month"": 7, ""search_volume"": 10}, {""year"": 2026, ""month"": 6, ""search_volume"": 10}, {""year"": 2026, ""month"": 5, ""search_volume"": 10}, {""year"": 2026, ""month"": 4, ""search_volume"": 10}, {""year"": 2026, ""month"": 3, ""search_volume"": 10}, {""year"": 2026, ""month"": 2, ""search_volume"": 10}, {""year"": 2026, ""month"": 1, ""search_volume"": 0}, {""year"": 2025, ""month"": 12, ""search_volume"": 0}, {""year"": 2025, ""month"": 11, ""search_volume"": 10}, {""year"": 2025, ""month"": 10, ""search_volume"": 10}, {""year"": 2025, ""month"": 9, ""search_volume"": 10}, {""year"": 2025, ""month"": 8, ""search_volume"": 0}]"
A6,rasoir de sécurité ou rasoir jetable,10,,USD_DOCUMENTED,core,False,G0017,10,G0038,10,rasoir de sûreté/sécurité homme ou non genré,keywords_data/google_ads/search_volume/live,2026-09-03T14:41:36.469628+00:00,2026-09-03-qualification-9-produits-pur/raw/20-controls-1.json.gz,"[{""year"": 2026, ""month"": 7, ""search_volume"": 0}, {""year"": 2026, ""month"": 6, ""search_volume"": 0}, {""year"": 2026, ""month"": 5, ""search_volume"": 10}, {""year"": 2026, ""month"": 4, ""search_volume"": 10}, {""year"": 2026, ""month"": 3, ""search_volume"": 10}, {""year"": 2026, ""month"": 2, ""search_volume"": 10}, {""year"": 2026, ""month"": 1, ""search_volume"": 0}, {""year"": 2025, ""month"": 12, ""search_volume"": 10}, {""year"": 2025, ""month"": 11, ""search_volume"": 10}, {""year"": 2025, ""month"": 10, ""search_volume"": 10}, {""year"": 2025, ""month"": 9, ""search_volume"": 10}, {""year"": 2025, ""month"": 8, ""search_volume"": 10}]"
A6,rasoir de sécurité merkur,10,0.08,USD_DOCUMENTED,core,True,,,,,rasoir de sûreté/sécurité homme ou non genré,keywords_data/google_ads/search_volume/live,2026-09-03T14:41:36.469628+00:00,2026-09-03-qualification-9-produits-pur/raw/20-controls-1.json.gz,"[{""year"": 2026, ""month"": 7, ""search_volume"": 10}, {""year"": 2026, ""month"": 6, ""search_volume"": 10}, {""year"": 2026, ""month"": 5, ""search_volume"": 10}, {""year"": 2026, ""month"": 4, ""search_volume"": 10}, {""year"": 2026, ""month"": 3, ""search_volume"": 10}, {""year"": 2026, ""month"": 2, ""search_volume"": 10}, {""year"": 2026, ""month"": 1, ""search_volume"": 20}, {""year"": 2025, ""month"": 12, ""search_volume"": 10}, {""year"": 2025, ""month"": 11, ""search_volume"": 10}, {""year"": 2025, ""month"": 10, ""search_volume"": 10}, {""year"": 2025, ""month"": 9, ""search_volume"": 10}, {""year"": 2025, ""month"": 8, ""search_volume"": 10}]"
A6,rasoir de sécurité merkur 23c,10,,USD_DOCUMENTED,core,True,,,,,rasoir de sûreté/sécurité homme ou non genré,keywords_data/google_ads/search_volume/live,2026-09-03T14:41:36.469628+00:00,2026-09-03-qualification-9-produits-pur/raw/20-controls-1.json.gz,"[{""year"": 2026, ""month"": 7, ""search_volume"": 10}, {""year"": 2026, ""month"": 6, ""search_volume"": 10}, {""year"": 2026, ""month"": 5, ""search_volume"": 10}, {""year"": 2026, ""month"": 4, ""search_volume"": 10}, {""year"": 2026, ""month"": 3, ""search_volume"": 10}, {""year"": 2026, ""month"": 2, ""search_volume"": 10}, {""year"": 2026, ""month"": 1, ""search_volume"": 10}, {""year"": 2025, ""month"": 12, ""search_volume"": 10}, {""year"": 2025, ""month"": 11, ""search_volume"": 10}, {""year"": 2025, ""month"": 10, ""search_volume"": 10}, {""year"": 2025, ""month"": 9, ""search_volume"": 10}, {""year"": 2025, ""month"": 8, ""search_volume"": 10}]"
A6,le rasoir de sécurité,10,,USD_DOCUMENTED,core,False,G0003,0,G0004,0,rasoir de sûreté/sécurité homme ou non genré,keywords_data/google_ads/search_volume/live,2026-09-03T14:41:36.469628+00:00,2026-09-03-qualification-9-produits-pur/raw/20-controls-1.json.gz,"[{""year"": 2026, ""month"": 7, ""search_volume"": 0}, {""year"": 2026, ""month"": 6, ""search_volume"": 0}, {""year"": 2026, ""month"": 5, ""search_volume"": 10}, {""year"": 2026, ""month"": 4, ""search_volume"": 0}, {""year"": 2026, ""month"": 3, ""search_volume"": 10}, {""year"": 2026, ""month"": 2, ""search_volume"": 10}, {""year"": 2026, ""month"": 1, ""search_volume"": 0}, {""year"": 2025, ""month"": 12, ""search_volume"": 0}, {""year"": 2025, ""month"": 11, ""search_volume"": 10}, {""year"": 2025, ""month"": 10, ""search_volume"": 10}, {""year"": 2025, ""month"": 9, ""search_volume"": 10}, {""year"": 2025, ""month"": 8, ""search_volume"": 0}]"
A6,rasoir de sécurité avion,10,,USD_DOCUMENTED,incompatible,False,,,,,"format, public, pays ou intention hors kit débutant fixe",keywords_data/google_ads/search_volume/live,2026-09-03T14:41:36.469628+00:00,2026-09-03-qualification-9-produits-pur/raw/20-controls-1.json.gz,"[{""year"": 2026, ""month"": 7, ""search_volume"": 10}, {""year"": 2026, ""month"": 6, ""search_volume"": 0}, {""year"": 2026, ""month"": 5, ""search_volume"": 10}, {""year"": 2026, ""month"": 4, ""search_volume"": 10}, {""year"": 2026, ""month"": 3, ""search_volume"": 10}, {""year"": 2026, ""month"": 2, ""search_volume"": 10}, {""year"": 2026, ""month"": 1, ""search_volume"": 10}, {""year"": 2025, ""month"": 12, ""search_volume"": 0}, {""year"": 2025, ""month"": 11, ""search_volume"": 10}, {""year"": 2025, ""month"": 10, ""search_volume"": 10}, {""year"": 2025, ""month"": 9, ""search_volume"": 10}, {""year"": 2025, ""month"": 8, ""search_volume"": 10}]"
A6,rasoir de sécurité amazon,10,,USD_DOCUMENTED,core,True,,,,,rasoir de sûreté/sécurité homme ou non genré,keywords_data/google_ads/search_volume/live,2026-09-03T14:41:36.469628+00:00,2026-09-03-qualification-9-produits-pur/raw/20-controls-1.json.gz,"[{""year"": 2026, ""month"": 7, ""search_volume"": 10}, {""year"": 2026, ""month"": 6, ""search_volume"": 10}, {""year"": 2026, ""month"": 5, ""search_volume"": 10}, {""year"": 2026, ""month"": 4, ""search_volume"": 10}, {""year"": 2026, ""month"": 3, ""search_volume"": 10}, {""year"": 2026, ""month"": 2, ""search_volume"": 10}, {""year"": 2026, ""month"": 1, ""search_volume"": 10}, {""year"": 2025, ""month"": 12, ""search_volume"": 10}, {""year"": 2025, ""month"": 11, ""search_volume"": 10}, {""year"": 2025, ""month"": 10, ""search_volume"": 10}, {""year"": 2025, ""month"": 9, ""search_volume"": 10}, {""year"": 2025, ""month"": 8, ""search_volume"": 10}]"
A6,quel rasoir de sécurité choisir,10,0.47,USD_DOCUMENTED,core,False,G0018,10,G0039,10,rasoir de sûreté/sécurité homme ou non genré,keywords_data/google_ads/search_volume/live,2026-09-03T14:41:36.469628+00:00,2026-09-03-qualification-9-produits-pur/raw/20-controls-1.json.gz,"[{""year"": 2026, ""month"": 7, ""search_volume"": 10}, {""year"": 2026, ""month"": 6, ""search_volume"": 10}, {""year"": 2026, ""month"": 5, ""search_volume"": 10}, {""year"": 2026, ""month"": 4, ""search_volume"": 0}, {""year"": 2026, ""month"": 3, ""search_volume"": 0}, {""year"": 2026, ""month"": 2, ""search_volume"": 10}, {""year"": 2026, ""month"": 1, ""search_volume"": 10}, {""year"": 2025, ""month"": 12, ""search_volume"": 0}, {""year"": 2025, ""month"": 11, ""search_volume"": 10}, {""year"": 2025, ""month"": 10, ""search_volume"": 0}, {""year"": 2025, ""month"": 9, ""search_volume"": 10}, {""year"": 2025, ""month"": 8, ""search_volume"": 10}]"
A6,rasoir de sécurité ou coupe choux,10,,USD_DOCUMENTED,incompatible,False,,,,,"accessoire, autre public/format ou provenance non prouvée",dataforseo_labs/google/keyword_suggestions/live,2026-09-03T14:36:24.143908+00:00,2026-09-03-qualification-9-produits-pur/raw/10-A6-labs-2.json.gz,"[{""year"": 2026, ""month"": 7, ""search_volume"": 0}, {""year"": 2026, ""month"": 6, ""search_volume"": 0}, {""year"": 2026, ""month"": 5, ""search_volume"": 0}, {""year"": 2026, ""month"": 4, ""search_volume"": 0}, {""year"": 2026, ""month"": 3, ""search_volume"": 0}, {""year"": 2026, ""month"": 2, ""search_volume"": 10}, {""year"": 2026, ""month"": 1, ""search_volume"": 0}, {""year"": 2025, ""month"": 12, ""search_volume"": 0}, {""year"": 2025, ""month"": 11, ""search_volume"": 0}, {""year"": 2025, ""month"": 10, ""search_volume"": 0}, {""year"": 2025, ""month"": 9, ""search_volume"": 10}, {""year"": 2025, ""month"": 8, ""search_volume"": 0}]"
A6,ou acheter un rasoir de sécurité,10,0.84,USD_DOCUMENTED,core,False,G0019,10,G0040,10,rasoir de sûreté/sécurité homme ou non genré,keywords_data/google_ads/search_volume/live,2026-09-03T14:41:36.469628+00:00,2026-09-03-qualification-9-produits-pur/raw/20-controls-1.json.gz,"[{""year"": 2026, ""month"": 7, ""search_volume"": 10}, {""year"": 2026, ""month"": 6, ""search_volume"": 0}, {""year"": 2026, ""month"": 5, ""search_volume"": 0}, {""year"": 2026, ""month"": 4, ""search_volume"": 10}, {""year"": 2026, ""month"": 3, ""search_volume"": 0}, {""year"": 2026, ""month"": 2, ""search_volume"": 0}, {""year"": 2026, ""month"": 1, ""search_volume"": 0}, {""year"": 2025, ""month"": 12, ""search_volume"": 10}, {""year"": 2025, ""month"": 11, ""search_volume"": 10}, {""year"": 2025, ""month"": 10, ""search_volume"": 10}, {""year"": 2025, ""month"": 9, ""search_volume"": 0}, {""year"": 2025, ""month"": 8, ""search_volume"": 0}]"
A6,comment se raser avec un rasoir de sécurité,10,,USD_DOCUMENTED,information,False,,,,,"usage/SAV/risque, hors demande achat directe",dataforseo_labs/google/keyword_suggestions/live,2026-09-03T14:36:24.143908+00:00,2026-09-03-qualification-9-produits-pur/raw/10-A6-labs-2.json.gz,"[{""year"": 2026, ""month"": 7, ""search_volume"": 10}, {""year"": 2026, ""month"": 6, ""search_volume"": 10}, {""year"": 2026, ""month"": 5, ""search_volume"": 10}, {""year"": 2026, ""month"": 4, ""search_volume"": 10}, {""year"": 2026, ""month"": 3, ""search_volume"": 10}, {""year"": 2026, ""month"": 2, ""search_volume"": 10}, {""year"": 2026, ""month"": 1, ""search_volume"": 10}, {""year"": 2025, ""month"": 12, ""search_volume"": 10}, {""year"": 2025, ""month"": 11, ""search_volume"": 10}, {""year"": 2025, ""month"": 10, ""search_volume"": 10}, {""year"": 2025, ""month"": 9, ""search_volume"": 10}, {""year"": 2025, ""month"": 8, ""search_volume"": 10}]"
A6,rasoir de sécurité avis,10,0.45,USD_DOCUMENTED,core,False,G0020,10,G0041,10,rasoir de sûreté/sécurité homme ou non genré,keywords_data/google_ads/search_volume/live,2026-09-03T14:41:36.469628+00:00,2026-09-03-qualification-9-produits-pur/raw/20-controls-1.json.gz,"[{""year"": 2026, ""month"": 7, ""search_volume"": 10}, {""year"": 2026, ""month"": 6, ""search_volume"": 10}, {""year"": 2026, ""month"": 5, ""search_volume"": 10}, {""year"": 2026, ""month"": 4, ""search_volume"": 10}, {""year"": 2026, ""month"": 3, ""search_volume"": 10}, {""year"": 2026, ""month"": 2, ""search_volume"": 10}, {""year"": 2026, ""month"": 1, ""search_volume"": 10}, {""year"": 2025, ""month"": 12, ""search_volume"": 10}, {""year"": 2025, ""month"": 11, ""search_volume"": 10}, {""year"": 2025, ""month"": 10, ""search_volume"": 10}, {""year"": 2025, ""month"": 9, ""search_volume"": 0}, {""year"": 2025, ""month"": 8, ""search_volume"": 10}]"
A6,rasoir de sécurité edwin jagger,10,0.36,USD_DOCUMENTED,core,True,,,,,rasoir de sûreté/sécurité homme ou non genré,keywords_data/google_ads/search_volume/live,2026-09-03T14:41:36.469628+00:00,2026-09-03-qualification-9-produits-pur/raw/20-controls-1.json.gz,"[{""year"": 2026, ""month"": 7, ""search_volume"": 10}, {""year"": 2026, ""month"": 6, ""search_volume"": 0}, {""year"": 2026, ""month"": 5, ""search_volume"": 0}, {""year"": 2026, ""month"": 4, ""search_volume"": 0}, {""year"": 2026, ""month"": 3, ""search_volume"": 10}, {""year"": 2026, ""month"": 2, ""search_volume"": 0}, {""year"": 2026, ""month"": 1, ""search_volume"": 0}, {""year"": 2025, ""month"": 12, ""search_volume"": 0}, {""year"": 2025, ""month"": 11, ""search_volume"": 0}, {""year"": 2025, ""month"": 10, ""search_volume"": 0}, {""year"": 2025, ""month"": 9, ""search_volume"": 0}, {""year"": 2025, ""month"": 8, ""search_volume"": 0}]"
A6,coffret rasage blaireau homme,10,,USD_DOCUMENTED,conditional,False,,,G0032,0,"ensemble ou traditionnel, composition à confirmer en SERP",keywords_data/google_ads/search_volume/live,2026-09-03T14:41:36.469628+00:00,2026-09-03-qualification-9-produits-pur/raw/20-controls-1.json.gz,"[{""year"": 2026, ""month"": 7, ""search_volume"": 0}, {""year"": 2026, ""month"": 6, ""search_volume"": 10}, {""year"": 2026, ""month"": 5, ""search_volume"": 10}, {""year"": 2026, ""month"": 4, ""search_volume"": 10}, {""year"": 2026, ""month"": 3, ""search_volume"": 10}, {""year"": 2026, ""month"": 2, ""search_volume"": 10}, {""year"": 2026, ""month"": 1, ""search_volume"": 0}, {""year"": 2025, ""month"": 12, ""search_volume"": 20}, {""year"": 2025, ""month"": 11, ""search_volume"": 10}, {""year"": 2025, ""month"": 10, ""search_volume"": 10}, {""year"": 2025, ""month"": 9, ""search_volume"": 0}, {""year"": 2025, ""month"": 8, ""search_volume"": 0}]"
A6,coffret rasage barbe,10,,USD_DOCUMENTED,conditional,False,,,G0046,10,"ensemble ou traditionnel, composition à confirmer en SERP",keywords_data/google_ads/search_volume/live,2026-09-03T14:41:36.469628+00:00,2026-09-03-qualification-9-produits-pur/raw/20-controls-1.json.gz,"[{""year"": 2026, ""month"": 7, ""search_volume"": 10}, {""year"": 2026, ""month"": 6, ""search_volume"": 10}, {""year"": 2026, ""month"": 5, ""search_volume"": 10}, {""year"": 2026, ""month"": 4, ""search_volume"": 10}, {""year"": 2026, ""month"": 3, ""search_volume"": 10}, {""year"": 2026, ""month"": 2, ""search_volume"": 10}, {""year"": 2026, ""month"": 1, ""search_volume"": 10}, {""year"": 2025, ""month"": 12, ""search_volume"": 40}, {""year"": 2025, ""month"": 11, ""search_volume"": 30}, {""year"": 2025, ""month"": 10, ""search_volume"": 10}, {""year"": 2025, ""month"": 9, ""search_volume"": 10}, {""year"": 2025, ""month"": 8, ""search_volume"": 10}]"
A6,coffret vichy homme rasage,10,,USD_DOCUMENTED,conditional,False,,,G0047,10,"ensemble ou traditionnel, composition à confirmer en SERP",keywords_data/google_ads/search_volume/live,2026-09-03T14:41:36.469628+00:00,2026-09-03-qualification-9-produits-pur/raw/20-controls-1.json.gz,"[{""year"": 2026, ""month"": 7, ""search_volume"": 10}, {""year"": 2026, ""month"": 6, ""search_volume"": 10}, {""year"": 2026, ""month"": 5, ""search_volume"": 10}, {""year"": 2026, ""month"": 4, ""search_volume"": 10}, {""year"": 2026, ""month"": 3, ""search_volume"": 10}, {""year"": 2026, ""month"": 2, ""search_volume"": 10}, {""year"": 2026, ""month"": 1, ""search_volume"": 10}, {""year"": 2025, ""month"": 12, ""search_volume"": 90}, {""year"": 2025, ""month"": 11, ""search_volume"": 20}, {""year"": 2025, ""month"": 10, ""search_volume"": 10}, {""year"": 2025, ""month"": 9, ""search_volume"": 10}, {""year"": 2025, ""month"": 8, ""search_volume"": 10}]"
A6,coffret rasage homme : blaireau,10,,USD_DOCUMENTED,conditional,False,,,G0032,0,"ensemble ou traditionnel, composition à confirmer en SERP",keywords_data/google_ads/search_volume/live,2026-09-03T14:41:36.469628+00:00,2026-09-03-qualification-9-produits-pur/raw/20-controls-1.json.gz,"[{""year"": 2026, ""month"": 7, ""search_volume"": 0}, {""year"": 2026, ""month"": 6, ""search_volume"": 10}, {""year"": 2026, ""month"": 5, ""search_volume"": 10}, {""year"": 2026, ""month"": 4, ""search_volume"": 10}, {""year"": 2026, ""month"": 3, ""search_volume"": 10}, {""year"": 2026, ""month"": 2, ""search_volume"": 10}, {""year"": 2026, ""month"": 1, ""search_volume"": 0}, {""year"": 2025, ""month"": 12, ""search_volume"": 20}, {""year"": 2025, ""month"": 11, ""search_volume"": 10}, {""year"": 2025, ""month"": 10, ""search_volume"": 10}, {""year"": 2025, ""month"": 9, ""search_volume"": 0}, {""year"": 2025, ""month"": 8, ""search_volume"": 0}]"
A6,coffret rasage osma,10,,USD_DOCUMENTED,conditional,True,,,,,"ensemble ou traditionnel, composition à confirmer en SERP",keywords_data/google_ads/search_volume/live,2026-09-03T14:41:36.469628+00:00,2026-09-03-qualification-9-produits-pur/raw/20-controls-1.json.gz,"[{""year"": 2026, ""month"": 7, ""search_volume"": 0}, {""year"": 2026, ""month"": 6, ""search_volume"": 0}, {""year"": 2026, ""month"": 5, ""search_volume"": 10}, {""year"": 2026, ""month"": 4, ""search_volume"": 0}, {""year"": 2026, ""month"": 3, ""search_volume"": 10}, {""year"": 2026, ""month"": 2, ""search_volume"": 0}, {""year"": 2026, ""month"": 1, ""search_volume"": 10}, {""year"": 2025, ""month"": 12, ""search_volume"": 10}, {""year"": 2025, ""month"": 11, ""search_volume"": 10}, {""year"": 2025, ""month"": 10, ""search_volume"": 10}, {""year"": 2025, ""month"": 9, ""search_volume"": 10}, {""year"": 2025, ""month"": 8, ""search_volume"": 10}]"
A6,coffret rasage bleu chanel,10,,USD_DOCUMENTED,conditional,True,,,,,"ensemble ou traditionnel, composition à confirmer en SERP",keywords_data/google_ads/search_volume/live,2026-09-03T14:41:36.469628+00:00,2026-09-03-qualification-9-produits-pur/raw/20-controls-1.json.gz,"[{""year"": 2026, ""month"": 7, ""search_volume"": 0}, {""year"": 2026, ""month"": 6, ""search_volume"": 0}, {""year"": 2026, ""month"": 5, ""search_volume"": 0}, {""year"": 2026, ""month"": 4, ""search_volume"": 0}, {""year"": 2026, ""month"": 3, ""search_volume"": 0}, {""year"": 2026, ""month"": 2, ""search_volume"": 0}, {""year"": 2026, ""month"": 1, ""search_volume"": 0}, {""year"": 2025, ""month"": 12, ""search_volume"": 0}, {""year"": 2025, ""month"": 11, ""search_volume"": 10}, {""year"": 2025, ""month"": 10, ""search_volume"": 0}, {""year"": 2025, ""month"": 9, ""search_volume"": 0}, {""year"": 2025, ""month"": 8, ""search_volume"": 0}]"
A6,coffret rasage homme rituals,10,0.43,USD_DOCUMENTED,conditional,True,,,,,"ensemble ou traditionnel, composition à confirmer en SERP",keywords_data/google_ads/search_volume/live,2026-09-03T14:41:36.469628+00:00,2026-09-03-qualification-9-produits-pur/raw/20-controls-1.json.gz,"[{""year"": 2026, ""month"": 7, ""search_volume"": 10}, {""year"": 2026, ""month"": 6, ""search_volume"": 10}, {""year"": 2026, ""month"": 5, ""search_volume"": 10}, {""year"": 2026, ""month"": 4, ""search_volume"": 10}, {""year"": 2026, ""month"": 3, ""search_volume"": 10}, {""year"": 2026, ""month"": 2, ""search_volume"": 10}, {""year"": 2026, ""month"": 1, ""search_volume"": 10}, {""year"": 2025, ""month"": 12, ""search_volume"": 50}, {""year"": 2025, ""month"": 11, ""search_volume"": 30}, {""year"": 2025, ""month"": 10, ""search_volume"": 10}, {""year"": 2025, ""month"": 9, ""search_volume"": 10}, {""year"": 2025, ""month"": 8, ""search_volume"": 10}]"
A6,coffret parfum apres rasage homme,10,,USD_DOCUMENTED,incompatible,False,,,,,"accessoire, autre public/format ou provenance non prouvée",dataforseo_labs/google/keyword_suggestions/live,2026-09-03T14:36:24.514398+00:00,2026-09-03-qualification-9-produits-pur/raw/10-A6-labs-3.json.gz,"[{""year"": 2026, ""month"": 7, ""search_volume"": 10}, {""year"": 2026, ""month"": 6, ""search_volume"": 10}, {""year"": 2026, ""month"": 5, ""search_volume"": 10}, {""year"": 2026, ""month"": 4, ""search_volume"": 0}, {""year"": 2026, ""month"": 3, ""search_volume"": 10}, {""year"": 2026, ""month"": 2, ""search_volume"": 0}, {""year"": 2026, ""month"": 1, ""search_volume"": 10}, {""year"": 2025, ""month"": 12, ""search_volume"": 50}, {""year"": 2025, ""month"": 11, ""search_volume"": 20}, {""year"": 2025, ""month"": 10, ""search_volume"": 10}, {""year"": 2025, ""month"": 9, ""search_volume"": 20}, {""year"": 2025, ""month"": 8, ""search_volume"": 10}]"
A6,coffret rasage homme personnalisé,10,,USD_DOCUMENTED,conditional,False,,,G0048,10,"ensemble ou traditionnel, composition à confirmer en SERP",keywords_data/google_ads/search_volume/live,2026-09-03T14:41:36.469628+00:00,2026-09-03-qualification-9-produits-pur/raw/20-controls-1.json.gz,"[{""year"": 2026, ""month"": 7, ""search_volume"": 10}, {""year"": 2026, ""month"": 6, ""search_volume"": 10}, {""year"": 2026, ""month"": 5, ""search_volume"": 10}, {""year"": 2026, ""month"": 4, ""search_volume"": 20}, {""year"": 2026, ""month"": 3, ""search_volume"": 0}, {""year"": 2026, ""month"": 2, ""search_volume"": 10}, {""year"": 2026, ""month"": 1, ""search_volume"": 10}, {""year"": 2025, ""month"": 12, ""search_volume"": 10}, {""year"": 2025, ""month"": 11, ""search_volume"": 10}, {""year"": 2025, ""month"": 10, ""search_volume"": 10}, {""year"": 2025, ""month"": 9, ""search_volume"": 10}, {""year"": 2025, ""month"": 8, ""search_volume"": 10}]"
A6,coffret rasage homme blaireau,10,,USD_DOCUMENTED,conditional,False,,,G0032,0,"ensemble ou traditionnel, composition à confirmer en SERP",keywords_data/google_ads/search_volume/live,2026-09-03T14:41:36.469628+00:00,2026-09-03-qualification-9-produits-pur/raw/20-controls-1.json.gz,"[{""year"": 2026, ""month"": 7, ""search_volume"": 0}, {""year"": 2026, ""month"": 6, ""search_volume"": 10}, {""year"": 2026, ""month"": 5, ""search_volume"": 10}, {""year"": 2026, ""month"": 4, ""search_volume"": 10}, {""year"": 2026, ""month"": 3, ""search_volume"": 10}, {""year"": 2026, ""month"": 2, ""search_volume"": 10}, {""year"": 2026, ""month"": 1, ""search_volume"": 0}, {""year"": 2025, ""month"": 12, ""search_volume"": 20}, {""year"": 2025, ""month"": 11, ""search_volume"": 10}, {""year"": 2025, ""month"": 10, ""search_volume"": 10}, {""year"": 2025, ""month"": 9, ""search_volume"": 0}, {""year"": 2025, ""month"": 8, ""search_volume"": 0}]"
A6,coffret rasage homme carrefour,10,,USD_DOCUMENTED,conditional,True,,,,,"ensemble ou traditionnel, composition à confirmer en SERP",keywords_data/google_ads/search_volume/live,2026-09-03T14:41:36.469628+00:00,2026-09-03-qualification-9-produits-pur/raw/20-controls-1.json.gz,"[{""year"": 2026, ""month"": 7, ""search_volume"": 10}, {""year"": 2026, ""month"": 6, ""search_volume"": 10}, {""year"": 2026, ""month"": 5, ""search_volume"": 10}, {""year"": 2026, ""month"": 4, ""search_volume"": 10}, {""year"": 2026, ""month"": 3, ""search_volume"": 10}, {""year"": 2026, ""month"": 2, ""search_volume"": 10}, {""year"": 2026, ""month"": 1, ""search_volume"": 10}, {""year"": 2025, ""month"": 12, ""search_volume"": 40}, {""year"": 2025, ""month"": 11, ""search_volume"": 10}, {""year"": 2025, ""month"": 10, ""search_volume"": 10}, {""year"": 2025, ""month"": 9, ""search_volume"": 10}, {""year"": 2025, ""month"": 8, ""search_volume"": 10}]"
A6,coffret apres rasage nocibe,10,,USD_DOCUMENTED,incompatible,True,,,,,"accessoire, autre public/format ou provenance non prouvée",dataforseo_labs/google/keyword_suggestions/live,2026-09-03T14:36:24.514398+00:00,2026-09-03-qualification-9-produits-pur/raw/10-A6-labs-3.json.gz,"[{""year"": 2026, ""month"": 7, ""search_volume"": 10}, {""year"": 2026, ""month"": 6, ""search_volume"": 10}, {""year"": 2026, ""month"": 5, ""search_volume"": 0}, {""year"": 2026, ""month"": 4, ""search_volume"": 10}, {""year"": 2026, ""month"": 3, ""search_volume"": 10}, {""year"": 2026, ""month"": 2, ""search_volume"": 0}, {""year"": 2026, ""month"": 1, ""search_volume"": 0}, {""year"": 2025, ""month"": 12, ""search_volume"": 10}, {""year"": 2025, ""month"": 11, ""search_volume"": 0}, {""year"": 2025, ""month"": 10, ""search_volume"": 10}, {""year"": 2025, ""month"": 9, ""search_volume"": 0}, {""year"": 2025, ""month"": 8, ""search_volume"": 0}]"
A6,coffret rasage sephora,10,0.12,USD_DOCUMENTED,conditional,True,,,,,"ensemble ou traditionnel, composition à confirmer en SERP",keywords_data/google_ads/search_volume/live,2026-09-03T14:41:36.469628+00:00,2026-09-03-qualification-9-produits-pur/raw/20-controls-1.json.gz,"[{""year"": 2026, ""month"": 7, ""search_volume"": 10}, {""year"": 2026, ""month"": 6, ""search_volume"": 10}, {""year"": 2026, ""month"": 5, ""search_volume"": 0}, {""year"": 2026, ""month"": 4, ""search_volume"": 10}, {""year"": 2026, ""month"": 3, ""search_volume"": 10}, {""year"": 2026, ""month"": 2, ""search_volume"": 10}, {""year"": 2026, ""month"": 1, ""search_volume"": 10}, {""year"": 2025, ""month"": 12, ""search_volume"": 10}, {""year"": 2025, ""month"": 11, ""search_volume"": 10}, {""year"": 2025, ""month"": 10, ""search_volume"": 0}, {""year"": 2025, ""month"": 9, ""search_volume"": 10}, {""year"": 2025, ""month"": 8, ""search_volume"": 0}]"
A6,coffret nuxe homme rasage,10,,USD_DOCUMENTED,conditional,False,,,G0049,10,"ensemble ou traditionnel, composition à confirmer en SERP",keywords_data/google_ads/search_volume/live,2026-09-03T14:41:36.469628+00:00,2026-09-03-qualification-9-produits-pur/raw/20-controls-1.json.gz,"[{""year"": 2026, ""month"": 7, ""search_volume"": 10}, {""year"": 2026, ""month"": 6, ""search_volume"": 10}, {""year"": 2026, ""month"": 5, ""search_volume"": 0}, {""year"": 2026, ""month"": 4, ""search_volume"": 0}, {""year"": 2026, ""month"": 3, ""search_volume"": 10}, {""year"": 2026, ""month"": 2, ""search_volume"": 10}, {""year"": 2026, ""month"": 1, ""search_volume"": 10}, {""year"": 2025, ""month"": 12, ""search_volume"": 50}, {""year"": 2025, ""month"": 11, ""search_volume"": 20}, {""year"": 2025, ""month"": 10, ""search_volume"": 10}, {""year"": 2025, ""month"": 9, ""search_volume"": 10}, {""year"": 2025, ""month"": 8, ""search_volume"": 10}]"
A6,coffret rasage à l'ancienne,10,,USD_DOCUMENTED,incompatible,False,,,,,"accessoire, autre public/format ou provenance non prouvée",dataforseo_labs/google/keyword_suggestions/live,2026-09-03T14:36:24.514398+00:00,2026-09-03-qualification-9-produits-pur/raw/10-A6-labs-3.json.gz,"[{""year"": 2026, ""month"": 7, ""search_volume"": 10}, {""year"": 2026, ""month"": 6, ""search_volume"": 10}, {""year"": 2026, ""month"": 5, ""search_volume"": 0}, {""year"": 2026, ""month"": 4, ""search_volume"": 10}, {""year"": 2026, ""month"": 3, ""search_volume"": 10}, {""year"": 2026, ""month"": 2, ""search_volume"": 10}, {""year"": 2026, ""month"": 1, ""search_volume"": 10}, {""year"": 2025, ""month"": 12, ""search_volume"": 20}, {""year"": 2025, ""month"": 11, ""search_volume"": 20}, {""year"": 2025, ""month"": 10, ""search_volume"": 10}, {""year"": 2025, ""month"": 9, ""search_volume"": 10}, {""year"": 2025, ""month"": 8, ""search_volume"": 10}]"
A6,coffret soin apres rasage homme,10,0.82,USD_DOCUMENTED,incompatible,False,,,,,"accessoire, autre public/format ou provenance non prouvée",dataforseo_labs/google/keyword_suggestions/live,2026-09-03T14:36:24.514398+00:00,2026-09-03-qualification-9-produits-pur/raw/10-A6-labs-3.json.gz,"[{""year"": 2026, ""month"": 7, ""search_volume"": 10}, {""year"": 2026, ""month"": 6, ""search_volume"": 10}, {""year"": 2026, ""month"": 5, ""search_volume"": 10}, {""year"": 2026, ""month"": 4, ""search_volume"": 10}, {""year"": 2026, ""month"": 3, ""search_volume"": 0}, {""year"": 2026, ""month"": 2, ""search_volume"": 10}, {""year"": 2026, ""month"": 1, ""search_volume"": 10}, {""year"": 2025, ""month"": 12, ""search_volume"": 40}, {""year"": 2025, ""month"": 11, ""search_volume"": 50}, {""year"": 2025, ""month"": 10, ""search_volume"": 10}, {""year"": 2025, ""month"": 9, ""search_volume"": 10}, {""year"": 2025, ""month"": 8, ""search_volume"": 10}]"
A6,coffret rasage vintage,10,,USD_DOCUMENTED,conditional,False,,,G0050,10,"ensemble ou traditionnel, composition à confirmer en SERP",keywords_data/google_ads/search_volume/live,2026-09-03T14:41:36.469628+00:00,2026-09-03-qualification-9-produits-pur/raw/20-controls-1.json.gz,"[{""year"": 2026, ""month"": 7, ""search_volume"": 10}, {""year"": 2026, ""month"": 6, ""search_volume"": 10}, {""year"": 2026, ""month"": 5, ""search_volume"": 0}, {""year"": 2026, ""month"": 4, ""search_volume"": 10}, {""year"": 2026, ""month"": 3, ""search_volume"": 10}, {""year"": 2026, ""month"": 2, ""search_volume"": 0}, {""year"": 2026, ""month"": 1, ""search_volume"": 0}, {""year"": 2025, ""month"": 12, ""search_volume"": 10}, {""year"": 2025, ""month"": 11, ""search_volume"": 10}, {""year"": 2025, ""month"": 10, ""search_volume"": 0}, {""year"": 2025, ""month"": 9, ""search_volume"": 10}, {""year"": 2025, ""month"": 8, ""search_volume"": 10}]"
A6,coffret après-rasage homme sephora,10,0.31,USD_DOCUMENTED,incompatible,True,,,,,"accessoire, autre public/format ou provenance non prouvée",dataforseo_labs/google/keyword_suggestions/live,2026-09-03T14:36:24.514398+00:00,2026-09-03-qualification-9-produits-pur/raw/10-A6-labs-3.json.gz,"[{""year"": 2026, ""month"": 7, ""search_volume"": 10}, {""year"": 2026, ""month"": 6, ""search_volume"": 10}, {""year"": 2026, ""month"": 5, ""search_volume"": 10}, {""year"": 2026, ""month"": 4, ""search_volume"": 10}, {""year"": 2026, ""month"": 3, ""search_volume"": 10}, {""year"": 2026, ""month"": 2, ""search_volume"": 10}, {""year"": 2026, ""month"": 1, ""search_volume"": 10}, {""year"": 2025, ""month"": 12, ""search_volume"": 70}, {""year"": 2025, ""month"": 11, ""search_volume"": 20}, {""year"": 2025, ""month"": 10, ""search_volume"": 10}, {""year"": 2025, ""month"": 9, ""search_volume"": 0}, {""year"": 2025, ""month"": 8, ""search_volume"": 10}]"
A6,coffret rasage homme auchan,10,,USD_DOCUMENTED,conditional,True,,,,,"ensemble ou traditionnel, composition à confirmer en SERP",keywords_data/google_ads/search_volume/live,2026-09-03T14:41:36.469628+00:00,2026-09-03-qualification-9-produits-pur/raw/20-controls-1.json.gz,"[{""year"": 2026, ""month"": 7, ""search_volume"": 10}, {""year"": 2026, ""month"": 6, ""search_volume"": 10}, {""year"": 2026, ""month"": 5, ""search_volume"": 10}, {""year"": 2026, ""month"": 4, ""search_volume"": 10}, {""year"": 2026, ""month"": 3, ""search_volume"": 10}, {""year"": 2026, ""month"": 2, ""search_volume"": 10}, {""year"": 2026, ""month"": 1, ""search_volume"": 10}, {""year"": 2025, ""month"": 12, ""search_volume"": 40}, {""year"": 2025, ""month"": 11, ""search_volume"": 20}, {""year"": 2025, ""month"": 10, ""search_volume"": 10}, {""year"": 2025, ""month"": 9, ""search_volume"": 10}, {""year"": 2025, ""month"": 8, ""search_volume"": 10}]"
A6,coffret de rasage à l ancienne,10,0.34,USD_DOCUMENTED,incompatible,False,,,,,"accessoire, autre public/format ou provenance non prouvée",dataforseo_labs/google/keyword_suggestions/live,2026-09-03T14:36:24.514398+00:00,2026-09-03-qualification-9-produits-pur/raw/10-A6-labs-3.json.gz,"[{""year"": 2026, ""month"": 7, ""search_volume"": 10}, {""year"": 2026, ""month"": 6, ""search_volume"": 10}, {""year"": 2026, ""month"": 5, ""search_volume"": 10}, {""year"": 2026, ""month"": 4, ""search_volume"": 10}, {""year"": 2026, ""month"": 3, ""search_volume"": 10}, {""year"": 2026, ""month"": 2, ""search_volume"": 10}, {""year"": 2026, ""month"": 1, ""search_volume"": 10}, {""year"": 2025, ""month"": 12, ""search_volume"": 20}, {""year"": 2025, ""month"": 11, ""search_volume"": 20}, {""year"": 2025, ""month"": 10, ""search_volume"": 10}, {""year"": 2025, ""month"": 9, ""search_volume"": 10}, {""year"": 2025, ""month"": 8, ""search_volume"": 10}]"
A6,coffret rasage bio,10,1.93,USD_DOCUMENTED,conditional,False,,,G0051,10,"ensemble ou traditionnel, composition à confirmer en SERP",keywords_data/google_ads/search_volume/live,2026-09-03T14:41:36.469628+00:00,2026-09-03-qualification-9-produits-pur/raw/20-controls-1.json.gz,"[{""year"": 2026, ""month"": 7, ""search_volume"": 10}, {""year"": 2026, ""month"": 6, ""search_volume"": 10}, {""year"": 2026, ""month"": 5, ""search_volume"": 10}, {""year"": 2026, ""month"": 4, ""search_volume"": 0}, {""year"": 2026, ""month"": 3, ""search_volume"": 10}, {""year"": 2026, ""month"": 2, ""search_volume"": 10}, {""year"": 2026, ""month"": 1, ""search_volume"": 0}, {""year"": 2025, ""month"": 12, ""search_volume"": 10}, {""year"": 2025, ""month"": 11, ""search_volume"": 10}, {""year"": 2025, ""month"": 10, ""search_volume"": 10}, {""year"": 2025, ""month"": 9, ""search_volume"": 0}, {""year"": 2025, ""month"": 8, ""search_volume"": 10}]"
A6,coffret apres rasage homme nocibe,10,0.09,USD_DOCUMENTED,incompatible,True,,,,,"accessoire, autre public/format ou provenance non prouvée",dataforseo_labs/google/keyword_suggestions/live,2026-09-03T14:36:24.514398+00:00,2026-09-03-qualification-9-produits-pur/raw/10-A6-labs-3.json.gz,"[{""year"": 2026, ""month"": 7, ""search_volume"": 10}, {""year"": 2026, ""month"": 6, ""search_volume"": 10}, {""year"": 2026, ""month"": 5, ""search_volume"": 10}, {""year"": 2026, ""month"": 4, ""search_volume"": 10}, {""year"": 2026, ""month"": 3, ""search_volume"": 10}, {""year"": 2026, ""month"": 2, ""search_volume"": 10}, {""year"": 2026, ""month"": 1, ""search_volume"": 10}, {""year"": 2025, ""month"": 12, ""search_volume"": 40}, {""year"": 2025, ""month"": 11, ""search_volume"": 0}, {""year"": 2025, ""month"": 10, ""search_volume"": 0}, {""year"": 2025, ""month"": 9, ""search_volume"": 0}, {""year"": 2025, ""month"": 8, ""search_volume"": 0}]"
A6,apres rasage coffret,10,,USD_DOCUMENTED,incompatible,False,,,,,"accessoire, autre public/format ou provenance non prouvée",dataforseo_labs/google/keyword_suggestions/live,2026-09-03T14:36:24.514398+00:00,2026-09-03-qualification-9-produits-pur/raw/10-A6-labs-3.json.gz,"[{""year"": 2026, ""month"": 7, ""search_volume"": 0}, {""year"": 2026, ""month"": 6, ""search_volume"": 10}, {""year"": 2026, ""month"": 5, ""search_volume"": 10}, {""year"": 2026, ""month"": 4, ""search_volume"": 10}, {""year"": 2026, ""month"": 3, ""search_volume"": 10}, {""year"": 2026, ""month"": 2, ""search_volume"": 10}, {""year"": 2026, ""month"": 1, ""search_volume"": 10}, {""year"": 2025, ""month"": 12, ""search_volume"": 30}, {""year"": 2025, ""month"": 11, ""search_volume"": 20}, {""year"": 2025, ""month"": 10, ""search_volume"": 10}, {""year"": 2025, ""month"": 9, ""search_volume"": 10}, {""year"": 2025, ""month"": 8, ""search_volume"": 10}]"
A6,coffret rasage coupe chou,10,2.65,USD_DOCUMENTED,incompatible,False,,,,,"accessoire, autre public/format ou provenance non prouvée",dataforseo_labs/google/keyword_suggestions/live,2026-09-03T14:36:24.514398+00:00,2026-09-03-qualification-9-produits-pur/raw/10-A6-labs-3.json.gz,"[{""year"": 2026, ""month"": 7, ""search_volume"": 10}, {""year"": 2026, ""month"": 6, ""search_volume"": 10}, {""year"": 2026, ""month"": 5, ""search_volume"": 10}, {""year"": 2026, ""month"": 4, ""search_volume"": 10}, {""year"": 2026, ""month"": 3, ""search_volume"": 10}, {""year"": 2026, ""month"": 2, ""search_volume"": 10}, {""year"": 2026, ""month"": 1, ""search_volume"": 10}, {""year"": 2025, ""month"": 12, ""search_volume"": 30}, {""year"": 2025, ""month"": 11, ""search_volume"": 30}, {""year"": 2025, ""month"": 10, ""search_volume"": 20}, {""year"": 2025, ""month"": 9, ""search_volume"": 10}, {""year"": 2025, ""month"": 8, ""search_volume"": 10}]"
A6,coffret rasage homme tunisie,10,,USD_DOCUMENTED,conditional,False,,,G0052,10,"ensemble ou traditionnel, composition à confirmer en SERP",keywords_data/google_ads/search_volume/live,2026-09-03T14:41:36.469628+00:00,2026-09-03-qualification-9-produits-pur/raw/20-controls-1.json.gz,"[{""year"": 2026, ""month"": 7, ""search_volume"": 10}, {""year"": 2026, ""month"": 6, ""search_volume"": 0}, {""year"": 2026, ""month"": 5, ""search_volume"": 0}, {""year"": 2026, ""month"": 4, ""search_volume"": 10}, {""year"": 2026, ""month"": 3, ""search_volume"": 10}, {""year"": 2026, ""month"": 2, ""search_volume"": 0}, {""year"": 2026, ""month"": 1, ""search_volume"": 0}, {""year"": 2025, ""month"": 12, ""search_volume"": 0}, {""year"": 2025, ""month"": 11, ""search_volume"": 0}, {""year"": 2025, ""month"": 10, ""search_volume"": 0}, {""year"": 2025, ""month"": 9, ""search_volume"": 0}, {""year"": 2025, ""month"": 8, ""search_volume"": 0}]"
A6,coffret rasage plisson,10,,USD_DOCUMENTED,conditional,True,,,,,"ensemble ou traditionnel, composition à confirmer en SERP",keywords_data/google_ads/search_volume/live,2026-09-03T14:41:36.469628+00:00,2026-09-03-qualification-9-produits-pur/raw/20-controls-1.json.gz,"[{""year"": 2026, ""month"": 7, ""search_volume"": 0}, {""year"": 2026, ""month"": 6, ""search_volume"": 0}, {""year"": 2026, ""month"": 5, ""search_volume"": 10}, {""year"": 2026, ""month"": 4, ""search_volume"": 10}, {""year"": 2026, ""month"": 3, ""search_volume"": 0}, {""year"": 2026, ""month"": 2, ""search_volume"": 10}, {""year"": 2026, ""month"": 1, ""search_volume"": 0}, {""year"": 2025, ""month"": 12, ""search_volume"": 10}, {""year"": 2025, ""month"": 11, ""search_volume"": 20}, {""year"": 2025, ""month"": 10, ""search_volume"": 10}, {""year"": 2025, ""month"": 9, ""search_volume"": 10}, {""year"": 2025, ""month"": 8, ""search_volume"": 10}]"
A6,coffret de rasage à l'ancienne,10,0.34,USD_DOCUMENTED,incompatible,False,,,,,"accessoire, autre public/format ou provenance non prouvée",dataforseo_labs/google/keyword_suggestions/live,2026-09-03T14:36:24.514398+00:00,2026-09-03-qualification-9-produits-pur/raw/10-A6-labs-3.json.gz,"[{""year"": 2026, ""month"": 7, ""search_volume"": 10}, {""year"": 2026, ""month"": 6, ""search_volume"": 10}, {""year"": 2026, ""month"": 5, ""search_volume"": 10}, {""year"": 2026, ""month"": 4, ""search_volume"": 10}, {""year"": 2026, ""month"": 3, ""search_volume"": 10}, {""year"": 2026, ""month"": 2, ""search_volume"": 10}, {""year"": 2026, ""month"": 1, ""search_volume"": 10}, {""year"": 2025, ""month"": 12, ""search_volume"": 20}, {""year"": 2025, ""month"": 11, ""search_volume"": 20}, {""year"": 2025, ""month"": 10, ""search_volume"": 10}, {""year"": 2025, ""month"": 9, ""search_volume"": 10}, {""year"": 2025, ""month"": 8, ""search_volume"": 10}]"
A6,coffret rasage personnalisé,10,,USD_DOCUMENTED,conditional,False,,,G0053,10,"ensemble ou traditionnel, composition à confirmer en SERP",keywords_data/google_ads/search_volume/live,2026-09-03T14:41:36.469628+00:00,2026-09-03-qualification-9-produits-pur/raw/20-controls-1.json.gz,"[{""year"": 2026, ""month"": 7, ""search_volume"": 0}, {""year"": 2026, ""month"": 6, ""search_volume"": 0}, {""year"": 2026, ""month"": 5, ""search_volume"": 0}, {""year"": 2026, ""month"": 4, ""search_volume"": 0}, {""year"": 2026, ""month"": 3, ""search_volume"": 0}, {""year"": 2026, ""month"": 2, ""search_volume"": 0}, {""year"": 2026, ""month"": 1, ""search_volume"": 0}, {""year"": 2025, ""month"": 12, ""search_volume"": 0}, {""year"": 2025, ""month"": 11, ""search_volume"": 10}, {""year"": 2025, ""month"": 10, ""search_volume"": 10}, {""year"": 2025, ""month"": 9, ""search_volume"": 10}, {""year"": 2025, ""month"": 8, ""search_volume"": 0}]"
A6,coffret rasage homme avec rasoir,10,,USD_DOCUMENTED,conditional,False,,,G0054,10,"ensemble ou traditionnel, composition à confirmer en SERP",keywords_data/google_ads/search_volume/live,2026-09-03T14:41:36.469628+00:00,2026-09-03-qualification-9-produits-pur/raw/20-controls-1.json.gz,"[{""year"": 2026, ""month"": 7, ""search_volume"": 0}, {""year"": 2026, ""month"": 6, ""search_volume"": 10}, {""year"": 2026, ""month"": 5, ""search_volume"": 10}, {""year"": 2026, ""month"": 4, ""search_volume"": 10}, {""year"": 2026, ""month"": 3, ""search_volume"": 0}, {""year"": 2026, ""month"": 2, ""search_volume"": 10}, {""year"": 2026, ""month"": 1, ""search_volume"": 10}, {""year"": 2025, ""month"": 12, ""search_volume"": 50}, {""year"": 2025, ""month"": 11, ""search_volume"": 0}, {""year"": 2025, ""month"": 10, ""search_volume"": 0}, {""year"": 2025, ""month"": 9, ""search_volume"": 0}, {""year"": 2025, ""month"": 8, ""search_volume"": 0}]"
A6,coffret rasage barbier,10,,USD_DOCUMENTED,conditional,False,,,G0055,10,"ensemble ou traditionnel, composition à confirmer en SERP",keywords_data/google_ads/search_volume/live,2026-09-03T14:41:36.469628+00:00,2026-09-03-qualification-9-produits-pur/raw/20-controls-1.json.gz,"[{""year"": 2026, ""month"": 7, ""search_volume"": 0}, {""year"": 2026, ""month"": 6, ""search_volume"": 0}, {""year"": 2026, ""month"": 5, ""search_volume"": 10}, {""year"": 2026, ""month"": 4, ""search_volume"": 0}, {""year"": 2026, ""month"": 3, ""search_volume"": 0}, {""year"": 2026, ""month"": 2, ""search_volume"": 10}, {""year"": 2026, ""month"": 1, ""search_volume"": 10}, {""year"": 2025, ""month"": 12, ""search_volume"": 10}, {""year"": 2025, ""month"": 11, ""search_volume"": 10}, {""year"": 2025, ""month"": 10, ""search_volume"": 10}, {""year"": 2025, ""month"": 9, ""search_volume"": 0}, {""year"": 2025, ""month"": 8, ""search_volume"": 0}]"
A6,coffret apres rasage homme rituals,10,,USD_DOCUMENTED,incompatible,True,,,,,"accessoire, autre public/format ou provenance non prouvée",dataforseo_labs/google/keyword_suggestions/live,2026-09-03T14:36:24.514398+00:00,2026-09-03-qualification-9-produits-pur/raw/10-A6-labs-3.json.gz,"[{""year"": 2026, ""month"": 7, ""search_volume"": 0}, {""year"": 2026, ""month"": 6, ""search_volume"": 10}, {""year"": 2026, ""month"": 5, ""search_volume"": 10}, {""year"": 2026, ""month"": 4, ""search_volume"": 0}, {""year"": 2026, ""month"": 3, ""search_volume"": 10}, {""year"": 2026, ""month"": 2, ""search_volume"": 0}, {""year"": 2026, ""month"": 1, ""search_volume"": 10}, {""year"": 2025, ""month"": 12, ""search_volume"": 40}, {""year"": 2025, ""month"": 11, ""search_volume"": 0}, {""year"": 2025, ""month"": 10, ""search_volume"": 0}, {""year"": 2025, ""month"": 9, ""search_volume"": 0}, {""year"": 2025, ""month"": 8, ""search_volume"": 0}]"
A6,coffret rasage homme leclerc,10,,USD_DOCUMENTED,conditional,True,,,,,"ensemble ou traditionnel, composition à confirmer en SERP",keywords_data/google_ads/search_volume/live,2026-09-03T14:41:36.469628+00:00,2026-09-03-qualification-9-produits-pur/raw/20-controls-1.json.gz,"[{""year"": 2026, ""month"": 7, ""search_volume"": 10}, {""year"": 2026, ""month"": 6, ""search_volume"": 10}, {""year"": 2026, ""month"": 5, ""search_volume"": 10}, {""year"": 2026, ""month"": 4, ""search_volume"": 10}, {""year"": 2026, ""month"": 3, ""search_volume"": 10}, {""year"": 2026, ""month"": 2, ""search_volume"": 10}, {""year"": 2026, ""month"": 1, ""search_volume"": 10}, {""year"": 2025, ""month"": 12, ""search_volume"": 30}, {""year"": 2025, ""month"": 11, ""search_volume"": 10}, {""year"": 2025, ""month"": 10, ""search_volume"": 0}, {""year"": 2025, ""month"": 9, ""search_volume"": 0}, {""year"": 2025, ""month"": 8, ""search_volume"": 10}]"
A6,coffret kit rasage homme,10,1.17,USD_DOCUMENTED,conditional,False,,,G0056,10,"ensemble ou traditionnel, composition à confirmer en SERP",keywords_data/google_ads/search_volume/live,2026-09-03T14:41:36.469628+00:00,2026-09-03-qualification-9-produits-pur/raw/20-controls-1.json.gz,"[{""year"": 2026, ""month"": 7, ""search_volume"": 10}, {""year"": 2026, ""month"": 6, ""search_volume"": 0}, {""year"": 2026, ""month"": 5, ""search_volume"": 10}, {""year"": 2026, ""month"": 4, ""search_volume"": 0}, {""year"": 2026, ""month"": 3, ""search_volume"": 10}, {""year"": 2026, ""month"": 2, ""search_volume"": 10}, {""year"": 2026, ""month"": 1, ""search_volume"": 10}, {""year"": 2025, ""month"": 12, ""search_volume"": 20}, {""year"": 2025, ""month"": 11, ""search_volume"": 20}, {""year"": 2025, ""month"": 10, ""search_volume"": 10}, {""year"": 2025, ""month"": 9, ""search_volume"": 10}, {""year"": 2025, ""month"": 8, ""search_volume"": 10}]"
A6,coffret rasage muhle,10,2.35,USD_DOCUMENTED,conditional,True,,,,,"ensemble ou traditionnel, composition à confirmer en SERP",keywords_data/google_ads/search_volume/live,2026-09-03T14:41:36.469628+00:00,2026-09-03-qualification-9-produits-pur/raw/20-controls-1.json.gz,"[{""year"": 2026, ""month"": 7, ""search_volume"": 10}, {""year"": 2026, ""month"": 6, ""search_volume"": 10}, {""year"": 2026, ""month"": 5, ""search_volume"": 10}, {""year"": 2026, ""month"": 4, ""search_volume"": 10}, {""year"": 2026, ""month"": 3, ""search_volume"": 10}, {""year"": 2026, ""month"": 2, ""search_volume"": 10}, {""year"": 2026, ""month"": 1, ""search_volume"": 0}, {""year"": 2025, ""month"": 12, ""search_volume"": 10}, {""year"": 2025, ""month"": 11, ""search_volume"": 10}, {""year"": 2025, ""month"": 10, ""search_volume"": 10}, {""year"": 2025, ""month"": 9, ""search_volume"": 10}, {""year"": 2025, ""month"": 8, ""search_volume"": 10}]"
A6,coffret rituals homme rasage,10,0.35,USD_DOCUMENTED,conditional,True,,,,,"ensemble ou traditionnel, composition à confirmer en SERP",keywords_data/google_ads/search_volume/live,2026-09-03T14:41:36.469628+00:00,2026-09-03-qualification-9-produits-pur/raw/20-controls-1.json.gz,"[{""year"": 2026, ""month"": 7, ""search_volume"": 10}, {""year"": 2026, ""month"": 6, ""search_volume"": 10}, {""year"": 2026, ""month"": 5, ""search_volume"": 10}, {""year"": 2026, ""month"": 4, ""search_volume"": 10}, {""year"": 2026, ""month"": 3, ""search_volume"": 10}, {""year"": 2026, ""month"": 2, ""search_volume"": 10}, {""year"": 2026, ""month"": 1, ""search_volume"": 10}, {""year"": 2025, ""month"": 12, ""search_volume"": 40}, {""year"": 2025, ""month"": 11, ""search_volume"": 20}, {""year"": 2025, ""month"": 10, ""search_volume"": 10}, {""year"": 2025, ""month"": 9, ""search_volume"": 10}, {""year"": 2025, ""month"": 8, ""search_volume"": 10}]"
A6,coffret apres rasage brut,10,,USD_DOCUMENTED,incompatible,False,,,,,"accessoire, autre public/format ou provenance non prouvée",dataforseo_labs/google/keyword_suggestions/live,2026-09-03T14:36:24.514398+00:00,2026-09-03-qualification-9-produits-pur/raw/10-A6-labs-3.json.gz,"[{""year"": 2026, ""month"": 7, ""search_volume"": 0}, {""year"": 2026, ""month"": 6, ""search_volume"": 10}, {""year"": 2026, ""month"": 5, ""search_volume"": 0}, {""year"": 2026, ""month"": 4, ""search_volume"": 0}, {""year"": 2026, ""month"": 3, ""search_volume"": 0}, {""year"": 2026, ""month"": 2, ""search_volume"": 0}, {""year"": 2026, ""month"": 1, ""search_volume"": 0}, {""year"": 2025, ""month"": 12, ""search_volume"": 10}, {""year"": 2025, ""month"": 11, ""search_volume"": 10}, {""year"": 2025, ""month"": 10, ""search_volume"": 10}, {""year"": 2025, ""month"": 9, ""search_volume"": 10}, {""year"": 2025, ""month"": 8, ""search_volume"": 10}]"
A6,coffret cadeau homme apres rasage,10,,USD_DOCUMENTED,incompatible,False,,,,,"accessoire, autre public/format ou provenance non prouvée",dataforseo_labs/google/keyword_suggestions/live,2026-09-03T14:36:24.514398+00:00,2026-09-03-qualification-9-produits-pur/raw/10-A6-labs-3.json.gz,"[{""year"": 2026, ""month"": 7, ""search_volume"": 10}, {""year"": 2026, ""month"": 6, ""search_volume"": 10}, {""year"": 2026, ""month"": 5, ""search_volume"": 0}, {""year"": 2026, ""month"": 4, ""search_volume"": 0}, {""year"": 2026, ""month"": 3, ""search_volume"": 10}, {""year"": 2026, ""month"": 2, ""search_volume"": 0}, {""year"": 2026, ""month"": 1, ""search_volume"": 0}, {""year"": 2025, ""month"": 12, ""search_volume"": 40}, {""year"": 2025, ""month"": 11, ""search_volume"": 10}, {""year"": 2025, ""month"": 10, ""search_volume"": 10}, {""year"": 2025, ""month"": 9, ""search_volume"": 10}, {""year"": 2025, ""month"": 8, ""search_volume"": 10}]"
A6,coffret rasage leclerc,10,,USD_DOCUMENTED,conditional,True,,,,,"ensemble ou traditionnel, composition à confirmer en SERP",keywords_data/google_ads/search_volume/live,2026-09-03T14:41:36.469628+00:00,2026-09-03-qualification-9-produits-pur/raw/20-controls-1.json.gz,"[{""year"": 2026, ""month"": 7, ""search_volume"": 0}, {""year"": 2026, ""month"": 6, ""search_volume"": 10}, {""year"": 2026, ""month"": 5, ""search_volume"": 10}, {""year"": 2026, ""month"": 4, ""search_volume"": 10}, {""year"": 2026, ""month"": 3, ""search_volume"": 0}, {""year"": 2026, ""month"": 2, ""search_volume"": 0}, {""year"": 2026, ""month"": 1, ""search_volume"": 10}, {""year"": 2025, ""month"": 12, ""search_volume"": 20}, {""year"": 2025, ""month"": 11, ""search_volume"": 10}, {""year"": 2025, ""month"": 10, ""search_volume"": 10}, {""year"": 2025, ""month"": 9, ""search_volume"": 10}, {""year"": 2025, ""month"": 8, ""search_volume"": 10}]"
A6,coffret rasage proraso,10,0.03,USD_DOCUMENTED,conditional,True,,,,,"ensemble ou traditionnel, composition à confirmer en SERP",keywords_data/google_ads/search_volume/live,2026-09-03T14:41:36.469628+00:00,2026-09-03-qualification-9-produits-pur/raw/20-controls-1.json.gz,"[{""year"": 2026, ""month"": 7, ""search_volume"": 10}, {""year"": 2026, ""month"": 6, ""search_volume"": 10}, {""year"": 2026, ""month"": 5, ""search_volume"": 10}, {""year"": 2026, ""month"": 4, ""search_volume"": 10}, {""year"": 2026, ""month"": 3, ""search_volume"": 0}, {""year"": 2026, ""month"": 2, ""search_volume"": 10}, {""year"": 2026, ""month"": 1, ""search_volume"": 10}, {""year"": 2025, ""month"": 12, ""search_volume"": 20}, {""year"": 2025, ""month"": 11, ""search_volume"": 10}, {""year"": 2025, ""month"": 10, ""search_volume"": 10}, {""year"": 2025, ""month"": 9, ""search_volume"": 10}, {""year"": 2025, ""month"": 8, ""search_volume"": 10}]"
A6,coffret rasage traditionnel,10,0.2,USD_DOCUMENTED,conditional,False,,,G0057,10,"ensemble ou traditionnel, composition à confirmer en SERP",keywords_data/google_ads/search_volume/live,2026-09-03T14:41:36.469628+00:00,2026-09-03-qualification-9-produits-pur/raw/20-controls-1.json.gz,"[{""year"": 2026, ""month"": 7, ""search_volume"": 10}, {""year"": 2026, ""month"": 6, ""search_volume"": 10}, {""year"": 2026, ""month"": 5, ""search_volume"": 10}, {""year"": 2026, ""month"": 4, ""search_volume"": 0}, {""year"": 2026, ""month"": 3, ""search_volume"": 10}, {""year"": 2026, ""month"": 2, ""search_volume"": 10}, {""year"": 2026, ""month"": 1, ""search_volume"": 10}, {""year"": 2025, ""month"": 12, ""search_volume"": 20}, {""year"": 2025, ""month"": 11, ""search_volume"": 10}, {""year"": 2025, ""month"": 10, ""search_volume"": 40}, {""year"": 2025, ""month"": 9, ""search_volume"": 10}, {""year"": 2025, ""month"": 8, ""search_volume"": 10}]"
A6,coffret de rasage avec blaireau,10,,USD_DOCUMENTED,conditional,False,,,G0020,0,"ensemble ou traditionnel, composition à confirmer en SERP",keywords_data/google_ads/search_volume/live,2026-09-03T14:41:36.469628+00:00,2026-09-03-qualification-9-produits-pur/raw/20-controls-1.json.gz,"[{""year"": 2026, ""month"": 7, ""search_volume"": 0}, {""year"": 2026, ""month"": 6, ""search_volume"": 0}, {""year"": 2026, ""month"": 5, ""search_volume"": 0}, {""year"": 2026, ""month"": 4, ""search_volume"": 0}, {""year"": 2026, ""month"": 3, ""search_volume"": 0}, {""year"": 2026, ""month"": 2, ""search_volume"": 0}, {""year"": 2026, ""month"": 1, ""search_volume"": 10}, {""year"": 2025, ""month"": 12, ""search_volume"": 0}, {""year"": 2025, ""month"": 11, ""search_volume"": 10}, {""year"": 2025, ""month"": 10, ""search_volume"": 10}, {""year"": 2025, ""month"": 9, ""search_volume"": 0}, {""year"": 2025, ""month"": 8, ""search_volume"": 10}]"
A6,coffret rasage bio homme,10,,USD_DOCUMENTED,conditional,False,,,G0027,0,"ensemble ou traditionnel, composition à confirmer en SERP",keywords_data/google_ads/search_volume/live,2026-09-03T14:41:36.469628+00:00,2026-09-03-qualification-9-produits-pur/raw/20-controls-1.json.gz,"[{""year"": 2026, ""month"": 7, ""search_volume"": 0}, {""year"": 2026, ""month"": 6, ""search_volume"": 0}, {""year"": 2026, ""month"": 5, ""search_volume"": 0}, {""year"": 2026, ""month"": 4, ""search_volume"": 0}, {""year"": 2026, ""month"": 3, ""search_volume"": 0}, {""year"": 2026, ""month"": 2, ""search_volume"": 10}, {""year"": 2026, ""month"": 1, ""search_volume"": 10}, {""year"": 2025, ""month"": 12, ""search_volume"": 10}, {""year"": 2025, ""month"": 11, ""search_volume"": 10}, {""year"": 2025, ""month"": 10, ""search_volume"": 0}, {""year"": 2025, ""month"": 9, ""search_volume"": 0}, {""year"": 2025, ""month"": 8, ""search_volume"": 0}]"
A6,apres rasage homme coffret,10,0.28,USD_DOCUMENTED,incompatible,False,,,,,"accessoire, autre public/format ou provenance non prouvée",dataforseo_labs/google/keyword_suggestions/live,2026-09-03T14:36:24.514398+00:00,2026-09-03-qualification-9-produits-pur/raw/10-A6-labs-3.json.gz,"[{""year"": 2026, ""month"": 7, ""search_volume"": 10}, {""year"": 2026, ""month"": 6, ""search_volume"": 10}, {""year"": 2026, ""month"": 5, ""search_volume"": 10}, {""year"": 2026, ""month"": 4, ""search_volume"": 10}, {""year"": 2026, ""month"": 3, ""search_volume"": 10}, {""year"": 2026, ""month"": 2, ""search_volume"": 10}, {""year"": 2026, ""month"": 1, ""search_volume"": 10}, {""year"": 2025, ""month"": 12, ""search_volume"": 30}, {""year"": 2025, ""month"": 11, ""search_volume"": 10}, {""year"": 2025, ""month"": 10, ""search_volume"": 10}, {""year"": 2025, ""month"": 9, ""search_volume"": 10}, {""year"": 2025, ""month"": 8, ""search_volume"": 10}]"
A6,coffret rasage nuxe homme,10,,USD_DOCUMENTED,conditional,False,,,G0049,0,"ensemble ou traditionnel, composition à confirmer en SERP",keywords_data/google_ads/search_volume/live,2026-09-03T14:41:36.469628+00:00,2026-09-03-qualification-9-produits-pur/raw/20-controls-1.json.gz,"[{""year"": 2026, ""month"": 7, ""search_volume"": 0}, {""year"": 2026, ""month"": 6, ""search_volume"": 0}, {""year"": 2026, ""month"": 5, ""search_volume"": 0}, {""year"": 2026, ""month"": 4, ""search_volume"": 0}, {""year"": 2026, ""month"": 3, ""search_volume"": 0}, {""year"": 2026, ""month"": 2, ""search_volume"": 0}, {""year"": 2026, ""month"": 1, ""search_volume"": 10}, {""year"": 2025, ""month"": 12, ""search_volume"": 10}, {""year"": 2025, ""month"": 11, ""search_volume"": 10}, {""year"": 2025, ""month"": 10, ""search_volume"": 0}, {""year"": 2025, ""month"": 9, ""search_volume"": 0}, {""year"": 2025, ""month"": 8, ""search_volume"": 0}]"
A6,coffret rasage traditionnel homme,10,,USD_DOCUMENTED,conditional,False,,,G0058,10,"ensemble ou traditionnel, composition à confirmer en SERP",keywords_data/google_ads/search_volume/live,2026-09-03T14:41:36.469628+00:00,2026-09-03-qualification-9-produits-pur/raw/20-controls-1.json.gz,"[{""year"": 2026, ""month"": 7, ""search_volume"": 0}, {""year"": 2026, ""month"": 6, ""search_volume"": 10}, {""year"": 2026, ""month"": 5, ""search_volume"": 0}, {""year"": 2026, ""month"": 4, ""search_volume"": 10}, {""year"": 2026, ""month"": 3, ""search_volume"": 0}, {""year"": 2026, ""month"": 2, ""search_volume"": 0}, {""year"": 2026, ""month"": 1, ""search_volume"": 0}, {""year"": 2025, ""month"": 12, ""search_volume"": 10}, {""year"": 2025, ""month"": 11, ""search_volume"": 10}, {""year"": 2025, ""month"": 10, ""search_volume"": 0}, {""year"": 2025, ""month"": 9, ""search_volume"": 0}, {""year"": 2025, ""month"": 8, ""search_volume"": 0}]"
A6,coffret rasage nuxe,10,0.61,USD_DOCUMENTED,conditional,False,,,G0059,10,"ensemble ou traditionnel, composition à confirmer en SERP",keywords_data/google_ads/search_volume/live,2026-09-03T14:41:36.469628+00:00,2026-09-03-qualification-9-produits-pur/raw/20-controls-1.json.gz,"[{""year"": 2026, ""month"": 7, ""search_volume"": 10}, {""year"": 2026, ""month"": 6, ""search_volume"": 10}, {""year"": 2026, ""month"": 5, ""search_volume"": 0}, {""year"": 2026, ""month"": 4, ""search_volume"": 10}, {""year"": 2026, ""month"": 3, ""search_volume"": 10}, {""year"": 2026, ""month"": 2, ""search_volume"": 10}, {""year"": 2026, ""month"": 1, ""search_volume"": 10}, {""year"": 2025, ""month"": 12, ""search_volume"": 10}, {""year"": 2025, ""month"": 11, ""search_volume"": 10}, {""year"": 2025, ""month"": 10, ""search_volume"": 0}, {""year"": 2025, ""month"": 9, ""search_volume"": 0}, {""year"": 2025, ""month"": 8, ""search_volume"": 10}]"
A6,coffret de rasage osma,10,,USD_DOCUMENTED,conditional,True,,,,,"ensemble ou traditionnel, composition à confirmer en SERP",keywords_data/google_ads/search_volume/live,2026-09-03T14:41:36.469628+00:00,2026-09-03-qualification-9-produits-pur/raw/20-controls-1.json.gz,"[{""year"": 2026, ""month"": 7, ""search_volume"": 0}, {""year"": 2026, ""month"": 6, ""search_volume"": 0}, {""year"": 2026, ""month"": 5, ""search_volume"": 0}, {""year"": 2026, ""month"": 4, ""search_volume"": 0}, {""year"": 2026, ""month"": 3, ""search_volume"": 0}, {""year"": 2026, ""month"": 2, ""search_volume"": 0}, {""year"": 2026, ""month"": 1, ""search_volume"": 0}, {""year"": 2025, ""month"": 12, ""search_volume"": 10}, {""year"": 2025, ""month"": 11, ""search_volume"": 10}, {""year"": 2025, ""month"": 10, ""search_volume"": 0}, {""year"": 2025, ""month"": 9, ""search_volume"": 10}, {""year"": 2025, ""month"": 8, ""search_volume"": 10}]"
A6,coffret rasage pas cher,10,,USD_DOCUMENTED,conditional,False,,,G0060,10,"ensemble ou traditionnel, composition à confirmer en SERP",keywords_data/google_ads/search_volume/live,2026-09-03T14:41:36.469628+00:00,2026-09-03-qualification-9-produits-pur/raw/20-controls-1.json.gz,"[{""year"": 2026, ""month"": 7, ""search_volume"": 0}, {""year"": 2026, ""month"": 6, ""search_volume"": 10}, {""year"": 2026, ""month"": 5, ""search_volume"": 10}, {""year"": 2026, ""month"": 4, ""search_volume"": 10}, {""year"": 2026, ""month"": 3, ""search_volume"": 0}, {""year"": 2026, ""month"": 2, ""search_volume"": 10}, {""year"": 2026, ""month"": 1, ""search_volume"": 0}, {""year"": 2025, ""month"": 12, ""search_volume"": 10}, {""year"": 2025, ""month"": 11, ""search_volume"": 10}, {""year"": 2025, ""month"": 10, ""search_volume"": 10}, {""year"": 2025, ""month"": 9, ""search_volume"": 0}, {""year"": 2025, ""month"": 8, ""search_volume"": 0}]"
A6,coffret rasage monsieur barbier,10,0.53,USD_DOCUMENTED,conditional,False,,,G0061,10,"ensemble ou traditionnel, composition à confirmer en SERP",keywords_data/google_ads/search_volume/live,2026-09-03T14:41:36.469628+00:00,2026-09-03-qualification-9-produits-pur/raw/20-controls-1.json.gz,"[{""year"": 2026, ""month"": 7, ""search_volume"": 10}, {""year"": 2026, ""month"": 6, ""search_volume"": 10}, {""year"": 2026, ""month"": 5, ""search_volume"": 10}, {""year"": 2026, ""month"": 4, ""search_volume"": 10}, {""year"": 2026, ""month"": 3, ""search_volume"": 10}, {""year"": 2026, ""month"": 2, ""search_volume"": 10}, {""year"": 2026, ""month"": 1, ""search_volume"": 10}, {""year"": 2025, ""month"": 12, ""search_volume"": 20}, {""year"": 2025, ""month"": 11, ""search_volume"": 10}, {""year"": 2025, ""month"": 10, ""search_volume"": 10}, {""year"": 2025, ""month"": 9, ""search_volume"": 10}, {""year"": 2025, ""month"": 8, ""search_volume"": 10}]"
A6,coffret rasage nocibe,10,0.07,USD_DOCUMENTED,conditional,True,,,,,"ensemble ou traditionnel, composition à confirmer en SERP",keywords_data/google_ads/search_volume/live,2026-09-03T14:41:36.469628+00:00,2026-09-03-qualification-9-produits-pur/raw/20-controls-1.json.gz,"[{""year"": 2026, ""month"": 7, ""search_volume"": 10}, {""year"": 2026, ""month"": 6, ""search_volume"": 10}, {""year"": 2026, ""month"": 5, ""search_volume"": 10}, {""year"": 2026, ""month"": 4, ""search_volume"": 10}, {""year"": 2026, ""month"": 3, ""search_volume"": 10}, {""year"": 2026, ""month"": 2, ""search_volume"": 10}, {""year"": 2026, ""month"": 1, ""search_volume"": 10}, {""year"": 2025, ""month"": 12, ""search_volume"": 20}, {""year"": 2025, ""month"": 11, ""search_volume"": 10}, {""year"": 2025, ""month"": 10, ""search_volume"": 10}, {""year"": 2025, ""month"": 9, ""search_volume"": 10}, {""year"": 2025, ""month"": 8, ""search_volume"": 10}]"
A6,coffret soin rasage,10,,USD_DOCUMENTED,conditional,False,,,G0062,10,"ensemble ou traditionnel, composition à confirmer en SERP",keywords_data/google_ads/search_volume/live,2026-09-03T14:41:36.469628+00:00,2026-09-03-qualification-9-produits-pur/raw/20-controls-1.json.gz,"[{""year"": 2026, ""month"": 7, ""search_volume"": 10}, {""year"": 2026, ""month"": 6, ""search_volume"": 10}, {""year"": 2026, ""month"": 5, ""search_volume"": 10}, {""year"": 2026, ""month"": 4, ""search_volume"": 0}, {""year"": 2026, ""month"": 3, ""search_volume"": 10}, {""year"": 2026, ""month"": 2, ""search_volume"": 10}, {""year"": 2026, ""month"": 1, ""search_volume"": 10}, {""year"": 2025, ""month"": 12, ""search_volume"": 40}, {""year"": 2025, ""month"": 11, ""search_volume"": 10}, {""year"": 2025, ""month"": 10, ""search_volume"": 10}, {""year"": 2025, ""month"": 9, ""search_volume"": 10}, {""year"": 2025, ""month"": 8, ""search_volume"": 10}]"
A6,coffret rasage homme gillette,10,0.05,USD_DOCUMENTED,conditional,True,,,,,"ensemble ou traditionnel, composition à confirmer en SERP",keywords_data/google_ads/search_volume/live,2026-09-03T14:41:36.469628+00:00,2026-09-03-qualification-9-produits-pur/raw/20-controls-1.json.gz,"[{""year"": 2026, ""month"": 7, ""search_volume"": 10}, {""year"": 2026, ""month"": 6, ""search_volume"": 10}, {""year"": 2026, ""month"": 5, ""search_volume"": 10}, {""year"": 2026, ""month"": 4, ""search_volume"": 10}, {""year"": 2026, ""month"": 3, ""search_volume"": 10}, {""year"": 2026, ""month"": 2, ""search_volume"": 10}, {""year"": 2026, ""month"": 1, ""search_volume"": 20}, {""year"": 2025, ""month"": 12, ""search_volume"": 50}, {""year"": 2025, ""month"": 11, ""search_volume"": 30}, {""year"": 2025, ""month"": 10, ""search_volume"": 10}, {""year"": 2025, ""month"": 9, ""search_volume"": 10}, {""year"": 2025, ""month"": 8, ""search_volume"": 10}]"
A6,coffret après rasage homme sephora,10,0.31,USD_DOCUMENTED,incompatible,True,,,,,"accessoire, autre public/format ou provenance non prouvée",dataforseo_labs/google/keyword_suggestions/live,2026-09-03T14:36:24.514398+00:00,2026-09-03-qualification-9-produits-pur/raw/10-A6-labs-3.json.gz,"[{""year"": 2026, ""month"": 7, ""search_volume"": 10}, {""year"": 2026, ""month"": 6, ""search_volume"": 10}, {""year"": 2026, ""month"": 5, ""search_volume"": 10}, {""year"": 2026, ""month"": 4, ""search_volume"": 10}, {""year"": 2026, ""month"": 3, ""search_volume"": 10}, {""year"": 2026, ""month"": 2, ""search_volume"": 10}, {""year"": 2026, ""month"": 1, ""search_volume"": 10}, {""year"": 2025, ""month"": 12, ""search_volume"": 70}, {""year"": 2025, ""month"": 11, ""search_volume"": 20}, {""year"": 2025, ""month"": 10, ""search_volume"": 10}, {""year"": 2025, ""month"": 9, ""search_volume"": 0}, {""year"": 2025, ""month"": 8, ""search_volume"": 10}]"
A6,coffret rasage homme amazon,10,,USD_DOCUMENTED,conditional,True,,,,,"ensemble ou traditionnel, composition à confirmer en SERP",keywords_data/google_ads/search_volume/live,2026-09-03T14:41:36.469628+00:00,2026-09-03-qualification-9-produits-pur/raw/20-controls-1.json.gz,"[{""year"": 2026, ""month"": 7, ""search_volume"": 10}, {""year"": 2026, ""month"": 6, ""search_volume"": 0}, {""year"": 2026, ""month"": 5, ""search_volume"": 0}, {""year"": 2026, ""month"": 4, ""search_volume"": 0}, {""year"": 2026, ""month"": 3, ""search_volume"": 10}, {""year"": 2026, ""month"": 2, ""search_volume"": 10}, {""year"": 2026, ""month"": 1, ""search_volume"": 10}, {""year"": 2025, ""month"": 12, ""search_volume"": 10}, {""year"": 2025, ""month"": 11, ""search_volume"": 10}, {""year"": 2025, ""month"": 10, ""search_volume"": 10}, {""year"": 2025, ""month"": 9, ""search_volume"": 10}, {""year"": 2025, ""month"": 8, ""search_volume"": 10}]"
A6,coffret cadeau rasage,10,,USD_DOCUMENTED,conditional,False,,,G0063,10,"ensemble ou traditionnel, composition à confirmer en SERP",keywords_data/google_ads/search_volume/live,2026-09-03T14:41:36.469628+00:00,2026-09-03-qualification-9-produits-pur/raw/20-controls-1.json.gz,"[{""year"": 2026, ""month"": 7, ""search_volume"": 10}, {""year"": 2026, ""month"": 6, ""search_volume"": 10}, {""year"": 2026, ""month"": 5, ""search_volume"": 10}, {""year"": 2026, ""month"": 4, ""search_volume"": 0}, {""year"": 2026, ""month"": 3, ""search_volume"": 10}, {""year"": 2026, ""month"": 2, ""search_volume"": 10}, {""year"": 2026, ""month"": 1, ""search_volume"": 0}, {""year"": 2025, ""month"": 12, ""search_volume"": 20}, {""year"": 2025, ""month"": 11, ""search_volume"": 20}, {""year"": 2025, ""month"": 10, ""search_volume"": 10}, {""year"": 2025, ""month"": 9, ""search_volume"": 10}, {""year"": 2025, ""month"": 8, ""search_volume"": 10}]"
A6,coffret rasage coupe choux,10,2.65,USD_DOCUMENTED,incompatible,False,,,,,"accessoire, autre public/format ou provenance non prouvée",dataforseo_labs/google/keyword_suggestions/live,2026-09-03T14:36:24.514398+00:00,2026-09-03-qualification-9-produits-pur/raw/10-A6-labs-3.json.gz,"[{""year"": 2026, ""month"": 7, ""search_volume"": 10}, {""year"": 2026, ""month"": 6, ""search_volume"": 10}, {""year"": 2026, ""month"": 5, ""search_volume"": 10}, {""year"": 2026, ""month"": 4, ""search_volume"": 10}, {""year"": 2026, ""month"": 3, ""search_volume"": 10}, {""year"": 2026, ""month"": 2, ""search_volume"": 10}, {""year"": 2026, ""month"": 1, ""search_volume"": 10}, {""year"": 2025, ""month"": 12, ""search_volume"": 30}, {""year"": 2025, ""month"": 11, ""search_volume"": 30}, {""year"": 2025, ""month"": 10, ""search_volume"": 20}, {""year"": 2025, ""month"": 9, ""search_volume"": 10}, {""year"": 2025, ""month"": 8, ""search_volume"": 10}]"
A6,coffret rasage avec blaireau,10,,USD_DOCUMENTED,conditional,False,,,G0020,0,"ensemble ou traditionnel, composition à confirmer en SERP",keywords_data/google_ads/search_volume/live,2026-09-03T14:41:36.469628+00:00,2026-09-03-qualification-9-produits-pur/raw/20-controls-1.json.gz,"[{""year"": 2026, ""month"": 7, ""search_volume"": 0}, {""year"": 2026, ""month"": 6, ""search_volume"": 10}, {""year"": 2026, ""month"": 5, ""search_volume"": 10}, {""year"": 2026, ""month"": 4, ""search_volume"": 10}, {""year"": 2026, ""month"": 3, ""search_volume"": 10}, {""year"": 2026, ""month"": 2, ""search_volume"": 10}, {""year"": 2026, ""month"": 1, ""search_volume"": 10}, {""year"": 2025, ""month"": 12, ""search_volume"": 30}, {""year"": 2025, ""month"": 11, ""search_volume"": 10}, {""year"": 2025, ""month"": 10, ""search_volume"": 10}, {""year"": 2025, ""month"": 9, ""search_volume"": 10}, {""year"": 2025, ""month"": 8, ""search_volume"": 10}]"
A6,kit rasage homme tondeuse,10,0.53,USD_DOCUMENTED,incompatible,False,,,,,"accessoire, autre public/format ou provenance non prouvée",dataforseo_labs/google/keyword_suggestions/live,2026-09-03T14:36:24.996196+00:00,2026-09-03-qualification-9-produits-pur/raw/10-A6-labs-4.json.gz,"[{""year"": 2026, ""month"": 7, ""search_volume"": 10}, {""year"": 2026, ""month"": 6, ""search_volume"": 0}, {""year"": 2026, ""month"": 5, ""search_volume"": 10}, {""year"": 2026, ""month"": 4, ""search_volume"": 10}, {""year"": 2026, ""month"": 3, ""search_volume"": 10}, {""year"": 2026, ""month"": 2, ""search_volume"": 10}, {""year"": 2026, ""month"": 1, ""search_volume"": 10}, {""year"": 2025, ""month"": 12, ""search_volume"": 20}, {""year"": 2025, ""month"": 11, ""search_volume"": 20}, {""year"": 2025, ""month"": 10, ""search_volume"": 10}, {""year"": 2025, ""month"": 9, ""search_volume"": 10}, {""year"": 2025, ""month"": 8, ""search_volume"": 10}]"
A6,kit rasage homme coupe chou,10,0.63,USD_DOCUMENTED,incompatible,False,,,,,"accessoire, autre public/format ou provenance non prouvée",dataforseo_labs/google/keyword_suggestions/live,2026-09-03T14:36:24.996196+00:00,2026-09-03-qualification-9-produits-pur/raw/10-A6-labs-4.json.gz,"[{""year"": 2026, ""month"": 7, ""search_volume"": 10}, {""year"": 2026, ""month"": 6, ""search_volume"": 10}, {""year"": 2026, ""month"": 5, ""search_volume"": 10}, {""year"": 2026, ""month"": 4, ""search_volume"": 10}, {""year"": 2026, ""month"": 3, ""search_volume"": 10}, {""year"": 2026, ""month"": 2, ""search_volume"": 10}, {""year"": 2026, ""month"": 1, ""search_volume"": 10}, {""year"": 2025, ""month"": 12, ""search_volume"": 20}, {""year"": 2025, ""month"": 11, ""search_volume"": 10}, {""year"": 2025, ""month"": 10, ""search_volume"": 10}, {""year"": 2025, ""month"": 9, ""search_volume"": 10}, {""year"": 2025, ""month"": 8, ""search_volume"": 10}]"
A6,kit de rasage bulldog,10,,USD_DOCUMENTED,conditional,False,,,G0064,10,"ensemble ou traditionnel, composition à confirmer en SERP",keywords_data/google_ads/search_volume/live,2026-09-03T14:41:36.469628+00:00,2026-09-03-qualification-9-produits-pur/raw/20-controls-1.json.gz,"[{""year"": 2026, ""month"": 7, ""search_volume"": 0}, {""year"": 2026, ""month"": 6, ""search_volume"": 0}, {""year"": 2026, ""month"": 5, ""search_volume"": 10}, {""year"": 2026, ""month"": 4, ""search_volume"": 10}, {""year"": 2026, ""month"": 3, ""search_volume"": 10}, {""year"": 2026, ""month"": 2, ""search_volume"": 0}, {""year"": 2026, ""month"": 1, ""search_volume"": 10}, {""year"": 2025, ""month"": 12, ""search_volume"": 10}, {""year"": 2025, ""month"": 11, ""search_volume"": 10}, {""year"": 2025, ""month"": 10, ""search_volume"": 10}, {""year"": 2025, ""month"": 9, ""search_volume"": 10}, {""year"": 2025, ""month"": 8, ""search_volume"": 0}]"
A6,kit rasage nocibe,10,,USD_DOCUMENTED,conditional,True,,,,,"ensemble ou traditionnel, composition à confirmer en SERP",keywords_data/google_ads/search_volume/live,2026-09-03T14:41:36.469628+00:00,2026-09-03-qualification-9-produits-pur/raw/20-controls-1.json.gz,"[{""year"": 2026, ""month"": 7, ""search_volume"": 10}, {""year"": 2026, ""month"": 6, ""search_volume"": 10}, {""year"": 2026, ""month"": 5, ""search_volume"": 10}, {""year"": 2026, ""month"": 4, ""search_volume"": 10}, {""year"": 2026, ""month"": 3, ""search_volume"": 10}, {""year"": 2026, ""month"": 2, ""search_volume"": 10}, {""year"": 2026, ""month"": 1, ""search_volume"": 0}, {""year"": 2025, ""month"": 12, ""search_volume"": 20}, {""year"": 2025, ""month"": 11, ""search_volume"": 10}, {""year"": 2025, ""month"": 10, ""search_volume"": 10}, {""year"": 2025, ""month"": 9, ""search_volume"": 10}, {""year"": 2025, ""month"": 8, ""search_volume"": 10}]"
A6,kit rasage homme voyage,10,0.55,USD_DOCUMENTED,conditional,False,,,G0065,10,"ensemble ou traditionnel, composition à confirmer en SERP",keywords_data/google_ads/search_volume/live,2026-09-03T14:41:36.469628+00:00,2026-09-03-qualification-9-produits-pur/raw/20-controls-1.json.gz,"[{""year"": 2026, ""month"": 7, ""search_volume"": 20}, {""year"": 2026, ""month"": 6, ""search_volume"": 20}, {""year"": 2026, ""month"": 5, ""search_volume"": 10}, {""year"": 2026, ""month"": 4, ""search_volume"": 10}, {""year"": 2026, ""month"": 3, ""search_volume"": 10}, {""year"": 2026, ""month"": 2, ""search_volume"": 10}, {""year"": 2026, ""month"": 1, ""search_volume"": 10}, {""year"": 2025, ""month"": 12, ""search_volume"": 20}, {""year"": 2025, ""month"": 11, ""search_volume"": 20}, {""year"": 2025, ""month"": 10, ""search_volume"": 10}, {""year"": 2025, ""month"": 9, ""search_volume"": 10}, {""year"": 2025, ""month"": 8, ""search_volume"": 10}]"
A6,sephora kit rasage,10,,USD_DOCUMENTED,conditional,True,,,,,"ensemble ou traditionnel, composition à confirmer en SERP",keywords_data/google_ads/search_volume/live,2026-09-03T14:41:36.469628+00:00,2026-09-03-qualification-9-produits-pur/raw/20-controls-1.json.gz,"[{""year"": 2026, ""month"": 7, ""search_volume"": 0}, {""year"": 2026, ""month"": 6, ""search_volume"": 10}, {""year"": 2026, ""month"": 5, ""search_volume"": 0}, {""year"": 2026, ""month"": 4, ""search_volume"": 0}, {""year"": 2026, ""month"": 3, ""search_volume"": 0}, {""year"": 2026, ""month"": 2, ""search_volume"": 10}, {""year"": 2026, ""month"": 1, ""search_volume"": 10}, {""year"": 2025, ""month"": 12, ""search_volume"": 10}, {""year"": 2025, ""month"": 11, ""search_volume"": 10}, {""year"": 2025, ""month"": 10, ""search_volume"": 10}, {""year"": 2025, ""month"": 9, ""search_volume"": 10}, {""year"": 2025, ""month"": 8, ""search_volume"": 10}]"
A6,kit rasage avec blaireau,10,,USD_DOCUMENTED,conditional,False,,,G0014,0,"ensemble ou traditionnel, composition à confirmer en SERP",keywords_data/google_ads/search_volume/live,2026-09-03T14:41:36.469628+00:00,2026-09-03-qualification-9-produits-pur/raw/20-controls-1.json.gz,"[{""year"": 2026, ""month"": 7, ""search_volume"": 10}, {""year"": 2026, ""month"": 6, ""search_volume"": 10}, {""year"": 2026, ""month"": 5, ""search_volume"": 10}, {""year"": 2026, ""month"": 4, ""search_volume"": 10}, {""year"": 2026, ""month"": 3, ""search_volume"": 10}, {""year"": 2026, ""month"": 2, ""search_volume"": 10}, {""year"": 2026, ""month"": 1, ""search_volume"": 10}, {""year"": 2025, ""month"": 12, ""search_volume"": 20}, {""year"": 2025, ""month"": 11, ""search_volume"": 20}, {""year"": 2025, ""month"": 10, ""search_volume"": 10}, {""year"": 2025, ""month"": 9, ""search_volume"": 10}, {""year"": 2025, ""month"": 8, ""search_volume"": 10}]"
A6,kit rasage barbier,10,1.37,USD_DOCUMENTED,conditional,False,,,G0066,10,"ensemble ou traditionnel, composition à confirmer en SERP",keywords_data/google_ads/search_volume/live,2026-09-03T14:41:36.469628+00:00,2026-09-03-qualification-9-produits-pur/raw/20-controls-1.json.gz,"[{""year"": 2026, ""month"": 7, ""search_volume"": 10}, {""year"": 2026, ""month"": 6, ""search_volume"": 10}, {""year"": 2026, ""month"": 5, ""search_volume"": 10}, {""year"": 2026, ""month"": 4, ""search_volume"": 10}, {""year"": 2026, ""month"": 3, ""search_volume"": 10}, {""year"": 2026, ""month"": 2, ""search_volume"": 10}, {""year"": 2026, ""month"": 1, ""search_volume"": 10}, {""year"": 2025, ""month"": 12, ""search_volume"": 30}, {""year"": 2025, ""month"": 11, ""search_volume"": 20}, {""year"": 2025, ""month"": 10, ""search_volume"": 10}, {""year"": 2025, ""month"": 9, ""search_volume"": 10}, {""year"": 2025, ""month"": 8, ""search_volume"": 10}]"
A6,kit soin rasage homme,10,0.69,USD_DOCUMENTED,conditional,False,,,G0067,10,"ensemble ou traditionnel, composition à confirmer en SERP",keywords_data/google_ads/search_volume/live,2026-09-03T14:41:36.469628+00:00,2026-09-03-qualification-9-produits-pur/raw/20-controls-1.json.gz,"[{""year"": 2026, ""month"": 7, ""search_volume"": 10}, {""year"": 2026, ""month"": 6, ""search_volume"": 10}, {""year"": 2026, ""month"": 5, ""search_volume"": 10}, {""year"": 2026, ""month"": 4, ""search_volume"": 10}, {""year"": 2026, ""month"": 3, ""search_volume"": 10}, {""year"": 2026, ""month"": 2, ""search_volume"": 10}, {""year"": 2026, ""month"": 1, ""search_volume"": 10}, {""year"": 2025, ""month"": 12, ""search_volume"": 50}, {""year"": 2025, ""month"": 11, ""search_volume"": 30}, {""year"": 2025, ""month"": 10, ""search_volume"": 10}, {""year"": 2025, ""month"": 9, ""search_volume"": 10}, {""year"": 2025, ""month"": 8, ""search_volume"": 10}]"
A6,kit rasage nature et decouverte,10,,USD_DOCUMENTED,conditional,False,,,G0068,10,"ensemble ou traditionnel, composition à confirmer en SERP",keywords_data/google_ads/search_volume/live,2026-09-03T14:41:36.469628+00:00,2026-09-03-qualification-9-produits-pur/raw/20-controls-1.json.gz,"[{""year"": 2026, ""month"": 7, ""search_volume"": 0}, {""year"": 2026, ""month"": 6, ""search_volume"": 10}, {""year"": 2026, ""month"": 5, ""search_volume"": 10}, {""year"": 2026, ""month"": 4, ""search_volume"": 10}, {""year"": 2026, ""month"": 3, ""search_volume"": 10}, {""year"": 2026, ""month"": 2, ""search_volume"": 10}, {""year"": 2026, ""month"": 1, ""search_volume"": 0}, {""year"": 2025, ""month"": 12, ""search_volume"": 20}, {""year"": 2025, ""month"": 11, ""search_volume"": 10}, {""year"": 2025, ""month"": 10, ""search_volume"": 10}, {""year"": 2025, ""month"": 9, ""search_volume"": 10}, {""year"": 2025, ""month"": 8, ""search_volume"": 10}]"
A6,kit pour rasage barbe,10,,USD_DOCUMENTED,conditional,False,,,G0017,0,"ensemble ou traditionnel, composition à confirmer en SERP",keywords_data/google_ads/search_volume/live,2026-09-03T14:41:36.469628+00:00,2026-09-03-qualification-9-produits-pur/raw/20-controls-1.json.gz,"[{""year"": 2026, ""month"": 7, ""search_volume"": 10}, {""year"": 2026, ""month"": 6, ""search_volume"": 10}, {""year"": 2026, ""month"": 5, ""search_volume"": 0}, {""year"": 2026, ""month"": 4, ""search_volume"": 10}, {""year"": 2026, ""month"": 3, ""search_volume"": 0}, {""year"": 2026, ""month"": 2, ""search_volume"": 10}, {""year"": 2026, ""month"": 1, ""search_volume"": 10}, {""year"": 2025, ""month"": 12, ""search_volume"": 10}, {""year"": 2025, ""month"": 11, ""search_volume"": 10}, {""year"": 2025, ""month"": 10, ""search_volume"": 0}, {""year"": 2025, ""month"": 9, ""search_volume"": 0}, {""year"": 2025, ""month"": 8, ""search_volume"": 10}]"
A6,kit soin apres rasage,10,,USD_DOCUMENTED,incompatible,False,,,,,"accessoire, autre public/format ou provenance non prouvée",dataforseo_labs/google/keyword_suggestions/live,2026-09-03T14:36:24.996196+00:00,2026-09-03-qualification-9-produits-pur/raw/10-A6-labs-4.json.gz,"[{""year"": 2026, ""month"": 7, ""search_volume"": 10}, {""year"": 2026, ""month"": 6, ""search_volume"": 0}, {""year"": 2026, ""month"": 5, ""search_volume"": 0}, {""year"": 2026, ""month"": 4, ""search_volume"": 0}, {""year"": 2026, ""month"": 3, ""search_volume"": 10}, {""year"": 2026, ""month"": 2, ""search_volume"": 10}, {""year"": 2026, ""month"": 1, ""search_volume"": 10}, {""year"": 2025, ""month"": 12, ""search_volume"": 20}, {""year"": 2025, ""month"": 11, ""search_volume"": 10}, {""year"": 2025, ""month"": 10, ""search_volume"": 10}, {""year"": 2025, ""month"": 9, ""search_volume"": 0}, {""year"": 2025, ""month"": 8, ""search_volume"": 0}]"
A6,kit de rasage avec blaireau,10,1.73,USD_DOCUMENTED,conditional,False,,,G0014,0,"ensemble ou traditionnel, composition à confirmer en SERP",keywords_data/google_ads/search_volume/live,2026-09-03T14:41:36.469628+00:00,2026-09-03-qualification-9-produits-pur/raw/20-controls-1.json.gz,"[{""year"": 2026, ""month"": 7, ""search_volume"": 10}, {""year"": 2026, ""month"": 6, ""search_volume"": 10}, {""year"": 2026, ""month"": 5, ""search_volume"": 10}, {""year"": 2026, ""month"": 4, ""search_volume"": 10}, {""year"": 2026, ""month"": 3, ""search_volume"": 10}, {""year"": 2026, ""month"": 2, ""search_volume"": 10}, {""year"": 2026, ""month"": 1, ""search_volume"": 10}, {""year"": 2025, ""month"": 12, ""search_volume"": 50}, {""year"": 2025, ""month"": 11, ""search_volume"": 30}, {""year"": 2025, ""month"": 10, ""search_volume"": 20}, {""year"": 2025, ""month"": 9, ""search_volume"": 20}, {""year"": 2025, ""month"": 8, ""search_volume"": 20}]"
A6,kit de rasage coupe choux,10,,USD_DOCUMENTED,incompatible,False,,,,,"accessoire, autre public/format ou provenance non prouvée",dataforseo_labs/google/keyword_suggestions/live,2026-09-03T14:36:24.996196+00:00,2026-09-03-qualification-9-produits-pur/raw/10-A6-labs-4.json.gz,"[{""year"": 2026, ""month"": 7, ""search_volume"": 10}, {""year"": 2026, ""month"": 6, ""search_volume"": 10}, {""year"": 2026, ""month"": 5, ""search_volume"": 10}, {""year"": 2026, ""month"": 4, ""search_volume"": 10}, {""year"": 2026, ""month"": 3, ""search_volume"": 10}, {""year"": 2026, ""month"": 2, ""search_volume"": 10}, {""year"": 2026, ""month"": 1, ""search_volume"": 10}, {""year"": 2025, ""month"": 12, ""search_volume"": 10}, {""year"": 2025, ""month"": 11, ""search_volume"": 10}, {""year"": 2025, ""month"": 10, ""search_volume"": 10}, {""year"": 2025, ""month"": 9, ""search_volume"": 10}, {""year"": 2025, ""month"": 8, ""search_volume"": 10}]"
A6,kit rasage traditionnel,10,0.46,USD_DOCUMENTED,conditional,False,,,G0069,10,"ensemble ou traditionnel, composition à confirmer en SERP",keywords_data/google_ads/search_volume/live,2026-09-03T14:41:36.469628+00:00,2026-09-03-qualification-9-produits-pur/raw/20-controls-1.json.gz,"[{""year"": 2026, ""month"": 7, ""search_volume"": 10}, {""year"": 2026, ""month"": 6, ""search_volume"": 10}, {""year"": 2026, ""month"": 5, ""search_volume"": 10}, {""year"": 2026, ""month"": 4, ""search_volume"": 10}, {""year"": 2026, ""month"": 3, ""search_volume"": 10}, {""year"": 2026, ""month"": 2, ""search_volume"": 10}, {""year"": 2026, ""month"": 1, ""search_volume"": 10}, {""year"": 2025, ""month"": 12, ""search_volume"": 30}, {""year"": 2025, ""month"": 11, ""search_volume"": 20}, {""year"": 2025, ""month"": 10, ""search_volume"": 30}, {""year"": 2025, ""month"": 9, ""search_volume"": 10}, {""year"": 2025, ""month"": 8, ""search_volume"": 10}]"
A6,kit rasage blaireau rasoir,10,,USD_DOCUMENTED,conditional,False,,,G0070,10,"ensemble ou traditionnel, composition à confirmer en SERP",keywords_data/google_ads/search_volume/live,2026-09-03T14:41:36.469628+00:00,2026-09-03-qualification-9-produits-pur/raw/20-controls-1.json.gz,"[{""year"": 2026, ""month"": 7, ""search_volume"": 0}, {""year"": 2026, ""month"": 6, ""search_volume"": 0}, {""year"": 2026, ""month"": 5, ""search_volume"": 0}, {""year"": 2026, ""month"": 4, ""search_volume"": 10}, {""year"": 2026, ""month"": 3, ""search_volume"": 0}, {""year"": 2026, ""month"": 2, ""search_volume"": 10}, {""year"": 2026, ""month"": 1, ""search_volume"": 0}, {""year"": 2025, ""month"": 12, ""search_volume"": 10}, {""year"": 2025, ""month"": 11, ""search_volume"": 0}, {""year"": 2025, ""month"": 10, ""search_volume"": 0}, {""year"": 2025, ""month"": 9, ""search_volume"": 0}, {""year"": 2025, ""month"": 8, ""search_volume"": 0}]"
A6,kit rasage homme vintage,10,,USD_DOCUMENTED,conditional,False,,,G0071,10,"ensemble ou traditionnel, composition à confirmer en SERP",keywords_data/google_ads/search_volume/live,2026-09-03T14:41:36.469628+00:00,2026-09-03-qualification-9-produits-pur/raw/20-controls-1.json.gz,"[{""year"": 2026, ""month"": 7, ""search_volume"": 10}, {""year"": 2026, ""month"": 6, ""search_volume"": 10}, {""year"": 2026, ""month"": 5, ""search_volume"": 0}, {""year"": 2026, ""month"": 4, ""search_volume"": 0}, {""year"": 2026, ""month"": 3, ""search_volume"": 10}, {""year"": 2026, ""month"": 2, ""search_volume"": 10}, {""year"": 2026, ""month"": 1, ""search_volume"": 10}, {""year"": 2025, ""month"": 12, ""search_volume"": 10}, {""year"": 2025, ""month"": 11, ""search_volume"": 10}, {""year"": 2025, ""month"": 10, ""search_volume"": 10}, {""year"": 2025, ""month"": 9, ""search_volume"": 10}, {""year"": 2025, ""month"": 8, ""search_volume"": 0}]"
A6,kit rasage sephora,10,,USD_DOCUMENTED,conditional,True,,,,,"ensemble ou traditionnel, composition à confirmer en SERP",keywords_data/google_ads/search_volume/live,2026-09-03T14:41:36.469628+00:00,2026-09-03-qualification-9-produits-pur/raw/20-controls-1.json.gz,"[{""year"": 2026, ""month"": 7, ""search_volume"": 0}, {""year"": 2026, ""month"": 6, ""search_volume"": 10}, {""year"": 2026, ""month"": 5, ""search_volume"": 10}, {""year"": 2026, ""month"": 4, ""search_volume"": 0}, {""year"": 2026, ""month"": 3, ""search_volume"": 10}, {""year"": 2026, ""month"": 2, ""search_volume"": 10}, {""year"": 2026, ""month"": 1, ""search_volume"": 10}, {""year"": 2025, ""month"": 12, ""search_volume"": 20}, {""year"": 2025, ""month"": 11, ""search_volume"": 10}, {""year"": 2025, ""month"": 10, ""search_volume"": 10}, {""year"": 2025, ""month"": 9, ""search_volume"": 10}, {""year"": 2025, ""month"": 8, ""search_volume"": 10}]"
A6,kit rasage harry's,10,,USD_DOCUMENTED,conditional,False,,,G0072,10,"ensemble ou traditionnel, composition à confirmer en SERP",keywords_data/google_ads/search_volume/live,2026-09-03T14:41:36.469628+00:00,2026-09-03-qualification-9-produits-pur/raw/20-controls-1.json.gz,"[{""year"": 2026, ""month"": 7, ""search_volume"": 0}, {""year"": 2026, ""month"": 6, ""search_volume"": 0}, {""year"": 2026, ""month"": 5, ""search_volume"": 0}, {""year"": 2026, ""month"": 4, ""search_volume"": 0}, {""year"": 2026, ""month"": 3, ""search_volume"": 10}, {""year"": 2026, ""month"": 2, ""search_volume"": 10}, {""year"": 2026, ""month"": 1, ""search_volume"": 0}, {""year"": 2025, ""month"": 12, ""search_volume"": 0}, {""year"": 2025, ""month"": 11, ""search_volume"": 0}, {""year"": 2025, ""month"": 10, ""search_volume"": 0}, {""year"": 2025, ""month"": 9, ""search_volume"": 0}, {""year"": 2025, ""month"": 8, ""search_volume"": 10}]"
A6,rasage homme kit,10,1.03,USD_DOCUMENTED,conditional,False,,,G0003,0,"ensemble ou traditionnel, composition à confirmer en SERP",keywords_data/google_ads/search_volume/live,2026-09-03T14:41:36.469628+00:00,2026-09-03-qualification-9-produits-pur/raw/20-controls-1.json.gz,"[{""year"": 2026, ""month"": 7, ""search_volume"": 10}, {""year"": 2026, ""month"": 6, ""search_volume"": 0}, {""year"": 2026, ""month"": 5, ""search_volume"": 0}, {""year"": 2026, ""month"": 4, ""search_volume"": 0}, {""year"": 2026, ""month"": 3, ""search_volume"": 10}, {""year"": 2026, ""month"": 2, ""search_volume"": 10}, {""year"": 2026, ""month"": 1, ""search_volume"": 10}, {""year"": 2025, ""month"": 12, ""search_volume"": 10}, {""year"": 2025, ""month"": 11, ""search_volume"": 10}, {""year"": 2025, ""month"": 10, ""search_volume"": 10}, {""year"": 2025, ""month"": 9, ""search_volume"": 0}, {""year"": 2025, ""month"": 8, ""search_volume"": 10}]"
A6,kit rasage ecologique,10,,USD_DOCUMENTED,conditional,False,,,G0073,10,"ensemble ou traditionnel, composition à confirmer en SERP",keywords_data/google_ads/search_volume/live,2026-09-03T14:41:36.469628+00:00,2026-09-03-qualification-9-produits-pur/raw/20-controls-1.json.gz,"[{""year"": 2026, ""month"": 7, ""search_volume"": 0}, {""year"": 2026, ""month"": 6, ""search_volume"": 0}, {""year"": 2026, ""month"": 5, ""search_volume"": 0}, {""year"": 2026, ""month"": 4, ""search_volume"": 0}, {""year"": 2026, ""month"": 3, ""search_volume"": 10}, {""year"": 2026, ""month"": 2, ""search_volume"": 0}, {""year"": 2026, ""month"": 1, ""search_volume"": 0}, {""year"": 2025, ""month"": 12, ""search_volume"": 10}, {""year"": 2025, ""month"": 11, ""search_volume"": 10}, {""year"": 2025, ""month"": 10, ""search_volume"": 0}, {""year"": 2025, ""month"": 9, ""search_volume"": 0}, {""year"": 2025, ""month"": 8, ""search_volume"": 0}]"
A6,kit rasage voyage,10,0.98,USD_DOCUMENTED,conditional,False,,,G0066,0,"ensemble ou traditionnel, composition à confirmer en SERP",keywords_data/google_ads/search_volume/live,2026-09-03T14:41:36.469628+00:00,2026-09-03-qualification-9-produits-pur/raw/20-controls-1.json.gz,"[{""year"": 2026, ""month"": 7, ""search_volume"": 10}, {""year"": 2026, ""month"": 6, ""search_volume"": 10}, {""year"": 2026, ""month"": 5, ""search_volume"": 10}, {""year"": 2026, ""month"": 4, ""search_volume"": 10}, {""year"": 2026, ""month"": 3, ""search_volume"": 10}, {""year"": 2026, ""month"": 2, ""search_volume"": 10}, {""year"": 2026, ""month"": 1, ""search_volume"": 10}, {""year"": 2025, ""month"": 12, ""search_volume"": 30}, {""year"": 2025, ""month"": 11, ""search_volume"": 20}, {""year"": 2025, ""month"": 10, ""search_volume"": 10}, {""year"": 2025, ""month"": 9, ""search_volume"": 10}, {""year"": 2025, ""month"": 8, ""search_volume"": 10}]"
A6,kit rasage rituals,10,0.62,USD_DOCUMENTED,conditional,True,,,,,"ensemble ou traditionnel, composition à confirmer en SERP",keywords_data/google_ads/search_volume/live,2026-09-03T14:41:36.469628+00:00,2026-09-03-qualification-9-produits-pur/raw/20-controls-1.json.gz,"[{""year"": 2026, ""month"": 7, ""search_volume"": 10}, {""year"": 2026, ""month"": 6, ""search_volume"": 10}, {""year"": 2026, ""month"": 5, ""search_volume"": 10}, {""year"": 2026, ""month"": 4, ""search_volume"": 10}, {""year"": 2026, ""month"": 3, ""search_volume"": 10}, {""year"": 2026, ""month"": 2, ""search_volume"": 20}, {""year"": 2026, ""month"": 1, ""search_volume"": 10}, {""year"": 2025, ""month"": 12, ""search_volume"": 40}, {""year"": 2025, ""month"": 11, ""search_volume"": 20}, {""year"": 2025, ""month"": 10, ""search_volume"": 10}, {""year"": 2025, ""month"": 9, ""search_volume"": 10}, {""year"": 2025, ""month"": 8, ""search_volume"": 10}]"
A6,kit rasage homme pas cher,10,0.75,USD_DOCUMENTED,conditional,False,,,G0074,10,"ensemble ou traditionnel, composition à confirmer en SERP",keywords_data/google_ads/search_volume/live,2026-09-03T14:41:36.469628+00:00,2026-09-03-qualification-9-produits-pur/raw/20-controls-1.json.gz,"[{""year"": 2026, ""month"": 7, ""search_volume"": 10}, {""year"": 2026, ""month"": 6, ""search_volume"": 0}, {""year"": 2026, ""month"": 5, ""search_volume"": 10}, {""year"": 2026, ""month"": 4, ""search_volume"": 10}, {""year"": 2026, ""month"": 3, ""search_volume"": 10}, {""year"": 2026, ""month"": 2, ""search_volume"": 10}, {""year"": 2026, ""month"": 1, ""search_volume"": 10}, {""year"": 2025, ""month"": 12, ""search_volume"": 20}, {""year"": 2025, ""month"": 11, ""search_volume"": 20}, {""year"": 2025, ""month"": 10, ""search_volume"": 10}, {""year"": 2025, ""month"": 9, ""search_volume"": 10}, {""year"": 2025, ""month"": 8, ""search_volume"": 10}]"
A6,kit rasage homme-coupe chou,10,0.63,USD_DOCUMENTED,incompatible,False,,,,,"accessoire, autre public/format ou provenance non prouvée",dataforseo_labs/google/keyword_suggestions/live,2026-09-03T14:36:24.996196+00:00,2026-09-03-qualification-9-produits-pur/raw/10-A6-labs-4.json.gz,"[{""year"": 2026, ""month"": 7, ""search_volume"": 10}, {""year"": 2026, ""month"": 6, ""search_volume"": 10}, {""year"": 2026, ""month"": 5, ""search_volume"": 10}, {""year"": 2026, ""month"": 4, ""search_volume"": 10}, {""year"": 2026, ""month"": 3, ""search_volume"": 10}, {""year"": 2026, ""month"": 2, ""search_volume"": 10}, {""year"": 2026, ""month"": 1, ""search_volume"": 10}, {""year"": 2025, ""month"": 12, ""search_volume"": 20}, {""year"": 2025, ""month"": 11, ""search_volume"": 10}, {""year"": 2025, ""month"": 10, ""search_volume"": 10}, {""year"": 2025, ""month"": 9, ""search_volume"": 10}, {""year"": 2025, ""month"": 8, ""search_volume"": 10}]"
A6,kit rasage jeune homme,10,,USD_DOCUMENTED,conditional,False,,,G0075,10,"ensemble ou traditionnel, composition à confirmer en SERP",keywords_data/google_ads/search_volume/live,2026-09-03T14:41:36.469628+00:00,2026-09-03-qualification-9-produits-pur/raw/20-controls-1.json.gz,"[{""year"": 2026, ""month"": 7, ""search_volume"": 10}, {""year"": 2026, ""month"": 6, ""search_volume"": 10}, {""year"": 2026, ""month"": 5, ""search_volume"": 10}, {""year"": 2026, ""month"": 4, ""search_volume"": 10}, {""year"": 2026, ""month"": 3, ""search_volume"": 10}, {""year"": 2026, ""month"": 2, ""search_volume"": 0}, {""year"": 2026, ""month"": 1, ""search_volume"": 0}, {""year"": 2025, ""month"": 12, ""search_volume"": 30}, {""year"": 2025, ""month"": 11, ""search_volume"": 10}, {""year"": 2025, ""month"": 10, ""search_volume"": 10}, {""year"": 2025, ""month"": 9, ""search_volume"": 10}, {""year"": 2025, ""month"": 8, ""search_volume"": 10}]"
A6,kit rasage zero dechet,10,,USD_DOCUMENTED,conditional,False,,,G0076,10,"ensemble ou traditionnel, composition à confirmer en SERP",keywords_data/google_ads/search_volume/live,2026-09-03T14:41:36.469628+00:00,2026-09-03-qualification-9-produits-pur/raw/20-controls-1.json.gz,"[{""year"": 2026, ""month"": 7, ""search_volume"": 0}, {""year"": 2026, ""month"": 6, ""search_volume"": 0}, {""year"": 2026, ""month"": 5, ""search_volume"": 0}, {""year"": 2026, ""month"": 4, ""search_volume"": 0}, {""year"": 2026, ""month"": 3, ""search_volume"": 0}, {""year"": 2026, ""month"": 2, ""search_volume"": 0}, {""year"": 2026, ""month"": 1, ""search_volume"": 0}, {""year"": 2025, ""month"": 12, ""search_volume"": 0}, {""year"": 2025, ""month"": 11, ""search_volume"": 10}, {""year"": 2025, ""month"": 10, ""search_volume"": 0}, {""year"": 2025, ""month"": 9, ""search_volume"": 0}, {""year"": 2025, ""month"": 8, ""search_volume"": 0}]"
A6,kit de rasage à lancienne,10,,USD_DOCUMENTED,incompatible,False,,,,,"accessoire, autre public/format ou provenance non prouvée",dataforseo_labs/google/keyword_suggestions/live,2026-09-03T14:36:24.996196+00:00,2026-09-03-qualification-9-produits-pur/raw/10-A6-labs-4.json.gz,"[{""year"": 2026, ""month"": 7, ""search_volume"": 10}, {""year"": 2026, ""month"": 6, ""search_volume"": 10}, {""year"": 2026, ""month"": 5, ""search_volume"": 10}, {""year"": 2026, ""month"": 4, ""search_volume"": 10}, {""year"": 2026, ""month"": 3, ""search_volume"": 10}, {""year"": 2026, ""month"": 2, ""search_volume"": 10}, {""year"": 2026, ""month"": 1, ""search_volume"": 10}, {""year"": 2025, ""month"": 12, ""search_volume"": 50}, {""year"": 2025, ""month"": 11, ""search_volume"": 50}, {""year"": 2025, ""month"": 10, ""search_volume"": 10}, {""year"": 2025, ""month"": 9, ""search_volume"": 10}, {""year"": 2025, ""month"": 8, ""search_volume"": 10}]"
A6,kit rasage homme rituals,10,0.35,USD_DOCUMENTED,conditional,True,,,,,"ensemble ou traditionnel, composition à confirmer en SERP",keywords_data/google_ads/search_volume/live,2026-09-03T14:41:36.469628+00:00,2026-09-03-qualification-9-produits-pur/raw/20-controls-1.json.gz,"[{""year"": 2026, ""month"": 7, ""search_volume"": 10}, {""year"": 2026, ""month"": 6, ""search_volume"": 10}, {""year"": 2026, ""month"": 5, ""search_volume"": 10}, {""year"": 2026, ""month"": 4, ""search_volume"": 10}, {""year"": 2026, ""month"": 3, ""search_volume"": 0}, {""year"": 2026, ""month"": 2, ""search_volume"": 10}, {""year"": 2026, ""month"": 1, ""search_volume"": 10}, {""year"": 2025, ""month"": 12, ""search_volume"": 20}, {""year"": 2025, ""month"": 11, ""search_volume"": 20}, {""year"": 2025, ""month"": 10, ""search_volume"": 10}, {""year"": 2025, ""month"": 9, ""search_volume"": 10}, {""year"": 2025, ""month"": 8, ""search_volume"": 10}]"
A6,kit de rasage sephora,10,,USD_DOCUMENTED,conditional,True,,,,,"ensemble ou traditionnel, composition à confirmer en SERP",keywords_data/google_ads/search_volume/live,2026-09-03T14:41:36.469628+00:00,2026-09-03-qualification-9-produits-pur/raw/20-controls-1.json.gz,"[{""year"": 2026, ""month"": 7, ""search_volume"": 0}, {""year"": 2026, ""month"": 6, ""search_volume"": 0}, {""year"": 2026, ""month"": 5, ""search_volume"": 10}, {""year"": 2026, ""month"": 4, ""search_volume"": 10}, {""year"": 2026, ""month"": 3, ""search_volume"": 10}, {""year"": 2026, ""month"": 2, ""search_volume"": 10}, {""year"": 2026, ""month"": 1, ""search_volume"": 10}, {""year"": 2025, ""month"": 12, ""search_volume"": 20}, {""year"": 2025, ""month"": 11, ""search_volume"": 10}, {""year"": 2025, ""month"": 10, ""search_volume"": 10}, {""year"": 2025, ""month"": 9, ""search_volume"": 10}, {""year"": 2025, ""month"": 8, ""search_volume"": 10}]"
A6,kit rasage homme nature et decouverte,10,0.33,USD_DOCUMENTED,conditional,False,,,G0077,10,"ensemble ou traditionnel, composition à confirmer en SERP",keywords_data/google_ads/search_volume/live,2026-09-03T14:41:36.469628+00:00,2026-09-03-qualification-9-produits-pur/raw/20-controls-1.json.gz,"[{""year"": 2026, ""month"": 7, ""search_volume"": 10}, {""year"": 2026, ""month"": 6, ""search_volume"": 10}, {""year"": 2026, ""month"": 5, ""search_volume"": 10}, {""year"": 2026, ""month"": 4, ""search_volume"": 10}, {""year"": 2026, ""month"": 3, ""search_volume"": 10}, {""year"": 2026, ""month"": 2, ""search_volume"": 10}, {""year"": 2026, ""month"": 1, ""search_volume"": 10}, {""year"": 2025, ""month"": 12, ""search_volume"": 20}, {""year"": 2025, ""month"": 11, ""search_volume"": 10}, {""year"": 2025, ""month"": 10, ""search_volume"": 10}, {""year"": 2025, ""month"": 9, ""search_volume"": 0}, {""year"": 2025, ""month"": 8, ""search_volume"": 10}]"
A6,kit rasage crane,10,0.64,USD_DOCUMENTED,incompatible,False,,,,,"format, public, pays ou intention hors kit débutant fixe",keywords_data/google_ads/search_volume/live,2026-09-03T14:41:36.469628+00:00,2026-09-03-qualification-9-produits-pur/raw/20-controls-1.json.gz,"[{""year"": 2026, ""month"": 7, ""search_volume"": 10}, {""year"": 2026, ""month"": 6, ""search_volume"": 10}, {""year"": 2026, ""month"": 5, ""search_volume"": 10}, {""year"": 2026, ""month"": 4, ""search_volume"": 0}, {""year"": 2026, ""month"": 3, ""search_volume"": 0}, {""year"": 2026, ""month"": 2, ""search_volume"": 0}, {""year"": 2026, ""month"": 1, ""search_volume"": 10}, {""year"": 2025, ""month"": 12, ""search_volume"": 10}, {""year"": 2025, ""month"": 11, ""search_volume"": 10}, {""year"": 2025, ""month"": 10, ""search_volume"": 10}, {""year"": 2025, ""month"": 9, ""search_volume"": 10}, {""year"": 2025, ""month"": 8, ""search_volume"": 10}]"
A6,kit de rasage pour homme rituals,10,,USD_DOCUMENTED,conditional,True,,,,,"ensemble ou traditionnel, composition à confirmer en SERP",keywords_data/google_ads/search_volume/live,2026-09-03T14:41:36.469628+00:00,2026-09-03-qualification-9-produits-pur/raw/20-controls-1.json.gz,"[{""year"": 2026, ""month"": 7, ""search_volume"": 0}, {""year"": 2026, ""month"": 6, ""search_volume"": 10}, {""year"": 2026, ""month"": 5, ""search_volume"": 0}, {""year"": 2026, ""month"": 4, ""search_volume"": 10}, {""year"": 2026, ""month"": 3, ""search_volume"": 10}, {""year"": 2026, ""month"": 2, ""search_volume"": 10}, {""year"": 2026, ""month"": 1, ""search_volume"": 10}, {""year"": 2025, ""month"": 12, ""search_volume"": 20}, {""year"": 2025, ""month"": 11, ""search_volume"": 10}, {""year"": 2025, ""month"": 10, ""search_volume"": 10}, {""year"": 2025, ""month"": 9, ""search_volume"": 10}, {""year"": 2025, ""month"": 8, ""search_volume"": 10}]"
A6,kit rasage homme sephora,10,,USD_DOCUMENTED,conditional,True,,,,,"ensemble ou traditionnel, composition à confirmer en SERP",keywords_data/google_ads/search_volume/live,2026-09-03T14:41:36.469628+00:00,2026-09-03-qualification-9-produits-pur/raw/20-controls-1.json.gz,"[{""year"": 2026, ""month"": 7, ""search_volume"": 0}, {""year"": 2026, ""month"": 6, ""search_volume"": 10}, {""year"": 2026, ""month"": 5, ""search_volume"": 10}, {""year"": 2026, ""month"": 4, ""search_volume"": 10}, {""year"": 2026, ""month"": 3, ""search_volume"": 0}, {""year"": 2026, ""month"": 2, ""search_volume"": 10}, {""year"": 2026, ""month"": 1, ""search_volume"": 10}, {""year"": 2025, ""month"": 12, ""search_volume"": 20}, {""year"": 2025, ""month"": 11, ""search_volume"": 10}, {""year"": 2025, ""month"": 10, ""search_volume"": 10}, {""year"": 2025, ""month"": 9, ""search_volume"": 10}, {""year"": 2025, ""month"": 8, ""search_volume"": 10}]"
A6,kit rasage proraso,10,0.59,USD_DOCUMENTED,conditional,True,,,,,"ensemble ou traditionnel, composition à confirmer en SERP",keywords_data/google_ads/search_volume/live,2026-09-03T14:41:36.469628+00:00,2026-09-03-qualification-9-produits-pur/raw/20-controls-1.json.gz,"[{""year"": 2026, ""month"": 7, ""search_volume"": 10}, {""year"": 2026, ""month"": 6, ""search_volume"": 10}, {""year"": 2026, ""month"": 5, ""search_volume"": 0}, {""year"": 2026, ""month"": 4, ""search_volume"": 10}, {""year"": 2026, ""month"": 3, ""search_volume"": 10}, {""year"": 2026, ""month"": 2, ""search_volume"": 10}, {""year"": 2026, ""month"": 1, ""search_volume"": 10}, {""year"": 2025, ""month"": 12, ""search_volume"": 10}, {""year"": 2025, ""month"": 11, ""search_volume"": 10}, {""year"": 2025, ""month"": 10, ""search_volume"": 10}, {""year"": 2025, ""month"": 9, ""search_volume"": 10}, {""year"": 2025, ""month"": 8, ""search_volume"": 10}]"
A6,kit rasage vintage,10,,USD_DOCUMENTED,conditional,False,,,G0078,10,"ensemble ou traditionnel, composition à confirmer en SERP",keywords_data/google_ads/search_volume/live,2026-09-03T14:41:36.469628+00:00,2026-09-03-qualification-9-produits-pur/raw/20-controls-1.json.gz,"[{""year"": 2026, ""month"": 7, ""search_volume"": 10}, {""year"": 2026, ""month"": 6, ""search_volume"": 10}, {""year"": 2026, ""month"": 5, ""search_volume"": 10}, {""year"": 2026, ""month"": 4, ""search_volume"": 10}, {""year"": 2026, ""month"": 3, ""search_volume"": 10}, {""year"": 2026, ""month"": 2, ""search_volume"": 10}, {""year"": 2026, ""month"": 1, ""search_volume"": 10}, {""year"": 2025, ""month"": 12, ""search_volume"": 20}, {""year"": 2025, ""month"": 11, ""search_volume"": 10}, {""year"": 2025, ""month"": 10, ""search_volume"": 10}, {""year"": 2025, ""month"": 9, ""search_volume"": 10}, {""year"": 2025, ""month"": 8, ""search_volume"": 10}]"
A6,kit rasage bio,10,,USD_DOCUMENTED,conditional,False,,,G0079,10,"ensemble ou traditionnel, composition à confirmer en SERP",keywords_data/google_ads/search_volume/live,2026-09-03T14:41:36.469628+00:00,2026-09-03-qualification-9-produits-pur/raw/20-controls-1.json.gz,"[{""year"": 2026, ""month"": 7, ""search_volume"": 10}, {""year"": 2026, ""month"": 6, ""search_volume"": 10}, {""year"": 2026, ""month"": 5, ""search_volume"": 0}, {""year"": 2026, ""month"": 4, ""search_volume"": 10}, {""year"": 2026, ""month"": 3, ""search_volume"": 0}, {""year"": 2026, ""month"": 2, ""search_volume"": 10}, {""year"": 2026, ""month"": 1, ""search_volume"": 10}, {""year"": 2025, ""month"": 12, ""search_volume"": 10}, {""year"": 2025, ""month"": 11, ""search_volume"": 10}, {""year"": 2025, ""month"": 10, ""search_volume"": 10}, {""year"": 2025, ""month"": 9, ""search_volume"": 0}, {""year"": 2025, ""month"": 8, ""search_volume"": 10}]"
A6,kit soin rasage,10,,USD_DOCUMENTED,conditional,False,,,G0080,10,"ensemble ou traditionnel, composition à confirmer en SERP",keywords_data/google_ads/search_volume/live,2026-09-03T14:41:36.469628+00:00,2026-09-03-qualification-9-produits-pur/raw/20-controls-1.json.gz,"[{""year"": 2026, ""month"": 7, ""search_volume"": 0}, {""year"": 2026, ""month"": 6, ""search_volume"": 10}, {""year"": 2026, ""month"": 5, ""search_volume"": 10}, {""year"": 2026, ""month"": 4, ""search_volume"": 10}, {""year"": 2026, ""month"": 3, ""search_volume"": 10}, {""year"": 2026, ""month"": 2, ""search_volume"": 10}, {""year"": 2026, ""month"": 1, ""search_volume"": 10}, {""year"": 2025, ""month"": 12, ""search_volume"": 20}, {""year"": 2025, ""month"": 11, ""search_volume"": 10}, {""year"": 2025, ""month"": 10, ""search_volume"": 20}, {""year"": 2025, ""month"": 9, ""search_volume"": 0}, {""year"": 2025, ""month"": 8, ""search_volume"": 0}]"
A6,kit rasage barbe sephora,10,,USD_DOCUMENTED,conditional,True,,,,,"ensemble ou traditionnel, composition à confirmer en SERP",keywords_data/google_ads/search_volume/live,2026-09-03T14:41:36.469628+00:00,2026-09-03-qualification-9-produits-pur/raw/20-controls-1.json.gz,"[{""year"": 2026, ""month"": 7, ""search_volume"": 0}, {""year"": 2026, ""month"": 6, ""search_volume"": 0}, {""year"": 2026, ""month"": 5, ""search_volume"": 0}, {""year"": 2026, ""month"": 4, ""search_volume"": 0}, {""year"": 2026, ""month"": 3, ""search_volume"": 0}, {""year"": 2026, ""month"": 2, ""search_volume"": 0}, {""year"": 2026, ""month"": 1, ""search_volume"": 10}, {""year"": 2025, ""month"": 12, ""search_volume"": 0}, {""year"": 2025, ""month"": 11, ""search_volume"": 0}, {""year"": 2025, ""month"": 10, ""search_volume"": 0}, {""year"": 2025, ""month"": 9, ""search_volume"": 0}, {""year"": 2025, ""month"": 8, ""search_volume"": 0}]"
A6,kit rasage horace,10,0.18,USD_DOCUMENTED,conditional,True,,,,,"ensemble ou traditionnel, composition à confirmer en SERP",keywords_data/google_ads/search_volume/live,2026-09-03T14:41:36.469628+00:00,2026-09-03-qualification-9-produits-pur/raw/20-controls-1.json.gz,"[{""year"": 2026, ""month"": 7, ""search_volume"": 10}, {""year"": 2026, ""month"": 6, ""search_volume"": 10}, {""year"": 2026, ""month"": 5, ""search_volume"": 10}, {""year"": 2026, ""month"": 4, ""search_volume"": 10}, {""year"": 2026, ""month"": 3, ""search_volume"": 10}, {""year"": 2026, ""month"": 2, ""search_volume"": 10}, {""year"": 2026, ""month"": 1, ""search_volume"": 10}, {""year"": 2025, ""month"": 12, ""search_volume"": 50}, {""year"": 2025, ""month"": 11, ""search_volume"": 20}, {""year"": 2025, ""month"": 10, ""search_volume"": 10}, {""year"": 2025, ""month"": 9, ""search_volume"": 10}, {""year"": 2025, ""month"": 8, ""search_volume"": 10}]"
A6,kit rasage moustache,10,0.46,USD_DOCUMENTED,conditional,False,,,G0081,10,"ensemble ou traditionnel, composition à confirmer en SERP",keywords_data/google_ads/search_volume/live,2026-09-03T14:41:36.469628+00:00,2026-09-03-qualification-9-produits-pur/raw/20-controls-1.json.gz,"[{""year"": 2026, ""month"": 7, ""search_volume"": 10}, {""year"": 2026, ""month"": 6, ""search_volume"": 10}, {""year"": 2026, ""month"": 5, ""search_volume"": 10}, {""year"": 2026, ""month"": 4, ""search_volume"": 10}, {""year"": 2026, ""month"": 3, ""search_volume"": 10}, {""year"": 2026, ""month"": 2, ""search_volume"": 10}, {""year"": 2026, ""month"": 1, ""search_volume"": 0}, {""year"": 2025, ""month"": 12, ""search_volume"": 10}, {""year"": 2025, ""month"": 11, ""search_volume"": 10}, {""year"": 2025, ""month"": 10, ""search_volume"": 10}, {""year"": 2025, ""month"": 9, ""search_volume"": 10}, {""year"": 2025, ""month"": 8, ""search_volume"": 10}]"
A6,kit rasage ancienne,10,,USD_DOCUMENTED,incompatible,False,,,,,"accessoire, autre public/format ou provenance non prouvée",dataforseo_labs/google/keyword_suggestions/live,2026-09-03T14:36:24.996196+00:00,2026-09-03-qualification-9-produits-pur/raw/10-A6-labs-4.json.gz,"[{""year"": 2026, ""month"": 7, ""search_volume"": 0}, {""year"": 2026, ""month"": 6, ""search_volume"": 0}, {""year"": 2026, ""month"": 5, ""search_volume"": 10}, {""year"": 2026, ""month"": 4, ""search_volume"": 0}, {""year"": 2026, ""month"": 3, ""search_volume"": 0}, {""year"": 2026, ""month"": 2, ""search_volume"": 0}, {""year"": 2026, ""month"": 1, ""search_volume"": 0}, {""year"": 2025, ""month"": 12, ""search_volume"": 10}, {""year"": 2025, ""month"": 11, ""search_volume"": 0}, {""year"": 2025, ""month"": 10, ""search_volume"": 0}, {""year"": 2025, ""month"": 9, ""search_volume"": 10}, {""year"": 2025, ""month"": 8, ""search_volume"": 10}]"
A6,kit de rasage pour homme pas cher,10,0.28,USD_DOCUMENTED,conditional,False,,,G0074,0,"ensemble ou traditionnel, composition à confirmer en SERP",keywords_data/google_ads/search_volume/live,2026-09-03T14:41:36.469628+00:00,2026-09-03-qualification-9-produits-pur/raw/20-controls-1.json.gz,"[{""year"": 2026, ""month"": 7, ""search_volume"": 10}, {""year"": 2026, ""month"": 6, ""search_volume"": 10}, {""year"": 2026, ""month"": 5, ""search_volume"": 10}, {""year"": 2026, ""month"": 4, ""search_volume"": 10}, {""year"": 2026, ""month"": 3, ""search_volume"": 10}, {""year"": 2026, ""month"": 2, ""search_volume"": 10}, {""year"": 2026, ""month"": 1, ""search_volume"": 10}, {""year"": 2025, ""month"": 12, ""search_volume"": 20}, {""year"": 2025, ""month"": 11, ""search_volume"": 0}, {""year"": 2025, ""month"": 10, ""search_volume"": 0}, {""year"": 2025, ""month"": 9, ""search_volume"": 0}, {""year"": 2025, ""month"": 8, ""search_volume"": 0}]"
A6,kit de rasage gillette,10,,USD_DOCUMENTED,conditional,True,,,,,"ensemble ou traditionnel, composition à confirmer en SERP",keywords_data/google_ads/search_volume/live,2026-09-03T14:41:36.469628+00:00,2026-09-03-qualification-9-produits-pur/raw/20-controls-1.json.gz,"[{""year"": 2026, ""month"": 7, ""search_volume"": 10}, {""year"": 2026, ""month"": 6, ""search_volume"": 10}, {""year"": 2026, ""month"": 5, ""search_volume"": 10}, {""year"": 2026, ""month"": 4, ""search_volume"": 10}, {""year"": 2026, ""month"": 3, ""search_volume"": 0}, {""year"": 2026, ""month"": 2, ""search_volume"": 10}, {""year"": 2026, ""month"": 1, ""search_volume"": 10}, {""year"": 2025, ""month"": 12, ""search_volume"": 10}, {""year"": 2025, ""month"": 11, ""search_volume"": 10}, {""year"": 2025, ""month"": 10, ""search_volume"": 10}, {""year"": 2025, ""month"": 9, ""search_volume"": 10}, {""year"": 2025, ""month"": 8, ""search_volume"": 10}]"
A6,kit de rasage barbe homme,10,1.16,USD_DOCUMENTED,conditional,False,,,G0011,0,"ensemble ou traditionnel, composition à confirmer en SERP",keywords_data/google_ads/search_volume/live,2026-09-03T14:41:36.469628+00:00,2026-09-03-qualification-9-produits-pur/raw/20-controls-1.json.gz,"[{""year"": 2026, ""month"": 7, ""search_volume"": 10}, {""year"": 2026, ""month"": 6, ""search_volume"": 10}, {""year"": 2026, ""month"": 5, ""search_volume"": 10}, {""year"": 2026, ""month"": 4, ""search_volume"": 10}, {""year"": 2026, ""month"": 3, ""search_volume"": 10}, {""year"": 2026, ""month"": 2, ""search_volume"": 10}, {""year"": 2026, ""month"": 1, ""search_volume"": 10}, {""year"": 2025, ""month"": 12, ""search_volume"": 20}, {""year"": 2025, ""month"": 11, ""search_volume"": 10}, {""year"": 2025, ""month"": 10, ""search_volume"": 10}, {""year"": 2025, ""month"": 9, ""search_volume"": 0}, {""year"": 2025, ""month"": 8, ""search_volume"": 10}]"
A6,kit rasage homme amazon,10,0.02,USD_DOCUMENTED,conditional,True,,,,,"ensemble ou traditionnel, composition à confirmer en SERP",keywords_data/google_ads/search_volume/live,2026-09-03T14:41:36.469628+00:00,2026-09-03-qualification-9-produits-pur/raw/20-controls-1.json.gz,"[{""year"": 2026, ""month"": 7, ""search_volume"": 10}, {""year"": 2026, ""month"": 6, ""search_volume"": 10}, {""year"": 2026, ""month"": 5, ""search_volume"": 10}, {""year"": 2026, ""month"": 4, ""search_volume"": 10}, {""year"": 2026, ""month"": 3, ""search_volume"": 10}, {""year"": 2026, ""month"": 2, ""search_volume"": 10}, {""year"": 2026, ""month"": 1, ""search_volume"": 10}, {""year"": 2025, ""month"": 12, ""search_volume"": 30}, {""year"": 2025, ""month"": 11, ""search_volume"": 20}, {""year"": 2025, ""month"": 10, ""search_volume"": 10}, {""year"": 2025, ""month"": 9, ""search_volume"": 10}, {""year"": 2025, ""month"": 8, ""search_volume"": 10}]"
A6,kit rasage manuel,10,0.77,USD_DOCUMENTED,conditional,False,,,G0082,10,"ensemble ou traditionnel, composition à confirmer en SERP",keywords_data/google_ads/search_volume/live,2026-09-03T14:41:36.469628+00:00,2026-09-03-qualification-9-produits-pur/raw/20-controls-1.json.gz,"[{""year"": 2026, ""month"": 7, ""search_volume"": 10}, {""year"": 2026, ""month"": 6, ""search_volume"": 10}, {""year"": 2026, ""month"": 5, ""search_volume"": 0}, {""year"": 2026, ""month"": 4, ""search_volume"": 10}, {""year"": 2026, ""month"": 3, ""search_volume"": 10}, {""year"": 2026, ""month"": 2, ""search_volume"": 10}, {""year"": 2026, ""month"": 1, ""search_volume"": 10}, {""year"": 2025, ""month"": 12, ""search_volume"": 20}, {""year"": 2025, ""month"": 11, ""search_volume"": 10}, {""year"": 2025, ""month"": 10, ""search_volume"": 10}, {""year"": 2025, ""month"": 9, ""search_volume"": 10}, {""year"": 2025, ""month"": 8, ""search_volume"": 0}]"
A6,kit rasage homme nocibe,10,0.34,USD_DOCUMENTED,conditional,True,,,,,"ensemble ou traditionnel, composition à confirmer en SERP",keywords_data/google_ads/search_volume/live,2026-09-03T14:41:36.469628+00:00,2026-09-03-qualification-9-produits-pur/raw/20-controls-1.json.gz,"[{""year"": 2026, ""month"": 7, ""search_volume"": 10}, {""year"": 2026, ""month"": 6, ""search_volume"": 10}, {""year"": 2026, ""month"": 5, ""search_volume"": 10}, {""year"": 2026, ""month"": 4, ""search_volume"": 10}, {""year"": 2026, ""month"": 3, ""search_volume"": 10}, {""year"": 2026, ""month"": 2, ""search_volume"": 10}, {""year"": 2026, ""month"": 1, ""search_volume"": 10}, {""year"": 2025, ""month"": 12, ""search_volume"": 10}, {""year"": 2025, ""month"": 11, ""search_volume"": 10}, {""year"": 2025, ""month"": 10, ""search_volume"": 10}, {""year"": 2025, ""month"": 9, ""search_volume"": 10}, {""year"": 2025, ""month"": 8, ""search_volume"": 10}]"
A6,kit rasage blaireau savon,10,0.45,USD_DOCUMENTED,conditional,False,,,G0083,10,"ensemble ou traditionnel, composition à confirmer en SERP",keywords_data/google_ads/search_volume/live,2026-09-03T14:41:36.469628+00:00,2026-09-03-qualification-9-produits-pur/raw/20-controls-1.json.gz,"[{""year"": 2026, ""month"": 7, ""search_volume"": 10}, {""year"": 2026, ""month"": 6, ""search_volume"": 10}, {""year"": 2026, ""month"": 5, ""search_volume"": 10}, {""year"": 2026, ""month"": 4, ""search_volume"": 10}, {""year"": 2026, ""month"": 3, ""search_volume"": 10}, {""year"": 2026, ""month"": 2, ""search_volume"": 10}, {""year"": 2026, ""month"": 1, ""search_volume"": 10}, {""year"": 2025, ""month"": 12, ""search_volume"": 10}, {""year"": 2025, ""month"": 11, ""search_volume"": 20}, {""year"": 2025, ""month"": 10, ""search_volume"": 10}, {""year"": 2025, ""month"": 9, ""search_volume"": 10}, {""year"": 2025, ""month"": 8, ""search_volume"": 10}]"
A6,kit premier rasage ado,10,0.25,USD_DOCUMENTED,incompatible,False,,,,,"accessoire, autre public/format ou provenance non prouvée",dataforseo_labs/google/keyword_suggestions/live,2026-09-03T14:36:24.996196+00:00,2026-09-03-qualification-9-produits-pur/raw/10-A6-labs-4.json.gz,"[{""year"": 2026, ""month"": 7, ""search_volume"": 10}, {""year"": 2026, ""month"": 6, ""search_volume"": 10}, {""year"": 2026, ""month"": 5, ""search_volume"": 10}, {""year"": 2026, ""month"": 4, ""search_volume"": 10}, {""year"": 2026, ""month"": 3, ""search_volume"": 10}, {""year"": 2026, ""month"": 2, ""search_volume"": 10}, {""year"": 2026, ""month"": 1, ""search_volume"": 10}, {""year"": 2025, ""month"": 12, ""search_volume"": 50}, {""year"": 2025, ""month"": 11, ""search_volume"": 10}, {""year"": 2025, ""month"": 10, ""search_volume"": 10}, {""year"": 2025, ""month"": 9, ""search_volume"": 10}, {""year"": 2025, ""month"": 8, ""search_volume"": 20}]"
A6,kit rasage à l'ancienne,10,0.68,USD_DOCUMENTED,incompatible,False,,,,,"accessoire, autre public/format ou provenance non prouvée",dataforseo_labs/google/keyword_suggestions/live,2026-09-03T14:36:24.996196+00:00,2026-09-03-qualification-9-produits-pur/raw/10-A6-labs-4.json.gz,"[{""year"": 2026, ""month"": 7, ""search_volume"": 10}, {""year"": 2026, ""month"": 6, ""search_volume"": 10}, {""year"": 2026, ""month"": 5, ""search_volume"": 10}, {""year"": 2026, ""month"": 4, ""search_volume"": 10}, {""year"": 2026, ""month"": 3, ""search_volume"": 10}, {""year"": 2026, ""month"": 2, ""search_volume"": 10}, {""year"": 2026, ""month"": 1, ""search_volume"": 10}, {""year"": 2025, ""month"": 12, ""search_volume"": 20}, {""year"": 2025, ""month"": 11, ""search_volume"": 20}, {""year"": 2025, ""month"": 10, ""search_volume"": 10}, {""year"": 2025, ""month"": 9, ""search_volume"": 10}, {""year"": 2025, ""month"": 8, ""search_volume"": 10}]"
A6,kit de rasage pour homme amazon,10,,USD_DOCUMENTED,conditional,True,,,,,"ensemble ou traditionnel, composition à confirmer en SERP",keywords_data/google_ads/search_volume/live,2026-09-03T14:41:36.469628+00:00,2026-09-03-qualification-9-produits-pur/raw/20-controls-1.json.gz,"[{""year"": 2026, ""month"": 7, ""search_volume"": 0}, {""year"": 2026, ""month"": 6, ""search_volume"": 10}, {""year"": 2026, ""month"": 5, ""search_volume"": 10}, {""year"": 2026, ""month"": 4, ""search_volume"": 10}, {""year"": 2026, ""month"": 3, ""search_volume"": 10}, {""year"": 2026, ""month"": 2, ""search_volume"": 10}, {""year"": 2026, ""month"": 1, ""search_volume"": 10}, {""year"": 2025, ""month"": 12, ""search_volume"": 30}, {""year"": 2025, ""month"": 11, ""search_volume"": 0}, {""year"": 2025, ""month"": 10, ""search_volume"": 0}, {""year"": 2025, ""month"": 9, ""search_volume"": 0}, {""year"": 2025, ""month"": 8, ""search_volume"": 0}]"
A6,kit rasage homme coupe-chou,10,0.63,USD_DOCUMENTED,incompatible,False,,,,,"accessoire, autre public/format ou provenance non prouvée",dataforseo_labs/google/keyword_suggestions/live,2026-09-03T14:36:24.996196+00:00,2026-09-03-qualification-9-produits-pur/raw/10-A6-labs-4.json.gz,"[{""year"": 2026, ""month"": 7, ""search_volume"": 10}, {""year"": 2026, ""month"": 6, ""search_volume"": 10}, {""year"": 2026, ""month"": 5, ""search_volume"": 10}, {""year"": 2026, ""month"": 4, ""search_volume"": 10}, {""year"": 2026, ""month"": 3, ""search_volume"": 10}, {""year"": 2026, ""month"": 2, ""search_volume"": 10}, {""year"": 2026, ""month"": 1, ""search_volume"": 10}, {""year"": 2025, ""month"": 12, ""search_volume"": 20}, {""year"": 2025, ""month"": 11, ""search_volume"": 10}, {""year"": 2025, ""month"": 10, ""search_volume"": 10}, {""year"": 2025, ""month"": 9, ""search_volume"": 10}, {""year"": 2025, ""month"": 8, ""search_volume"": 10}]"
A6,kit de rasage femme,10,0.18,USD_DOCUMENTED,incompatible,False,,,,,"accessoire, autre public/format ou provenance non prouvée",dataforseo_labs/google/keyword_suggestions/live,2026-09-03T14:36:24.996196+00:00,2026-09-03-qualification-9-produits-pur/raw/10-A6-labs-4.json.gz,"[{""year"": 2026, ""month"": 7, ""search_volume"": 10}, {""year"": 2026, ""month"": 6, ""search_volume"": 10}, {""year"": 2026, ""month"": 5, ""search_volume"": 10}, {""year"": 2026, ""month"": 4, ""search_volume"": 10}, {""year"": 2026, ""month"": 3, ""search_volume"": 10}, {""year"": 2026, ""month"": 2, ""search_volume"": 10}, {""year"": 2026, ""month"": 1, ""search_volume"": 10}, {""year"": 2025, ""month"": 12, ""search_volume"": 10}, {""year"": 2025, ""month"": 11, ""search_volume"": 20}, {""year"": 2025, ""month"": 10, ""search_volume"": 10}, {""year"": 2025, ""month"": 9, ""search_volume"": 10}, {""year"": 2025, ""month"": 8, ""search_volume"": 10}]"
A6,kit rasage shavette,10,,USD_DOCUMENTED,incompatible,False,,,,,"accessoire, autre public/format ou provenance non prouvée",dataforseo_labs/google/keyword_suggestions/live,2026-09-03T14:36:24.996196+00:00,2026-09-03-qualification-9-produits-pur/raw/10-A6-labs-4.json.gz,"[{""year"": 2026, ""month"": 7, ""search_volume"": 0}, {""year"": 2026, ""month"": 6, ""search_volume"": 10}, {""year"": 2026, ""month"": 5, ""search_volume"": 10}, {""year"": 2026, ""month"": 4, ""search_volume"": 10}, {""year"": 2026, ""month"": 3, ""search_volume"": 10}, {""year"": 2026, ""month"": 2, ""search_volume"": 10}, {""year"": 2026, ""month"": 1, ""search_volume"": 0}, {""year"": 2025, ""month"": 12, ""search_volume"": 10}, {""year"": 2025, ""month"": 11, ""search_volume"": 10}, {""year"": 2025, ""month"": 10, ""search_volume"": 10}, {""year"": 2025, ""month"": 9, ""search_volume"": 0}, {""year"": 2025, ""month"": 8, ""search_volume"": 10}]"
A6,kit de rasage barbier,10,,USD_DOCUMENTED,conditional,False,,,G0066,0,"ensemble ou traditionnel, composition à confirmer en SERP",keywords_data/google_ads/search_volume/live,2026-09-03T14:41:36.469628+00:00,2026-09-03-qualification-9-produits-pur/raw/20-controls-1.json.gz,"[{""year"": 2026, ""month"": 7, ""search_volume"": 0}, {""year"": 2026, ""month"": 6, ""search_volume"": 10}, {""year"": 2026, ""month"": 5, ""search_volume"": 10}, {""year"": 2026, ""month"": 4, ""search_volume"": 10}, {""year"": 2026, ""month"": 3, ""search_volume"": 10}, {""year"": 2026, ""month"": 2, ""search_volume"": 0}, {""year"": 2026, ""month"": 1, ""search_volume"": 10}, {""year"": 2025, ""month"": 12, ""search_volume"": 10}, {""year"": 2025, ""month"": 11, ""search_volume"": 10}, {""year"": 2025, ""month"": 10, ""search_volume"": 10}, {""year"": 2025, ""month"": 9, ""search_volume"": 10}, {""year"": 2025, ""month"": 8, ""search_volume"": 10}]"
A6,kit de rasage nocibe,10,0.33,USD_DOCUMENTED,conditional,True,,,,,"ensemble ou traditionnel, composition à confirmer en SERP",keywords_data/google_ads/search_volume/live,2026-09-03T14:41:36.469628+00:00,2026-09-03-qualification-9-produits-pur/raw/20-controls-1.json.gz,"[{""year"": 2026, ""month"": 7, ""search_volume"": 10}, {""year"": 2026, ""month"": 6, ""search_volume"": 10}, {""year"": 2026, ""month"": 5, ""search_volume"": 0}, {""year"": 2026, ""month"": 4, ""search_volume"": 10}, {""year"": 2026, ""month"": 3, ""search_volume"": 10}, {""year"": 2026, ""month"": 2, ""search_volume"": 10}, {""year"": 2026, ""month"": 1, ""search_volume"": 10}, {""year"": 2025, ""month"": 12, ""search_volume"": 10}, {""year"": 2025, ""month"": 11, ""search_volume"": 10}, {""year"": 2025, ""month"": 10, ""search_volume"": 10}, {""year"": 2025, ""month"": 9, ""search_volume"": 0}, {""year"": 2025, ""month"": 8, ""search_volume"": 10}]"
A6,kit rasage wilkinson,10,0.27,USD_DOCUMENTED,conditional,True,,,,,"ensemble ou traditionnel, composition à confirmer en SERP",keywords_data/google_ads/search_volume/live,2026-09-03T14:41:36.469628+00:00,2026-09-03-qualification-9-produits-pur/raw/20-controls-1.json.gz,"[{""year"": 2026, ""month"": 7, ""search_volume"": 10}, {""year"": 2026, ""month"": 6, ""search_volume"": 10}, {""year"": 2026, ""month"": 5, ""search_volume"": 10}, {""year"": 2026, ""month"": 4, ""search_volume"": 10}, {""year"": 2026, ""month"": 3, ""search_volume"": 10}, {""year"": 2026, ""month"": 2, ""search_volume"": 10}, {""year"": 2026, ""month"": 1, ""search_volume"": 10}, {""year"": 2025, ""month"": 12, ""search_volume"": 10}, {""year"": 2025, ""month"": 11, ""search_volume"": 10}, {""year"": 2025, ""month"": 10, ""search_volume"": 10}, {""year"": 2025, ""month"": 9, ""search_volume"": 10}, {""year"": 2025, ""month"": 8, ""search_volume"": 0}]"
A6,kit rasage zéro déchet,10,,USD_DOCUMENTED,conditional,False,,,G0076,0,"ensemble ou traditionnel, composition à confirmer en SERP",keywords_data/google_ads/search_volume/live,2026-09-03T14:41:36.469628+00:00,2026-09-03-qualification-9-produits-pur/raw/20-controls-1.json.gz,"[{""year"": 2026, ""month"": 7, ""search_volume"": 0}, {""year"": 2026, ""month"": 6, ""search_volume"": 0}, {""year"": 2026, ""month"": 5, ""search_volume"": 0}, {""year"": 2026, ""month"": 4, ""search_volume"": 0}, {""year"": 2026, ""month"": 3, ""search_volume"": 0}, {""year"": 2026, ""month"": 2, ""search_volume"": 0}, {""year"": 2026, ""month"": 1, ""search_volume"": 0}, {""year"": 2025, ""month"": 12, ""search_volume"": 0}, {""year"": 2025, ""month"": 11, ""search_volume"": 10}, {""year"": 2025, ""month"": 10, ""search_volume"": 0}, {""year"": 2025, ""month"": 9, ""search_volume"": 0}, {""year"": 2025, ""month"": 8, ""search_volume"": 0}]"
A6,kit de rasage voyage,10,0.28,USD_DOCUMENTED,conditional,False,,,G0066,0,"ensemble ou traditionnel, composition à confirmer en SERP",keywords_data/google_ads/search_volume/live,2026-09-03T14:41:36.469628+00:00,2026-09-03-qualification-9-produits-pur/raw/20-controls-1.json.gz,"[{""year"": 2026, ""month"": 7, ""search_volume"": 10}, {""year"": 2026, ""month"": 6, ""search_volume"": 10}, {""year"": 2026, ""month"": 5, ""search_volume"": 10}, {""year"": 2026, ""month"": 4, ""search_volume"": 10}, {""year"": 2026, ""month"": 3, ""search_volume"": 10}, {""year"": 2026, ""month"": 2, ""search_volume"": 0}, {""year"": 2026, ""month"": 1, ""search_volume"": 10}, {""year"": 2025, ""month"": 12, ""search_volume"": 10}, {""year"": 2025, ""month"": 11, ""search_volume"": 10}, {""year"": 2025, ""month"": 10, ""search_volume"": 10}, {""year"": 2025, ""month"": 9, ""search_volume"": 10}, {""year"": 2025, ""month"": 8, ""search_volume"": 10}]"
A6,blaireau rasage kit,10,0.16,USD_DOCUMENTED,conditional,False,,,G0014,0,"ensemble ou traditionnel, composition à confirmer en SERP",keywords_data/google_ads/search_volume/live,2026-09-03T14:41:36.469628+00:00,2026-09-03-qualification-9-produits-pur/raw/20-controls-1.json.gz,"[{""year"": 2026, ""month"": 7, ""search_volume"": 10}, {""year"": 2026, ""month"": 6, ""search_volume"": 10}, {""year"": 2026, ""month"": 5, ""search_volume"": 10}, {""year"": 2026, ""month"": 4, ""search_volume"": 10}, {""year"": 2026, ""month"": 3, ""search_volume"": 10}, {""year"": 2026, ""month"": 2, ""search_volume"": 10}, {""year"": 2026, ""month"": 1, ""search_volume"": 10}, {""year"": 2025, ""month"": 12, ""search_volume"": 20}, {""year"": 2025, ""month"": 11, ""search_volume"": 20}, {""year"": 2025, ""month"": 10, ""search_volume"": 10}, {""year"": 2025, ""month"": 9, ""search_volume"": 10}, {""year"": 2025, ""month"": 8, ""search_volume"": 10}]"
A6,kit barbier rasage,10,,USD_DOCUMENTED,conditional,False,,,G0066,0,"ensemble ou traditionnel, composition à confirmer en SERP",keywords_data/google_ads/search_volume/live,2026-09-03T14:41:36.469628+00:00,2026-09-03-qualification-9-produits-pur/raw/20-controls-1.json.gz,"[{""year"": 2026, ""month"": 7, ""search_volume"": 0}, {""year"": 2026, ""month"": 6, ""search_volume"": 0}, {""year"": 2026, ""month"": 5, ""search_volume"": 0}, {""year"": 2026, ""month"": 4, ""search_volume"": 0}, {""year"": 2026, ""month"": 3, ""search_volume"": 0}, {""year"": 2026, ""month"": 2, ""search_volume"": 0}, {""year"": 2026, ""month"": 1, ""search_volume"": 0}, {""year"": 2025, ""month"": 12, ""search_volume"": 10}, {""year"": 2025, ""month"": 11, ""search_volume"": 0}, {""year"": 2025, ""month"": 10, ""search_volume"": 0}, {""year"": 2025, ""month"": 9, ""search_volume"": 0}, {""year"": 2025, ""month"": 8, ""search_volume"": 0}]"
A6,mon premier kit de rasage,10,0.12,USD_DOCUMENTED,conditional,False,,,G0084,10,"ensemble ou traditionnel, composition à confirmer en SERP",keywords_data/google_ads/search_volume/live,2026-09-03T14:41:36.469628+00:00,2026-09-03-qualification-9-produits-pur/raw/20-controls-1.json.gz,"[{""year"": 2026, ""month"": 7, ""search_volume"": 10}, {""year"": 2026, ""month"": 6, ""search_volume"": 0}, {""year"": 2026, ""month"": 5, ""search_volume"": 10}, {""year"": 2026, ""month"": 4, ""search_volume"": 10}, {""year"": 2026, ""month"": 3, ""search_volume"": 10}, {""year"": 2026, ""month"": 2, ""search_volume"": 10}, {""year"": 2026, ""month"": 1, ""search_volume"": 10}, {""year"": 2025, ""month"": 12, ""search_volume"": 30}, {""year"": 2025, ""month"": 11, ""search_volume"": 20}, {""year"": 2025, ""month"": 10, ""search_volume"": 10}, {""year"": 2025, ""month"": 9, ""search_volume"": 10}, {""year"": 2025, ""month"": 8, ""search_volume"": 10}]"
A6,kit premier rasage,10,,USD_DOCUMENTED,conditional,False,,,G0084,0,"ensemble ou traditionnel, composition à confirmer en SERP",keywords_data/google_ads/search_volume/live,2026-09-03T14:41:36.469628+00:00,2026-09-03-qualification-9-produits-pur/raw/20-controls-1.json.gz,"[{""year"": 2026, ""month"": 7, ""search_volume"": 10}, {""year"": 2026, ""month"": 6, ""search_volume"": 10}, {""year"": 2026, ""month"": 5, ""search_volume"": 10}, {""year"": 2026, ""month"": 4, ""search_volume"": 10}, {""year"": 2026, ""month"": 3, ""search_volume"": 10}, {""year"": 2026, ""month"": 2, ""search_volume"": 10}, {""year"": 2026, ""month"": 1, ""search_volume"": 10}, {""year"": 2025, ""month"": 12, ""search_volume"": 70}, {""year"": 2025, ""month"": 11, ""search_volume"": 30}, {""year"": 2025, ""month"": 10, ""search_volume"": 10}, {""year"": 2025, ""month"": 9, ""search_volume"": 10}, {""year"": 2025, ""month"": 8, ""search_volume"": 10}]"
A6,kit rasage homme bio,10,0.76,USD_DOCUMENTED,conditional,False,,,G0085,10,"ensemble ou traditionnel, composition à confirmer en SERP",keywords_data/google_ads/search_volume/live,2026-09-03T14:41:36.469628+00:00,2026-09-03-qualification-9-produits-pur/raw/20-controls-1.json.gz,"[{""year"": 2026, ""month"": 7, ""search_volume"": 10}, {""year"": 2026, ""month"": 6, ""search_volume"": 0}, {""year"": 2026, ""month"": 5, ""search_volume"": 10}, {""year"": 2026, ""month"": 4, ""search_volume"": 0}, {""year"": 2026, ""month"": 3, ""search_volume"": 10}, {""year"": 2026, ""month"": 2, ""search_volume"": 0}, {""year"": 2026, ""month"": 1, ""search_volume"": 0}, {""year"": 2025, ""month"": 12, ""search_volume"": 10}, {""year"": 2025, ""month"": 11, ""search_volume"": 10}, {""year"": 2025, ""month"": 10, ""search_volume"": 10}, {""year"": 2025, ""month"": 9, ""search_volume"": 0}, {""year"": 2025, ""month"": 8, ""search_volume"": 0}]"
A6,kit de rasage blaireau,10,,USD_DOCUMENTED,conditional,False,,,G0014,0,"ensemble ou traditionnel, composition à confirmer en SERP",keywords_data/google_ads/search_volume/live,2026-09-03T14:41:36.469628+00:00,2026-09-03-qualification-9-produits-pur/raw/20-controls-1.json.gz,"[{""year"": 2026, ""month"": 7, ""search_volume"": 10}, {""year"": 2026, ""month"": 6, ""search_volume"": 0}, {""year"": 2026, ""month"": 5, ""search_volume"": 10}, {""year"": 2026, ""month"": 4, ""search_volume"": 10}, {""year"": 2026, ""month"": 3, ""search_volume"": 0}, {""year"": 2026, ""month"": 2, ""search_volume"": 0}, {""year"": 2026, ""month"": 1, ""search_volume"": 10}, {""year"": 2025, ""month"": 12, ""search_volume"": 10}, {""year"": 2025, ""month"": 11, ""search_volume"": 10}, {""year"": 2025, ""month"": 10, ""search_volume"": 10}, {""year"": 2025, ""month"": 9, ""search_volume"": 10}, {""year"": 2025, ""month"": 8, ""search_volume"": 10}]"
A6,kit de rasage pour ado,10,,USD_DOCUMENTED,incompatible,False,,,,,"accessoire, autre public/format ou provenance non prouvée",dataforseo_labs/google/keyword_suggestions/live,2026-09-03T14:36:24.996196+00:00,2026-09-03-qualification-9-produits-pur/raw/10-A6-labs-4.json.gz,"[{""year"": 2026, ""month"": 7, ""search_volume"": 0}, {""year"": 2026, ""month"": 6, ""search_volume"": 0}, {""year"": 2026, ""month"": 5, ""search_volume"": 10}, {""year"": 2026, ""month"": 4, ""search_volume"": 0}, {""year"": 2026, ""month"": 3, ""search_volume"": 10}, {""year"": 2026, ""month"": 2, ""search_volume"": 10}, {""year"": 2026, ""month"": 1, ""search_volume"": 10}, {""year"": 2025, ""month"": 12, ""search_volume"": 30}, {""year"": 2025, ""month"": 11, ""search_volume"": 20}, {""year"": 2025, ""month"": 10, ""search_volume"": 10}, {""year"": 2025, ""month"": 9, ""search_volume"": 10}, {""year"": 2025, ""month"": 8, ""search_volume"": 10}]"
A6,kit de rasage traditionnel,10,,USD_DOCUMENTED,conditional,False,,,G0069,0,"ensemble ou traditionnel, composition à confirmer en SERP",keywords_data/google_ads/search_volume/live,2026-09-03T14:41:36.469628+00:00,2026-09-03-qualification-9-produits-pur/raw/20-controls-1.json.gz,"[{""year"": 2026, ""month"": 7, ""search_volume"": 10}, {""year"": 2026, ""month"": 6, ""search_volume"": 10}, {""year"": 2026, ""month"": 5, ""search_volume"": 10}, {""year"": 2026, ""month"": 4, ""search_volume"": 10}, {""year"": 2026, ""month"": 3, ""search_volume"": 10}, {""year"": 2026, ""month"": 2, ""search_volume"": 10}, {""year"": 2026, ""month"": 1, ""search_volume"": 10}, {""year"": 2025, ""month"": 12, ""search_volume"": 10}, {""year"": 2025, ""month"": 11, ""search_volume"": 10}, {""year"": 2025, ""month"": 10, ""search_volume"": 10}, {""year"": 2025, ""month"": 9, ""search_volume"": 10}, {""year"": 2025, ""month"": 8, ""search_volume"": 10}]"
A6,kit rasage gillette,10,0.18,USD_DOCUMENTED,conditional,True,,,,,"ensemble ou traditionnel, composition à confirmer en SERP",keywords_data/google_ads/search_volume/live,2026-09-03T14:41:36.469628+00:00,2026-09-03-qualification-9-produits-pur/raw/20-controls-1.json.gz,"[{""year"": 2026, ""month"": 7, ""search_volume"": 10}, {""year"": 2026, ""month"": 6, ""search_volume"": 10}, {""year"": 2026, ""month"": 5, ""search_volume"": 10}, {""year"": 2026, ""month"": 4, ""search_volume"": 10}, {""year"": 2026, ""month"": 3, ""search_volume"": 10}, {""year"": 2026, ""month"": 2, ""search_volume"": 10}, {""year"": 2026, ""month"": 1, ""search_volume"": 10}, {""year"": 2025, ""month"": 12, ""search_volume"": 20}, {""year"": 2025, ""month"": 11, ""search_volume"": 20}, {""year"": 2025, ""month"": 10, ""search_volume"": 10}, {""year"": 2025, ""month"": 9, ""search_volume"": 10}, {""year"": 2025, ""month"": 8, ""search_volume"": 10}]"
A6,kit de rasage nature et decouverte,10,0.05,USD_DOCUMENTED,conditional,False,,,G0068,0,"ensemble ou traditionnel, composition à confirmer en SERP",keywords_data/google_ads/search_volume/live,2026-09-03T14:41:36.469628+00:00,2026-09-03-qualification-9-produits-pur/raw/20-controls-1.json.gz,"[{""year"": 2026, ""month"": 7, ""search_volume"": 10}, {""year"": 2026, ""month"": 6, ""search_volume"": 10}, {""year"": 2026, ""month"": 5, ""search_volume"": 0}, {""year"": 2026, ""month"": 4, ""search_volume"": 0}, {""year"": 2026, ""month"": 3, ""search_volume"": 0}, {""year"": 2026, ""month"": 2, ""search_volume"": 0}, {""year"": 2026, ""month"": 1, ""search_volume"": 0}, {""year"": 2025, ""month"": 12, ""search_volume"": 10}, {""year"": 2025, ""month"": 11, ""search_volume"": 0}, {""year"": 2025, ""month"": 10, ""search_volume"": 0}, {""year"": 2025, ""month"": 9, ""search_volume"": 0}, {""year"": 2025, ""month"": 8, ""search_volume"": 0}]"
A6,kit rasage homme gillette,10,0.14,USD_DOCUMENTED,conditional,True,,,,,"ensemble ou traditionnel, composition à confirmer en SERP",keywords_data/google_ads/search_volume/live,2026-09-03T14:41:36.469628+00:00,2026-09-03-qualification-9-produits-pur/raw/20-controls-1.json.gz,"[{""year"": 2026, ""month"": 7, ""search_volume"": 10}, {""year"": 2026, ""month"": 6, ""search_volume"": 10}, {""year"": 2026, ""month"": 5, ""search_volume"": 10}, {""year"": 2026, ""month"": 4, ""search_volume"": 0}, {""year"": 2026, ""month"": 3, ""search_volume"": 0}, {""year"": 2026, ""month"": 2, ""search_volume"": 10}, {""year"": 2026, ""month"": 1, ""search_volume"": 10}, {""year"": 2025, ""month"": 12, ""search_volume"": 20}, {""year"": 2025, ""month"": 11, ""search_volume"": 10}, {""year"": 2025, ""month"": 10, ""search_volume"": 10}, {""year"": 2025, ""month"": 9, ""search_volume"": 0}, {""year"": 2025, ""month"": 8, ""search_volume"": 10}]"
A6,kit de rasage de voyage,10,0.38,USD_DOCUMENTED,conditional,False,,,G0066,0,"ensemble ou traditionnel, composition à confirmer en SERP",keywords_data/google_ads/search_volume/live,2026-09-03T14:41:36.469628+00:00,2026-09-03-qualification-9-produits-pur/raw/20-controls-1.json.gz,"[{""year"": 2026, ""month"": 7, ""search_volume"": 10}, {""year"": 2026, ""month"": 6, ""search_volume"": 10}, {""year"": 2026, ""month"": 5, ""search_volume"": 0}, {""year"": 2026, ""month"": 4, ""search_volume"": 10}, {""year"": 2026, ""month"": 3, ""search_volume"": 0}, {""year"": 2026, ""month"": 2, ""search_volume"": 0}, {""year"": 2026, ""month"": 1, ""search_volume"": 10}, {""year"": 2025, ""month"": 12, ""search_volume"": 10}, {""year"": 2025, ""month"": 11, ""search_volume"": 10}, {""year"": 2025, ""month"": 10, ""search_volume"": 10}, {""year"": 2025, ""month"": 9, ""search_volume"": 10}, {""year"": 2025, ""month"": 8, ""search_volume"": 10}]"
A6,kit de rasage vintage,10,,USD_DOCUMENTED,conditional,False,,,G0078,0,"ensemble ou traditionnel, composition à confirmer en SERP",keywords_data/google_ads/search_volume/live,2026-09-03T14:41:36.469628+00:00,2026-09-03-qualification-9-produits-pur/raw/20-controls-1.json.gz,"[{""year"": 2026, ""month"": 7, ""search_volume"": 10}, {""year"": 2026, ""month"": 6, ""search_volume"": 0}, {""year"": 2026, ""month"": 5, ""search_volume"": 0}, {""year"": 2026, ""month"": 4, ""search_volume"": 10}, {""year"": 2026, ""month"": 3, ""search_volume"": 10}, {""year"": 2026, ""month"": 2, ""search_volume"": 0}, {""year"": 2026, ""month"": 1, ""search_volume"": 10}, {""year"": 2025, ""month"": 12, ""search_volume"": 10}, {""year"": 2025, ""month"": 11, ""search_volume"": 10}, {""year"": 2025, ""month"": 10, ""search_volume"": 10}, {""year"": 2025, ""month"": 9, ""search_volume"": 10}, {""year"": 2025, ""month"": 8, ""search_volume"": 10}]"
A6,kit homme rasage,10,1.32,USD_DOCUMENTED,conditional,False,,,G0003,0,"ensemble ou traditionnel, composition à confirmer en SERP",keywords_data/google_ads/search_volume/live,2026-09-03T14:41:36.469628+00:00,2026-09-03-qualification-9-produits-pur/raw/20-controls-1.json.gz,"[{""year"": 2026, ""month"": 7, ""search_volume"": 10}, {""year"": 2026, ""month"": 6, ""search_volume"": 10}, {""year"": 2026, ""month"": 5, ""search_volume"": 10}, {""year"": 2026, ""month"": 4, ""search_volume"": 10}, {""year"": 2026, ""month"": 3, ""search_volume"": 10}, {""year"": 2026, ""month"": 2, ""search_volume"": 10}, {""year"": 2026, ""month"": 1, ""search_volume"": 10}, {""year"": 2025, ""month"": 12, ""search_volume"": 40}, {""year"": 2025, ""month"": 11, ""search_volume"": 30}, {""year"": 2025, ""month"": 10, ""search_volume"": 10}, {""year"": 2025, ""month"": 9, ""search_volume"": 10}, {""year"": 2025, ""month"": 8, ""search_volume"": 10}]"
A6,kit de rasage rituals,10,0.45,USD_DOCUMENTED,conditional,True,,,,,"ensemble ou traditionnel, composition à confirmer en SERP",keywords_data/google_ads/search_volume/live,2026-09-03T14:41:36.469628+00:00,2026-09-03-qualification-9-produits-pur/raw/20-controls-1.json.gz,"[{""year"": 2026, ""month"": 7, ""search_volume"": 10}, {""year"": 2026, ""month"": 6, ""search_volume"": 0}, {""year"": 2026, ""month"": 5, ""search_volume"": 0}, {""year"": 2026, ""month"": 4, ""search_volume"": 10}, {""year"": 2026, ""month"": 3, ""search_volume"": 10}, {""year"": 2026, ""month"": 2, ""search_volume"": 10}, {""year"": 2026, ""month"": 1, ""search_volume"": 10}, {""year"": 2025, ""month"": 12, ""search_volume"": 30}, {""year"": 2025, ""month"": 11, ""search_volume"": 10}, {""year"": 2025, ""month"": 10, ""search_volume"": 10}, {""year"": 2025, ""month"": 9, ""search_volume"": 10}, {""year"": 2025, ""month"": 8, ""search_volume"": 10}]"
A6,kit de rasage personnalisé,10,0.2,USD_DOCUMENTED,conditional,False,,,G0086,10,"ensemble ou traditionnel, composition à confirmer en SERP",keywords_data/google_ads/search_volume/live,2026-09-03T14:41:36.469628+00:00,2026-09-03-qualification-9-produits-pur/raw/20-controls-1.json.gz,"[{""year"": 2026, ""month"": 7, ""search_volume"": 10}, {""year"": 2026, ""month"": 6, ""search_volume"": 10}, {""year"": 2026, ""month"": 5, ""search_volume"": 10}, {""year"": 2026, ""month"": 4, ""search_volume"": 0}, {""year"": 2026, ""month"": 3, ""search_volume"": 10}, {""year"": 2026, ""month"": 2, ""search_volume"": 10}, {""year"": 2026, ""month"": 1, ""search_volume"": 10}, {""year"": 2025, ""month"": 12, ""search_volume"": 10}, {""year"": 2025, ""month"": 11, ""search_volume"": 10}, {""year"": 2025, ""month"": 10, ""search_volume"": 10}, {""year"": 2025, ""month"": 9, ""search_volume"": 10}, {""year"": 2025, ""month"": 8, ""search_volume"": 10}]"
A6,kit rasage visage femme sephora,10,,USD_DOCUMENTED,incompatible,True,,,,,"accessoire, autre public/format ou provenance non prouvée",dataforseo_labs/google/keyword_suggestions/live,2026-09-03T14:36:24.996196+00:00,2026-09-03-qualification-9-produits-pur/raw/10-A6-labs-4.json.gz,"[{""year"": 2026, ""month"": 7, ""search_volume"": 0}, {""year"": 2026, ""month"": 6, ""search_volume"": 0}, {""year"": 2026, ""month"": 5, ""search_volume"": 0}, {""year"": 2026, ""month"": 4, ""search_volume"": 0}, {""year"": 2026, ""month"": 3, ""search_volume"": 0}, {""year"": 2026, ""month"": 2, ""search_volume"": 10}, {""year"": 2026, ""month"": 1, ""search_volume"": 10}, {""year"": 2025, ""month"": 12, ""search_volume"": 10}, {""year"": 2025, ""month"": 11, ""search_volume"": 0}, {""year"": 2025, ""month"": 10, ""search_volume"": 10}, {""year"": 2025, ""month"": 9, ""search_volume"": 10}, {""year"": 2025, ""month"": 8, ""search_volume"": 10}]"
A6,kit de rasage nocibé,10,0.33,USD_DOCUMENTED,conditional,True,,,,,"ensemble ou traditionnel, composition à confirmer en SERP",keywords_data/google_ads/search_volume/live,2026-09-03T14:41:36.469628+00:00,2026-09-03-qualification-9-produits-pur/raw/20-controls-1.json.gz,"[{""year"": 2026, ""month"": 7, ""search_volume"": 10}, {""year"": 2026, ""month"": 6, ""search_volume"": 10}, {""year"": 2026, ""month"": 5, ""search_volume"": 0}, {""year"": 2026, ""month"": 4, ""search_volume"": 10}, {""year"": 2026, ""month"": 3, ""search_volume"": 10}, {""year"": 2026, ""month"": 2, ""search_volume"": 10}, {""year"": 2026, ""month"": 1, ""search_volume"": 10}, {""year"": 2025, ""month"": 12, ""search_volume"": 10}, {""year"": 2025, ""month"": 11, ""search_volume"": 10}, {""year"": 2025, ""month"": 10, ""search_volume"": 10}, {""year"": 2025, ""month"": 9, ""search_volume"": 0}, {""year"": 2025, ""month"": 8, ""search_volume"": 10}]"
A6,kit rasage écologique,10,,USD_DOCUMENTED,conditional,False,,,G0073,0,"ensemble ou traditionnel, composition à confirmer en SERP",keywords_data/google_ads/search_volume/live,2026-09-03T14:41:36.469628+00:00,2026-09-03-qualification-9-produits-pur/raw/20-controls-1.json.gz,"[{""year"": 2026, ""month"": 7, ""search_volume"": 0}, {""year"": 2026, ""month"": 6, ""search_volume"": 0}, {""year"": 2026, ""month"": 5, ""search_volume"": 0}, {""year"": 2026, ""month"": 4, ""search_volume"": 0}, {""year"": 2026, ""month"": 3, ""search_volume"": 10}, {""year"": 2026, ""month"": 2, ""search_volume"": 0}, {""year"": 2026, ""month"": 1, ""search_volume"": 0}, {""year"": 2025, ""month"": 12, ""search_volume"": 10}, {""year"": 2025, ""month"": 11, ""search_volume"": 10}, {""year"": 2025, ""month"": 10, ""search_volume"": 0}, {""year"": 2025, ""month"": 9, ""search_volume"": 0}, {""year"": 2025, ""month"": 8, ""search_volume"": 0}]"
A6,kit rasage nocibé,10,,USD_DOCUMENTED,conditional,True,,,,,"ensemble ou traditionnel, composition à confirmer en SERP",keywords_data/google_ads/search_volume/live,2026-09-03T14:41:36.469628+00:00,2026-09-03-qualification-9-produits-pur/raw/20-controls-1.json.gz,"[{""year"": 2026, ""month"": 7, ""search_volume"": 10}, {""year"": 2026, ""month"": 6, ""search_volume"": 10}, {""year"": 2026, ""month"": 5, ""search_volume"": 10}, {""year"": 2026, ""month"": 4, ""search_volume"": 10}, {""year"": 2026, ""month"": 3, ""search_volume"": 10}, {""year"": 2026, ""month"": 2, ""search_volume"": 10}, {""year"": 2026, ""month"": 1, ""search_volume"": 0}, {""year"": 2025, ""month"": 12, ""search_volume"": 20}, {""year"": 2025, ""month"": 11, ""search_volume"": 10}, {""year"": 2025, ""month"": 10, ""search_volume"": 10}, {""year"": 2025, ""month"": 9, ""search_volume"": 10}, {""year"": 2025, ""month"": 8, ""search_volume"": 10}]"
A6,kit rasage homme nocibé,10,0.34,USD_DOCUMENTED,conditional,True,,,,,"ensemble ou traditionnel, composition à confirmer en SERP",keywords_data/google_ads/search_volume/live,2026-09-03T14:41:36.469628+00:00,2026-09-03-qualification-9-produits-pur/raw/20-controls-1.json.gz,"[{""year"": 2026, ""month"": 7, ""search_volume"": 10}, {""year"": 2026, ""month"": 6, ""search_volume"": 10}, {""year"": 2026, ""month"": 5, ""search_volume"": 10}, {""year"": 2026, ""month"": 4, ""search_volume"": 10}, {""year"": 2026, ""month"": 3, ""search_volume"": 10}, {""year"": 2026, ""month"": 2, ""search_volume"": 10}, {""year"": 2026, ""month"": 1, ""search_volume"": 10}, {""year"": 2025, ""month"": 12, ""search_volume"": 10}, {""year"": 2025, ""month"": 11, ""search_volume"": 10}, {""year"": 2025, ""month"": 10, ""search_volume"": 10}, {""year"": 2025, ""month"": 9, ""search_volume"": 10}, {""year"": 2025, ""month"": 8, ""search_volume"": 10}]"
A6,rasoir de surete sur rasage classique,0,,USD_DOCUMENTED,core,False,G0021,0,G0087,0,rasoir de sûreté/sécurité homme ou non genré,keywords_data/google_ads/search_volume/live,2026-09-03T14:41:31.031518+00:00,2026-09-03-qualification-9-produits-pur/raw/20-controls-0.json.gz,"[{""year"": 2026, ""month"": 7, ""search_volume"": 0}, {""year"": 2026, ""month"": 6, ""search_volume"": 0}, {""year"": 2026, ""month"": 5, ""search_volume"": 0}, {""year"": 2026, ""month"": 4, ""search_volume"": 0}, {""year"": 2026, ""month"": 3, ""search_volume"": 0}, {""year"": 2026, ""month"": 2, ""search_volume"": 0}, {""year"": 2026, ""month"": 1, ""search_volume"": 0}, {""year"": 2025, ""month"": 12, ""search_volume"": 0}, {""year"": 2025, ""month"": 11, ""search_volume"": 0}, {""year"": 2025, ""month"": 10, ""search_volume"": 0}, {""year"": 2025, ""month"": 9, ""search_volume"": 0}, {""year"": 2025, ""month"": 8, ""search_volume"": 0}]"
A6,rasoir de surete lame,,,USD_DOCUMENTED,incompatible,False,,,,,"accessoire, autre public/format ou provenance non prouvée",dataforseo_labs/google/keyword_suggestions/live,2026-09-03T11:49:03.277522+00:00,2026-09-03-test-decouverte-search-12/04-A6-targeted.json.gz,"[{""year"": 2026, ""month"": 5, ""search_volume"": 0}, {""year"": 2026, ""month"": 4, ""search_volume"": 0}, {""year"": 2026, ""month"": 3, ""search_volume"": 0}, {""year"": 2026, ""month"": 2, ""search_volume"": 0}, {""year"": 2026, ""month"": 1, ""search_volume"": 0}, {""year"": 2025, ""month"": 12, ""search_volume"": 0}, {""year"": 2025, ""month"": 11, ""search_volume"": 0}, {""year"": 2025, ""month"": 10, ""search_volume"": 0}, {""year"": 2025, ""month"": 9, ""search_volume"": 0}, {""year"": 2025, ""month"": 8, ""search_volume"": 0}, {""year"": 2025, ""month"": 7, ""search_volume"": 0}, {""year"": 2025, ""month"": 6, ""search_volume"": 0}]"
A6,coffret rasoir de surete,,,USD_DOCUMENTED,core,False,G0022,,G0088,,rasoir de sûreté/sécurité homme ou non genré,keywords_data/google_ads/search_volume/live,2026-09-03T14:41:31.031518+00:00,2026-09-03-qualification-9-produits-pur/raw/20-controls-0.json.gz,[]
A6,wilkinson rasoir de surete,,,USD_DOCUMENTED,core,True,,,,,rasoir de sûreté/sécurité homme ou non genré,keywords_data/google_ads/search_volume/live,2026-09-03T14:41:31.031518+00:00,2026-09-03-qualification-9-produits-pur/raw/20-controls-0.json.gz,[]
A6,rasoir de surete kanzy,,,USD_DOCUMENTED,core,False,G0023,,G0089,,rasoir de sûreté/sécurité homme ou non genré,keywords_data/google_ads/search_volume/live,2026-09-03T14:41:31.031518+00:00,2026-09-03-qualification-9-produits-pur/raw/20-controls-0.json.gz,[]
A6,rasoir de surete papillon,,,USD_DOCUMENTED,incompatible,False,,,,,"format, public, pays ou intention hors kit débutant fixe",keywords_data/google_ads/search_volume/live,2026-09-03T14:41:31.031518+00:00,2026-09-03-qualification-9-produits-pur/raw/20-controls-0.json.gz,[]
A6,rasoir de surete inox,,,USD_DOCUMENTED,core,False,G0024,,G0090,,rasoir de sûreté/sécurité homme ou non genré,keywords_data/google_ads/search_volume/live,2026-09-03T14:41:31.031518+00:00,2026-09-03-qualification-9-produits-pur/raw/20-controls-0.json.gz,[]
A6,rasoir de surete bambaw,,,USD_DOCUMENTED,core,True,,,,,rasoir de sûreté/sécurité homme ou non genré,keywords_data/google_ads/search_volume/live,2026-09-03T14:41:31.031518+00:00,2026-09-03-qualification-9-produits-pur/raw/20-controls-0.json.gz,[]
A6,rasoir de surete bois,,,USD_DOCUMENTED,core,False,G0025,,G0091,,rasoir de sûreté/sécurité homme ou non genré,keywords_data/google_ads/search_volume/live,2026-09-03T14:41:31.031518+00:00,2026-09-03-qualification-9-produits-pur/raw/20-controls-0.json.gz,[]
A6,rasoir de surete toulouse,,,USD_DOCUMENTED,core,False,G0026,,G0092,,rasoir de sûreté/sécurité homme ou non genré,keywords_data/google_ads/search_volume/live,2026-09-03T14:41:31.031518+00:00,2026-09-03-qualification-9-produits-pur/raw/20-controls-0.json.gz,[]
A6,rasoir de surete de luxe,,,USD_DOCUMENTED,core,False,G0027,,G0093,,rasoir de sûreté/sécurité homme ou non genré,keywords_data/google_ads/search_volume/live,2026-09-03T14:41:31.031518+00:00,2026-09-03-qualification-9-produits-pur/raw/20-controls-0.json.gz,[]
A6,rasoir de surete ouvert,,,USD_DOCUMENTED,core,False,G0028,,G0094,,rasoir de sûreté/sécurité homme ou non genré,keywords_data/google_ads/search_volume/live,2026-09-03T14:41:31.031518+00:00,2026-09-03-qualification-9-produits-pur/raw/20-controls-0.json.gz,[]
A6,oneblade rasoir de surete,,,USD_DOCUMENTED,core,False,G0029,,G0095,,rasoir de sûreté/sécurité homme ou non genré,keywords_data/google_ads/search_volume/live,2026-09-03T14:41:31.031518+00:00,2026-09-03-qualification-9-produits-pur/raw/20-controls-0.json.gz,[]
A6,rasoir de surete jambes,,,USD_DOCUMENTED,incompatible,False,,,,,"accessoire, autre public/format ou provenance non prouvée",dataforseo_labs/google/keyword_suggestions/live,2026-09-03T11:49:03.277522+00:00,2026-09-03-test-decouverte-search-12/04-A6-targeted.json.gz,"[{""year"": 2026, ""month"": 5, ""search_volume"": 0}, {""year"": 2026, ""month"": 4, ""search_volume"": 0}, {""year"": 2026, ""month"": 3, ""search_volume"": 0}, {""year"": 2026, ""month"": 2, ""search_volume"": 0}, {""year"": 2026, ""month"": 1, ""search_volume"": 0}, {""year"": 2025, ""month"": 12, ""search_volume"": 0}, {""year"": 2025, ""month"": 11, ""search_volume"": 0}, {""year"": 2025, ""month"": 10, ""search_volume"": 0}, {""year"": 2025, ""month"": 9, ""search_volume"": 0}, {""year"": 2025, ""month"": 8, ""search_volume"": 0}, {""year"": 2025, ""month"": 7, ""search_volume"": 0}, {""year"": 2025, ""month"": 6, ""search_volume"": 0}]"
A6,rasoir de surete oneblade,,,USD_DOCUMENTED,core,False,G0029,0,G0095,0,rasoir de sûreté/sécurité homme ou non genré,keywords_data/google_ads/search_volume/live,2026-09-03T14:41:31.031518+00:00,2026-09-03-qualification-9-produits-pur/raw/20-controls-0.json.gz,[]
A6,rasoir surete crane,,,USD_DOCUMENTED,incompatible,False,,,,,"format, public, pays ou intention hors kit débutant fixe",keywords_data/google_ads/search_volume/live,2026-09-03T14:41:31.031518+00:00,2026-09-03-qualification-9-produits-pur/raw/20-controls-0.json.gz,[]
A6,rasoir surete parker,,,USD_DOCUMENTED,core,True,,,,,rasoir de sûreté/sécurité homme ou non genré,keywords_data/google_ads/search_volume/live,2026-09-03T14:41:31.031518+00:00,2026-09-03-qualification-9-produits-pur/raw/20-controls-0.json.gz,[]
A6,utiliser rasoir surete,,,USD_DOCUMENTED,information,False,,,,,"usage/SAV/risque, hors demande achat directe",dataforseo_labs/google/keyword_suggestions/live,2026-09-03T11:49:03.277522+00:00,2026-09-03-test-decouverte-search-12/04-A6-targeted.json.gz,"[{""year"": 2026, ""month"": 5, ""search_volume"": 0}, {""year"": 2026, ""month"": 4, ""search_volume"": 0}, {""year"": 2026, ""month"": 3, ""search_volume"": 0}, {""year"": 2026, ""month"": 2, ""search_volume"": 0}, {""year"": 2026, ""month"": 1, ""search_volume"": 0}, {""year"": 2025, ""month"": 12, ""search_volume"": 0}, {""year"": 2025, ""month"": 11, ""search_volume"": 0}, {""year"": 2025, ""month"": 10, ""search_volume"": 0}, {""year"": 2025, ""month"": 9, ""search_volume"": 0}, {""year"": 2025, ""month"": 8, ""search_volume"": 0}, {""year"": 2025, ""month"": 7, ""search_volume"": 0}, {""year"": 2025, ""month"": 6, ""search_volume"": 0}]"
A6,rasoir surete france,,,USD_DOCUMENTED,incompatible,False,,,,,"accessoire, autre public/format ou provenance non prouvée",dataforseo_labs/google/keyword_suggestions/live,2026-09-03T11:49:03.277522+00:00,2026-09-03-test-decouverte-search-12/04-A6-targeted.json.gz,"[{""year"": 2026, ""month"": 5, ""search_volume"": 0}, {""year"": 2026, ""month"": 4, ""search_volume"": 0}, {""year"": 2026, ""month"": 3, ""search_volume"": 0}, {""year"": 2026, ""month"": 2, ""search_volume"": 0}, {""year"": 2026, ""month"": 1, ""search_volume"": 0}, {""year"": 2025, ""month"": 12, ""search_volume"": 0}, {""year"": 2025, ""month"": 11, ""search_volume"": 0}, {""year"": 2025, ""month"": 10, ""search_volume"": 0}, {""year"": 2025, ""month"": 9, ""search_volume"": 0}, {""year"": 2025, ""month"": 8, ""search_volume"": 0}, {""year"": 2025, ""month"": 7, ""search_volume"": 0}, {""year"": 2025, ""month"": 6, ""search_volume"": 0}]"
A6,rasoir surete paris,,,USD_DOCUMENTED,core,False,G0030,,G0096,,rasoir de sûreté/sécurité homme ou non genré,keywords_data/google_ads/search_volume/live,2026-09-03T14:41:31.031518+00:00,2026-09-03-qualification-9-produits-pur/raw/20-controls-0.json.gz,[]
A6,rasoir de sûreté sur rasage classique,0,,USD_DOCUMENTED,core,False,G0021,0,G0087,0,rasoir de sûreté/sécurité homme ou non genré,keywords_data/google_ads/search_volume/live,2026-09-03T14:41:36.469628+00:00,2026-09-03-qualification-9-produits-pur/raw/20-controls-1.json.gz,"[{""year"": 2026, ""month"": 7, ""search_volume"": 0}, {""year"": 2026, ""month"": 6, ""search_volume"": 0}, {""year"": 2026, ""month"": 5, ""search_volume"": 0}, {""year"": 2026, ""month"": 4, ""search_volume"": 0}, {""year"": 2026, ""month"": 3, ""search_volume"": 0}, {""year"": 2026, ""month"": 2, ""search_volume"": 0}, {""year"": 2026, ""month"": 1, ""search_volume"": 0}, {""year"": 2025, ""month"": 12, ""search_volume"": 0}, {""year"": 2025, ""month"": 11, ""search_volume"": 0}, {""year"": 2025, ""month"": 10, ""search_volume"": 0}, {""year"": 2025, ""month"": 9, ""search_volume"": 0}, {""year"": 2025, ""month"": 8, ""search_volume"": 0}]"
A6,rasoir de sûreté québec,0,,USD_DOCUMENTED,core,False,G0031,0,G0097,0,rasoir de sûreté/sécurité homme ou non genré,keywords_data/google_ads/search_volume/live,2026-09-03T14:41:36.469628+00:00,2026-09-03-qualification-9-produits-pur/raw/20-controls-1.json.gz,"[{""year"": 2026, ""month"": 7, ""search_volume"": 0}, {""year"": 2026, ""month"": 6, ""search_volume"": 0}, {""year"": 2026, ""month"": 5, ""search_volume"": 0}, {""year"": 2026, ""month"": 4, ""search_volume"": 0}, {""year"": 2026, ""month"": 3, ""search_volume"": 0}, {""year"": 2026, ""month"": 2, ""search_volume"": 0}, {""year"": 2026, ""month"": 1, ""search_volume"": 0}, {""year"": 2025, ""month"": 12, ""search_volume"": 0}, {""year"": 2025, ""month"": 11, ""search_volume"": 0}, {""year"": 2025, ""month"": 10, ""search_volume"": 0}, {""year"": 2025, ""month"": 9, ""search_volume"": 0}, {""year"": 2025, ""month"": 8, ""search_volume"": 0}]"
A6,kanzy rasoir de sûreté,,,USD_DOCUMENTED,core,False,G0023,0,G0089,0,rasoir de sûreté/sécurité homme ou non genré,keywords_data/google_ads/search_volume/live,2026-09-03T14:41:36.469628+00:00,2026-09-03-qualification-9-produits-pur/raw/20-controls-1.json.gz,[]
A6,rasoir de sûreté personnalisé,,,USD_DOCUMENTED,core,False,G0032,,G0098,,rasoir de sûreté/sécurité homme ou non genré,keywords_data/google_ads/search_volume/live,2026-09-03T14:41:36.469628+00:00,2026-09-03-qualification-9-produits-pur/raw/20-controls-1.json.gz,[]
A6,rasoir de sûreté et blaireau,,,USD_DOCUMENTED,core,False,G0033,,G0099,,rasoir de sûreté/sécurité homme ou non genré,keywords_data/google_ads/search_volume/live,2026-09-03T14:41:36.469628+00:00,2026-09-03-qualification-9-produits-pur/raw/20-controls-1.json.gz,[]
A6,rasoir de sûreté comparatif,,,USD_DOCUMENTED,core,False,G0034,,G0100,,rasoir de sûreté/sécurité homme ou non genré,keywords_data/google_ads/search_volume/live,2026-09-03T14:41:36.469628+00:00,2026-09-03-qualification-9-produits-pur/raw/20-controls-1.json.gz,[]
A6,pack lames rasoir de sûreté,,,USD_DOCUMENTED,incompatible,False,,,,,"accessoire, autre public/format ou provenance non prouvée",dataforseo_labs/google/keyword_suggestions/live,2026-09-03T14:36:23.673150+00:00,2026-09-03-qualification-9-produits-pur/raw/10-A6-labs-0.json.gz,"[{""year"": 2026, ""month"": 5, ""search_volume"": 0}, {""year"": 2026, ""month"": 4, ""search_volume"": 0}, {""year"": 2026, ""month"": 3, ""search_volume"": 0}, {""year"": 2026, ""month"": 2, ""search_volume"": 0}, {""year"": 2026, ""month"": 1, ""search_volume"": 0}, {""year"": 2025, ""month"": 12, ""search_volume"": 0}, {""year"": 2025, ""month"": 11, ""search_volume"": 0}, {""year"": 2025, ""month"": 10, ""search_volume"": 0}, {""year"": 2025, ""month"": 9, ""search_volume"": 0}, {""year"": 2025, ""month"": 8, ""search_volume"": 0}, {""year"": 2025, ""month"": 7, ""search_volume"": 0}, {""year"": 2025, ""month"": 6, ""search_volume"": 0}]"
A6,rasoir de sûreté bambaw,,,USD_DOCUMENTED,core,True,,,,,rasoir de sûreté/sécurité homme ou non genré,keywords_data/google_ads/search_volume/live,2026-09-03T14:41:36.469628+00:00,2026-09-03-qualification-9-produits-pur/raw/20-controls-1.json.gz,[]
A6,rasoir de sûreté lyon,,,USD_DOCUMENTED,core,False,G0035,,G0101,,rasoir de sûreté/sécurité homme ou non genré,keywords_data/google_ads/search_volume/live,2026-09-03T14:41:36.469628+00:00,2026-09-03-qualification-9-produits-pur/raw/20-controls-1.json.gz,[]
A6,forum rasage rasoir de sûreté,,,USD_DOCUMENTED,incompatible,False,,,,,"format, public, pays ou intention hors kit débutant fixe",keywords_data/google_ads/search_volume/live,2026-09-03T14:41:36.469628+00:00,2026-09-03-qualification-9-produits-pur/raw/20-controls-1.json.gz,[]
A6,rasoir de sûreté homme bois,,,USD_DOCUMENTED,core,False,G0036,,G0102,,rasoir de sûreté/sécurité homme ou non genré,keywords_data/google_ads/search_volume/live,2026-09-03T14:41:36.469628+00:00,2026-09-03-qualification-9-produits-pur/raw/20-controls-1.json.gz,[]
A6,rasoir de sûreté liege,,,USD_DOCUMENTED,core,False,G0037,,G0103,,rasoir de sûreté/sécurité homme ou non genré,keywords_data/google_ads/search_volume/live,2026-09-03T14:41:36.469628+00:00,2026-09-03-qualification-9-produits-pur/raw/20-controls-1.json.gz,[]
A6,acheter rasoir de sûreté,,,USD_DOCUMENTED,core,False,G0038,,G0104,,rasoir de sûreté/sécurité homme ou non genré,keywords_data/google_ads/search_volume/live,2026-09-03T14:41:36.469628+00:00,2026-09-03-qualification-9-produits-pur/raw/20-controls-1.json.gz,[]
A6,rasoir de sûreté magasin,,,USD_DOCUMENTED,core,False,G0039,,G0105,,rasoir de sûreté/sécurité homme ou non genré,keywords_data/google_ads/search_volume/live,2026-09-03T14:41:36.469628+00:00,2026-09-03-qualification-9-produits-pur/raw/20-controls-1.json.gz,[]
A6,rasoir de sûreté papillon débutant,,,USD_DOCUMENTED,incompatible,False,,,,,"format, public, pays ou intention hors kit débutant fixe",keywords_data/google_ads/search_volume/live,2026-09-03T14:41:36.469628+00:00,2026-09-03-qualification-9-produits-pur/raw/20-controls-1.json.gz,[]
A6,rasoir de sûreté inox,,,USD_DOCUMENTED,core,False,G0024,0,G0090,0,rasoir de sûreté/sécurité homme ou non genré,keywords_data/google_ads/search_volume/live,2026-09-03T14:41:36.469628+00:00,2026-09-03-qualification-9-produits-pur/raw/20-controls-1.json.gz,[]
A6,rasoir de sûreté coffret,,,USD_DOCUMENTED,core,False,G0022,0,G0088,0,rasoir de sûreté/sécurité homme ou non genré,keywords_data/google_ads/search_volume/live,2026-09-03T14:41:36.469628+00:00,2026-09-03-qualification-9-produits-pur/raw/20-controls-1.json.gz,[]
A6,rasoir de sûreté grenoble,,,USD_DOCUMENTED,core,False,G0040,,G0106,,rasoir de sûreté/sécurité homme ou non genré,keywords_data/google_ads/search_volume/live,2026-09-03T14:41:36.469628+00:00,2026-09-03-qualification-9-produits-pur/raw/20-controls-1.json.gz,[]
A6,rasoir de sûreté double lame,,,USD_DOCUMENTED,incompatible,False,,,,,"accessoire, autre public/format ou provenance non prouvée",dataforseo_labs/google/keyword_suggestions/live,2026-09-03T14:36:23.673150+00:00,2026-09-03-qualification-9-produits-pur/raw/10-A6-labs-0.json.gz,"[{""year"": 2026, ""month"": 5, ""search_volume"": 0}, {""year"": 2026, ""month"": 4, ""search_volume"": 0}, {""year"": 2026, ""month"": 3, ""search_volume"": 0}, {""year"": 2026, ""month"": 2, ""search_volume"": 0}, {""year"": 2026, ""month"": 1, ""search_volume"": 0}, {""year"": 2025, ""month"": 12, ""search_volume"": 0}, {""year"": 2025, ""month"": 11, ""search_volume"": 0}, {""year"": 2025, ""month"": 10, ""search_volume"": 0}, {""year"": 2025, ""month"": 9, ""search_volume"": 0}, {""year"": 2025, ""month"": 8, ""search_volume"": 0}, {""year"": 2025, ""month"": 7, ""search_volume"": 0}, {""year"": 2025, ""month"": 6, ""search_volume"": 0}]"
A6,rasoir de sûreté peigne ouvert,,,USD_DOCUMENTED,incompatible,False,,,,,"accessoire, autre public/format ou provenance non prouvée",keywords_data/google_ads/search_volume/live,2026-09-03T14:41:36.469628+00:00,2026-09-03-qualification-9-produits-pur/raw/20-controls-1.json.gz,[]
A6,meilleur rasoir de sûreté débutant,,,USD_DOCUMENTED,core,False,G0010,0,G0023,0,rasoir de sûreté/sécurité homme ou non genré,keywords_data/google_ads/search_volume/live,2026-09-03T14:41:36.469628+00:00,2026-09-03-qualification-9-produits-pur/raw/20-controls-1.json.gz,[]
A6,meilleure lame rasoir de sûreté,,,USD_DOCUMENTED,incompatible,False,,,,,"accessoire, autre public/format ou provenance non prouvée",dataforseo_labs/google/keyword_suggestions/live,2026-09-03T14:36:23.673150+00:00,2026-09-03-qualification-9-produits-pur/raw/10-A6-labs-0.json.gz,"[{""year"": 2026, ""month"": 5, ""search_volume"": 0}, {""year"": 2026, ""month"": 4, ""search_volume"": 0}, {""year"": 2026, ""month"": 3, ""search_volume"": 0}, {""year"": 2026, ""month"": 2, ""search_volume"": 0}, {""year"": 2026, ""month"": 1, ""search_volume"": 0}, {""year"": 2025, ""month"": 12, ""search_volume"": 0}, {""year"": 2025, ""month"": 11, ""search_volume"": 0}, {""year"": 2025, ""month"": 10, ""search_volume"": 0}, {""year"": 2025, ""month"": 9, ""search_volume"": 0}, {""year"": 2025, ""month"": 8, ""search_volume"": 0}, {""year"": 2025, ""month"": 7, ""search_volume"": 0}, {""year"": 2025, ""month"": 6, ""search_volume"": 0}]"
A6,comment se raser avec un rasoir de sûreté,,,USD_DOCUMENTED,information,False,,,,,"usage/SAV/risque, hors demande achat directe",dataforseo_labs/google/keyword_suggestions/live,2026-09-03T14:36:23.673150+00:00,2026-09-03-qualification-9-produits-pur/raw/10-A6-labs-0.json.gz,"[{""year"": 2026, ""month"": 5, ""search_volume"": 0}, {""year"": 2026, ""month"": 4, ""search_volume"": 0}, {""year"": 2026, ""month"": 3, ""search_volume"": 0}, {""year"": 2026, ""month"": 2, ""search_volume"": 0}, {""year"": 2026, ""month"": 1, ""search_volume"": 0}, {""year"": 2025, ""month"": 12, ""search_volume"": 0}, {""year"": 2025, ""month"": 11, ""search_volume"": 0}, {""year"": 2025, ""month"": 10, ""search_volume"": 0}, {""year"": 2025, ""month"": 9, ""search_volume"": 0}, {""year"": 2025, ""month"": 8, ""search_volume"": 0}, {""year"": 2025, ""month"": 7, ""search_volume"": 0}, {""year"": 2025, ""month"": 6, ""search_volume"": 0}]"
A6,rasoir de sûreté pour le crâne,,,USD_DOCUMENTED,incompatible,False,,,,,"format, public, pays ou intention hors kit débutant fixe",keywords_data/google_ads/search_volume/live,2026-09-03T14:41:36.469628+00:00,2026-09-03-qualification-9-produits-pur/raw/20-controls-1.json.gz,[]
A6,qu est ce qu'un rasoir de sûreté,,,USD_DOCUMENTED,core,False,G0041,,G0107,,rasoir de sûreté/sécurité homme ou non genré,keywords_data/google_ads/search_volume/live,2026-09-03T14:41:36.469628+00:00,2026-09-03-qualification-9-produits-pur/raw/20-controls-1.json.gz,[]
A6,rasoir de sûreté wilkinson classic,,,USD_DOCUMENTED,core,True,,,,,rasoir de sûreté/sécurité homme ou non genré,keywords_data/google_ads/search_volume/live,2026-09-03T14:41:36.469628+00:00,2026-09-03-qualification-9-produits-pur/raw/20-controls-1.json.gz,[]
A6,rasoir de sûreté contour,,,USD_DOCUMENTED,core,False,G0042,,G0108,,rasoir de sûreté/sécurité homme ou non genré,keywords_data/google_ads/search_volume/live,2026-09-03T14:41:36.469628+00:00,2026-09-03-qualification-9-produits-pur/raw/20-controls-1.json.gz,[]
A6,rasoir de sûreté homme gillette,,,USD_DOCUMENTED,core,True,,,,,rasoir de sûreté/sécurité homme ou non genré,keywords_data/google_ads/search_volume/live,2026-09-03T14:41:36.469628+00:00,2026-09-03-qualification-9-produits-pur/raw/20-controls-1.json.gz,[]
A6,rasoir de sûreté sapiens,,,USD_DOCUMENTED,core,False,G0043,,G0109,,rasoir de sûreté/sécurité homme ou non genré,keywords_data/google_ads/search_volume/live,2026-09-03T14:41:36.469628+00:00,2026-09-03-qualification-9-produits-pur/raw/20-controls-1.json.gz,[]
A6,rasoir de sûreté ouvert,,,USD_DOCUMENTED,core,False,G0028,0,G0094,0,rasoir de sûreté/sécurité homme ou non genré,keywords_data/google_ads/search_volume/live,2026-09-03T14:41:36.469628+00:00,2026-09-03-qualification-9-produits-pur/raw/20-controls-1.json.gz,[]
A6,rasoir de sûreté zéro déchet,,,USD_DOCUMENTED,core,False,G0044,,G0110,,rasoir de sûreté/sécurité homme ou non genré,keywords_data/google_ads/search_volume/live,2026-09-03T14:41:36.469628+00:00,2026-09-03-qualification-9-produits-pur/raw/20-controls-1.json.gz,[]
A6,avantage rasoir de sûreté,,,USD_DOCUMENTED,incompatible,False,,,,,"format, public, pays ou intention hors kit débutant fixe",keywords_data/google_ads/search_volume/live,2026-09-03T14:41:36.469628+00:00,2026-09-03-qualification-9-produits-pur/raw/20-controls-1.json.gz,[]
A6,rasoir de sûreté à strasbourg,,,USD_DOCUMENTED,core,False,G0045,,G0111,,rasoir de sûreté/sécurité homme ou non genré,keywords_data/google_ads/search_volume/live,2026-09-03T14:41:36.469628+00:00,2026-09-03-qualification-9-produits-pur/raw/20-controls-1.json.gz,[]
A6,rasoir de sûreté simple tranchant,,,USD_DOCUMENTED,core,False,G0046,,G0112,,rasoir de sûreté/sécurité homme ou non genré,keywords_data/google_ads/search_volume/live,2026-09-03T14:41:36.469628+00:00,2026-09-03-qualification-9-produits-pur/raw/20-controls-1.json.gz,[]
A6,comment choisir son rasoir de sûreté,,,USD_DOCUMENTED,information,False,,,,,"usage/SAV/risque, hors demande achat directe",dataforseo_labs/google/keyword_suggestions/live,2026-09-03T14:36:23.673150+00:00,2026-09-03-qualification-9-produits-pur/raw/10-A6-labs-0.json.gz,"[{""year"": 2026, ""month"": 5, ""search_volume"": 0}, {""year"": 2026, ""month"": 4, ""search_volume"": 0}, {""year"": 2026, ""month"": 3, ""search_volume"": 0}, {""year"": 2026, ""month"": 2, ""search_volume"": 0}, {""year"": 2026, ""month"": 1, ""search_volume"": 0}, {""year"": 2025, ""month"": 12, ""search_volume"": 0}, {""year"": 2025, ""month"": 11, ""search_volume"": 0}, {""year"": 2025, ""month"": 10, ""search_volume"": 0}, {""year"": 2025, ""month"": 9, ""search_volume"": 0}, {""year"": 2025, ""month"": 8, ""search_volume"": 0}, {""year"": 2025, ""month"": 7, ""search_volume"": 0}, {""year"": 2025, ""month"": 6, ""search_volume"": 0}]"
A6,magasin rasoir de sûreté,,,USD_DOCUMENTED,core,False,G0039,0,G0105,0,rasoir de sûreté/sécurité homme ou non genré,keywords_data/google_ads/search_volume/live,2026-09-03T14:41:36.469628+00:00,2026-09-03-qualification-9-produits-pur/raw/20-controls-1.json.gz,[]
A6,rasoir de sûreté wilkinson sword,,,USD_DOCUMENTED,core,True,,,,,rasoir de sûreté/sécurité homme ou non genré,keywords_data/google_ads/search_volume/live,2026-09-03T14:41:36.469628+00:00,2026-09-03-qualification-9-produits-pur/raw/20-controls-1.json.gz,[]
A6,rasoir de sûreté auchan,,,USD_DOCUMENTED,core,True,,,,,rasoir de sûreté/sécurité homme ou non genré,keywords_data/google_ads/search_volume/live,2026-09-03T14:41:36.469628+00:00,2026-09-03-qualification-9-produits-pur/raw/20-controls-1.json.gz,[]
A6,rasoir de sûreté caliquo,,,USD_DOCUMENTED,core,False,G0047,,G0113,,rasoir de sûreté/sécurité homme ou non genré,keywords_data/google_ads/search_volume/live,2026-09-03T14:41:36.469628+00:00,2026-09-03-qualification-9-produits-pur/raw/20-controls-1.json.gz,[]
A6,kit rasoir de sûreté femme,,,USD_DOCUMENTED,incompatible,False,,,,,"accessoire, autre public/format ou provenance non prouvée",dataforseo_labs/google/keyword_suggestions/live,2026-09-03T14:36:23.673150+00:00,2026-09-03-qualification-9-produits-pur/raw/10-A6-labs-0.json.gz,"[{""year"": 2026, ""month"": 5, ""search_volume"": 0}, {""year"": 2026, ""month"": 4, ""search_volume"": 0}, {""year"": 2026, ""month"": 3, ""search_volume"": 0}, {""year"": 2026, ""month"": 2, ""search_volume"": 0}, {""year"": 2026, ""month"": 1, ""search_volume"": 0}, {""year"": 2025, ""month"": 12, ""search_volume"": 0}, {""year"": 2025, ""month"": 11, ""search_volume"": 0}, {""year"": 2025, ""month"": 10, ""search_volume"": 0}, {""year"": 2025, ""month"": 9, ""search_volume"": 0}, {""year"": 2025, ""month"": 8, ""search_volume"": 0}, {""year"": 2025, ""month"": 7, ""search_volume"": 0}, {""year"": 2025, ""month"": 6, ""search_volume"": 0}]"
A6,rasoir de sûreté peigne ouvert ou fermé,,,USD_DOCUMENTED,incompatible,False,,,,,"accessoire, autre public/format ou provenance non prouvée",keywords_data/google_ads/search_volume/live,2026-09-03T14:41:36.469628+00:00,2026-09-03-qualification-9-produits-pur/raw/20-controls-1.json.gz,[]
A6,lame de rasoir de sûreté gillette,,,USD_DOCUMENTED,incompatible,True,,,,,"accessoire, autre public/format ou provenance non prouvée",dataforseo_labs/google/keyword_suggestions/live,2026-09-03T14:36:23.673150+00:00,2026-09-03-qualification-9-produits-pur/raw/10-A6-labs-0.json.gz,"[{""year"": 2026, ""month"": 5, ""search_volume"": 0}, {""year"": 2026, ""month"": 4, ""search_volume"": 0}, {""year"": 2026, ""month"": 3, ""search_volume"": 0}, {""year"": 2026, ""month"": 2, ""search_volume"": 0}, {""year"": 2026, ""month"": 1, ""search_volume"": 0}, {""year"": 2025, ""month"": 12, ""search_volume"": 0}, {""year"": 2025, ""month"": 11, ""search_volume"": 0}, {""year"": 2025, ""month"": 10, ""search_volume"": 0}, {""year"": 2025, ""month"": 9, ""search_volume"": 0}, {""year"": 2025, ""month"": 8, ""search_volume"": 0}, {""year"": 2025, ""month"": 7, ""search_volume"": 0}, {""year"": 2025, ""month"": 6, ""search_volume"": 0}]"
A6,lame rasoir de sûreté wilkinson,,,USD_DOCUMENTED,incompatible,True,,,,,"accessoire, autre public/format ou provenance non prouvée",dataforseo_labs/google/keyword_suggestions/live,2026-09-03T14:36:23.673150+00:00,2026-09-03-qualification-9-produits-pur/raw/10-A6-labs-0.json.gz,"[{""year"": 2026, ""month"": 5, ""search_volume"": 0}, {""year"": 2026, ""month"": 4, ""search_volume"": 0}, {""year"": 2026, ""month"": 3, ""search_volume"": 0}, {""year"": 2026, ""month"": 2, ""search_volume"": 0}, {""year"": 2026, ""month"": 1, ""search_volume"": 0}, {""year"": 2025, ""month"": 12, ""search_volume"": 0}, {""year"": 2025, ""month"": 11, ""search_volume"": 0}, {""year"": 2025, ""month"": 10, ""search_volume"": 0}, {""year"": 2025, ""month"": 9, ""search_volume"": 0}, {""year"": 2025, ""month"": 8, ""search_volume"": 0}, {""year"": 2025, ""month"": 7, ""search_volume"": 0}, {""year"": 2025, ""month"": 6, ""search_volume"": 0}]"
A6,rasoir de sûreté en métal chromé muhle r89,,,USD_DOCUMENTED,core,True,,,,,rasoir de sûreté/sécurité homme ou non genré,keywords_data/google_ads/search_volume/live,2026-09-03T14:41:36.469628+00:00,2026-09-03-qualification-9-produits-pur/raw/20-controls-1.json.gz,[]
A6,kit rasoir de sûreté blaireau,,,USD_DOCUMENTED,core,False,G0048,,G0114,,rasoir de sûreté/sécurité homme ou non genré,keywords_data/google_ads/search_volume/live,2026-09-03T14:41:36.469628+00:00,2026-09-03-qualification-9-produits-pur/raw/20-controls-1.json.gz,[]
A6,rasoir de sûreté merkur 34c,,,USD_DOCUMENTED,core,True,,,,,rasoir de sûreté/sécurité homme ou non genré,keywords_data/google_ads/search_volume/live,2026-09-03T14:41:36.469628+00:00,2026-09-03-qualification-9-produits-pur/raw/20-controls-1.json.gz,[]
A6,rasoir de sûreté big moustache,,,USD_DOCUMENTED,core,False,G0049,,G0115,,rasoir de sûreté/sécurité homme ou non genré,keywords_data/google_ads/search_volume/live,2026-09-03T14:41:36.469628+00:00,2026-09-03-qualification-9-produits-pur/raw/20-controls-1.json.gz,[]
A6,rasoir mécanique de sûreté,,,USD_DOCUMENTED,core,False,G0050,,G0116,,rasoir de sûreté/sécurité homme ou non genré,keywords_data/google_ads/search_volume/live,2026-09-03T14:41:36.469628+00:00,2026-09-03-qualification-9-produits-pur/raw/20-controls-1.json.gz,[]
A6,avis rasoir de sûreté,,,USD_DOCUMENTED,core,False,G0007,0,G0018,0,rasoir de sûreté/sécurité homme ou non genré,keywords_data/google_ads/search_volume/live,2026-09-03T14:41:36.469628+00:00,2026-09-03-qualification-9-produits-pur/raw/20-controls-1.json.gz,[]
A6,rasoir de sûreté feather,,,USD_DOCUMENTED,core,False,G0051,,G0117,,rasoir de sûreté/sécurité homme ou non genré,keywords_data/google_ads/search_volume/live,2026-09-03T14:41:36.469628+00:00,2026-09-03-qualification-9-produits-pur/raw/20-controls-1.json.gz,[]
A6,rasoir de sûreté jambes,,,USD_DOCUMENTED,incompatible,False,,,,,"accessoire, autre public/format ou provenance non prouvée",dataforseo_labs/google/keyword_suggestions/live,2026-09-03T14:36:23.673150+00:00,2026-09-03-qualification-9-produits-pur/raw/10-A6-labs-0.json.gz,"[{""year"": 2026, ""month"": 5, ""search_volume"": 0}, {""year"": 2026, ""month"": 4, ""search_volume"": 0}, {""year"": 2026, ""month"": 3, ""search_volume"": 0}, {""year"": 2026, ""month"": 2, ""search_volume"": 0}, {""year"": 2026, ""month"": 1, ""search_volume"": 0}, {""year"": 2025, ""month"": 12, ""search_volume"": 0}, {""year"": 2025, ""month"": 11, ""search_volume"": 0}, {""year"": 2025, ""month"": 10, ""search_volume"": 0}, {""year"": 2025, ""month"": 9, ""search_volume"": 0}, {""year"": 2025, ""month"": 8, ""search_volume"": 0}, {""year"": 2025, ""month"": 7, ""search_volume"": 0}, {""year"": 2025, ""month"": 6, ""search_volume"": 0}]"
A6,rasoir de sûreté edwin jagger,,,USD_DOCUMENTED,core,True,,,,,rasoir de sûreté/sécurité homme ou non genré,keywords_data/google_ads/search_volume/live,2026-09-03T14:41:36.469628+00:00,2026-09-03-qualification-9-produits-pur/raw/20-controls-1.json.gz,[]
A6,rasoir de sûreté réglable,,,USD_DOCUMENTED,incompatible,False,,,,,"format, public, pays ou intention hors kit débutant fixe",keywords_data/google_ads/search_volume/live,2026-09-03T14:41:36.469628+00:00,2026-09-03-qualification-9-produits-pur/raw/20-controls-1.json.gz,[]
A6,rasoir de sûreté lamazuna avis,,,USD_DOCUMENTED,core,True,,,,,rasoir de sûreté/sécurité homme ou non genré,keywords_data/google_ads/search_volume/live,2026-09-03T14:41:36.469628+00:00,2026-09-03-qualification-9-produits-pur/raw/20-controls-1.json.gz,[]
A6,rasoir de sûreté réglable satiné merkur futur,,,USD_DOCUMENTED,incompatible,True,,,,,"format, public, pays ou intention hors kit débutant fixe",keywords_data/google_ads/search_volume/live,2026-09-03T14:41:36.469628+00:00,2026-09-03-qualification-9-produits-pur/raw/20-controls-1.json.gz,[]
A6,coupe choux ou rasoir de sûreté,,,USD_DOCUMENTED,incompatible,False,,,,,"accessoire, autre public/format ou provenance non prouvée",dataforseo_labs/google/keyword_suggestions/live,2026-09-03T14:36:23.673150+00:00,2026-09-03-qualification-9-produits-pur/raw/10-A6-labs-0.json.gz,"[{""year"": 2026, ""month"": 5, ""search_volume"": 0}, {""year"": 2026, ""month"": 4, ""search_volume"": 0}, {""year"": 2026, ""month"": 3, ""search_volume"": 0}, {""year"": 2026, ""month"": 2, ""search_volume"": 0}, {""year"": 2026, ""month"": 1, ""search_volume"": 0}, {""year"": 2025, ""month"": 12, ""search_volume"": 0}, {""year"": 2025, ""month"": 11, ""search_volume"": 0}, {""year"": 2025, ""month"": 10, ""search_volume"": 0}, {""year"": 2025, ""month"": 9, ""search_volume"": 0}, {""year"": 2025, ""month"": 8, ""search_volume"": 0}, {""year"": 2025, ""month"": 7, ""search_volume"": 0}, {""year"": 2025, ""month"": 6, ""search_volume"": 0}]"
A6,rasoir de sûreté barbedudaron,,,USD_DOCUMENTED,core,False,G0052,,G0118,,rasoir de sûreté/sécurité homme ou non genré,keywords_data/google_ads/search_volume/live,2026-09-03T14:41:36.469628+00:00,2026-09-03-qualification-9-produits-pur/raw/20-controls-1.json.gz,[]
A6,meilleur rasoir de sûreté 2019,,,USD_DOCUMENTED,core,False,G0053,,G0119,,rasoir de sûreté/sécurité homme ou non genré,keywords_data/google_ads/search_volume/live,2026-09-03T14:41:36.469628+00:00,2026-09-03-qualification-9-produits-pur/raw/20-controls-1.json.gz,[]
A6,rasoir de sûreté merkur 33c,,,USD_DOCUMENTED,core,True,,,,,rasoir de sûreté/sécurité homme ou non genré,keywords_data/google_ads/search_volume/live,2026-09-03T14:41:36.469628+00:00,2026-09-03-qualification-9-produits-pur/raw/20-controls-1.json.gz,[]
A6,rasoir de sûreté changement lame,,,USD_DOCUMENTED,incompatible,False,,,,,"accessoire, autre public/format ou provenance non prouvée",dataforseo_labs/google/keyword_suggestions/live,2026-09-03T14:36:23.673150+00:00,2026-09-03-qualification-9-produits-pur/raw/10-A6-labs-0.json.gz,"[{""year"": 2026, ""month"": 5, ""search_volume"": 0}, {""year"": 2026, ""month"": 4, ""search_volume"": 0}, {""year"": 2026, ""month"": 3, ""search_volume"": 0}, {""year"": 2026, ""month"": 2, ""search_volume"": 0}, {""year"": 2026, ""month"": 1, ""search_volume"": 0}, {""year"": 2025, ""month"": 12, ""search_volume"": 0}, {""year"": 2025, ""month"": 11, ""search_volume"": 0}, {""year"": 2025, ""month"": 10, ""search_volume"": 0}, {""year"": 2025, ""month"": 9, ""search_volume"": 0}, {""year"": 2025, ""month"": 8, ""search_volume"": 0}, {""year"": 2025, ""month"": 7, ""search_volume"": 0}, {""year"": 2025, ""month"": 6, ""search_volume"": 0}]"
A6,coffret rasoir de sûreté homme,,,USD_DOCUMENTED,core,False,G0054,,G0120,,rasoir de sûreté/sécurité homme ou non genré,keywords_data/google_ads/search_volume/live,2026-09-03T14:41:36.469628+00:00,2026-09-03-qualification-9-produits-pur/raw/20-controls-1.json.gz,[]
A6,rasoir de sûreté de voyage,,,USD_DOCUMENTED,core,False,G0055,,G0121,,rasoir de sûreté/sécurité homme ou non genré,keywords_data/google_ads/search_volume/live,2026-09-03T14:41:36.469628+00:00,2026-09-03-qualification-9-produits-pur/raw/20-controls-1.json.gz,[]
A6,ou acheter un rasoir de sûreté,,,USD_DOCUMENTED,core,False,G0038,0,G0104,0,rasoir de sûreté/sécurité homme ou non genré,keywords_data/google_ads/search_volume/live,2026-09-03T14:41:36.469628+00:00,2026-09-03-qualification-9-produits-pur/raw/20-controls-1.json.gz,[]
A6,rasoir de sûreté merkur 38c,,,USD_DOCUMENTED,core,True,,,,,rasoir de sûreté/sécurité homme ou non genré,keywords_data/google_ads/search_volume/live,2026-09-03T14:41:36.469628+00:00,2026-09-03-qualification-9-produits-pur/raw/20-controls-1.json.gz,[]
A6,rasoir de sûreté pubis,,,USD_DOCUMENTED,incompatible,False,,,,,"accessoire, autre public/format ou provenance non prouvée",dataforseo_labs/google/keyword_suggestions/live,2026-09-03T14:36:23.673150+00:00,2026-09-03-qualification-9-produits-pur/raw/10-A6-labs-0.json.gz,"[{""year"": 2026, ""month"": 5, ""search_volume"": 0}, {""year"": 2026, ""month"": 4, ""search_volume"": 0}, {""year"": 2026, ""month"": 3, ""search_volume"": 0}, {""year"": 2026, ""month"": 2, ""search_volume"": 0}, {""year"": 2026, ""month"": 1, ""search_volume"": 0}, {""year"": 2025, ""month"": 12, ""search_volume"": 0}, {""year"": 2025, ""month"": 11, ""search_volume"": 0}, {""year"": 2025, ""month"": 10, ""search_volume"": 0}, {""year"": 2025, ""month"": 9, ""search_volume"": 0}, {""year"": 2025, ""month"": 8, ""search_volume"": 0}, {""year"": 2025, ""month"": 7, ""search_volume"": 0}, {""year"": 2025, ""month"": 6, ""search_volume"": 0}]"
A6,rasoir de sûreté précision,,,USD_DOCUMENTED,core,False,G0056,,G0122,,rasoir de sûreté/sécurité homme ou non genré,keywords_data/google_ads/search_volume/live,2026-09-03T14:41:36.469628+00:00,2026-09-03-qualification-9-produits-pur/raw/20-controls-1.json.gz,[]
A6,rasoir de sûreté peau sensible,,,USD_DOCUMENTED,core,False,G0057,,G0123,,rasoir de sûreté/sécurité homme ou non genré,keywords_data/google_ads/search_volume/live,2026-09-03T14:41:36.469628+00:00,2026-09-03-qualification-9-produits-pur/raw/20-controls-1.json.gz,[]
A6,rasoir de sûreté vs gillette,,,USD_DOCUMENTED,core,True,,,,,rasoir de sûreté/sécurité homme ou non genré,keywords_data/google_ads/search_volume/live,2026-09-03T14:41:36.469628+00:00,2026-09-03-qualification-9-produits-pur/raw/20-controls-1.json.gz,[]
A6,quelle lame de rasoir de sûreté choisir,,,USD_DOCUMENTED,incompatible,False,,,,,"accessoire, autre public/format ou provenance non prouvée",dataforseo_labs/google/keyword_suggestions/live,2026-09-03T14:36:23.673150+00:00,2026-09-03-qualification-9-produits-pur/raw/10-A6-labs-0.json.gz,"[{""year"": 2026, ""month"": 5, ""search_volume"": 0}, {""year"": 2026, ""month"": 4, ""search_volume"": 0}, {""year"": 2026, ""month"": 3, ""search_volume"": 0}, {""year"": 2026, ""month"": 2, ""search_volume"": 0}, {""year"": 2026, ""month"": 1, ""search_volume"": 0}, {""year"": 2025, ""month"": 12, ""search_volume"": 0}, {""year"": 2025, ""month"": 11, ""search_volume"": 0}, {""year"": 2025, ""month"": 10, ""search_volume"": 0}, {""year"": 2025, ""month"": 9, ""search_volume"": 0}, {""year"": 2025, ""month"": 8, ""search_volume"": 0}, {""year"": 2025, ""month"": 7, ""search_volume"": 0}, {""year"": 2025, ""month"": 6, ""search_volume"": 0}]"
A6,rasoir de sûreté avantage,,,USD_DOCUMENTED,incompatible,False,,,,,"format, public, pays ou intention hors kit débutant fixe",keywords_data/google_ads/search_volume/live,2026-09-03T14:41:36.469628+00:00,2026-09-03-qualification-9-produits-pur/raw/20-controls-1.json.gz,[]
A6,rasoir de sûreté merkur 23c,,,USD_DOCUMENTED,core,True,,,,,rasoir de sûreté/sécurité homme ou non genré,keywords_data/google_ads/search_volume/live,2026-09-03T14:41:36.469628+00:00,2026-09-03-qualification-9-produits-pur/raw/20-controls-1.json.gz,[]
A6,rasoir de sûreté barbe dure,,,USD_DOCUMENTED,core,False,G0058,,G0124,,rasoir de sûreté/sécurité homme ou non genré,keywords_data/google_ads/search_volume/live,2026-09-03T14:41:36.469628+00:00,2026-09-03-qualification-9-produits-pur/raw/20-controls-1.json.gz,[]
A6,rasoir de sûreté agressif,,,USD_DOCUMENTED,core,False,G0059,,G0125,,rasoir de sûreté/sécurité homme ou non genré,keywords_data/google_ads/search_volume/live,2026-09-03T14:41:36.469628+00:00,2026-09-03-qualification-9-produits-pur/raw/20-controls-1.json.gz,[]
A6,rasoir de sûreté de luxe,,,USD_DOCUMENTED,core,False,G0027,0,G0093,0,rasoir de sûreté/sécurité homme ou non genré,keywords_data/google_ads/search_volume/live,2026-09-03T14:41:36.469628+00:00,2026-09-03-qualification-9-produits-pur/raw/20-controls-1.json.gz,[]
A6,rasoir de sûreté prix,,,USD_DOCUMENTED,core,False,G0060,,G0126,,rasoir de sûreté/sécurité homme ou non genré,keywords_data/google_ads/search_volume/live,2026-09-03T14:41:36.469628+00:00,2026-09-03-qualification-9-produits-pur/raw/20-controls-1.json.gz,[]
A6,rasoir de sûreté japonais,,,USD_DOCUMENTED,core,False,G0061,,G0127,,rasoir de sûreté/sécurité homme ou non genré,keywords_data/google_ads/search_volume/live,2026-09-03T14:41:36.469628+00:00,2026-09-03-qualification-9-produits-pur/raw/20-controls-1.json.gz,[]
A6,rasoir de sûreté achat,,,USD_DOCUMENTED,core,False,G0062,,G0128,,rasoir de sûreté/sécurité homme ou non genré,keywords_data/google_ads/search_volume/live,2026-09-03T14:41:36.469628+00:00,2026-09-03-qualification-9-produits-pur/raw/20-controls-1.json.gz,[]
A6,rasoir de sûreté intermarché,,,USD_DOCUMENTED,core,False,G0063,,G0129,,rasoir de sûreté/sécurité homme ou non genré,keywords_data/google_ads/search_volume/live,2026-09-03T14:41:36.469628+00:00,2026-09-03-qualification-9-produits-pur/raw/20-controls-1.json.gz,[]
A6,support pour rasoir de sûreté,,,USD_DOCUMENTED,incompatible,False,,,,,"accessoire, autre public/format ou provenance non prouvée",keywords_data/google_ads/search_volume/live,2026-09-03T14:41:36.469628+00:00,2026-09-03-qualification-9-produits-pur/raw/20-controls-1.json.gz,[]
A6,rasoir de sûreté luxe,,,USD_DOCUMENTED,core,False,G0027,0,G0093,0,rasoir de sûreté/sécurité homme ou non genré,keywords_data/google_ads/search_volume/live,2026-09-03T14:41:36.469628+00:00,2026-09-03-qualification-9-produits-pur/raw/20-controls-1.json.gz,[]
A6,coffret rasoir de sûreté,,,USD_DOCUMENTED,core,False,G0022,0,G0088,0,rasoir de sûreté/sécurité homme ou non genré,keywords_data/google_ads/search_volume/live,2026-09-03T14:41:36.469628+00:00,2026-09-03-qualification-9-produits-pur/raw/20-controls-1.json.gz,[]
A6,comment nettoyer un rasoir de sûreté,,,USD_DOCUMENTED,information,False,,,,,"usage/SAV/risque, hors demande achat directe",dataforseo_labs/google/keyword_suggestions/live,2026-09-03T14:36:23.673150+00:00,2026-09-03-qualification-9-produits-pur/raw/10-A6-labs-0.json.gz,"[{""year"": 2026, ""month"": 5, ""search_volume"": 0}, {""year"": 2026, ""month"": 4, ""search_volume"": 0}, {""year"": 2026, ""month"": 3, ""search_volume"": 0}, {""year"": 2026, ""month"": 2, ""search_volume"": 0}, {""year"": 2026, ""month"": 1, ""search_volume"": 0}, {""year"": 2025, ""month"": 12, ""search_volume"": 0}, {""year"": 2025, ""month"": 11, ""search_volume"": 0}, {""year"": 2025, ""month"": 10, ""search_volume"": 0}, {""year"": 2025, ""month"": 9, ""search_volume"": 0}, {""year"": 2025, ""month"": 8, ""search_volume"": 0}, {""year"": 2025, ""month"": 7, ""search_volume"": 0}, {""year"": 2025, ""month"": 6, ""search_volume"": 0}]"
A6,rasage rasoir de sûreté,,,USD_DOCUMENTED,core,False,G0064,,G0130,,rasoir de sûreté/sécurité homme ou non genré,keywords_data/google_ads/search_volume/live,2026-09-03T14:41:36.469628+00:00,2026-09-03-qualification-9-produits-pur/raw/20-controls-1.json.gz,[]
A6,rasoir de sûreté homme lame,,,USD_DOCUMENTED,incompatible,False,,,,,"accessoire, autre public/format ou provenance non prouvée",dataforseo_labs/google/keyword_suggestions/live,2026-09-03T14:36:23.673150+00:00,2026-09-03-qualification-9-produits-pur/raw/10-A6-labs-0.json.gz,"[{""year"": 2026, ""month"": 5, ""search_volume"": 0}, {""year"": 2026, ""month"": 4, ""search_volume"": 0}, {""year"": 2026, ""month"": 3, ""search_volume"": 0}, {""year"": 2026, ""month"": 2, ""search_volume"": 0}, {""year"": 2026, ""month"": 1, ""search_volume"": 0}, {""year"": 2025, ""month"": 12, ""search_volume"": 0}, {""year"": 2025, ""month"": 11, ""search_volume"": 0}, {""year"": 2025, ""month"": 10, ""search_volume"": 0}, {""year"": 2025, ""month"": 9, ""search_volume"": 0}, {""year"": 2025, ""month"": 8, ""search_volume"": 0}, {""year"": 2025, ""month"": 7, ""search_volume"": 0}, {""year"": 2025, ""month"": 6, ""search_volume"": 0}]"
A6,rasoir de sûreté acier inoxydable,,,USD_DOCUMENTED,core,False,G0065,,G0131,,rasoir de sûreté/sécurité homme ou non genré,keywords_data/google_ads/search_volume/live,2026-09-03T14:41:36.469628+00:00,2026-09-03-qualification-9-produits-pur/raw/20-controls-1.json.gz,[]
A6,rasoir de sûreté femme bambou,,,USD_DOCUMENTED,incompatible,False,,,,,"accessoire, autre public/format ou provenance non prouvée",dataforseo_labs/google/keyword_suggestions/live,2026-09-03T14:36:23.673150+00:00,2026-09-03-qualification-9-produits-pur/raw/10-A6-labs-0.json.gz,"[{""year"": 2026, ""month"": 5, ""search_volume"": 0}, {""year"": 2026, ""month"": 4, ""search_volume"": 0}, {""year"": 2026, ""month"": 3, ""search_volume"": 0}, {""year"": 2026, ""month"": 2, ""search_volume"": 0}, {""year"": 2026, ""month"": 1, ""search_volume"": 0}, {""year"": 2025, ""month"": 12, ""search_volume"": 0}, {""year"": 2025, ""month"": 11, ""search_volume"": 0}, {""year"": 2025, ""month"": 10, ""search_volume"": 0}, {""year"": 2025, ""month"": 9, ""search_volume"": 0}, {""year"": 2025, ""month"": 8, ""search_volume"": 0}, {""year"": 2025, ""month"": 7, ""search_volume"": 0}, {""year"": 2025, ""month"": 6, ""search_volume"": 0}]"
A6,rasoir de sûreté papillon réglable,,,USD_DOCUMENTED,incompatible,False,,,,,"format, public, pays ou intention hors kit débutant fixe",keywords_data/google_ads/search_volume/live,2026-09-03T14:41:36.469628+00:00,2026-09-03-qualification-9-produits-pur/raw/20-controls-1.json.gz,[]
A6,meilleur rasoir de sûreté crâne,,,USD_DOCUMENTED,incompatible,False,,,,,"format, public, pays ou intention hors kit débutant fixe",keywords_data/google_ads/search_volume/live,2026-09-03T14:41:36.469628+00:00,2026-09-03-qualification-9-produits-pur/raw/20-controls-1.json.gz,[]
A6,rasoir de sûreté oneblade,,,USD_DOCUMENTED,core,False,G0029,0,G0095,0,rasoir de sûreté/sécurité homme ou non genré,keywords_data/google_ads/search_volume/live,2026-09-03T14:41:36.469628+00:00,2026-09-03-qualification-9-produits-pur/raw/20-controls-1.json.gz,[]
A6,cest quoi un rasoir de sûreté,,,USD_DOCUMENTED,core,False,G0066,,G0132,,rasoir de sûreté/sécurité homme ou non genré,keywords_data/google_ads/search_volume/live,2026-09-03T14:41:36.469628+00:00,2026-09-03-qualification-9-produits-pur/raw/20-controls-1.json.gz,[]
A6,lames de rasoir de sûreté amazon,,,USD_DOCUMENTED,incompatible,True,,,,,"accessoire, autre public/format ou provenance non prouvée",dataforseo_labs/google/keyword_suggestions/live,2026-09-03T14:36:23.673150+00:00,2026-09-03-qualification-9-produits-pur/raw/10-A6-labs-0.json.gz,"[{""year"": 2026, ""month"": 5, ""search_volume"": 0}, {""year"": 2026, ""month"": 4, ""search_volume"": 0}, {""year"": 2026, ""month"": 3, ""search_volume"": 0}, {""year"": 2026, ""month"": 2, ""search_volume"": 0}, {""year"": 2026, ""month"": 1, ""search_volume"": 0}, {""year"": 2025, ""month"": 12, ""search_volume"": 0}, {""year"": 2025, ""month"": 11, ""search_volume"": 0}, {""year"": 2025, ""month"": 10, ""search_volume"": 0}, {""year"": 2025, ""month"": 9, ""search_volume"": 0}, {""year"": 2025, ""month"": 8, ""search_volume"": 0}, {""year"": 2025, ""month"": 7, ""search_volume"": 0}, {""year"": 2025, ""month"": 6, ""search_volume"": 0}]"
A6,rasoir de sûreté ou rasoir classique,,,USD_DOCUMENTED,core,False,G0067,,G0133,,rasoir de sûreté/sécurité homme ou non genré,keywords_data/google_ads/search_volume/live,2026-09-03T14:41:36.469628+00:00,2026-09-03-qualification-9-produits-pur/raw/20-controls-1.json.gz,[]
A6,rasoir de sûreté paris,,,USD_DOCUMENTED,core,False,G0030,0,G0096,0,rasoir de sûreté/sécurité homme ou non genré,keywords_data/google_ads/search_volume/live,2026-09-03T14:41:36.469628+00:00,2026-09-03-qualification-9-produits-pur/raw/20-controls-1.json.gz,[]
A6,avis rasoir de sûreté wilkinson,,,USD_DOCUMENTED,core,True,,,,,rasoir de sûreté/sécurité homme ou non genré,keywords_data/google_ads/search_volume/live,2026-09-03T14:41:36.469628+00:00,2026-09-03-qualification-9-produits-pur/raw/20-controls-1.json.gz,[]
A6,rasoir de sûreté utilisation,,,USD_DOCUMENTED,information,False,,,,,"usage/SAV/risque, hors demande achat directe",dataforseo_labs/google/keyword_suggestions/live,2026-09-03T14:36:23.673150+00:00,2026-09-03-qualification-9-produits-pur/raw/10-A6-labs-0.json.gz,"[{""year"": 2026, ""month"": 5, ""search_volume"": 0}, {""year"": 2026, ""month"": 4, ""search_volume"": 0}, {""year"": 2026, ""month"": 3, ""search_volume"": 0}, {""year"": 2026, ""month"": 2, ""search_volume"": 0}, {""year"": 2026, ""month"": 1, ""search_volume"": 0}, {""year"": 2025, ""month"": 12, ""search_volume"": 0}, {""year"": 2025, ""month"": 11, ""search_volume"": 0}, {""year"": 2025, ""month"": 10, ""search_volume"": 0}, {""year"": 2025, ""month"": 9, ""search_volume"": 0}, {""year"": 2025, ""month"": 8, ""search_volume"": 0}, {""year"": 2025, ""month"": 7, ""search_volume"": 0}, {""year"": 2025, ""month"": 6, ""search_volume"": 0}]"
A6,rasoir de sûreté réglable noir parker variant,,,USD_DOCUMENTED,incompatible,True,,,,,"format, public, pays ou intention hors kit débutant fixe",keywords_data/google_ads/search_volume/live,2026-09-03T14:41:36.469628+00:00,2026-09-03-qualification-9-produits-pur/raw/20-controls-1.json.gz,[]
A6,set rasoir de sûreté,,,USD_DOCUMENTED,core,False,G0013,0,G0034,0,rasoir de sûreté/sécurité homme ou non genré,keywords_data/google_ads/search_volume/live,2026-09-03T14:41:36.469628+00:00,2026-09-03-qualification-9-produits-pur/raw/20-controls-1.json.gz,[]
A6,nettoyer rasoir de sûreté,,,USD_DOCUMENTED,information,False,,,,,"usage/SAV/risque, hors demande achat directe",dataforseo_labs/google/keyword_suggestions/live,2026-09-03T14:36:23.673150+00:00,2026-09-03-qualification-9-produits-pur/raw/10-A6-labs-0.json.gz,"[{""year"": 2026, ""month"": 5, ""search_volume"": 0}, {""year"": 2026, ""month"": 4, ""search_volume"": 0}, {""year"": 2026, ""month"": 3, ""search_volume"": 0}, {""year"": 2026, ""month"": 2, ""search_volume"": 0}, {""year"": 2026, ""month"": 1, ""search_volume"": 0}, {""year"": 2025, ""month"": 12, ""search_volume"": 0}, {""year"": 2025, ""month"": 11, ""search_volume"": 0}, {""year"": 2025, ""month"": 10, ""search_volume"": 0}, {""year"": 2025, ""month"": 9, ""search_volume"": 0}, {""year"": 2025, ""month"": 8, ""search_volume"": 0}, {""year"": 2025, ""month"": 7, ""search_volume"": 0}, {""year"": 2025, ""month"": 6, ""search_volume"": 0}]"
A6,rasoir de sûreté nõberu,,,USD_DOCUMENTED,core,False,G0068,,G0134,,rasoir de sûreté/sécurité homme ou non genré,keywords_data/google_ads/search_volume/live,2026-09-03T14:41:36.469628+00:00,2026-09-03-qualification-9-produits-pur/raw/20-controls-1.json.gz,[]
A6,achat rasoir de sûreté,,,USD_DOCUMENTED,core,False,G0062,0,G0128,0,rasoir de sûreté/sécurité homme ou non genré,keywords_data/google_ads/search_volume/live,2026-09-03T14:41:36.469628+00:00,2026-09-03-qualification-9-produits-pur/raw/20-controls-1.json.gz,[]
A6,rasoir de sûreté cheveux,,,USD_DOCUMENTED,core,False,G0069,,G0135,,rasoir de sûreté/sécurité homme ou non genré,keywords_data/google_ads/search_volume/live,2026-09-03T14:41:36.469628+00:00,2026-09-03-qualification-9-produits-pur/raw/20-controls-1.json.gz,[]
A6,meilleures lames de rasoir de sûreté,,,USD_DOCUMENTED,incompatible,False,,,,,"accessoire, autre public/format ou provenance non prouvée",dataforseo_labs/google/keyword_suggestions/live,2026-09-03T14:36:23.673150+00:00,2026-09-03-qualification-9-produits-pur/raw/10-A6-labs-0.json.gz,"[{""year"": 2026, ""month"": 5, ""search_volume"": 0}, {""year"": 2026, ""month"": 4, ""search_volume"": 0}, {""year"": 2026, ""month"": 3, ""search_volume"": 0}, {""year"": 2026, ""month"": 2, ""search_volume"": 0}, {""year"": 2026, ""month"": 1, ""search_volume"": 0}, {""year"": 2025, ""month"": 12, ""search_volume"": 0}, {""year"": 2025, ""month"": 11, ""search_volume"": 0}, {""year"": 2025, ""month"": 10, ""search_volume"": 0}, {""year"": 2025, ""month"": 9, ""search_volume"": 0}, {""year"": 2025, ""month"": 8, ""search_volume"": 0}, {""year"": 2025, ""month"": 7, ""search_volume"": 0}, {""year"": 2025, ""month"": 6, ""search_volume"": 0}]"
A6,rasoir de sûreté fonctionnement,,,USD_DOCUMENTED,information,False,,,,,"usage/SAV/risque, hors demande achat directe",dataforseo_labs/google/keyword_suggestions/live,2026-09-03T14:36:23.673150+00:00,2026-09-03-qualification-9-produits-pur/raw/10-A6-labs-0.json.gz,"[{""year"": 2026, ""month"": 5, ""search_volume"": 0}, {""year"": 2026, ""month"": 4, ""search_volume"": 0}, {""year"": 2026, ""month"": 3, ""search_volume"": 0}, {""year"": 2026, ""month"": 2, ""search_volume"": 0}, {""year"": 2026, ""month"": 1, ""search_volume"": 0}, {""year"": 2025, ""month"": 12, ""search_volume"": 0}, {""year"": 2025, ""month"": 11, ""search_volume"": 0}, {""year"": 2025, ""month"": 10, ""search_volume"": 0}, {""year"": 2025, ""month"": 9, ""search_volume"": 0}, {""year"": 2025, ""month"": 8, ""search_volume"": 0}, {""year"": 2025, ""month"": 7, ""search_volume"": 0}, {""year"": 2025, ""month"": 6, ""search_volume"": 0}]"
A6,king c gillette rasoir de sûreté avis,,,USD_DOCUMENTED,core,True,,,,,rasoir de sûreté/sécurité homme ou non genré,keywords_data/google_ads/search_volume/live,2026-09-03T14:41:36.469628+00:00,2026-09-03-qualification-9-produits-pur/raw/20-controls-1.json.gz,[]
A6,changer lame rasoir de sûreté,,,USD_DOCUMENTED,incompatible,False,,,,,"accessoire, autre public/format ou provenance non prouvée",dataforseo_labs/google/keyword_suggestions/live,2026-09-03T14:36:23.673150+00:00,2026-09-03-qualification-9-produits-pur/raw/10-A6-labs-0.json.gz,"[{""year"": 2026, ""month"": 5, ""search_volume"": 0}, {""year"": 2026, ""month"": 4, ""search_volume"": 0}, {""year"": 2026, ""month"": 3, ""search_volume"": 0}, {""year"": 2026, ""month"": 2, ""search_volume"": 0}, {""year"": 2026, ""month"": 1, ""search_volume"": 0}, {""year"": 2025, ""month"": 12, ""search_volume"": 0}, {""year"": 2025, ""month"": 11, ""search_volume"": 0}, {""year"": 2025, ""month"": 10, ""search_volume"": 0}, {""year"": 2025, ""month"": 9, ""search_volume"": 0}, {""year"": 2025, ""month"": 8, ""search_volume"": 0}, {""year"": 2025, ""month"": 7, ""search_volume"": 0}, {""year"": 2025, ""month"": 6, ""search_volume"": 0}]"
A6,rasoir de sûreté papillon,,,USD_DOCUMENTED,incompatible,False,,,,,"format, public, pays ou intention hors kit débutant fixe",keywords_data/google_ads/search_volume/live,2026-09-03T14:41:36.469628+00:00,2026-09-03-qualification-9-produits-pur/raw/20-controls-1.json.gz,[]
A6,rasage crâne rasoir de sûreté,,,USD_DOCUMENTED,incompatible,False,,,,,"format, public, pays ou intention hors kit débutant fixe",keywords_data/google_ads/search_volume/live,2026-09-03T14:41:36.469628+00:00,2026-09-03-qualification-9-produits-pur/raw/20-controls-1.json.gz,[]
A6,rasoir de sûreté wilkinson classic premium,,,USD_DOCUMENTED,core,True,,,,,rasoir de sûreté/sécurité homme ou non genré,keywords_data/google_ads/search_volume/live,2026-09-03T14:41:36.469628+00:00,2026-09-03-qualification-9-produits-pur/raw/20-controls-1.json.gz,[]
A6,rasoir de sûreté plisson,,,USD_DOCUMENTED,core,True,,,,,rasoir de sûreté/sécurité homme ou non genré,keywords_data/google_ads/search_volume/live,2026-09-03T14:41:36.469628+00:00,2026-09-03-qualification-9-produits-pur/raw/20-controls-1.json.gz,[]
A6,rasoir de sûreté femme lamazuna,,,USD_DOCUMENTED,incompatible,True,,,,,"accessoire, autre public/format ou provenance non prouvée",dataforseo_labs/google/keyword_suggestions/live,2026-09-03T14:36:23.673150+00:00,2026-09-03-qualification-9-produits-pur/raw/10-A6-labs-0.json.gz,"[{""year"": 2026, ""month"": 5, ""search_volume"": 0}, {""year"": 2026, ""month"": 4, ""search_volume"": 0}, {""year"": 2026, ""month"": 3, ""search_volume"": 0}, {""year"": 2026, ""month"": 2, ""search_volume"": 0}, {""year"": 2026, ""month"": 1, ""search_volume"": 0}, {""year"": 2025, ""month"": 12, ""search_volume"": 0}, {""year"": 2025, ""month"": 11, ""search_volume"": 0}, {""year"": 2025, ""month"": 10, ""search_volume"": 0}, {""year"": 2025, ""month"": 9, ""search_volume"": 0}, {""year"": 2025, ""month"": 8, ""search_volume"": 0}, {""year"": 2025, ""month"": 7, ""search_volume"": 0}, {""year"": 2025, ""month"": 6, ""search_volume"": 0}]"
A6,rasoir de sûreté bambaw notice,,,USD_DOCUMENTED,information,True,,,,,"usage/SAV/risque, hors demande achat directe",dataforseo_labs/google/keyword_suggestions/live,2026-09-03T14:36:23.673150+00:00,2026-09-03-qualification-9-produits-pur/raw/10-A6-labs-0.json.gz,"[{""year"": 2026, ""month"": 5, ""search_volume"": 0}, {""year"": 2026, ""month"": 4, ""search_volume"": 0}, {""year"": 2026, ""month"": 3, ""search_volume"": 0}, {""year"": 2026, ""month"": 2, ""search_volume"": 0}, {""year"": 2026, ""month"": 1, ""search_volume"": 0}, {""year"": 2025, ""month"": 12, ""search_volume"": 0}, {""year"": 2025, ""month"": 11, ""search_volume"": 0}, {""year"": 2025, ""month"": 10, ""search_volume"": 0}, {""year"": 2025, ""month"": 9, ""search_volume"": 0}, {""year"": 2025, ""month"": 8, ""search_volume"": 0}, {""year"": 2025, ""month"": 7, ""search_volume"": 0}, {""year"": 2025, ""month"": 6, ""search_volume"": 0}]"
A6,rasoir de sûreté migros,,,USD_DOCUMENTED,core,False,G0070,,G0136,,rasoir de sûreté/sécurité homme ou non genré,keywords_data/google_ads/search_volume/live,2026-09-03T14:41:36.469628+00:00,2026-09-03-qualification-9-produits-pur/raw/20-controls-1.json.gz,[]
A6,rasoir de sûreté muhle,,,USD_DOCUMENTED,core,True,,,,,rasoir de sûreté/sécurité homme ou non genré,keywords_data/google_ads/search_volume/live,2026-09-03T14:41:36.469628+00:00,2026-09-03-qualification-9-produits-pur/raw/20-controls-1.json.gz,[]
A6,ensemble rasoir de sûreté,,,USD_DOCUMENTED,core,False,G0071,,G0137,,rasoir de sûreté/sécurité homme ou non genré,keywords_data/google_ads/search_volume/live,2026-09-03T14:41:36.469628+00:00,2026-09-03-qualification-9-produits-pur/raw/20-controls-1.json.gz,[]
A6,rasoir de sûreté mühle,,,USD_DOCUMENTED,core,True,,,,,rasoir de sûreté/sécurité homme ou non genré,keywords_data/google_ads/search_volume/live,2026-09-03T14:41:36.469628+00:00,2026-09-03-qualification-9-produits-pur/raw/20-controls-1.json.gz,[]
A6,gillette rasoir de sûreté,,,USD_DOCUMENTED,core,True,,,,,rasoir de sûreté/sécurité homme ou non genré,keywords_data/google_ads/search_volume/live,2026-09-03T14:41:36.469628+00:00,2026-09-03-qualification-9-produits-pur/raw/20-controls-1.json.gz,[]
A6,rasoir de sûreté wilkinson leclerc,,,USD_DOCUMENTED,core,True,,,,,rasoir de sûreté/sécurité homme ou non genré,keywords_data/google_ads/search_volume/live,2026-09-03T14:41:36.469628+00:00,2026-09-03-qualification-9-produits-pur/raw/20-controls-1.json.gz,[]
A6,rasoir de sûreté différence,,,USD_DOCUMENTED,core,False,G0072,,G0138,,rasoir de sûreté/sécurité homme ou non genré,keywords_data/google_ads/search_volume/live,2026-09-03T14:41:36.469628+00:00,2026-09-03-qualification-9-produits-pur/raw/20-controls-1.json.gz,[]
A6,rasoir de sûreté pour contour barbe,,,USD_DOCUMENTED,core,False,G0073,,G0139,,rasoir de sûreté/sécurité homme ou non genré,keywords_data/google_ads/search_volume/live,2026-09-03T14:41:36.469628+00:00,2026-09-03-qualification-9-produits-pur/raw/20-controls-1.json.gz,[]
A6,rasoir de sûreté artisanal,,,USD_DOCUMENTED,core,False,G0074,,G0140,,rasoir de sûreté/sécurité homme ou non genré,keywords_data/google_ads/search_volume/live,2026-09-03T14:41:36.469628+00:00,2026-09-03-qualification-9-produits-pur/raw/20-controls-1.json.gz,[]
A6,rasoir de sûreté bois,,,USD_DOCUMENTED,core,False,G0025,0,G0091,0,rasoir de sûreté/sécurité homme ou non genré,keywords_data/google_ads/search_volume/live,2026-09-03T14:41:36.469628+00:00,2026-09-03-qualification-9-produits-pur/raw/20-controls-1.json.gz,[]
A6,rasoir de sûreté france,,,USD_DOCUMENTED,incompatible,False,,,,,"accessoire, autre public/format ou provenance non prouvée",dataforseo_labs/google/keyword_suggestions/live,2026-09-03T14:36:23.673150+00:00,2026-09-03-qualification-9-produits-pur/raw/10-A6-labs-0.json.gz,"[{""year"": 2026, ""month"": 5, ""search_volume"": 0}, {""year"": 2026, ""month"": 4, ""search_volume"": 0}, {""year"": 2026, ""month"": 3, ""search_volume"": 0}, {""year"": 2026, ""month"": 2, ""search_volume"": 0}, {""year"": 2026, ""month"": 1, ""search_volume"": 0}, {""year"": 2025, ""month"": 12, ""search_volume"": 0}, {""year"": 2025, ""month"": 11, ""search_volume"": 0}, {""year"": 2025, ""month"": 10, ""search_volume"": 0}, {""year"": 2025, ""month"": 9, ""search_volume"": 0}, {""year"": 2025, ""month"": 8, ""search_volume"": 0}, {""year"": 2025, ""month"": 7, ""search_volume"": 0}, {""year"": 2025, ""month"": 6, ""search_volume"": 0}]"
A6,rasoir de sûreté et mousse à raser,,,USD_DOCUMENTED,core,False,G0075,,G0141,,rasoir de sûreté/sécurité homme ou non genré,keywords_data/google_ads/search_volume/live,2026-09-03T14:41:36.469628+00:00,2026-09-03-qualification-9-produits-pur/raw/20-controls-1.json.gz,[]
A6,rasoir de sûreté papillon parker,,,USD_DOCUMENTED,incompatible,True,,,,,"format, public, pays ou intention hors kit débutant fixe",keywords_data/google_ads/search_volume/live,2026-09-03T14:41:36.469628+00:00,2026-09-03-qualification-9-produits-pur/raw/20-controls-1.json.gz,[]
A6,quel rasoir de sûreté choisir,,,USD_DOCUMENTED,core,False,G0076,,G0142,,rasoir de sûreté/sécurité homme ou non genré,keywords_data/google_ads/search_volume/live,2026-09-03T14:41:36.469628+00:00,2026-09-03-qualification-9-produits-pur/raw/20-controls-1.json.gz,[]
A6,rasoir de sûreté contour barbe,,,USD_DOCUMENTED,core,False,G0073,0,G0139,0,rasoir de sûreté/sécurité homme ou non genré,keywords_data/google_ads/search_volume/live,2026-09-03T14:41:36.469628+00:00,2026-09-03-qualification-9-produits-pur/raw/20-controls-1.json.gz,[]
A6,rasoir de sûreté homme wilkinson,,,USD_DOCUMENTED,core,True,,,,,rasoir de sûreté/sécurité homme ou non genré,keywords_data/google_ads/search_volume/live,2026-09-03T14:41:36.469628+00:00,2026-09-03-qualification-9-produits-pur/raw/20-controls-1.json.gz,[]
A6,rasoir de sûreté wiki,,,USD_DOCUMENTED,core,False,G0077,,G0143,,rasoir de sûreté/sécurité homme ou non genré,keywords_data/google_ads/search_volume/live,2026-09-03T14:41:36.469628+00:00,2026-09-03-qualification-9-produits-pur/raw/20-controls-1.json.gz,[]
A6,rasoir de sûreté ou multilame,,,USD_DOCUMENTED,incompatible,False,,,,,"accessoire, autre public/format ou provenance non prouvée",dataforseo_labs/google/keyword_suggestions/live,2026-09-03T14:36:23.673150+00:00,2026-09-03-qualification-9-produits-pur/raw/10-A6-labs-0.json.gz,"[{""year"": 2026, ""month"": 5, ""search_volume"": 0}, {""year"": 2026, ""month"": 4, ""search_volume"": 0}, {""year"": 2026, ""month"": 3, ""search_volume"": 0}, {""year"": 2026, ""month"": 2, ""search_volume"": 0}, {""year"": 2026, ""month"": 1, ""search_volume"": 0}, {""year"": 2025, ""month"": 12, ""search_volume"": 0}, {""year"": 2025, ""month"": 11, ""search_volume"": 0}, {""year"": 2025, ""month"": 10, ""search_volume"": 0}, {""year"": 2025, ""month"": 9, ""search_volume"": 0}, {""year"": 2025, ""month"": 8, ""search_volume"": 0}, {""year"": 2025, ""month"": 7, ""search_volume"": 0}, {""year"": 2025, ""month"": 6, ""search_volume"": 0}]"
A6,rasoir de sûreté toulouse,,,USD_DOCUMENTED,core,False,G0026,0,G0092,0,rasoir de sûreté/sécurité homme ou non genré,keywords_data/google_ads/search_volume/live,2026-09-03T14:41:36.469628+00:00,2026-09-03-qualification-9-produits-pur/raw/20-controls-1.json.gz,[]
A6,meilleures lames rasoir de sûreté,,,USD_DOCUMENTED,incompatible,False,,,,,"accessoire, autre public/format ou provenance non prouvée",dataforseo_labs/google/keyword_suggestions/live,2026-09-03T14:36:23.673150+00:00,2026-09-03-qualification-9-produits-pur/raw/10-A6-labs-0.json.gz,"[{""year"": 2026, ""month"": 5, ""search_volume"": 0}, {""year"": 2026, ""month"": 4, ""search_volume"": 0}, {""year"": 2026, ""month"": 3, ""search_volume"": 0}, {""year"": 2026, ""month"": 2, ""search_volume"": 0}, {""year"": 2026, ""month"": 1, ""search_volume"": 0}, {""year"": 2025, ""month"": 12, ""search_volume"": 0}, {""year"": 2025, ""month"": 11, ""search_volume"": 0}, {""year"": 2025, ""month"": 10, ""search_volume"": 0}, {""year"": 2025, ""month"": 9, ""search_volume"": 0}, {""year"": 2025, ""month"": 8, ""search_volume"": 0}, {""year"": 2025, ""month"": 7, ""search_volume"": 0}, {""year"": 2025, ""month"": 6, ""search_volume"": 0}]"
A6,rasoir de sûreté merkur futur,,,USD_DOCUMENTED,core,True,,,,,rasoir de sûreté/sécurité homme ou non genré,keywords_data/google_ads/search_volume/live,2026-09-03T14:41:36.469628+00:00,2026-09-03-qualification-9-produits-pur/raw/20-controls-1.json.gz,[]
A6,mousse à raser pour rasoir de sûreté,,,USD_DOCUMENTED,core,False,G0075,0,G0141,0,rasoir de sûreté/sécurité homme ou non genré,keywords_data/google_ads/search_volume/live,2026-09-03T14:41:36.469628+00:00,2026-09-03-qualification-9-produits-pur/raw/20-controls-1.json.gz,[]
A6,se raser avec un rasoir de sûreté,,,USD_DOCUMENTED,core,False,G0078,,G0144,,rasoir de sûreté/sécurité homme ou non genré,keywords_data/google_ads/search_volume/live,2026-09-03T14:41:36.469628+00:00,2026-09-03-qualification-9-produits-pur/raw/20-controls-1.json.gz,[]
A6,support rasoir de sûreté,,,USD_DOCUMENTED,incompatible,False,,,,,"accessoire, autre public/format ou provenance non prouvée",keywords_data/google_ads/search_volume/live,2026-09-03T14:41:36.469628+00:00,2026-09-03-qualification-9-produits-pur/raw/20-controls-1.json.gz,[]
A6,lames de rasoir de sûreté,,,USD_DOCUMENTED,incompatible,False,,,,,"accessoire, autre public/format ou provenance non prouvée",dataforseo_labs/google/keyword_suggestions/live,2026-09-03T14:36:23.673150+00:00,2026-09-03-qualification-9-produits-pur/raw/10-A6-labs-0.json.gz,"[{""year"": 2026, ""month"": 5, ""search_volume"": 0}, {""year"": 2026, ""month"": 4, ""search_volume"": 0}, {""year"": 2026, ""month"": 3, ""search_volume"": 0}, {""year"": 2026, ""month"": 2, ""search_volume"": 0}, {""year"": 2026, ""month"": 1, ""search_volume"": 0}, {""year"": 2025, ""month"": 12, ""search_volume"": 0}, {""year"": 2025, ""month"": 11, ""search_volume"": 0}, {""year"": 2025, ""month"": 10, ""search_volume"": 0}, {""year"": 2025, ""month"": 9, ""search_volume"": 0}, {""year"": 2025, ""month"": 8, ""search_volume"": 0}, {""year"": 2025, ""month"": 7, ""search_volume"": 0}, {""year"": 2025, ""month"": 6, ""search_volume"": 0}]"
A6,rasoir de sûreté definition,,,USD_DOCUMENTED,core,False,G0079,,G0145,,rasoir de sûreté/sécurité homme ou non genré,keywords_data/google_ads/search_volume/live,2026-09-03T14:41:36.469628+00:00,2026-09-03-qualification-9-produits-pur/raw/20-controls-1.json.gz,[]
A6,rasoir de sûreté forum,,,USD_DOCUMENTED,incompatible,False,,,,,"format, public, pays ou intention hors kit débutant fixe",keywords_data/google_ads/search_volume/live,2026-09-03T14:41:36.469628+00:00,2026-09-03-qualification-9-produits-pur/raw/20-controls-1.json.gz,[]
A6,rasoir de sûreté ou mach 3,,,USD_DOCUMENTED,core,False,G0080,,G0146,,rasoir de sûreté/sécurité homme ou non genré,keywords_data/google_ads/search_volume/live,2026-09-03T14:41:36.469628+00:00,2026-09-03-qualification-9-produits-pur/raw/20-controls-1.json.gz,[]
A6,rasoir de sûreté gillette vs wilkinson,,,USD_DOCUMENTED,core,True,,,,,rasoir de sûreté/sécurité homme ou non genré,keywords_data/google_ads/search_volume/live,2026-09-03T14:41:36.469628+00:00,2026-09-03-qualification-9-produits-pur/raw/20-controls-1.json.gz,[]
A6,rasoir de sûreté wilkinson carrefour,,,USD_DOCUMENTED,core,True,,,,,rasoir de sûreté/sécurité homme ou non genré,keywords_data/google_ads/search_volume/live,2026-09-03T14:41:36.469628+00:00,2026-09-03-qualification-9-produits-pur/raw/20-controls-1.json.gz,[]
A6,rasoir de sûreté peigne fermé,,,USD_DOCUMENTED,core,False,G0081,,G0147,,rasoir de sûreté/sécurité homme ou non genré,keywords_data/google_ads/search_volume/live,2026-09-03T14:41:36.469628+00:00,2026-09-03-qualification-9-produits-pur/raw/20-controls-1.json.gz,[]
A6,rasoir de sûreté 2 lames,,,USD_DOCUMENTED,incompatible,False,,,,,"accessoire, autre public/format ou provenance non prouvée",dataforseo_labs/google/keyword_suggestions/live,2026-09-03T14:36:23.673150+00:00,2026-09-03-qualification-9-produits-pur/raw/10-A6-labs-0.json.gz,"[{""year"": 2026, ""month"": 5, ""search_volume"": 0}, {""year"": 2026, ""month"": 4, ""search_volume"": 0}, {""year"": 2026, ""month"": 3, ""search_volume"": 0}, {""year"": 2026, ""month"": 2, ""search_volume"": 0}, {""year"": 2026, ""month"": 1, ""search_volume"": 0}, {""year"": 2025, ""month"": 12, ""search_volume"": 0}, {""year"": 2025, ""month"": 11, ""search_volume"": 0}, {""year"": 2025, ""month"": 10, ""search_volume"": 0}, {""year"": 2025, ""month"": 9, ""search_volume"": 0}, {""year"": 2025, ""month"": 8, ""search_volume"": 0}, {""year"": 2025, ""month"": 7, ""search_volume"": 0}, {""year"": 2025, ""month"": 6, ""search_volume"": 0}]"
A6,recyclage lame rasoir de sûreté,,,USD_DOCUMENTED,incompatible,False,,,,,"accessoire, autre public/format ou provenance non prouvée",dataforseo_labs/google/keyword_suggestions/live,2026-09-03T14:36:23.673150+00:00,2026-09-03-qualification-9-produits-pur/raw/10-A6-labs-0.json.gz,"[{""year"": 2026, ""month"": 5, ""search_volume"": 0}, {""year"": 2026, ""month"": 4, ""search_volume"": 0}, {""year"": 2026, ""month"": 3, ""search_volume"": 0}, {""year"": 2026, ""month"": 2, ""search_volume"": 0}, {""year"": 2026, ""month"": 1, ""search_volume"": 0}, {""year"": 2025, ""month"": 12, ""search_volume"": 0}, {""year"": 2025, ""month"": 11, ""search_volume"": 0}, {""year"": 2025, ""month"": 10, ""search_volume"": 0}, {""year"": 2025, ""month"": 9, ""search_volume"": 0}, {""year"": 2025, ""month"": 8, ""search_volume"": 0}, {""year"": 2025, ""month"": 7, ""search_volume"": 0}, {""year"": 2025, ""month"": 6, ""search_volume"": 0}]"
A6,entretien rasoir de sûreté,,,USD_DOCUMENTED,information,False,,,,,"usage/SAV/risque, hors demande achat directe",dataforseo_labs/google/keyword_suggestions/live,2026-09-03T14:36:23.673150+00:00,2026-09-03-qualification-9-produits-pur/raw/10-A6-labs-0.json.gz,"[{""year"": 2026, ""month"": 5, ""search_volume"": 0}, {""year"": 2026, ""month"": 4, ""search_volume"": 0}, {""year"": 2026, ""month"": 3, ""search_volume"": 0}, {""year"": 2026, ""month"": 2, ""search_volume"": 0}, {""year"": 2026, ""month"": 1, ""search_volume"": 0}, {""year"": 2025, ""month"": 12, ""search_volume"": 0}, {""year"": 2025, ""month"": 11, ""search_volume"": 0}, {""year"": 2025, ""month"": 10, ""search_volume"": 0}, {""year"": 2025, ""month"": 9, ""search_volume"": 0}, {""year"": 2025, ""month"": 8, ""search_volume"": 0}, {""year"": 2025, ""month"": 7, ""search_volume"": 0}, {""year"": 2025, ""month"": 6, ""search_volume"": 0}]"
A6,lames de rasoir de sûreté traditionnelles,,,USD_DOCUMENTED,incompatible,False,,,,,"accessoire, autre public/format ou provenance non prouvée",dataforseo_labs/google/keyword_suggestions/live,2026-09-03T14:36:23.673150+00:00,2026-09-03-qualification-9-produits-pur/raw/10-A6-labs-0.json.gz,"[{""year"": 2026, ""month"": 5, ""search_volume"": 0}, {""year"": 2026, ""month"": 4, ""search_volume"": 0}, {""year"": 2026, ""month"": 3, ""search_volume"": 0}, {""year"": 2026, ""month"": 2, ""search_volume"": 0}, {""year"": 2026, ""month"": 1, ""search_volume"": 0}, {""year"": 2025, ""month"": 12, ""search_volume"": 0}, {""year"": 2025, ""month"": 11, ""search_volume"": 0}, {""year"": 2025, ""month"": 10, ""search_volume"": 0}, {""year"": 2025, ""month"": 9, ""search_volume"": 0}, {""year"": 2025, ""month"": 8, ""search_volume"": 0}, {""year"": 2025, ""month"": 7, ""search_volume"": 0}, {""year"": 2025, ""month"": 6, ""search_volume"": 0}]"
A6,rasoir de sûreté belgique,,,USD_DOCUMENTED,core,False,G0082,,G0148,,rasoir de sûreté/sécurité homme ou non genré,keywords_data/google_ads/search_volume/live,2026-09-03T14:41:36.469628+00:00,2026-09-03-qualification-9-produits-pur/raw/20-controls-1.json.gz,[]
A6,histoire du rasoir de sûreté,,,USD_DOCUMENTED,core,False,G0083,,G0149,,rasoir de sûreté/sécurité homme ou non genré,keywords_data/google_ads/search_volume/live,2026-09-03T14:41:36.469628+00:00,2026-09-03-qualification-9-produits-pur/raw/20-controls-1.json.gz,[]
A6,meilleur rasoir de sûreté réglable,,,USD_DOCUMENTED,incompatible,False,,,,,"format, public, pays ou intention hors kit débutant fixe",keywords_data/google_ads/search_volume/live,2026-09-03T14:41:36.469628+00:00,2026-09-03-qualification-9-produits-pur/raw/20-controls-1.json.gz,[]
A6,tuto rasoir de sûreté,,,USD_DOCUMENTED,information,False,,,,,"usage/SAV/risque, hors demande achat directe",dataforseo_labs/google/keyword_suggestions/live,2026-09-03T14:36:23.673150+00:00,2026-09-03-qualification-9-produits-pur/raw/10-A6-labs-0.json.gz,"[{""year"": 2026, ""month"": 5, ""search_volume"": 0}, {""year"": 2026, ""month"": 4, ""search_volume"": 0}, {""year"": 2026, ""month"": 3, ""search_volume"": 0}, {""year"": 2026, ""month"": 2, ""search_volume"": 0}, {""year"": 2026, ""month"": 1, ""search_volume"": 0}, {""year"": 2025, ""month"": 12, ""search_volume"": 0}, {""year"": 2025, ""month"": 11, ""search_volume"": 0}, {""year"": 2025, ""month"": 10, ""search_volume"": 0}, {""year"": 2025, ""month"": 9, ""search_volume"": 0}, {""year"": 2025, ""month"": 8, ""search_volume"": 0}, {""year"": 2025, ""month"": 7, ""search_volume"": 0}, {""year"": 2025, ""month"": 6, ""search_volume"": 0}]"
A6,rasoir de sûreté muhle r89,,,USD_DOCUMENTED,core,True,,,,,rasoir de sûreté/sécurité homme ou non genré,keywords_data/google_ads/search_volume/live,2026-09-03T14:41:36.469628+00:00,2026-09-03-qualification-9-produits-pur/raw/20-controls-1.json.gz,[]
A6,rasoir de sûreté homme made in france,,,USD_DOCUMENTED,incompatible,False,,,,,"accessoire, autre public/format ou provenance non prouvée",dataforseo_labs/google/keyword_suggestions/live,2026-09-03T14:36:23.673150+00:00,2026-09-03-qualification-9-produits-pur/raw/10-A6-labs-0.json.gz,"[{""year"": 2026, ""month"": 5, ""search_volume"": 0}, {""year"": 2026, ""month"": 4, ""search_volume"": 0}, {""year"": 2026, ""month"": 3, ""search_volume"": 0}, {""year"": 2026, ""month"": 2, ""search_volume"": 0}, {""year"": 2026, ""month"": 1, ""search_volume"": 0}, {""year"": 2025, ""month"": 12, ""search_volume"": 0}, {""year"": 2025, ""month"": 11, ""search_volume"": 0}, {""year"": 2025, ""month"": 10, ""search_volume"": 0}, {""year"": 2025, ""month"": 9, ""search_volume"": 0}, {""year"": 2025, ""month"": 8, ""search_volume"": 0}, {""year"": 2025, ""month"": 7, ""search_volume"": 0}, {""year"": 2025, ""month"": 6, ""search_volume"": 0}]"
A6,rasoir de sûreté homme mühle,,,USD_DOCUMENTED,core,True,,,,,rasoir de sûreté/sécurité homme ou non genré,keywords_data/google_ads/search_volume/live,2026-09-03T14:41:36.469628+00:00,2026-09-03-qualification-9-produits-pur/raw/20-controls-1.json.gz,[]
A6,rasoir de sûreté barbier,,,USD_DOCUMENTED,core,False,G0084,,G0150,,rasoir de sûreté/sécurité homme ou non genré,keywords_data/google_ads/search_volume/live,2026-09-03T14:41:36.469628+00:00,2026-09-03-qualification-9-produits-pur/raw/20-controls-1.json.gz,[]
A6,rasoir de sûreté gentleman barbier,,,USD_DOCUMENTED,core,False,G0085,,G0151,,rasoir de sûreté/sécurité homme ou non genré,keywords_data/google_ads/search_volume/live,2026-09-03T14:41:36.469628+00:00,2026-09-03-qualification-9-produits-pur/raw/20-controls-1.json.gz,[]
A6,rasoir de sûreté wikipédia,,,USD_DOCUMENTED,core,False,G0086,,G0152,,rasoir de sûreté/sécurité homme ou non genré,keywords_data/google_ads/search_volume/live,2026-09-03T14:41:36.469628+00:00,2026-09-03-qualification-9-produits-pur/raw/20-controls-1.json.gz,[]
A6,rasoir traditionnel amazon,,,USD_DOCUMENTED,conditional,True,,,,,"ensemble ou traditionnel, composition à confirmer en SERP",keywords_data/google_ads/search_volume/live,2026-09-03T14:41:36.469628+00:00,2026-09-03-qualification-9-produits-pur/raw/20-controls-1.json.gz,[]
A6,meilleur rasoir traditionnel,,,USD_DOCUMENTED,conditional,False,,,G0170,,"ensemble ou traditionnel, composition à confirmer en SERP",keywords_data/google_ads/search_volume/live,2026-09-03T14:41:36.469628+00:00,2026-09-03-qualification-9-produits-pur/raw/20-controls-1.json.gz,[]
A6,rasoir traditionnel avis,,,USD_DOCUMENTED,conditional,False,,,G0171,,"ensemble ou traditionnel, composition à confirmer en SERP",keywords_data/google_ads/search_volume/live,2026-09-03T14:41:36.469628+00:00,2026-09-03-qualification-9-produits-pur/raw/20-controls-1.json.gz,[]
A6,rasoir traditionnel femme,,,USD_DOCUMENTED,incompatible,False,,,,,"accessoire, autre public/format ou provenance non prouvée",dataforseo_labs/google/keyword_suggestions/live,2026-09-03T14:36:23.886101+00:00,2026-09-03-qualification-9-produits-pur/raw/10-A6-labs-1.json.gz,"[{""year"": 2026, ""month"": 5, ""search_volume"": 0}, {""year"": 2026, ""month"": 4, ""search_volume"": 0}, {""year"": 2026, ""month"": 3, ""search_volume"": 0}, {""year"": 2026, ""month"": 2, ""search_volume"": 0}, {""year"": 2026, ""month"": 1, ""search_volume"": 0}, {""year"": 2025, ""month"": 12, ""search_volume"": 0}, {""year"": 2025, ""month"": 11, ""search_volume"": 0}, {""year"": 2025, ""month"": 10, ""search_volume"": 0}, {""year"": 2025, ""month"": 9, ""search_volume"": 0}, {""year"": 2025, ""month"": 8, ""search_volume"": 0}, {""year"": 2025, ""month"": 7, ""search_volume"": 0}, {""year"": 2025, ""month"": 6, ""search_volume"": 0}]"
A6,meilleures lames de rasoir de sécurité,0,,USD_DOCUMENTED,incompatible,False,,,,,"accessoire, autre public/format ou provenance non prouvée",dataforseo_labs/google/keyword_suggestions/live,2026-09-03T14:36:24.143908+00:00,2026-09-03-qualification-9-produits-pur/raw/10-A6-labs-2.json.gz,"[{""year"": 2026, ""month"": 7, ""search_volume"": 0}, {""year"": 2026, ""month"": 6, ""search_volume"": 0}, {""year"": 2026, ""month"": 5, ""search_volume"": 0}, {""year"": 2026, ""month"": 4, ""search_volume"": 0}, {""year"": 2026, ""month"": 3, ""search_volume"": 0}, {""year"": 2026, ""month"": 2, ""search_volume"": 0}, {""year"": 2026, ""month"": 1, ""search_volume"": 0}, {""year"": 2025, ""month"": 12, ""search_volume"": 0}, {""year"": 2025, ""month"": 11, ""search_volume"": 0}, {""year"": 2025, ""month"": 10, ""search_volume"": 0}, {""year"": 2025, ""month"": 9, ""search_volume"": 0}, {""year"": 2025, ""month"": 8, ""search_volume"": 0}]"
A6,rasoir de sécurité tunisie,0,,USD_DOCUMENTED,core,False,G0087,0,G0153,0,rasoir de sûreté/sécurité homme ou non genré,keywords_data/google_ads/search_volume/live,2026-09-03T14:41:36.469628+00:00,2026-09-03-qualification-9-produits-pur/raw/20-controls-1.json.gz,"[{""year"": 2026, ""month"": 7, ""search_volume"": 0}, {""year"": 2026, ""month"": 6, ""search_volume"": 0}, {""year"": 2026, ""month"": 5, ""search_volume"": 0}, {""year"": 2026, ""month"": 4, ""search_volume"": 0}, {""year"": 2026, ""month"": 3, ""search_volume"": 0}, {""year"": 2026, ""month"": 2, ""search_volume"": 0}, {""year"": 2026, ""month"": 1, ""search_volume"": 0}, {""year"": 2025, ""month"": 12, ""search_volume"": 0}, {""year"": 2025, ""month"": 11, ""search_volume"": 0}, {""year"": 2025, ""month"": 10, ""search_volume"": 0}, {""year"": 2025, ""month"": 9, ""search_volume"": 0}, {""year"": 2025, ""month"": 8, ""search_volume"": 0}]"
A6,qshave rasoir de sécurité,0,,USD_DOCUMENTED,core,False,G0088,0,G0154,0,rasoir de sûreté/sécurité homme ou non genré,keywords_data/google_ads/search_volume/live,2026-09-03T14:41:36.469628+00:00,2026-09-03-qualification-9-produits-pur/raw/20-controls-1.json.gz,"[{""year"": 2026, ""month"": 7, ""search_volume"": 0}, {""year"": 2026, ""month"": 6, ""search_volume"": 0}, {""year"": 2026, ""month"": 5, ""search_volume"": 0}, {""year"": 2026, ""month"": 4, ""search_volume"": 0}, {""year"": 2026, ""month"": 3, ""search_volume"": 0}, {""year"": 2026, ""month"": 2, ""search_volume"": 0}, {""year"": 2026, ""month"": 1, ""search_volume"": 0}, {""year"": 2025, ""month"": 12, ""search_volume"": 0}, {""year"": 2025, ""month"": 11, ""search_volume"": 0}, {""year"": 2025, ""month"": 10, ""search_volume"": 0}, {""year"": 2025, ""month"": 9, ""search_volume"": 0}, {""year"": 2025, ""month"": 8, ""search_volume"": 0}]"
A6,rasoir de sécurité sapiens,0,,USD_DOCUMENTED,core,False,G0089,0,G0155,0,rasoir de sûreté/sécurité homme ou non genré,keywords_data/google_ads/search_volume/live,2026-09-03T14:41:36.469628+00:00,2026-09-03-qualification-9-produits-pur/raw/20-controls-1.json.gz,"[{""year"": 2026, ""month"": 7, ""search_volume"": 0}, {""year"": 2026, ""month"": 6, ""search_volume"": 0}, {""year"": 2026, ""month"": 5, ""search_volume"": 0}, {""year"": 2026, ""month"": 4, ""search_volume"": 0}, {""year"": 2026, ""month"": 3, ""search_volume"": 0}, {""year"": 2026, ""month"": 2, ""search_volume"": 0}, {""year"": 2026, ""month"": 1, ""search_volume"": 0}, {""year"": 2025, ""month"": 12, ""search_volume"": 0}, {""year"": 2025, ""month"": 11, ""search_volume"": 0}, {""year"": 2025, ""month"": 10, ""search_volume"": 0}, {""year"": 2025, ""month"": 9, ""search_volume"": 0}, {""year"": 2025, ""month"": 8, ""search_volume"": 0}]"
A6,coffret rasoir de sécurité,,,USD_DOCUMENTED,core,False,G0090,,G0156,,rasoir de sûreté/sécurité homme ou non genré,keywords_data/google_ads/search_volume/live,2026-09-03T14:41:36.469628+00:00,2026-09-03-qualification-9-produits-pur/raw/20-controls-1.json.gz,[]
A6,rasoir de sécurité femme avis,,,USD_DOCUMENTED,incompatible,False,,,,,"accessoire, autre public/format ou provenance non prouvée",dataforseo_labs/google/keyword_suggestions/live,2026-09-03T14:36:24.143908+00:00,2026-09-03-qualification-9-produits-pur/raw/10-A6-labs-2.json.gz,"[{""year"": 2026, ""month"": 5, ""search_volume"": 0}, {""year"": 2026, ""month"": 4, ""search_volume"": 0}, {""year"": 2026, ""month"": 3, ""search_volume"": 0}, {""year"": 2026, ""month"": 2, ""search_volume"": 0}, {""year"": 2026, ""month"": 1, ""search_volume"": 0}, {""year"": 2025, ""month"": 12, ""search_volume"": 0}, {""year"": 2025, ""month"": 11, ""search_volume"": 0}, {""year"": 2025, ""month"": 10, ""search_volume"": 0}, {""year"": 2025, ""month"": 9, ""search_volume"": 0}, {""year"": 2025, ""month"": 8, ""search_volume"": 0}, {""year"": 2025, ""month"": 7, ""search_volume"": 0}, {""year"": 2025, ""month"": 6, ""search_volume"": 0}]"
A6,rasoir de sécurité crâne,,,USD_DOCUMENTED,incompatible,False,,,,,"format, public, pays ou intention hors kit débutant fixe",keywords_data/google_ads/search_volume/live,2026-09-03T14:41:36.469628+00:00,2026-09-03-qualification-9-produits-pur/raw/20-controls-1.json.gz,[]
A6,rasoir de sécurité écologique,,,USD_DOCUMENTED,core,False,G0091,,G0157,,rasoir de sûreté/sécurité homme ou non genré,keywords_data/google_ads/search_volume/live,2026-09-03T14:41:36.469628+00:00,2026-09-03-qualification-9-produits-pur/raw/20-controls-1.json.gz,[]
A6,rasoir de sécurité forum,,,USD_DOCUMENTED,incompatible,False,,,,,"format, public, pays ou intention hors kit débutant fixe",keywords_data/google_ads/search_volume/live,2026-09-03T14:41:36.469628+00:00,2026-09-03-qualification-9-produits-pur/raw/20-controls-1.json.gz,[]
A6,rasoir de sécurité haut de gamme,,,USD_DOCUMENTED,core,False,G0092,,G0158,,rasoir de sûreté/sécurité homme ou non genré,keywords_data/google_ads/search_volume/live,2026-09-03T14:41:36.469628+00:00,2026-09-03-qualification-9-produits-pur/raw/20-controls-1.json.gz,[]
A6,rasoir de sécurité parker,,,USD_DOCUMENTED,core,True,,,,,rasoir de sûreté/sécurité homme ou non genré,keywords_data/google_ads/search_volume/live,2026-09-03T14:41:36.469628+00:00,2026-09-03-qualification-9-produits-pur/raw/20-controls-1.json.gz,[]
A6,rasoir de sécurité merkur 23c manche long chrome,,,USD_DOCUMENTED,core,True,,,,,rasoir de sûreté/sécurité homme ou non genré,keywords_data/google_ads/search_volume/live,2026-09-03T14:41:36.469628+00:00,2026-09-03-qualification-9-produits-pur/raw/20-controls-1.json.gz,[]
A6,rasoir de sécurité gentleman barbier,,,USD_DOCUMENTED,core,False,G0093,,G0159,,rasoir de sûreté/sécurité homme ou non genré,keywords_data/google_ads/search_volume/live,2026-09-03T14:41:36.469628+00:00,2026-09-03-qualification-9-produits-pur/raw/20-controls-1.json.gz,[]
A6,lame pour rasoir de sécurité,,,USD_DOCUMENTED,incompatible,False,,,,,"accessoire, autre public/format ou provenance non prouvée",dataforseo_labs/google/keyword_suggestions/live,2026-09-03T14:36:24.143908+00:00,2026-09-03-qualification-9-produits-pur/raw/10-A6-labs-2.json.gz,"[{""year"": 2026, ""month"": 7, ""search_volume"": 0}, {""year"": 2026, ""month"": 6, ""search_volume"": 0}, {""year"": 2026, ""month"": 5, ""search_volume"": 0}, {""year"": 2026, ""month"": 4, ""search_volume"": 0}, {""year"": 2026, ""month"": 3, ""search_volume"": 0}, {""year"": 2026, ""month"": 2, ""search_volume"": 0}, {""year"": 2026, ""month"": 1, ""search_volume"": 0}, {""year"": 2025, ""month"": 12, ""search_volume"": 0}, {""year"": 2025, ""month"": 11, ""search_volume"": 0}, {""year"": 2025, ""month"": 10, ""search_volume"": 0}, {""year"": 2025, ""month"": 9, ""search_volume"": 0}, {""year"": 2025, ""month"": 8, ""search_volume"": 0}]"
A6,mühle r41 rasoir de sécurité,,,USD_DOCUMENTED,core,True,,,,,rasoir de sûreté/sécurité homme ou non genré,keywords_data/google_ads/search_volume/live,2026-09-03T14:41:36.469628+00:00,2026-09-03-qualification-9-produits-pur/raw/20-controls-1.json.gz,[]
A6,rasoir de sécurité coiffure,,,USD_DOCUMENTED,core,False,G0094,,G0160,,rasoir de sûreté/sécurité homme ou non genré,keywords_data/google_ads/search_volume/live,2026-09-03T14:41:36.469628+00:00,2026-09-03-qualification-9-produits-pur/raw/20-controls-1.json.gz,[]
A6,rasoir de sécurité utilisation,,,USD_DOCUMENTED,information,False,,,,,"usage/SAV/risque, hors demande achat directe",dataforseo_labs/google/keyword_suggestions/live,2026-09-03T14:36:24.143908+00:00,2026-09-03-qualification-9-produits-pur/raw/10-A6-labs-2.json.gz,"[{""year"": 2026, ""month"": 5, ""search_volume"": 0}, {""year"": 2026, ""month"": 4, ""search_volume"": 0}, {""year"": 2026, ""month"": 3, ""search_volume"": 0}, {""year"": 2026, ""month"": 2, ""search_volume"": 0}, {""year"": 2026, ""month"": 1, ""search_volume"": 0}, {""year"": 2025, ""month"": 12, ""search_volume"": 0}, {""year"": 2025, ""month"": 11, ""search_volume"": 0}, {""year"": 2025, ""month"": 10, ""search_volume"": 0}, {""year"": 2025, ""month"": 9, ""search_volume"": 0}, {""year"": 2025, ""month"": 8, ""search_volume"": 0}, {""year"": 2025, ""month"": 7, ""search_volume"": 0}, {""year"": 2025, ""month"": 6, ""search_volume"": 0}]"
A6,rasoir de sécurité mühle,,,USD_DOCUMENTED,core,True,,,,,rasoir de sûreté/sécurité homme ou non genré,keywords_data/google_ads/search_volume/live,2026-09-03T14:41:36.469628+00:00,2026-09-03-qualification-9-produits-pur/raw/20-controls-1.json.gz,[]
A6,rasoir de sécurité de voyage,,,USD_DOCUMENTED,core,False,G0095,,G0161,,rasoir de sûreté/sécurité homme ou non genré,keywords_data/google_ads/search_volume/live,2026-09-03T14:41:36.469628+00:00,2026-09-03-qualification-9-produits-pur/raw/20-controls-1.json.gz,[]
A6,qshave rasoir de sécurité avis,,,USD_DOCUMENTED,core,False,G0096,,G0162,,rasoir de sûreté/sécurité homme ou non genré,keywords_data/google_ads/search_volume/live,2026-09-03T14:41:36.469628+00:00,2026-09-03-qualification-9-produits-pur/raw/20-controls-1.json.gz,[]
A6,quel est le meilleur rasoir de sécurité,,,USD_DOCUMENTED,core,False,G0097,,G0163,,rasoir de sûreté/sécurité homme ou non genré,keywords_data/google_ads/search_volume/live,2026-09-03T14:41:36.469628+00:00,2026-09-03-qualification-9-produits-pur/raw/20-controls-1.json.gz,[]
A6,rasoir de sécurité avec manche en bambou,,,USD_DOCUMENTED,core,False,G0098,,G0164,,rasoir de sûreté/sécurité homme ou non genré,keywords_data/google_ads/search_volume/live,2026-09-03T14:41:36.469628+00:00,2026-09-03-qualification-9-produits-pur/raw/20-controls-1.json.gz,[]
A6,rasoir de sécurité peigne ouvert,,,USD_DOCUMENTED,incompatible,False,,,,,"accessoire, autre public/format ou provenance non prouvée",keywords_data/google_ads/search_volume/live,2026-09-03T14:41:36.469628+00:00,2026-09-03-qualification-9-produits-pur/raw/20-controls-1.json.gz,[]
A6,rasoir de sécurité peigne ouvert ou fermé,,,USD_DOCUMENTED,incompatible,False,,,,,"accessoire, autre public/format ou provenance non prouvée",keywords_data/google_ads/search_volume/live,2026-09-03T14:41:36.469628+00:00,2026-09-03-qualification-9-produits-pur/raw/20-controls-1.json.gz,[]
A6,rasoir de sécurité classement,,,USD_DOCUMENTED,core,False,G0099,,G0165,,rasoir de sûreté/sécurité homme ou non genré,keywords_data/google_ads/search_volume/live,2026-09-03T14:41:36.469628+00:00,2026-09-03-qualification-9-produits-pur/raw/20-controls-1.json.gz,[]
A6,un rasoir de sécurité,,,USD_DOCUMENTED,core,False,G0003,0,G0004,0,rasoir de sûreté/sécurité homme ou non genré,keywords_data/google_ads/search_volume/live,2026-09-03T14:41:36.469628+00:00,2026-09-03-qualification-9-produits-pur/raw/20-controls-1.json.gz,[]
A6,rasoir de sécurité wilkinson avis,,,USD_DOCUMENTED,core,True,,,,,rasoir de sûreté/sécurité homme ou non genré,keywords_data/google_ads/search_volume/live,2026-09-03T14:41:36.469628+00:00,2026-09-03-qualification-9-produits-pur/raw/20-controls-1.json.gz,[]
A6,muhle r41 rasoir de sécurité,,,USD_DOCUMENTED,core,True,,,,,rasoir de sûreté/sécurité homme ou non genré,keywords_data/google_ads/search_volume/live,2026-09-03T14:41:36.469628+00:00,2026-09-03-qualification-9-produits-pur/raw/20-controls-1.json.gz,[]
A6,support rasoir de sécurité,,,USD_DOCUMENTED,incompatible,False,,,,,"accessoire, autre public/format ou provenance non prouvée",keywords_data/google_ads/search_volume/live,2026-09-03T14:41:36.469628+00:00,2026-09-03-qualification-9-produits-pur/raw/20-controls-1.json.gz,[]
A6,rasoir de sécurité feather,,,USD_DOCUMENTED,core,False,G0100,,G0166,,rasoir de sûreté/sécurité homme ou non genré,keywords_data/google_ads/search_volume/live,2026-09-03T14:41:36.469628+00:00,2026-09-03-qualification-9-produits-pur/raw/20-controls-1.json.gz,[]
A6,rasoir de sécurité muhle,,,USD_DOCUMENTED,core,True,,,,,rasoir de sûreté/sécurité homme ou non genré,keywords_data/google_ads/search_volume/live,2026-09-03T14:41:36.469628+00:00,2026-09-03-qualification-9-produits-pur/raw/20-controls-1.json.gz,[]
A6,rasoir de sécurité pour femme,,,USD_DOCUMENTED,incompatible,False,,,,,"accessoire, autre public/format ou provenance non prouvée",dataforseo_labs/google/keyword_suggestions/live,2026-09-03T14:36:24.143908+00:00,2026-09-03-qualification-9-produits-pur/raw/10-A6-labs-2.json.gz,"[{""year"": 2026, ""month"": 5, ""search_volume"": 0}, {""year"": 2026, ""month"": 4, ""search_volume"": 0}, {""year"": 2026, ""month"": 3, ""search_volume"": 0}, {""year"": 2026, ""month"": 2, ""search_volume"": 0}, {""year"": 2026, ""month"": 1, ""search_volume"": 0}, {""year"": 2025, ""month"": 12, ""search_volume"": 0}, {""year"": 2025, ""month"": 11, ""search_volume"": 0}, {""year"": 2025, ""month"": 10, ""search_volume"": 0}, {""year"": 2025, ""month"": 9, ""search_volume"": 0}, {""year"": 2025, ""month"": 8, ""search_volume"": 0}, {""year"": 2025, ""month"": 7, ""search_volume"": 0}, {""year"": 2025, ""month"": 6, ""search_volume"": 0}]"
A6,rasoir de sécurité une lame,,,USD_DOCUMENTED,incompatible,False,,,,,"accessoire, autre public/format ou provenance non prouvée",dataforseo_labs/google/keyword_suggestions/live,2026-09-03T14:36:24.143908+00:00,2026-09-03-qualification-9-produits-pur/raw/10-A6-labs-2.json.gz,"[{""year"": 2026, ""month"": 7, ""search_volume"": 0}, {""year"": 2026, ""month"": 6, ""search_volume"": 0}, {""year"": 2026, ""month"": 5, ""search_volume"": 0}, {""year"": 2026, ""month"": 4, ""search_volume"": 0}, {""year"": 2026, ""month"": 3, ""search_volume"": 0}, {""year"": 2026, ""month"": 2, ""search_volume"": 0}, {""year"": 2026, ""month"": 1, ""search_volume"": 0}, {""year"": 2025, ""month"": 12, ""search_volume"": 0}, {""year"": 2025, ""month"": 11, ""search_volume"": 0}, {""year"": 2025, ""month"": 10, ""search_volume"": 0}, {""year"": 2025, ""month"": 9, ""search_volume"": 0}, {""year"": 2025, ""month"": 8, ""search_volume"": 0}]"
A6,rasoir de sécurité lequel choisir,,,USD_DOCUMENTED,core,False,G0101,,G0167,,rasoir de sûreté/sécurité homme ou non genré,keywords_data/google_ads/search_volume/live,2026-09-03T14:41:36.469628+00:00,2026-09-03-qualification-9-produits-pur/raw/20-controls-1.json.gz,[]
A6,rasoir de sécurité bois,,,USD_DOCUMENTED,core,False,G0102,,G0168,,rasoir de sûreté/sécurité homme ou non genré,keywords_data/google_ads/search_volume/live,2026-09-03T14:41:36.469628+00:00,2026-09-03-qualification-9-produits-pur/raw/20-controls-1.json.gz,[]
A6,amazon rasoir de sécurité,,,USD_DOCUMENTED,core,True,,,,,rasoir de sûreté/sécurité homme ou non genré,keywords_data/google_ads/search_volume/live,2026-09-03T14:41:36.469628+00:00,2026-09-03-qualification-9-produits-pur/raw/20-controls-1.json.gz,[]
A6,rasoir de sécurité merkur progress,,,USD_DOCUMENTED,core,True,,,,,rasoir de sûreté/sécurité homme ou non genré,keywords_data/google_ads/search_volume/live,2026-09-03T14:41:36.469628+00:00,2026-09-03-qualification-9-produits-pur/raw/20-controls-1.json.gz,[]
A6,rasage rasoir de sécurité,,,USD_DOCUMENTED,core,False,G0103,,G0169,,rasoir de sûreté/sécurité homme ou non genré,keywords_data/google_ads/search_volume/live,2026-09-03T14:41:36.469628+00:00,2026-09-03-qualification-9-produits-pur/raw/20-controls-1.json.gz,[]
A6,coffret blaireau rasage bio,0,,USD_DOCUMENTED,conditional,False,,,G0172,0,"ensemble ou traditionnel, composition à confirmer en SERP",keywords_data/google_ads/search_volume/live,2026-09-03T14:41:36.469628+00:00,2026-09-03-qualification-9-produits-pur/raw/20-controls-1.json.gz,"[{""year"": 2026, ""month"": 7, ""search_volume"": 0}, {""year"": 2026, ""month"": 6, ""search_volume"": 0}, {""year"": 2026, ""month"": 5, ""search_volume"": 0}, {""year"": 2026, ""month"": 4, ""search_volume"": 0}, {""year"": 2026, ""month"": 3, ""search_volume"": 0}, {""year"": 2026, ""month"": 2, ""search_volume"": 0}, {""year"": 2026, ""month"": 1, ""search_volume"": 0}, {""year"": 2025, ""month"": 12, ""search_volume"": 0}, {""year"": 2025, ""month"": 11, ""search_volume"": 0}, {""year"": 2025, ""month"": 10, ""search_volume"": 0}, {""year"": 2025, ""month"": 9, ""search_volume"": 0}, {""year"": 2025, ""month"": 8, ""search_volume"": 0}]"
A6,remington mb4045 coffret rasage beard kit,0,,USD_DOCUMENTED,conditional,False,,,G0173,0,"ensemble ou traditionnel, composition à confirmer en SERP",keywords_data/google_ads/search_volume/live,2026-09-03T14:41:36.469628+00:00,2026-09-03-qualification-9-produits-pur/raw/20-controls-1.json.gz,"[{""year"": 2026, ""month"": 7, ""search_volume"": 0}, {""year"": 2026, ""month"": 6, ""search_volume"": 0}, {""year"": 2026, ""month"": 5, ""search_volume"": 0}, {""year"": 2026, ""month"": 4, ""search_volume"": 0}, {""year"": 2026, ""month"": 3, ""search_volume"": 0}, {""year"": 2026, ""month"": 2, ""search_volume"": 0}, {""year"": 2026, ""month"": 1, ""search_volume"": 0}, {""year"": 2025, ""month"": 12, ""search_volume"": 0}, {""year"": 2025, ""month"": 11, ""search_volume"": 0}, {""year"": 2025, ""month"": 10, ""search_volume"": 0}, {""year"": 2025, ""month"": 9, ""search_volume"": 0}, {""year"": 2025, ""month"": 8, ""search_volume"": 0}]"
A6,coffret rasage avec blaireau pas cher,0,,USD_DOCUMENTED,conditional,False,,,G0174,0,"ensemble ou traditionnel, composition à confirmer en SERP",keywords_data/google_ads/search_volume/live,2026-09-03T14:41:36.469628+00:00,2026-09-03-qualification-9-produits-pur/raw/20-controls-1.json.gz,"[{""year"": 2026, ""month"": 7, ""search_volume"": 0}, {""year"": 2026, ""month"": 6, ""search_volume"": 0}, {""year"": 2026, ""month"": 5, ""search_volume"": 0}, {""year"": 2026, ""month"": 4, ""search_volume"": 0}, {""year"": 2026, ""month"": 3, ""search_volume"": 0}, {""year"": 2026, ""month"": 2, ""search_volume"": 0}, {""year"": 2026, ""month"": 1, ""search_volume"": 0}, {""year"": 2025, ""month"": 12, ""search_volume"": 0}, {""year"": 2025, ""month"": 11, ""search_volume"": 0}, {""year"": 2025, ""month"": 10, ""search_volume"": 0}, {""year"": 2025, ""month"": 9, ""search_volume"": 0}, {""year"": 2025, ""month"": 8, ""search_volume"": 0}]"
A6,coffret rasage zero dechet,0,,USD_DOCUMENTED,conditional,False,,,G0175,0,"ensemble ou traditionnel, composition à confirmer en SERP",keywords_data/google_ads/search_volume/live,2026-09-03T14:41:36.469628+00:00,2026-09-03-qualification-9-produits-pur/raw/20-controls-1.json.gz,"[{""year"": 2026, ""month"": 7, ""search_volume"": 0}, {""year"": 2026, ""month"": 6, ""search_volume"": 0}, {""year"": 2026, ""month"": 5, ""search_volume"": 0}, {""year"": 2026, ""month"": 4, ""search_volume"": 0}, {""year"": 2026, ""month"": 3, ""search_volume"": 0}, {""year"": 2026, ""month"": 2, ""search_volume"": 0}, {""year"": 2026, ""month"": 1, ""search_volume"": 0}, {""year"": 2025, ""month"": 12, ""search_volume"": 0}, {""year"": 2025, ""month"": 11, ""search_volume"": 0}, {""year"": 2025, ""month"": 10, ""search_volume"": 0}, {""year"": 2025, ""month"": 9, ""search_volume"": 0}, {""year"": 2025, ""month"": 8, ""search_volume"": 0}]"
A6,bleu coffret de rasage,0,,USD_DOCUMENTED,conditional,False,,,G0176,0,"ensemble ou traditionnel, composition à confirmer en SERP",keywords_data/google_ads/search_volume/live,2026-09-03T14:41:36.469628+00:00,2026-09-03-qualification-9-produits-pur/raw/20-controls-1.json.gz,"[{""year"": 2026, ""month"": 7, ""search_volume"": 0}, {""year"": 2026, ""month"": 6, ""search_volume"": 0}, {""year"": 2026, ""month"": 5, ""search_volume"": 0}, {""year"": 2026, ""month"": 4, ""search_volume"": 0}, {""year"": 2026, ""month"": 3, ""search_volume"": 0}, {""year"": 2026, ""month"": 2, ""search_volume"": 0}, {""year"": 2026, ""month"": 1, ""search_volume"": 0}, {""year"": 2025, ""month"": 12, ""search_volume"": 0}, {""year"": 2025, ""month"": 11, ""search_volume"": 0}, {""year"": 2025, ""month"": 10, ""search_volume"": 0}, {""year"": 2025, ""month"": 9, ""search_volume"": 0}, {""year"": 2025, ""month"": 8, ""search_volume"": 0}]"
A6,remington coffret rasage,0,,USD_DOCUMENTED,conditional,False,,,G0177,0,"ensemble ou traditionnel, composition à confirmer en SERP",keywords_data/google_ads/search_volume/live,2026-09-03T14:41:36.469628+00:00,2026-09-03-qualification-9-produits-pur/raw/20-controls-1.json.gz,"[{""year"": 2026, ""month"": 7, ""search_volume"": 0}, {""year"": 2026, ""month"": 6, ""search_volume"": 0}, {""year"": 2026, ""month"": 5, ""search_volume"": 0}, {""year"": 2026, ""month"": 4, ""search_volume"": 0}, {""year"": 2026, ""month"": 3, ""search_volume"": 0}, {""year"": 2026, ""month"": 2, ""search_volume"": 0}, {""year"": 2026, ""month"": 1, ""search_volume"": 0}, {""year"": 2025, ""month"": 12, ""search_volume"": 0}, {""year"": 2025, ""month"": 11, ""search_volume"": 0}, {""year"": 2025, ""month"": 10, ""search_volume"": 0}, {""year"": 2025, ""month"": 9, ""search_volume"": 0}, {""year"": 2025, ""month"": 8, ""search_volume"": 0}]"
A6,coffret rasage homme avec coupe chou,,,USD_DOCUMENTED,incompatible,False,,,,,"accessoire, autre public/format ou provenance non prouvée",dataforseo_labs/google/keyword_suggestions/live,2026-09-03T14:36:24.514398+00:00,2026-09-03-qualification-9-produits-pur/raw/10-A6-labs-3.json.gz,"[{""year"": 2026, ""month"": 5, ""search_volume"": 0}, {""year"": 2026, ""month"": 4, ""search_volume"": 0}, {""year"": 2026, ""month"": 3, ""search_volume"": 0}, {""year"": 2026, ""month"": 2, ""search_volume"": 0}, {""year"": 2026, ""month"": 1, ""search_volume"": 0}, {""year"": 2025, ""month"": 12, ""search_volume"": 0}, {""year"": 2025, ""month"": 11, ""search_volume"": 0}, {""year"": 2025, ""month"": 10, ""search_volume"": 0}, {""year"": 2025, ""month"": 9, ""search_volume"": 0}, {""year"": 2025, ""month"": 8, ""search_volume"": 0}, {""year"": 2025, ""month"": 7, ""search_volume"": 0}, {""year"": 2025, ""month"": 6, ""search_volume"": 0}]"
A6,coffret rasage zéro déchet,,,USD_DOCUMENTED,conditional,False,,,G0175,0,"ensemble ou traditionnel, composition à confirmer en SERP",keywords_data/google_ads/search_volume/live,2026-09-03T14:41:36.469628+00:00,2026-09-03-qualification-9-produits-pur/raw/20-controls-1.json.gz,[]
A6,coffret rasage de barbier,,,USD_DOCUMENTED,conditional,False,,,G0055,0,"ensemble ou traditionnel, composition à confirmer en SERP",keywords_data/google_ads/search_volume/live,2026-09-03T14:41:36.469628+00:00,2026-09-03-qualification-9-produits-pur/raw/20-controls-1.json.gz,[]
A6,coffret rasage lamazuna,,,USD_DOCUMENTED,conditional,True,,,,,"ensemble ou traditionnel, composition à confirmer en SERP",keywords_data/google_ads/search_volume/live,2026-09-03T14:41:36.469628+00:00,2026-09-03-qualification-9-produits-pur/raw/20-controls-1.json.gz,[]
A6,coffret rasage shavette,,,USD_DOCUMENTED,incompatible,False,,,,,"accessoire, autre public/format ou provenance non prouvée",dataforseo_labs/google/keyword_suggestions/live,2026-09-03T14:36:24.514398+00:00,2026-09-03-qualification-9-produits-pur/raw/10-A6-labs-3.json.gz,"[{""year"": 2026, ""month"": 5, ""search_volume"": 0}, {""year"": 2026, ""month"": 4, ""search_volume"": 0}, {""year"": 2026, ""month"": 3, ""search_volume"": 0}, {""year"": 2026, ""month"": 2, ""search_volume"": 0}, {""year"": 2026, ""month"": 1, ""search_volume"": 0}, {""year"": 2025, ""month"": 12, ""search_volume"": 0}, {""year"": 2025, ""month"": 11, ""search_volume"": 0}, {""year"": 2025, ""month"": 10, ""search_volume"": 0}, {""year"": 2025, ""month"": 9, ""search_volume"": 0}, {""year"": 2025, ""month"": 8, ""search_volume"": 0}, {""year"": 2025, ""month"": 7, ""search_volume"": 0}, {""year"": 2025, ""month"": 6, ""search_volume"": 0}]"
A6,coffret de rasage barbershoppe,,,USD_DOCUMENTED,conditional,False,,,G0178,,"ensemble ou traditionnel, composition à confirmer en SERP",keywords_data/google_ads/search_volume/live,2026-09-03T14:41:36.469628+00:00,2026-09-03-qualification-9-produits-pur/raw/20-controls-1.json.gz,[]
A6,coffret rasage classique,,,USD_DOCUMENTED,conditional,False,,,G0179,,"ensemble ou traditionnel, composition à confirmer en SERP",keywords_data/google_ads/search_volume/live,2026-09-03T14:41:36.469628+00:00,2026-09-03-qualification-9-produits-pur/raw/20-controls-1.json.gz,[]
A6,remington coffret rasage tondeuse barbe,,,USD_DOCUMENTED,incompatible,False,,,,,"accessoire, autre public/format ou provenance non prouvée",dataforseo_labs/google/keyword_suggestions/live,2026-09-03T14:36:24.514398+00:00,2026-09-03-qualification-9-produits-pur/raw/10-A6-labs-3.json.gz,"[{""year"": 2026, ""month"": 5, ""search_volume"": 0}, {""year"": 2026, ""month"": 4, ""search_volume"": 0}, {""year"": 2026, ""month"": 3, ""search_volume"": 0}, {""year"": 2026, ""month"": 2, ""search_volume"": 0}, {""year"": 2026, ""month"": 1, ""search_volume"": 0}, {""year"": 2025, ""month"": 12, ""search_volume"": 0}, {""year"": 2025, ""month"": 11, ""search_volume"": 0}, {""year"": 2025, ""month"": 10, ""search_volume"": 0}, {""year"": 2025, ""month"": 9, ""search_volume"": 0}, {""year"": 2025, ""month"": 8, ""search_volume"": 0}, {""year"": 2025, ""month"": 7, ""search_volume"": 0}, {""year"": 2025, ""month"": 6, ""search_volume"": 0}]"
A6,coffret blaireau rasage leclerc,,,USD_DOCUMENTED,conditional,True,,,,,"ensemble ou traditionnel, composition à confirmer en SERP",keywords_data/google_ads/search_volume/live,2026-09-03T14:41:36.469628+00:00,2026-09-03-qualification-9-produits-pur/raw/20-controls-1.json.gz,[]
A6,coffret parfum après rasage homme,,,USD_DOCUMENTED,incompatible,False,,,,,"accessoire, autre public/format ou provenance non prouvée",dataforseo_labs/google/keyword_suggestions/live,2026-09-03T14:36:24.514398+00:00,2026-09-03-qualification-9-produits-pur/raw/10-A6-labs-3.json.gz,"[{""year"": 2026, ""month"": 5, ""search_volume"": 0}, {""year"": 2026, ""month"": 4, ""search_volume"": 0}, {""year"": 2026, ""month"": 3, ""search_volume"": 0}, {""year"": 2026, ""month"": 2, ""search_volume"": 0}, {""year"": 2026, ""month"": 1, ""search_volume"": 0}, {""year"": 2025, ""month"": 12, ""search_volume"": 0}, {""year"": 2025, ""month"": 11, ""search_volume"": 0}, {""year"": 2025, ""month"": 10, ""search_volume"": 0}, {""year"": 2025, ""month"": 9, ""search_volume"": 0}, {""year"": 2025, ""month"": 8, ""search_volume"": 0}, {""year"": 2025, ""month"": 7, ""search_volume"": 0}, {""year"": 2025, ""month"": 6, ""search_volume"": 0}]"
A6,coffret blaireau rasage kit,,,USD_DOCUMENTED,conditional,False,,,G0180,,"ensemble ou traditionnel, composition à confirmer en SERP",keywords_data/google_ads/search_volume/live,2026-09-03T14:41:36.469628+00:00,2026-09-03-qualification-9-produits-pur/raw/20-controls-1.json.gz,[]
A6,coffret rasage made in france,,,USD_DOCUMENTED,incompatible,False,,,,,"accessoire, autre public/format ou provenance non prouvée",dataforseo_labs/google/keyword_suggestions/live,2026-09-03T14:36:24.514398+00:00,2026-09-03-qualification-9-produits-pur/raw/10-A6-labs-3.json.gz,"[{""year"": 2026, ""month"": 5, ""search_volume"": 0}, {""year"": 2026, ""month"": 4, ""search_volume"": 0}, {""year"": 2026, ""month"": 3, ""search_volume"": 0}, {""year"": 2026, ""month"": 2, ""search_volume"": 0}, {""year"": 2026, ""month"": 1, ""search_volume"": 0}, {""year"": 2025, ""month"": 12, ""search_volume"": 0}, {""year"": 2025, ""month"": 11, ""search_volume"": 0}, {""year"": 2025, ""month"": 10, ""search_volume"": 0}, {""year"": 2025, ""month"": 9, ""search_volume"": 0}, {""year"": 2025, ""month"": 8, ""search_volume"": 0}, {""year"": 2025, ""month"": 7, ""search_volume"": 0}, {""year"": 2025, ""month"": 6, ""search_volume"": 0}]"
A6,coffret rasage adolescent,,,USD_DOCUMENTED,incompatible,False,,,,,"accessoire, autre public/format ou provenance non prouvée",dataforseo_labs/google/keyword_suggestions/live,2026-09-03T14:36:24.514398+00:00,2026-09-03-qualification-9-produits-pur/raw/10-A6-labs-3.json.gz,"[{""year"": 2026, ""month"": 5, ""search_volume"": 0}, {""year"": 2026, ""month"": 4, ""search_volume"": 0}, {""year"": 2026, ""month"": 3, ""search_volume"": 0}, {""year"": 2026, ""month"": 2, ""search_volume"": 0}, {""year"": 2026, ""month"": 1, ""search_volume"": 0}, {""year"": 2025, ""month"": 12, ""search_volume"": 0}, {""year"": 2025, ""month"": 11, ""search_volume"": 0}, {""year"": 2025, ""month"": 10, ""search_volume"": 0}, {""year"": 2025, ""month"": 9, ""search_volume"": 0}, {""year"": 2025, ""month"": 8, ""search_volume"": 0}, {""year"": 2025, ""month"": 7, ""search_volume"": 0}, {""year"": 2025, ""month"": 6, ""search_volume"": 0}]"
A6,coffret homme après rasage,,,USD_DOCUMENTED,incompatible,False,,,,,"accessoire, autre public/format ou provenance non prouvée",dataforseo_labs/google/keyword_suggestions/live,2026-09-03T14:36:24.514398+00:00,2026-09-03-qualification-9-produits-pur/raw/10-A6-labs-3.json.gz,"[{""year"": 2026, ""month"": 5, ""search_volume"": 0}, {""year"": 2026, ""month"": 4, ""search_volume"": 0}, {""year"": 2026, ""month"": 3, ""search_volume"": 0}, {""year"": 2026, ""month"": 2, ""search_volume"": 0}, {""year"": 2026, ""month"": 1, ""search_volume"": 0}, {""year"": 2025, ""month"": 12, ""search_volume"": 0}, {""year"": 2025, ""month"": 11, ""search_volume"": 0}, {""year"": 2025, ""month"": 10, ""search_volume"": 0}, {""year"": 2025, ""month"": 9, ""search_volume"": 0}, {""year"": 2025, ""month"": 8, ""search_volume"": 0}, {""year"": 2025, ""month"": 7, ""search_volume"": 0}, {""year"": 2025, ""month"": 6, ""search_volume"": 0}]"
A6,coffret de rasage shavette,,,USD_DOCUMENTED,incompatible,False,,,,,"accessoire, autre public/format ou provenance non prouvée",dataforseo_labs/google/keyword_suggestions/live,2026-09-03T14:36:24.514398+00:00,2026-09-03-qualification-9-produits-pur/raw/10-A6-labs-3.json.gz,"[{""year"": 2026, ""month"": 5, ""search_volume"": 0}, {""year"": 2026, ""month"": 4, ""search_volume"": 0}, {""year"": 2026, ""month"": 3, ""search_volume"": 0}, {""year"": 2026, ""month"": 2, ""search_volume"": 0}, {""year"": 2026, ""month"": 1, ""search_volume"": 0}, {""year"": 2025, ""month"": 12, ""search_volume"": 0}, {""year"": 2025, ""month"": 11, ""search_volume"": 0}, {""year"": 2025, ""month"": 10, ""search_volume"": 0}, {""year"": 2025, ""month"": 9, ""search_volume"": 0}, {""year"": 2025, ""month"": 8, ""search_volume"": 0}, {""year"": 2025, ""month"": 7, ""search_volume"": 0}, {""year"": 2025, ""month"": 6, ""search_volume"": 0}]"
A6,coffret rasage écologique,,,USD_DOCUMENTED,conditional,False,,,G0181,,"ensemble ou traditionnel, composition à confirmer en SERP",keywords_data/google_ads/search_volume/live,2026-09-03T14:41:36.469628+00:00,2026-09-03-qualification-9-produits-pur/raw/20-controls-1.json.gz,[]
A6,coffret parfum après-rasage homme,,,USD_DOCUMENTED,incompatible,False,,,,,"accessoire, autre public/format ou provenance non prouvée",dataforseo_labs/google/keyword_suggestions/live,2026-09-03T14:36:24.514398+00:00,2026-09-03-qualification-9-produits-pur/raw/10-A6-labs-3.json.gz,"[{""year"": 2026, ""month"": 5, ""search_volume"": 0}, {""year"": 2026, ""month"": 4, ""search_volume"": 0}, {""year"": 2026, ""month"": 3, ""search_volume"": 0}, {""year"": 2026, ""month"": 2, ""search_volume"": 0}, {""year"": 2026, ""month"": 1, ""search_volume"": 0}, {""year"": 2025, ""month"": 12, ""search_volume"": 0}, {""year"": 2025, ""month"": 11, ""search_volume"": 0}, {""year"": 2025, ""month"": 10, ""search_volume"": 0}, {""year"": 2025, ""month"": 9, ""search_volume"": 0}, {""year"": 2025, ""month"": 8, ""search_volume"": 0}, {""year"": 2025, ""month"": 7, ""search_volume"": 0}, {""year"": 2025, ""month"": 6, ""search_volume"": 0}]"
A6,coffret homme après-rasage,,,USD_DOCUMENTED,incompatible,False,,,,,"accessoire, autre public/format ou provenance non prouvée",dataforseo_labs/google/keyword_suggestions/live,2026-09-03T14:36:24.514398+00:00,2026-09-03-qualification-9-produits-pur/raw/10-A6-labs-3.json.gz,"[{""year"": 2026, ""month"": 5, ""search_volume"": 0}, {""year"": 2026, ""month"": 4, ""search_volume"": 0}, {""year"": 2026, ""month"": 3, ""search_volume"": 0}, {""year"": 2026, ""month"": 2, ""search_volume"": 0}, {""year"": 2026, ""month"": 1, ""search_volume"": 0}, {""year"": 2025, ""month"": 12, ""search_volume"": 0}, {""year"": 2025, ""month"": 11, ""search_volume"": 0}, {""year"": 2025, ""month"": 10, ""search_volume"": 0}, {""year"": 2025, ""month"": 9, ""search_volume"": 0}, {""year"": 2025, ""month"": 8, ""search_volume"": 0}, {""year"": 2025, ""month"": 7, ""search_volume"": 0}, {""year"": 2025, ""month"": 6, ""search_volume"": 0}]"
A6,coffret baume après-rasage,,,USD_DOCUMENTED,incompatible,False,,,,,"accessoire, autre public/format ou provenance non prouvée",dataforseo_labs/google/keyword_suggestions/live,2026-09-03T14:36:24.514398+00:00,2026-09-03-qualification-9-produits-pur/raw/10-A6-labs-3.json.gz,"[{""year"": 2026, ""month"": 5, ""search_volume"": 0}, {""year"": 2026, ""month"": 4, ""search_volume"": 0}, {""year"": 2026, ""month"": 3, ""search_volume"": 0}, {""year"": 2026, ""month"": 2, ""search_volume"": 0}, {""year"": 2026, ""month"": 1, ""search_volume"": 0}, {""year"": 2025, ""month"": 12, ""search_volume"": 0}, {""year"": 2025, ""month"": 11, ""search_volume"": 0}, {""year"": 2025, ""month"": 10, ""search_volume"": 0}, {""year"": 2025, ""month"": 9, ""search_volume"": 0}, {""year"": 2025, ""month"": 8, ""search_volume"": 0}, {""year"": 2025, ""month"": 7, ""search_volume"": 0}, {""year"": 2025, ""month"": 6, ""search_volume"": 0}]"
A6,coffret rasage jeune homme,,,USD_DOCUMENTED,conditional,False,,,G0182,,"ensemble ou traditionnel, composition à confirmer en SERP",keywords_data/google_ads/search_volume/live,2026-09-03T14:41:36.469628+00:00,2026-09-03-qualification-9-produits-pur/raw/20-controls-1.json.gz,[]
A6,coffret rasage auchan,,,USD_DOCUMENTED,conditional,True,,,,,"ensemble ou traditionnel, composition à confirmer en SERP",keywords_data/google_ads/search_volume/live,2026-09-03T14:41:36.469628+00:00,2026-09-03-qualification-9-produits-pur/raw/20-controls-1.json.gz,[]
A6,coffret blaireau rasage nocibé,,,USD_DOCUMENTED,conditional,True,,,,,"ensemble ou traditionnel, composition à confirmer en SERP",keywords_data/google_ads/search_volume/live,2026-09-03T14:41:36.469628+00:00,2026-09-03-qualification-9-produits-pur/raw/20-controls-1.json.gz,[]
A6,coffret rasage franck provost,,,USD_DOCUMENTED,conditional,False,,,G0183,,"ensemble ou traditionnel, composition à confirmer en SERP",keywords_data/google_ads/search_volume/live,2026-09-03T14:41:36.469628+00:00,2026-09-03-qualification-9-produits-pur/raw/20-controls-1.json.gz,[]
A6,coffret apres rasage homme sephora,,,USD_DOCUMENTED,incompatible,True,,,,,"accessoire, autre public/format ou provenance non prouvée",dataforseo_labs/google/keyword_suggestions/live,2026-09-03T14:36:24.514398+00:00,2026-09-03-qualification-9-produits-pur/raw/10-A6-labs-3.json.gz,"[{""year"": 2026, ""month"": 5, ""search_volume"": 0}, {""year"": 2026, ""month"": 4, ""search_volume"": 0}, {""year"": 2026, ""month"": 3, ""search_volume"": 0}, {""year"": 2026, ""month"": 2, ""search_volume"": 0}, {""year"": 2026, ""month"": 1, ""search_volume"": 0}, {""year"": 2025, ""month"": 12, ""search_volume"": 0}, {""year"": 2025, ""month"": 11, ""search_volume"": 0}, {""year"": 2025, ""month"": 10, ""search_volume"": 0}, {""year"": 2025, ""month"": 9, ""search_volume"": 0}, {""year"": 2025, ""month"": 8, ""search_volume"": 0}, {""year"": 2025, ""month"": 7, ""search_volume"": 0}, {""year"": 2025, ""month"": 6, ""search_volume"": 0}]"
A6,coffret rasage old school,,,USD_DOCUMENTED,conditional,False,,,G0184,,"ensemble ou traditionnel, composition à confirmer en SERP",keywords_data/google_ads/search_volume/live,2026-09-03T14:41:36.469628+00:00,2026-09-03-qualification-9-produits-pur/raw/20-controls-1.json.gz,[]
A6,proraso coffret rasage,,,USD_DOCUMENTED,conditional,True,,,,,"ensemble ou traditionnel, composition à confirmer en SERP",keywords_data/google_ads/search_volume/live,2026-09-03T14:41:36.469628+00:00,2026-09-03-qualification-9-produits-pur/raw/20-controls-1.json.gz,[]
A6,coffret rasage homme coupe chou,,,USD_DOCUMENTED,incompatible,False,,,,,"accessoire, autre public/format ou provenance non prouvée",dataforseo_labs/google/keyword_suggestions/live,2026-09-03T14:36:24.514398+00:00,2026-09-03-qualification-9-produits-pur/raw/10-A6-labs-3.json.gz,"[{""year"": 2026, ""month"": 5, ""search_volume"": 0}, {""year"": 2026, ""month"": 4, ""search_volume"": 0}, {""year"": 2026, ""month"": 3, ""search_volume"": 0}, {""year"": 2026, ""month"": 2, ""search_volume"": 0}, {""year"": 2026, ""month"": 1, ""search_volume"": 0}, {""year"": 2025, ""month"": 12, ""search_volume"": 0}, {""year"": 2025, ""month"": 11, ""search_volume"": 0}, {""year"": 2025, ""month"": 10, ""search_volume"": 0}, {""year"": 2025, ""month"": 9, ""search_volume"": 0}, {""year"": 2025, ""month"": 8, ""search_volume"": 0}, {""year"": 2025, ""month"": 7, ""search_volume"": 0}, {""year"": 2025, ""month"": 6, ""search_volume"": 0}]"
A6,coffret après rasage homme nocibé,,,USD_DOCUMENTED,incompatible,True,,,,,"accessoire, autre public/format ou provenance non prouvée",dataforseo_labs/google/keyword_suggestions/live,2026-09-03T14:36:24.514398+00:00,2026-09-03-qualification-9-produits-pur/raw/10-A6-labs-3.json.gz,"[{""year"": 2026, ""month"": 5, ""search_volume"": 0}, {""year"": 2026, ""month"": 4, ""search_volume"": 0}, {""year"": 2026, ""month"": 3, ""search_volume"": 0}, {""year"": 2026, ""month"": 2, ""search_volume"": 0}, {""year"": 2026, ""month"": 1, ""search_volume"": 0}, {""year"": 2025, ""month"": 12, ""search_volume"": 0}, {""year"": 2025, ""month"": 11, ""search_volume"": 0}, {""year"": 2025, ""month"": 10, ""search_volume"": 0}, {""year"": 2025, ""month"": 9, ""search_volume"": 0}, {""year"": 2025, ""month"": 8, ""search_volume"": 0}, {""year"": 2025, ""month"": 7, ""search_volume"": 0}, {""year"": 2025, ""month"": 6, ""search_volume"": 0}]"
A6,le set de rasage coffret cadeau merkur,,,USD_DOCUMENTED,conditional,True,,,,,"ensemble ou traditionnel, composition à confirmer en SERP",keywords_data/google_ads/search_volume/live,2026-09-03T14:41:36.469628+00:00,2026-09-03-qualification-9-produits-pur/raw/20-controls-1.json.gz,[]
A6,coffret rasage naturel,,,USD_DOCUMENTED,conditional,False,,,G0185,,"ensemble ou traditionnel, composition à confirmer en SERP",keywords_data/google_ads/search_volume/live,2026-09-03T14:41:36.469628+00:00,2026-09-03-qualification-9-produits-pur/raw/20-controls-1.json.gz,[]
A6,coffret de rasage à lancienne,,,USD_DOCUMENTED,incompatible,False,,,,,"accessoire, autre public/format ou provenance non prouvée",dataforseo_labs/google/keyword_suggestions/live,2026-09-03T14:36:24.514398+00:00,2026-09-03-qualification-9-produits-pur/raw/10-A6-labs-3.json.gz,"[{""year"": 2026, ""month"": 5, ""search_volume"": 0}, {""year"": 2026, ""month"": 4, ""search_volume"": 0}, {""year"": 2026, ""month"": 3, ""search_volume"": 0}, {""year"": 2026, ""month"": 2, ""search_volume"": 0}, {""year"": 2026, ""month"": 1, ""search_volume"": 0}, {""year"": 2025, ""month"": 12, ""search_volume"": 0}, {""year"": 2025, ""month"": 11, ""search_volume"": 0}, {""year"": 2025, ""month"": 10, ""search_volume"": 0}, {""year"": 2025, ""month"": 9, ""search_volume"": 0}, {""year"": 2025, ""month"": 8, ""search_volume"": 0}, {""year"": 2025, ""month"": 7, ""search_volume"": 0}, {""year"": 2025, ""month"": 6, ""search_volume"": 0}]"
A6,remington coffret rasage mb4045,,,USD_DOCUMENTED,conditional,False,,,G0186,,"ensemble ou traditionnel, composition à confirmer en SERP",keywords_data/google_ads/search_volume/live,2026-09-03T14:41:36.469628+00:00,2026-09-03-qualification-9-produits-pur/raw/20-controls-1.json.gz,[]
A6,coffret rasage mühle,,,USD_DOCUMENTED,conditional,True,,,,,"ensemble ou traditionnel, composition à confirmer en SERP",keywords_data/google_ads/search_volume/live,2026-09-03T14:41:36.469628+00:00,2026-09-03-qualification-9-produits-pur/raw/20-controls-1.json.gz,[]
A6,coffret de rasage à l'ancienne pas cher,,,USD_DOCUMENTED,incompatible,False,,,,,"accessoire, autre public/format ou provenance non prouvée",dataforseo_labs/google/keyword_suggestions/live,2026-09-03T14:36:24.514398+00:00,2026-09-03-qualification-9-produits-pur/raw/10-A6-labs-3.json.gz,"[{""year"": 2026, ""month"": 5, ""search_volume"": 0}, {""year"": 2026, ""month"": 4, ""search_volume"": 0}, {""year"": 2026, ""month"": 3, ""search_volume"": 0}, {""year"": 2026, ""month"": 2, ""search_volume"": 0}, {""year"": 2026, ""month"": 1, ""search_volume"": 0}, {""year"": 2025, ""month"": 12, ""search_volume"": 0}, {""year"": 2025, ""month"": 11, ""search_volume"": 0}, {""year"": 2025, ""month"": 10, ""search_volume"": 0}, {""year"": 2025, ""month"": 9, ""search_volume"": 0}, {""year"": 2025, ""month"": 8, ""search_volume"": 0}, {""year"": 2025, ""month"": 7, ""search_volume"": 0}, {""year"": 2025, ""month"": 6, ""search_volume"": 0}]"
A6,kit de rasage stihl,0,,USD_DOCUMENTED,conditional,False,,,G0187,0,"ensemble ou traditionnel, composition à confirmer en SERP",keywords_data/google_ads/search_volume/live,2026-09-03T14:41:36.469628+00:00,2026-09-03-qualification-9-produits-pur/raw/20-controls-1.json.gz,"[{""year"": 2026, ""month"": 7, ""search_volume"": 0}, {""year"": 2026, ""month"": 6, ""search_volume"": 0}, {""year"": 2026, ""month"": 5, ""search_volume"": 0}, {""year"": 2026, ""month"": 4, ""search_volume"": 0}, {""year"": 2026, ""month"": 3, ""search_volume"": 0}, {""year"": 2026, ""month"": 2, ""search_volume"": 0}, {""year"": 2026, ""month"": 1, ""search_volume"": 0}, {""year"": 2025, ""month"": 12, ""search_volume"": 0}, {""year"": 2025, ""month"": 11, ""search_volume"": 0}, {""year"": 2025, ""month"": 10, ""search_volume"": 0}, {""year"": 2025, ""month"": 9, ""search_volume"": 0}, {""year"": 2025, ""month"": 8, ""search_volume"": 0}]"
A6,kit rasage personnalisé,0,,USD_DOCUMENTED,conditional,False,,,G0086,0,"ensemble ou traditionnel, composition à confirmer en SERP",keywords_data/google_ads/search_volume/live,2026-09-03T14:41:36.469628+00:00,2026-09-03-qualification-9-produits-pur/raw/20-controls-1.json.gz,"[{""year"": 2026, ""month"": 7, ""search_volume"": 0}, {""year"": 2026, ""month"": 6, ""search_volume"": 0}, {""year"": 2026, ""month"": 5, ""search_volume"": 0}, {""year"": 2026, ""month"": 4, ""search_volume"": 0}, {""year"": 2026, ""month"": 3, ""search_volume"": 0}, {""year"": 2026, ""month"": 2, ""search_volume"": 0}, {""year"": 2026, ""month"": 1, ""search_volume"": 0}, {""year"": 2025, ""month"": 12, ""search_volume"": 0}, {""year"": 2025, ""month"": 11, ""search_volume"": 0}, {""year"": 2025, ""month"": 10, ""search_volume"": 0}, {""year"": 2025, ""month"": 9, ""search_volume"": 0}, {""year"": 2025, ""month"": 8, ""search_volume"": 0}]"
A6,kit de rasage sephora femme,0,,USD_DOCUMENTED,incompatible,True,,,,,"accessoire, autre public/format ou provenance non prouvée",dataforseo_labs/google/keyword_suggestions/live,2026-09-03T14:36:24.996196+00:00,2026-09-03-qualification-9-produits-pur/raw/10-A6-labs-4.json.gz,"[{""year"": 2026, ""month"": 7, ""search_volume"": 0}, {""year"": 2026, ""month"": 6, ""search_volume"": 0}, {""year"": 2026, ""month"": 5, ""search_volume"": 0}, {""year"": 2026, ""month"": 4, ""search_volume"": 0}, {""year"": 2026, ""month"": 3, ""search_volume"": 0}, {""year"": 2026, ""month"": 2, ""search_volume"": 0}, {""year"": 2026, ""month"": 1, ""search_volume"": 0}, {""year"": 2025, ""month"": 12, ""search_volume"": 0}, {""year"": 2025, ""month"": 11, ""search_volume"": 0}, {""year"": 2025, ""month"": 10, ""search_volume"": 0}, {""year"": 2025, ""month"": 9, ""search_volume"": 0}, {""year"": 2025, ""month"": 8, ""search_volume"": 0}]"
A6,kit de rasage barbe à l'ancienne,0,,USD_DOCUMENTED,incompatible,False,,,,,"accessoire, autre public/format ou provenance non prouvée",dataforseo_labs/google/keyword_suggestions/live,2026-09-03T14:36:24.996196+00:00,2026-09-03-qualification-9-produits-pur/raw/10-A6-labs-4.json.gz,"[{""year"": 2026, ""month"": 7, ""search_volume"": 0}, {""year"": 2026, ""month"": 6, ""search_volume"": 0}, {""year"": 2026, ""month"": 5, ""search_volume"": 0}, {""year"": 2026, ""month"": 4, ""search_volume"": 0}, {""year"": 2026, ""month"": 3, ""search_volume"": 0}, {""year"": 2026, ""month"": 2, ""search_volume"": 0}, {""year"": 2026, ""month"": 1, ""search_volume"": 0}, {""year"": 2025, ""month"": 12, ""search_volume"": 0}, {""year"": 2025, ""month"": 11, ""search_volume"": 0}, {""year"": 2025, ""month"": 10, ""search_volume"": 0}, {""year"": 2025, ""month"": 9, ""search_volume"": 0}, {""year"": 2025, ""month"": 8, ""search_volume"": 0}]"
A6,edwin jagger kit de rasage,0,,USD_DOCUMENTED,conditional,True,,,,,"ensemble ou traditionnel, composition à confirmer en SERP",keywords_data/google_ads/search_volume/live,2026-09-03T14:41:36.469628+00:00,2026-09-03-qualification-9-produits-pur/raw/20-controls-1.json.gz,"[{""year"": 2026, ""month"": 7, ""search_volume"": 0}, {""year"": 2026, ""month"": 6, ""search_volume"": 0}, {""year"": 2026, ""month"": 5, ""search_volume"": 0}, {""year"": 2026, ""month"": 4, ""search_volume"": 0}, {""year"": 2026, ""month"": 3, ""search_volume"": 0}, {""year"": 2026, ""month"": 2, ""search_volume"": 0}, {""year"": 2026, ""month"": 1, ""search_volume"": 0}, {""year"": 2025, ""month"": 12, ""search_volume"": 0}, {""year"": 2025, ""month"": 11, ""search_volume"": 0}, {""year"": 2025, ""month"": 10, ""search_volume"": 0}, {""year"": 2025, ""month"": 9, ""search_volume"": 0}, {""year"": 2025, ""month"": 8, ""search_volume"": 0}]"
A6,kit rasage homme zero dechet,0,,USD_DOCUMENTED,conditional,False,,,G0188,0,"ensemble ou traditionnel, composition à confirmer en SERP",keywords_data/google_ads/search_volume/live,2026-09-03T14:41:36.469628+00:00,2026-09-03-qualification-9-produits-pur/raw/20-controls-1.json.gz,"[{""year"": 2026, ""month"": 7, ""search_volume"": 0}, {""year"": 2026, ""month"": 6, ""search_volume"": 0}, {""year"": 2026, ""month"": 5, ""search_volume"": 0}, {""year"": 2026, ""month"": 4, ""search_volume"": 0}, {""year"": 2026, ""month"": 3, ""search_volume"": 0}, {""year"": 2026, ""month"": 2, ""search_volume"": 0}, {""year"": 2026, ""month"": 1, ""search_volume"": 0}, {""year"": 2025, ""month"": 12, ""search_volume"": 0}, {""year"": 2025, ""month"": 11, ""search_volume"": 0}, {""year"": 2025, ""month"": 10, ""search_volume"": 0}, {""year"": 2025, ""month"": 9, ""search_volume"": 0}, {""year"": 2025, ""month"": 8, ""search_volume"": 0}]"
A6,kit de rasage traditionnel pas cher,0,,USD_DOCUMENTED,conditional,False,,,G0189,0,"ensemble ou traditionnel, composition à confirmer en SERP",keywords_data/google_ads/search_volume/live,2026-09-03T14:41:36.469628+00:00,2026-09-03-qualification-9-produits-pur/raw/20-controls-1.json.gz,"[{""year"": 2026, ""month"": 7, ""search_volume"": 0}, {""year"": 2026, ""month"": 6, ""search_volume"": 0}, {""year"": 2026, ""month"": 5, ""search_volume"": 0}, {""year"": 2026, ""month"": 4, ""search_volume"": 0}, {""year"": 2026, ""month"": 3, ""search_volume"": 0}, {""year"": 2026, ""month"": 2, ""search_volume"": 0}, {""year"": 2026, ""month"": 1, ""search_volume"": 0}, {""year"": 2025, ""month"": 12, ""search_volume"": 0}, {""year"": 2025, ""month"": 11, ""search_volume"": 0}, {""year"": 2025, ""month"": 10, ""search_volume"": 0}, {""year"": 2025, ""month"": 9, ""search_volume"": 0}, {""year"": 2025, ""month"": 8, ""search_volume"": 0}]"
A6,kit de rasage professionnel,,,USD_DOCUMENTED,conditional,False,,,G0190,,"ensemble ou traditionnel, composition à confirmer en SERP",keywords_data/google_ads/search_volume/live,2026-09-03T14:41:36.469628+00:00,2026-09-03-qualification-9-produits-pur/raw/20-controls-1.json.gz,[]
A6,kit rasage a l'ancienne,,,USD_DOCUMENTED,incompatible,False,,,,,"accessoire, autre public/format ou provenance non prouvée",dataforseo_labs/google/keyword_suggestions/live,2026-09-03T14:36:24.996196+00:00,2026-09-03-qualification-9-produits-pur/raw/10-A6-labs-4.json.gz,"[{""year"": 2026, ""month"": 5, ""search_volume"": 0}, {""year"": 2026, ""month"": 4, ""search_volume"": 0}, {""year"": 2026, ""month"": 3, ""search_volume"": 0}, {""year"": 2026, ""month"": 2, ""search_volume"": 0}, {""year"": 2026, ""month"": 1, ""search_volume"": 0}, {""year"": 2025, ""month"": 12, ""search_volume"": 0}, {""year"": 2025, ""month"": 11, ""search_volume"": 0}, {""year"": 2025, ""month"": 10, ""search_volume"": 0}, {""year"": 2025, ""month"": 9, ""search_volume"": 0}, {""year"": 2025, ""month"": 8, ""search_volume"": 0}, {""year"": 2025, ""month"": 7, ""search_volume"": 0}, {""year"": 2025, ""month"": 6, ""search_volume"": 0}]"
A6,kit rasage rouge,,,USD_DOCUMENTED,conditional,False,,,G0191,,"ensemble ou traditionnel, composition à confirmer en SERP",keywords_data/google_ads/search_volume/live,2026-09-03T14:41:36.469628+00:00,2026-09-03-qualification-9-produits-pur/raw/20-controls-1.json.gz,[]
A6,kit rasage cadeau,,,USD_DOCUMENTED,conditional,False,,,G0192,,"ensemble ou traditionnel, composition à confirmer en SERP",keywords_data/google_ads/search_volume/live,2026-09-03T14:41:36.469628+00:00,2026-09-03-qualification-9-produits-pur/raw/20-controls-1.json.gz,[]
A6,kit de rasage français,,,USD_DOCUMENTED,incompatible,False,,,,,"accessoire, autre public/format ou provenance non prouvée",dataforseo_labs/google/keyword_suggestions/live,2026-09-03T14:36:24.996196+00:00,2026-09-03-qualification-9-produits-pur/raw/10-A6-labs-4.json.gz,"[{""year"": 2026, ""month"": 5, ""search_volume"": 0}, {""year"": 2026, ""month"": 4, ""search_volume"": 0}, {""year"": 2026, ""month"": 3, ""search_volume"": 0}, {""year"": 2026, ""month"": 2, ""search_volume"": 0}, {""year"": 2026, ""month"": 1, ""search_volume"": 0}, {""year"": 2025, ""month"": 12, ""search_volume"": 0}, {""year"": 2025, ""month"": 11, ""search_volume"": 0}, {""year"": 2025, ""month"": 10, ""search_volume"": 0}, {""year"": 2025, ""month"": 9, ""search_volume"": 0}, {""year"": 2025, ""month"": 8, ""search_volume"": 0}, {""year"": 2025, ""month"": 7, ""search_volume"": 0}, {""year"": 2025, ""month"": 6, ""search_volume"": 0}]"
A6,kit de rasage ado,,,USD_DOCUMENTED,incompatible,False,,,,,"accessoire, autre public/format ou provenance non prouvée",dataforseo_labs/google/keyword_suggestions/live,2026-09-03T14:36:24.996196+00:00,2026-09-03-qualification-9-produits-pur/raw/10-A6-labs-4.json.gz,"[{""year"": 2026, ""month"": 5, ""search_volume"": 0}, {""year"": 2026, ""month"": 4, ""search_volume"": 0}, {""year"": 2026, ""month"": 3, ""search_volume"": 0}, {""year"": 2026, ""month"": 2, ""search_volume"": 0}, {""year"": 2026, ""month"": 1, ""search_volume"": 0}, {""year"": 2025, ""month"": 12, ""search_volume"": 0}, {""year"": 2025, ""month"": 11, ""search_volume"": 0}, {""year"": 2025, ""month"": 10, ""search_volume"": 0}, {""year"": 2025, ""month"": 9, ""search_volume"": 0}, {""year"": 2025, ""month"": 8, ""search_volume"": 0}, {""year"": 2025, ""month"": 7, ""search_volume"": 0}, {""year"": 2025, ""month"": 6, ""search_volume"": 0}]"
A6,kit rasage lamazuna,,,USD_DOCUMENTED,conditional,True,,,,,"ensemble ou traditionnel, composition à confirmer en SERP",keywords_data/google_ads/search_volume/live,2026-09-03T14:41:36.469628+00:00,2026-09-03-qualification-9-produits-pur/raw/20-controls-1.json.gz,[]
A6,kit rasage à lancienne,,,USD_DOCUMENTED,incompatible,False,,,,,"accessoire, autre public/format ou provenance non prouvée",dataforseo_labs/google/keyword_suggestions/live,2026-09-03T14:36:24.996196+00:00,2026-09-03-qualification-9-produits-pur/raw/10-A6-labs-4.json.gz,"[{""year"": 2026, ""month"": 5, ""search_volume"": 0}, {""year"": 2026, ""month"": 4, ""search_volume"": 0}, {""year"": 2026, ""month"": 3, ""search_volume"": 0}, {""year"": 2026, ""month"": 2, ""search_volume"": 0}, {""year"": 2026, ""month"": 1, ""search_volume"": 0}, {""year"": 2025, ""month"": 12, ""search_volume"": 0}, {""year"": 2025, ""month"": 11, ""search_volume"": 0}, {""year"": 2025, ""month"": 10, ""search_volume"": 0}, {""year"": 2025, ""month"": 9, ""search_volume"": 0}, {""year"": 2025, ""month"": 8, ""search_volume"": 0}, {""year"": 2025, ""month"": 7, ""search_volume"": 0}, {""year"": 2025, ""month"": 6, ""search_volume"": 0}]"
A6,kit rasage homme zéro déchet,,,USD_DOCUMENTED,conditional,False,,,G0188,0,"ensemble ou traditionnel, composition à confirmer en SERP",keywords_data/google_ads/search_volume/live,2026-09-03T14:41:36.469628+00:00,2026-09-03-qualification-9-produits-pur/raw/20-controls-1.json.gz,[]
A6,kit de rasage harris,,,USD_DOCUMENTED,conditional,False,,,G0193,,"ensemble ou traditionnel, composition à confirmer en SERP",keywords_data/google_ads/search_volume/live,2026-09-03T14:41:36.469628+00:00,2026-09-03-qualification-9-produits-pur/raw/20-controls-1.json.gz,[]
A6,kit de rasage cadeau,,,USD_DOCUMENTED,conditional,False,,,G0192,0,"ensemble ou traditionnel, composition à confirmer en SERP",keywords_data/google_ads/search_volume/live,2026-09-03T14:41:36.469628+00:00,2026-09-03-qualification-9-produits-pur/raw/20-controls-1.json.gz,[]
A6,kit de rasage natural barber,,,USD_DOCUMENTED,conditional,False,,,G0194,,"ensemble ou traditionnel, composition à confirmer en SERP",keywords_data/google_ads/search_volume/live,2026-09-03T14:41:36.469628+00:00,2026-09-03-qualification-9-produits-pur/raw/20-controls-1.json.gz,[]
A6,kit de rasage leclerc,,,USD_DOCUMENTED,conditional,True,,,,,"ensemble ou traditionnel, composition à confirmer en SERP",keywords_data/google_ads/search_volume/live,2026-09-03T14:41:36.469628+00:00,2026-09-03-qualification-9-produits-pur/raw/20-controls-1.json.gz,[]
A6,kit rasage nivea,,,USD_DOCUMENTED,conditional,True,,,,,"ensemble ou traditionnel, composition à confirmer en SERP",keywords_data/google_ads/search_volume/live,2026-09-03T14:41:36.469628+00:00,2026-09-03-qualification-9-produits-pur/raw/20-controls-1.json.gz,[]
A6,kit de rasage plisson,,,USD_DOCUMENTED,conditional,True,,,,,"ensemble ou traditionnel, composition à confirmer en SERP",keywords_data/google_ads/search_volume/live,2026-09-03T14:41:36.469628+00:00,2026-09-03-qualification-9-produits-pur/raw/20-controls-1.json.gz,[]
A6,kit de rasage mühle,,,USD_DOCUMENTED,conditional,True,,,,,"ensemble ou traditionnel, composition à confirmer en SERP",keywords_data/google_ads/search_volume/live,2026-09-03T14:41:36.469628+00:00,2026-09-03-qualification-9-produits-pur/raw/20-controls-1.json.gz,[]
A6,kit de rasage cdiscount,,,USD_DOCUMENTED,conditional,True,,,,,"ensemble ou traditionnel, composition à confirmer en SERP",keywords_data/google_ads/search_volume/live,2026-09-03T14:41:36.469628+00:00,2026-09-03-qualification-9-produits-pur/raw/20-controls-1.json.gz,[]
A6,kit de rasage luxe,,,USD_DOCUMENTED,conditional,False,,,G0195,,"ensemble ou traditionnel, composition à confirmer en SERP",keywords_data/google_ads/search_volume/live,2026-09-03T14:41:36.469628+00:00,2026-09-03-qualification-9-produits-pur/raw/20-controls-1.json.gz,[]
A6,kit de rasage made in france,,,USD_DOCUMENTED,incompatible,False,,,,,"accessoire, autre public/format ou provenance non prouvée",dataforseo_labs/google/keyword_suggestions/live,2026-09-03T14:36:24.996196+00:00,2026-09-03-qualification-9-produits-pur/raw/10-A6-labs-4.json.gz,"[{""year"": 2026, ""month"": 5, ""search_volume"": 0}, {""year"": 2026, ""month"": 4, ""search_volume"": 0}, {""year"": 2026, ""month"": 3, ""search_volume"": 0}, {""year"": 2026, ""month"": 2, ""search_volume"": 0}, {""year"": 2026, ""month"": 1, ""search_volume"": 0}, {""year"": 2025, ""month"": 12, ""search_volume"": 0}, {""year"": 2025, ""month"": 11, ""search_volume"": 0}, {""year"": 2025, ""month"": 10, ""search_volume"": 0}, {""year"": 2025, ""month"": 9, ""search_volume"": 0}, {""year"": 2025, ""month"": 8, ""search_volume"": 0}, {""year"": 2025, ""month"": 7, ""search_volume"": 0}, {""year"": 2025, ""month"": 6, ""search_volume"": 0}]"
A6,auchan kit rasage,,,USD_DOCUMENTED,conditional,True,,,,,"ensemble ou traditionnel, composition à confirmer en SERP",keywords_data/google_ads/search_volume/live,2026-09-03T14:41:36.469628+00:00,2026-09-03-qualification-9-produits-pur/raw/20-controls-1.json.gz,[]
A6,kit rasage professionnel,,,USD_DOCUMENTED,conditional,False,,,G0190,0,"ensemble ou traditionnel, composition à confirmer en SERP",keywords_data/google_ads/search_volume/live,2026-09-03T14:41:36.469628+00:00,2026-09-03-qualification-9-produits-pur/raw/20-controls-1.json.gz,[]
A6,kit de rasage electrique,,,USD_DOCUMENTED,incompatible,False,,,,,"accessoire, autre public/format ou provenance non prouvée",dataforseo_labs/google/keyword_suggestions/live,2026-09-03T14:36:24.996196+00:00,2026-09-03-qualification-9-produits-pur/raw/10-A6-labs-4.json.gz,"[{""year"": 2026, ""month"": 5, ""search_volume"": 0}, {""year"": 2026, ""month"": 4, ""search_volume"": 0}, {""year"": 2026, ""month"": 3, ""search_volume"": 0}, {""year"": 2026, ""month"": 2, ""search_volume"": 0}, {""year"": 2026, ""month"": 1, ""search_volume"": 0}, {""year"": 2025, ""month"": 12, ""search_volume"": 0}, {""year"": 2025, ""month"": 11, ""search_volume"": 0}, {""year"": 2025, ""month"": 10, ""search_volume"": 0}, {""year"": 2025, ""month"": 9, ""search_volume"": 0}, {""year"": 2025, ""month"": 8, ""search_volume"": 0}, {""year"": 2025, ""month"": 7, ""search_volume"": 0}, {""year"": 2025, ""month"": 6, ""search_volume"": 0}]"
A6,kit de rasage de luxe,,,USD_DOCUMENTED,conditional,False,,,G0195,0,"ensemble ou traditionnel, composition à confirmer en SERP",keywords_data/google_ads/search_volume/live,2026-09-03T14:41:36.469628+00:00,2026-09-03-qualification-9-produits-pur/raw/20-controls-1.json.gz,[]
A6,kit rasage old school,,,USD_DOCUMENTED,conditional,False,,,G0196,,"ensemble ou traditionnel, composition à confirmer en SERP",keywords_data/google_ads/search_volume/live,2026-09-03T14:41:36.469628+00:00,2026-09-03-qualification-9-produits-pur/raw/20-controls-1.json.gz,[]
A6,3d kit de rasage saturn,,,USD_DOCUMENTED,conditional,False,,,G0197,,"ensemble ou traditionnel, composition à confirmer en SERP",keywords_data/google_ads/search_volume/live,2026-09-03T14:41:36.469628+00:00,2026-09-03-qualification-9-produits-pur/raw/20-controls-1.json.gz,[]
A6,kit de rasage bio,,,USD_DOCUMENTED,conditional,False,,,G0079,0,"ensemble ou traditionnel, composition à confirmer en SERP",keywords_data/google_ads/search_volume/live,2026-09-03T14:41:36.469628+00:00,2026-09-03-qualification-9-produits-pur/raw/20-controls-1.json.gz,[]
A6,kit de rasage jouet,,,USD_DOCUMENTED,conditional,False,,,G0198,,"ensemble ou traditionnel, composition à confirmer en SERP",keywords_data/google_ads/search_volume/live,2026-09-03T14:41:36.469628+00:00,2026-09-03-qualification-9-produits-pur/raw/20-controls-1.json.gz,[]
A6,kit rasage adolescent,,,USD_DOCUMENTED,incompatible,False,,,,,"accessoire, autre public/format ou provenance non prouvée",dataforseo_labs/google/keyword_suggestions/live,2026-09-03T14:36:24.996196+00:00,2026-09-03-qualification-9-produits-pur/raw/10-A6-labs-4.json.gz,"[{""year"": 2026, ""month"": 5, ""search_volume"": 0}, {""year"": 2026, ""month"": 4, ""search_volume"": 0}, {""year"": 2026, ""month"": 3, ""search_volume"": 0}, {""year"": 2026, ""month"": 2, ""search_volume"": 0}, {""year"": 2026, ""month"": 1, ""search_volume"": 0}, {""year"": 2025, ""month"": 12, ""search_volume"": 0}, {""year"": 2025, ""month"": 11, ""search_volume"": 0}, {""year"": 2025, ""month"": 10, ""search_volume"": 0}, {""year"": 2025, ""month"": 9, ""search_volume"": 0}, {""year"": 2025, ""month"": 8, ""search_volume"": 0}, {""year"": 2025, ""month"": 7, ""search_volume"": 0}, {""year"": 2025, ""month"": 6, ""search_volume"": 0}]"
A6,kit rasage edwin jagger,,,USD_DOCUMENTED,conditional,True,,,,,"ensemble ou traditionnel, composition à confirmer en SERP",keywords_data/google_ads/search_volume/live,2026-09-03T14:41:36.469628+00:00,2026-09-03-qualification-9-produits-pur/raw/20-controls-1.json.gz,[]
A6,kit rasage luxe,,,USD_DOCUMENTED,conditional,False,,,G0195,0,"ensemble ou traditionnel, composition à confirmer en SERP",keywords_data/google_ads/search_volume/live,2026-09-03T14:41:36.469628+00:00,2026-09-03-qualification-9-produits-pur/raw/20-controls-1.json.gz,[]
A6,kit de rasage traditionnel amazon,,,USD_DOCUMENTED,conditional,True,,,,,"ensemble ou traditionnel, composition à confirmer en SERP",keywords_data/google_ads/search_volume/live,2026-09-03T14:41:36.469628+00:00,2026-09-03-qualification-9-produits-pur/raw/20-controls-1.json.gz,[]
A6,kit de rasage muhle,,,USD_DOCUMENTED,conditional,True,,,,,"ensemble ou traditionnel, composition à confirmer en SERP",keywords_data/google_ads/search_volume/live,2026-09-03T14:41:36.469628+00:00,2026-09-03-qualification-9-produits-pur/raw/20-controls-1.json.gz,[]
A6,kit de rasage pour debutant,,,USD_DOCUMENTED,conditional,False,,,G0199,,"ensemble ou traditionnel, composition à confirmer en SERP",keywords_data/google_ads/search_volume/live,2026-09-03T14:41:36.469628+00:00,2026-09-03-qualification-9-produits-pur/raw/20-controls-1.json.gz,[]
A6,une kit de rasage,,,USD_DOCUMENTED,conditional,False,,,G0007,0,"ensemble ou traditionnel, composition à confirmer en SERP",keywords_data/google_ads/search_volume/live,2026-09-03T14:41:36.469628+00:00,2026-09-03-qualification-9-produits-pur/raw/20-controls-1.json.gz,[]
A6,kit de rasage amazon,,,USD_DOCUMENTED,conditional,True,,,,,"ensemble ou traditionnel, composition à confirmer en SERP",keywords_data/google_ads/search_volume/live,2026-09-03T14:41:36.469628+00:00,2026-09-03-qualification-9-produits-pur/raw/20-controls-1.json.gz,[]
A6,kit de rasage en anglais,,,USD_DOCUMENTED,conditional,False,,,G0200,,"ensemble ou traditionnel, composition à confirmer en SERP",keywords_data/google_ads/search_volume/live,2026-09-03T14:41:36.469628+00:00,2026-09-03-qualification-9-produits-pur/raw/20-controls-1.json.gz,[]
A6,kit rasage carrefour,,,USD_DOCUMENTED,conditional,True,,,,,"ensemble ou traditionnel, composition à confirmer en SERP",keywords_data/google_ads/search_volume/live,2026-09-03T14:41:36.469628+00:00,2026-09-03-qualification-9-produits-pur/raw/20-controls-1.json.gz,[]
A6,kit de rasage vertbaudet,,,USD_DOCUMENTED,conditional,False,,,G0201,,"ensemble ou traditionnel, composition à confirmer en SERP",keywords_data/google_ads/search_volume/live,2026-09-03T14:41:36.469628+00:00,2026-09-03-qualification-9-produits-pur/raw/20-controls-1.json.gz,[]
A6,kit rasage monoprix,,,USD_DOCUMENTED,conditional,False,,,G0202,,"ensemble ou traditionnel, composition à confirmer en SERP",keywords_data/google_ads/search_volume/live,2026-09-03T14:41:36.469628+00:00,2026-09-03-qualification-9-produits-pur/raw/20-controls-1.json.gz,[]
A6,kit de rasage à l'ancienne amazon,,,USD_DOCUMENTED,incompatible,True,,,,,"accessoire, autre public/format ou provenance non prouvée",dataforseo_labs/google/keyword_suggestions/live,2026-09-03T14:36:24.996196+00:00,2026-09-03-qualification-9-produits-pur/raw/10-A6-labs-4.json.gz,"[{""year"": 2026, ""month"": 5, ""search_volume"": 0}, {""year"": 2026, ""month"": 4, ""search_volume"": 0}, {""year"": 2026, ""month"": 3, ""search_volume"": 0}, {""year"": 2026, ""month"": 2, ""search_volume"": 0}, {""year"": 2026, ""month"": 1, ""search_volume"": 0}, {""year"": 2025, ""month"": 12, ""search_volume"": 0}, {""year"": 2025, ""month"": 11, ""search_volume"": 0}, {""year"": 2025, ""month"": 10, ""search_volume"": 0}, {""year"": 2025, ""month"": 9, ""search_volume"": 0}, {""year"": 2025, ""month"": 8, ""search_volume"": 0}, {""year"": 2025, ""month"": 7, ""search_volume"": 0}, {""year"": 2025, ""month"": 6, ""search_volume"": 0}]"
A6,kit de rasage sapiens,,,USD_DOCUMENTED,conditional,False,,,G0203,,"ensemble ou traditionnel, composition à confirmer en SERP",keywords_data/google_ads/search_volume/live,2026-09-03T14:41:36.469628+00:00,2026-09-03-qualification-9-produits-pur/raw/20-controls-1.json.gz,[]
A6,meilleur kit de rasage,,,USD_DOCUMENTED,conditional,False,,,G0204,,"ensemble ou traditionnel, composition à confirmer en SERP",keywords_data/google_ads/search_volume/live,2026-09-03T14:41:36.469628+00:00,2026-09-03-qualification-9-produits-pur/raw/20-controls-1.json.gz,[]
A6,sapiens barber shop kit soin barbe et rasage,,,USD_DOCUMENTED,conditional,False,,,G0205,,"ensemble ou traditionnel, composition à confirmer en SERP",keywords_data/google_ads/search_volume/live,2026-09-03T14:41:36.469628+00:00,2026-09-03-qualification-9-produits-pur/raw/20-controls-1.json.gz,[]
A6,kit de rasage traditionnel pour débutant le galant,,,USD_DOCUMENTED,conditional,False,,,G0206,,"ensemble ou traditionnel, composition à confirmer en SERP",keywords_data/google_ads/search_volume/live,2026-09-03T14:41:36.469628+00:00,2026-09-03-qualification-9-produits-pur/raw/20-controls-1.json.gz,[]
A6,kit rasage bois,,,USD_DOCUMENTED,conditional,False,,,G0207,,"ensemble ou traditionnel, composition à confirmer en SERP",keywords_data/google_ads/search_volume/live,2026-09-03T14:41:36.469628+00:00,2026-09-03-qualification-9-produits-pur/raw/20-controls-1.json.gz,[]
A6,kit rasage hotel,,,USD_DOCUMENTED,conditional,False,,,G0208,,"ensemble ou traditionnel, composition à confirmer en SERP",keywords_data/google_ads/search_volume/live,2026-09-03T14:41:36.469628+00:00,2026-09-03-qualification-9-produits-pur/raw/20-controls-1.json.gz,[]
A6,kit rasage noel,,,USD_DOCUMENTED,conditional,False,,,G0209,,"ensemble ou traditionnel, composition à confirmer en SERP",keywords_data/google_ads/search_volume/live,2026-09-03T14:41:36.469628+00:00,2026-09-03-qualification-9-produits-pur/raw/20-controls-1.json.gz,[]
A6,kit soin barbe rasage par sapiens,,,USD_DOCUMENTED,conditional,False,,,G0210,,"ensemble ou traditionnel, composition à confirmer en SERP",keywords_data/google_ads/search_volume/live,2026-09-03T14:41:36.469628+00:00,2026-09-03-qualification-9-produits-pur/raw/20-controls-1.json.gz,[]
A6,kit rasage amazone,,,USD_DOCUMENTED,conditional,False,,,G0211,,"ensemble ou traditionnel, composition à confirmer en SERP",keywords_data/google_ads/search_volume/live,2026-09-03T14:41:36.469628+00:00,2026-09-03-qualification-9-produits-pur/raw/20-controls-1.json.gz,[]
A6,kit de rasage moustache,,,USD_DOCUMENTED,conditional,False,,,G0081,0,"ensemble ou traditionnel, composition à confirmer en SERP",keywords_data/google_ads/search_volume/live,2026-09-03T14:41:36.469628+00:00,2026-09-03-qualification-9-produits-pur/raw/20-controls-1.json.gz,[]
A6,kit de rasage électrique pour homme,,,USD_DOCUMENTED,incompatible,False,,,,,"accessoire, autre public/format ou provenance non prouvée",dataforseo_labs/google/keyword_suggestions/live,2026-09-03T14:36:24.996196+00:00,2026-09-03-qualification-9-produits-pur/raw/10-A6-labs-4.json.gz,"[{""year"": 2026, ""month"": 7, ""search_volume"": 0}, {""year"": 2026, ""month"": 6, ""search_volume"": 0}, {""year"": 2026, ""month"": 5, ""search_volume"": 0}, {""year"": 2026, ""month"": 4, ""search_volume"": 0}, {""year"": 2026, ""month"": 3, ""search_volume"": 0}, {""year"": 2026, ""month"": 2, ""search_volume"": 0}, {""year"": 2026, ""month"": 1, ""search_volume"": 0}, {""year"": 2025, ""month"": 12, ""search_volume"": 0}, {""year"": 2025, ""month"": 11, ""search_volume"": 0}, {""year"": 2025, ""month"": 10, ""search_volume"": 0}, {""year"": 2025, ""month"": 9, ""search_volume"": 0}, {""year"": 2025, ""month"": 8, ""search_volume"": 0}]"
A6,kit de rasage pas cher,,,USD_DOCUMENTED,conditional,False,,,G0212,,"ensemble ou traditionnel, composition à confirmer en SERP",keywords_data/google_ads/search_volume/live,2026-09-03T14:41:36.469628+00:00,2026-09-03-qualification-9-produits-pur/raw/20-controls-1.json.gz,[]
A6,kit rasage homme barbe,,,USD_DOCUMENTED,conditional,False,,,G0011,0,"ensemble ou traditionnel, composition à confirmer en SERP",keywords_data/google_ads/search_volume/live,2026-09-03T14:41:36.469628+00:00,2026-09-03-qualification-9-produits-pur/raw/20-controls-1.json.gz,[]
A6,idee cadeaux homme kit de rasage,,,USD_DOCUMENTED,conditional,False,,,G0213,,"ensemble ou traditionnel, composition à confirmer en SERP",keywords_data/google_ads/search_volume/live,2026-09-03T14:41:36.469628+00:00,2026-09-03-qualification-9-produits-pur/raw/20-controls-1.json.gz,[]
A6,kit rasage avion,,,USD_DOCUMENTED,incompatible,False,,,,,"format, public, pays ou intention hors kit débutant fixe",keywords_data/google_ads/search_volume/live,2026-09-03T14:41:36.469628+00:00,2026-09-03-qualification-9-produits-pur/raw/20-controls-1.json.gz,[]
A6,kit rasage muhle,,,USD_DOCUMENTED,conditional,True,,,,,"ensemble ou traditionnel, composition à confirmer en SERP",keywords_data/google_ads/search_volume/live,2026-09-03T14:41:36.469628+00:00,2026-09-03-qualification-9-produits-pur/raw/20-controls-1.json.gz,[]
