candidate_id,keyword,volume,cpc,currency,scope,branded,core_group_id,counted_core_volume,group_id,counted_volume,exclusion_or_condition,endpoint,observed_at_utc,source,monthly_searches_json
C2,casque tv sans fil,5400,0.25,USD_DOCUMENTED,core,False,G0001,5400,G0001,5400,casque TV sans fil compatible avec kit émetteur,keywords_data/google_ads/search_volume/live,2026-09-03T14:41:41.614360+00:00,2026-09-03-qualification-9-produits-pur/raw/20-controls-2.json.gz,"[{""year"": 2026, ""month"": 7, ""search_volume"": 2900}, {""year"": 2026, ""month"": 6, ""search_volume"": 3600}, {""year"": 2026, ""month"": 5, ""search_volume"": 3600}, {""year"": 2026, ""month"": 4, ""search_volume"": 2900}, {""year"": 2026, ""month"": 3, ""search_volume"": 4400}, {""year"": 2026, ""month"": 2, ""search_volume"": 5400}, {""year"": 2026, ""month"": 1, ""search_volume"": 6600}, {""year"": 2025, ""month"": 12, ""search_volume"": 9900}, {""year"": 2025, ""month"": 11, ""search_volume"": 9900}, {""year"": 2025, ""month"": 10, ""search_volume"": 5400}, {""year"": 2025, ""month"": 9, ""search_volume"": 4400}, {""year"": 2025, ""month"": 8, ""search_volume"": 4400}]"
C2,tv casque sans fil,5400,0.25,USD_DOCUMENTED,core,False,G0001,0,G0001,0,casque TV sans fil compatible avec kit émetteur,keywords_data/google_ads/search_volume/live,2026-09-03T14:41:41.614360+00:00,2026-09-03-qualification-9-produits-pur/raw/20-controls-2.json.gz,"[{""year"": 2026, ""month"": 7, ""search_volume"": 2900}, {""year"": 2026, ""month"": 6, ""search_volume"": 3600}, {""year"": 2026, ""month"": 5, ""search_volume"": 3600}, {""year"": 2026, ""month"": 4, ""search_volume"": 2900}, {""year"": 2026, ""month"": 3, ""search_volume"": 4400}, {""year"": 2026, ""month"": 2, ""search_volume"": 5400}, {""year"": 2026, ""month"": 1, ""search_volume"": 6600}, {""year"": 2025, ""month"": 12, ""search_volume"": 9900}, {""year"": 2025, ""month"": 11, ""search_volume"": 9900}, {""year"": 2025, ""month"": 10, ""search_volume"": 5400}, {""year"": 2025, ""month"": 9, ""search_volume"": 4400}, {""year"": 2025, ""month"": 8, ""search_volume"": 4400}]"
C2,casque télévision sans fil,5400,0.25,USD_DOCUMENTED,core,False,G0001,0,G0001,0,casque TV sans fil compatible avec kit émetteur,keywords_data/google_ads/search_volume/live,2026-09-03T14:41:45.663971+00:00,2026-09-03-qualification-9-produits-pur/raw/20-controls-3.json.gz,"[{""year"": 2026, ""month"": 7, ""search_volume"": 2900}, {""year"": 2026, ""month"": 6, ""search_volume"": 3600}, {""year"": 2026, ""month"": 5, ""search_volume"": 3600}, {""year"": 2026, ""month"": 4, ""search_volume"": 2900}, {""year"": 2026, ""month"": 3, ""search_volume"": 4400}, {""year"": 2026, ""month"": 2, ""search_volume"": 5400}, {""year"": 2026, ""month"": 1, ""search_volume"": 6600}, {""year"": 2025, ""month"": 12, ""search_volume"": 9900}, {""year"": 2025, ""month"": 11, ""search_volume"": 9900}, {""year"": 2025, ""month"": 10, ""search_volume"": 5400}, {""year"": 2025, ""month"": 9, ""search_volume"": 4400}, {""year"": 2025, ""month"": 8, ""search_volume"": 4400}]"
C2,casque television sans fil,5400,0.25,USD_DOCUMENTED,core,False,G0001,0,G0001,0,casque TV sans fil compatible avec kit émetteur,keywords_data/google_ads/search_volume/live,2026-09-03T14:41:45.663971+00:00,2026-09-03-qualification-9-produits-pur/raw/20-controls-3.json.gz,"[{""year"": 2026, ""month"": 7, ""search_volume"": 2900}, {""year"": 2026, ""month"": 6, ""search_volume"": 3600}, {""year"": 2026, ""month"": 5, ""search_volume"": 3600}, {""year"": 2026, ""month"": 4, ""search_volume"": 2900}, {""year"": 2026, ""month"": 3, ""search_volume"": 4400}, {""year"": 2026, ""month"": 2, ""search_volume"": 5400}, {""year"": 2026, ""month"": 1, ""search_volume"": 6600}, {""year"": 2025, ""month"": 12, ""search_volume"": 9900}, {""year"": 2025, ""month"": 11, ""search_volume"": 9900}, {""year"": 2025, ""month"": 10, ""search_volume"": 5400}, {""year"": 2025, ""month"": 9, ""search_volume"": 4400}, {""year"": 2025, ""month"": 8, ""search_volume"": 4400}]"
C2,casque tv,2900,0.37,USD_DOCUMENTED,parent,False,,,,,"casque TV générique, filaire et sans fil mélangés",keywords_data/google_ads/search_volume/live,2026-09-03T14:41:41.614360+00:00,2026-09-03-qualification-9-produits-pur/raw/20-controls-2.json.gz,"[{""year"": 2026, ""month"": 7, ""search_volume"": 1900}, {""year"": 2026, ""month"": 6, ""search_volume"": 1900}, {""year"": 2026, ""month"": 5, ""search_volume"": 1900}, {""year"": 2026, ""month"": 4, ""search_volume"": 1900}, {""year"": 2026, ""month"": 3, ""search_volume"": 2900}, {""year"": 2026, ""month"": 2, ""search_volume"": 2900}, {""year"": 2026, ""month"": 1, ""search_volume"": 3600}, {""year"": 2025, ""month"": 12, ""search_volume"": 5400}, {""year"": 2025, ""month"": 11, ""search_volume"": 4400}, {""year"": 2025, ""month"": 10, ""search_volume"": 2900}, {""year"": 2025, ""month"": 9, ""search_volume"": 2400}, {""year"": 2025, ""month"": 8, ""search_volume"": 2400}]"
C2,casque sur tv,2900,0.37,USD_DOCUMENTED,parent,False,,,,,"casque TV générique, filaire et sans fil mélangés",keywords_data/google_ads/search_volume/live,2026-09-03T14:41:41.614360+00:00,2026-09-03-qualification-9-produits-pur/raw/20-controls-2.json.gz,"[{""year"": 2026, ""month"": 7, ""search_volume"": 1900}, {""year"": 2026, ""month"": 6, ""search_volume"": 1900}, {""year"": 2026, ""month"": 5, ""search_volume"": 1900}, {""year"": 2026, ""month"": 4, ""search_volume"": 1900}, {""year"": 2026, ""month"": 3, ""search_volume"": 2900}, {""year"": 2026, ""month"": 2, ""search_volume"": 2900}, {""year"": 2026, ""month"": 1, ""search_volume"": 3600}, {""year"": 2025, ""month"": 12, ""search_volume"": 5400}, {""year"": 2025, ""month"": 11, ""search_volume"": 4400}, {""year"": 2025, ""month"": 10, ""search_volume"": 2900}, {""year"": 2025, ""month"": 9, ""search_volume"": 2400}, {""year"": 2025, ""month"": 8, ""search_volume"": 2400}]"
C2,casque télévision,2900,0.37,USD_DOCUMENTED,parent,False,,,,,"casque TV générique, filaire et sans fil mélangés",keywords_data/google_ads/search_volume/live,2026-09-03T14:41:45.663971+00:00,2026-09-03-qualification-9-produits-pur/raw/20-controls-3.json.gz,"[{""year"": 2026, ""month"": 7, ""search_volume"": 1900}, {""year"": 2026, ""month"": 6, ""search_volume"": 1900}, {""year"": 2026, ""month"": 5, ""search_volume"": 1900}, {""year"": 2026, ""month"": 4, ""search_volume"": 1900}, {""year"": 2026, ""month"": 3, ""search_volume"": 2900}, {""year"": 2026, ""month"": 2, ""search_volume"": 2900}, {""year"": 2026, ""month"": 1, ""search_volume"": 3600}, {""year"": 2025, ""month"": 12, ""search_volume"": 5400}, {""year"": 2025, ""month"": 11, ""search_volume"": 4400}, {""year"": 2025, ""month"": 10, ""search_volume"": 2900}, {""year"": 2025, ""month"": 9, ""search_volume"": 2400}, {""year"": 2025, ""month"": 8, ""search_volume"": 2400}]"
C2,casque television,2900,0.37,USD_DOCUMENTED,parent,False,,,,,"casque TV générique, filaire et sans fil mélangés",keywords_data/google_ads/search_volume/live,2026-09-03T14:41:45.663971+00:00,2026-09-03-qualification-9-produits-pur/raw/20-controls-3.json.gz,"[{""year"": 2026, ""month"": 7, ""search_volume"": 1900}, {""year"": 2026, ""month"": 6, ""search_volume"": 1900}, {""year"": 2026, ""month"": 5, ""search_volume"": 1900}, {""year"": 2026, ""month"": 4, ""search_volume"": 1900}, {""year"": 2026, ""month"": 3, ""search_volume"": 2900}, {""year"": 2026, ""month"": 2, ""search_volume"": 2900}, {""year"": 2026, ""month"": 1, ""search_volume"": 3600}, {""year"": 2025, ""month"": 12, ""search_volume"": 5400}, {""year"": 2025, ""month"": 11, ""search_volume"": 4400}, {""year"": 2025, ""month"": 10, ""search_volume"": 2900}, {""year"": 2025, ""month"": 9, ""search_volume"": 2400}, {""year"": 2025, ""month"": 8, ""search_volume"": 2400}]"
C2,casque sans fil tv,1600,0.23,USD_DOCUMENTED,core,False,G0001,0,G0001,0,casque TV sans fil compatible avec kit émetteur,keywords_data/google_ads/search_volume/live,2026-09-03T14:41:41.614360+00:00,2026-09-03-qualification-9-produits-pur/raw/20-controls-2.json.gz,"[{""year"": 2026, ""month"": 7, ""search_volume"": 1000}, {""year"": 2026, ""month"": 6, ""search_volume"": 1300}, {""year"": 2026, ""month"": 5, ""search_volume"": 1300}, {""year"": 2026, ""month"": 4, ""search_volume"": 1000}, {""year"": 2026, ""month"": 3, ""search_volume"": 1600}, {""year"": 2026, ""month"": 2, ""search_volume"": 1600}, {""year"": 2026, ""month"": 1, ""search_volume"": 1900}, {""year"": 2025, ""month"": 12, ""search_volume"": 2900}, {""year"": 2025, ""month"": 11, ""search_volume"": 2400}, {""year"": 2025, ""month"": 10, ""search_volume"": 1600}, {""year"": 2025, ""month"": 9, ""search_volume"": 1600}, {""year"": 2025, ""month"": 8, ""search_volume"": 1300}]"
C2,casque sans fils tv,1600,0.23,USD_DOCUMENTED,core,False,G0001,0,G0001,0,casque TV sans fil compatible avec kit émetteur,keywords_data/google_ads/search_volume/live,2026-09-03T14:41:41.614360+00:00,2026-09-03-qualification-9-produits-pur/raw/20-controls-2.json.gz,"[{""year"": 2026, ""month"": 7, ""search_volume"": 1000}, {""year"": 2026, ""month"": 6, ""search_volume"": 1300}, {""year"": 2026, ""month"": 5, ""search_volume"": 1300}, {""year"": 2026, ""month"": 4, ""search_volume"": 1000}, {""year"": 2026, ""month"": 3, ""search_volume"": 1600}, {""year"": 2026, ""month"": 2, ""search_volume"": 1600}, {""year"": 2026, ""month"": 1, ""search_volume"": 1900}, {""year"": 2025, ""month"": 12, ""search_volume"": 2900}, {""year"": 2025, ""month"": 11, ""search_volume"": 2400}, {""year"": 2025, ""month"": 10, ""search_volume"": 1600}, {""year"": 2025, ""month"": 9, ""search_volume"": 1600}, {""year"": 2025, ""month"": 8, ""search_volume"": 1300}]"
C2,casque sans fil télévision,1600,0.23,USD_DOCUMENTED,core,False,G0001,0,G0001,0,casque TV sans fil compatible avec kit émetteur,keywords_data/google_ads/search_volume/live,2026-09-03T14:41:45.663971+00:00,2026-09-03-qualification-9-produits-pur/raw/20-controls-3.json.gz,"[{""year"": 2026, ""month"": 7, ""search_volume"": 1000}, {""year"": 2026, ""month"": 6, ""search_volume"": 1300}, {""year"": 2026, ""month"": 5, ""search_volume"": 1300}, {""year"": 2026, ""month"": 4, ""search_volume"": 1000}, {""year"": 2026, ""month"": 3, ""search_volume"": 1600}, {""year"": 2026, ""month"": 2, ""search_volume"": 1600}, {""year"": 2026, ""month"": 1, ""search_volume"": 1900}, {""year"": 2025, ""month"": 12, ""search_volume"": 2900}, {""year"": 2025, ""month"": 11, ""search_volume"": 2400}, {""year"": 2025, ""month"": 10, ""search_volume"": 1600}, {""year"": 2025, ""month"": 9, ""search_volume"": 1600}, {""year"": 2025, ""month"": 8, ""search_volume"": 1300}]"
C2,casque sans fil television,1600,0.23,USD_DOCUMENTED,core,False,G0001,0,G0001,0,casque TV sans fil compatible avec kit émetteur,keywords_data/google_ads/search_volume/live,2026-09-03T14:41:45.663971+00:00,2026-09-03-qualification-9-produits-pur/raw/20-controls-3.json.gz,"[{""year"": 2026, ""month"": 7, ""search_volume"": 1000}, {""year"": 2026, ""month"": 6, ""search_volume"": 1300}, {""year"": 2026, ""month"": 5, ""search_volume"": 1300}, {""year"": 2026, ""month"": 4, ""search_volume"": 1000}, {""year"": 2026, ""month"": 3, ""search_volume"": 1600}, {""year"": 2026, ""month"": 2, ""search_volume"": 1600}, {""year"": 2026, ""month"": 1, ""search_volume"": 1900}, {""year"": 2025, ""month"": 12, ""search_volume"": 2900}, {""year"": 2025, ""month"": 11, ""search_volume"": 2400}, {""year"": 2025, ""month"": 10, ""search_volume"": 1600}, {""year"": 2025, ""month"": 9, ""search_volume"": 1600}, {""year"": 2025, ""month"": 8, ""search_volume"": 1300}]"
C2,casque sans fils television,1600,0.23,USD_DOCUMENTED,core,False,G0001,0,G0001,0,casque TV sans fil compatible avec kit émetteur,keywords_data/google_ads/search_volume/live,2026-09-03T14:41:45.663971+00:00,2026-09-03-qualification-9-produits-pur/raw/20-controls-3.json.gz,"[{""year"": 2026, ""month"": 7, ""search_volume"": 1000}, {""year"": 2026, ""month"": 6, ""search_volume"": 1300}, {""year"": 2026, ""month"": 5, ""search_volume"": 1300}, {""year"": 2026, ""month"": 4, ""search_volume"": 1000}, {""year"": 2026, ""month"": 3, ""search_volume"": 1600}, {""year"": 2026, ""month"": 2, ""search_volume"": 1600}, {""year"": 2026, ""month"": 1, ""search_volume"": 1900}, {""year"": 2025, ""month"": 12, ""search_volume"": 2900}, {""year"": 2025, ""month"": 11, ""search_volume"": 2400}, {""year"": 2025, ""month"": 10, ""search_volume"": 1600}, {""year"": 2025, ""month"": 9, ""search_volume"": 1600}, {""year"": 2025, ""month"": 8, ""search_volume"": 1300}]"
C2,casque audio pour tv,1300,0.31,USD_DOCUMENTED,parent,False,,,,,"casque TV générique, filaire et sans fil mélangés",keywords_data/google_ads/search_volume/live,2026-09-03T14:41:41.614360+00:00,2026-09-03-qualification-9-produits-pur/raw/20-controls-2.json.gz,"[{""year"": 2026, ""month"": 7, ""search_volume"": 590}, {""year"": 2026, ""month"": 6, ""search_volume"": 720}, {""year"": 2026, ""month"": 5, ""search_volume"": 880}, {""year"": 2026, ""month"": 4, ""search_volume"": 880}, {""year"": 2026, ""month"": 3, ""search_volume"": 1300}, {""year"": 2026, ""month"": 2, ""search_volume"": 1300}, {""year"": 2026, ""month"": 1, ""search_volume"": 1300}, {""year"": 2025, ""month"": 12, ""search_volume"": 1900}, {""year"": 2025, ""month"": 11, ""search_volume"": 1900}, {""year"": 2025, ""month"": 10, ""search_volume"": 1300}, {""year"": 2025, ""month"": 9, ""search_volume"": 1000}, {""year"": 2025, ""month"": 8, ""search_volume"": 1000}]"
C2,meilleurs casque tv sans fil,1300,0.34,USD_DOCUMENTED,core,False,G0002,1300,G0002,1300,casque TV sans fil compatible avec kit émetteur,keywords_data/google_ads/search_volume/live,2026-09-03T14:41:41.614360+00:00,2026-09-03-qualification-9-produits-pur/raw/20-controls-2.json.gz,"[{""year"": 2026, ""month"": 7, ""search_volume"": 720}, {""year"": 2026, ""month"": 6, ""search_volume"": 880}, {""year"": 2026, ""month"": 5, ""search_volume"": 880}, {""year"": 2026, ""month"": 4, ""search_volume"": 720}, {""year"": 2026, ""month"": 3, ""search_volume"": 1000}, {""year"": 2026, ""month"": 2, ""search_volume"": 1300}, {""year"": 2026, ""month"": 1, ""search_volume"": 1600}, {""year"": 2025, ""month"": 12, ""search_volume"": 2400}, {""year"": 2025, ""month"": 11, ""search_volume"": 2400}, {""year"": 2025, ""month"": 10, ""search_volume"": 1600}, {""year"": 2025, ""month"": 9, ""search_volume"": 1300}, {""year"": 2025, ""month"": 8, ""search_volume"": 1000}]"
C2,casque tv audio,1300,0.31,USD_DOCUMENTED,parent,False,,,,,"casque TV générique, filaire et sans fil mélangés",keywords_data/google_ads/search_volume/live,2026-09-03T14:41:41.614360+00:00,2026-09-03-qualification-9-produits-pur/raw/20-controls-2.json.gz,"[{""year"": 2026, ""month"": 7, ""search_volume"": 590}, {""year"": 2026, ""month"": 6, ""search_volume"": 720}, {""year"": 2026, ""month"": 5, ""search_volume"": 880}, {""year"": 2026, ""month"": 4, ""search_volume"": 880}, {""year"": 2026, ""month"": 3, ""search_volume"": 1300}, {""year"": 2026, ""month"": 2, ""search_volume"": 1300}, {""year"": 2026, ""month"": 1, ""search_volume"": 1300}, {""year"": 2025, ""month"": 12, ""search_volume"": 1900}, {""year"": 2025, ""month"": 11, ""search_volume"": 1900}, {""year"": 2025, ""month"": 10, ""search_volume"": 1300}, {""year"": 2025, ""month"": 9, ""search_volume"": 1000}, {""year"": 2025, ""month"": 8, ""search_volume"": 1000}]"
C2,casque tv sans fil le meilleur,1300,0.34,USD_DOCUMENTED,core,False,G0002,0,G0002,0,casque TV sans fil compatible avec kit émetteur,keywords_data/google_ads/search_volume/live,2026-09-03T14:41:41.614360+00:00,2026-09-03-qualification-9-produits-pur/raw/20-controls-2.json.gz,"[{""year"": 2026, ""month"": 7, ""search_volume"": 720}, {""year"": 2026, ""month"": 6, ""search_volume"": 880}, {""year"": 2026, ""month"": 5, ""search_volume"": 880}, {""year"": 2026, ""month"": 4, ""search_volume"": 720}, {""year"": 2026, ""month"": 3, ""search_volume"": 1000}, {""year"": 2026, ""month"": 2, ""search_volume"": 1300}, {""year"": 2026, ""month"": 1, ""search_volume"": 1600}, {""year"": 2025, ""month"": 12, ""search_volume"": 2400}, {""year"": 2025, ""month"": 11, ""search_volume"": 2400}, {""year"": 2025, ""month"": 10, ""search_volume"": 1600}, {""year"": 2025, ""month"": 9, ""search_volume"": 1300}, {""year"": 2025, ""month"": 8, ""search_volume"": 1000}]"
C2,casque audio tv sans fils,1300,0.28,USD_DOCUMENTED,core,False,G0003,1300,G0003,1300,casque TV sans fil compatible avec kit émetteur,keywords_data/google_ads/search_volume/live,2026-09-03T14:41:41.614360+00:00,2026-09-03-qualification-9-produits-pur/raw/20-controls-2.json.gz,"[{""year"": 2026, ""month"": 7, ""search_volume"": 590}, {""year"": 2026, ""month"": 6, ""search_volume"": 590}, {""year"": 2026, ""month"": 5, ""search_volume"": 880}, {""year"": 2026, ""month"": 4, ""search_volume"": 880}, {""year"": 2026, ""month"": 3, ""search_volume"": 1600}, {""year"": 2026, ""month"": 2, ""search_volume"": 1600}, {""year"": 2026, ""month"": 1, ""search_volume"": 1300}, {""year"": 2025, ""month"": 12, ""search_volume"": 1900}, {""year"": 2025, ""month"": 11, ""search_volume"": 1900}, {""year"": 2025, ""month"": 10, ""search_volume"": 1000}, {""year"": 2025, ""month"": 9, ""search_volume"": 1000}, {""year"": 2025, ""month"": 8, ""search_volume"": 1000}]"
C2,casque pour tv,1300,0.36,USD_DOCUMENTED,parent,False,,,,,"casque TV générique, filaire et sans fil mélangés",keywords_data/google_ads/search_volume/live,2026-09-03T14:41:41.614360+00:00,2026-09-03-qualification-9-produits-pur/raw/20-controls-2.json.gz,"[{""year"": 2026, ""month"": 7, ""search_volume"": 720}, {""year"": 2026, ""month"": 6, ""search_volume"": 880}, {""year"": 2026, ""month"": 5, ""search_volume"": 1000}, {""year"": 2026, ""month"": 4, ""search_volume"": 880}, {""year"": 2026, ""month"": 3, ""search_volume"": 1000}, {""year"": 2026, ""month"": 2, ""search_volume"": 1300}, {""year"": 2026, ""month"": 1, ""search_volume"": 1600}, {""year"": 2025, ""month"": 12, ""search_volume"": 2400}, {""year"": 2025, ""month"": 11, ""search_volume"": 1900}, {""year"": 2025, ""month"": 10, ""search_volume"": 1300}, {""year"": 2025, ""month"": 9, ""search_volume"": 1000}, {""year"": 2025, ""month"": 8, ""search_volume"": 880}]"
C2,meilleur casque sans fil pour tv,1300,0.34,USD_DOCUMENTED,core,False,G0002,0,G0002,0,casque TV sans fil compatible avec kit émetteur,keywords_data/google_ads/search_volume/live,2026-09-03T14:41:41.614360+00:00,2026-09-03-qualification-9-produits-pur/raw/20-controls-2.json.gz,"[{""year"": 2026, ""month"": 7, ""search_volume"": 720}, {""year"": 2026, ""month"": 6, ""search_volume"": 880}, {""year"": 2026, ""month"": 5, ""search_volume"": 880}, {""year"": 2026, ""month"": 4, ""search_volume"": 720}, {""year"": 2026, ""month"": 3, ""search_volume"": 1000}, {""year"": 2026, ""month"": 2, ""search_volume"": 1300}, {""year"": 2026, ""month"": 1, ""search_volume"": 1600}, {""year"": 2025, ""month"": 12, ""search_volume"": 2400}, {""year"": 2025, ""month"": 11, ""search_volume"": 2400}, {""year"": 2025, ""month"": 10, ""search_volume"": 1600}, {""year"": 2025, ""month"": 9, ""search_volume"": 1300}, {""year"": 2025, ""month"": 8, ""search_volume"": 1000}]"
C2,casque audio pour la tv,1300,0.31,USD_DOCUMENTED,parent,False,,,,,"casque TV générique, filaire et sans fil mélangés",keywords_data/google_ads/search_volume/live,2026-09-03T14:41:41.614360+00:00,2026-09-03-qualification-9-produits-pur/raw/20-controls-2.json.gz,"[{""year"": 2026, ""month"": 7, ""search_volume"": 590}, {""year"": 2026, ""month"": 6, ""search_volume"": 720}, {""year"": 2026, ""month"": 5, ""search_volume"": 880}, {""year"": 2026, ""month"": 4, ""search_volume"": 880}, {""year"": 2026, ""month"": 3, ""search_volume"": 1300}, {""year"": 2026, ""month"": 2, ""search_volume"": 1300}, {""year"": 2026, ""month"": 1, ""search_volume"": 1300}, {""year"": 2025, ""month"": 12, ""search_volume"": 1900}, {""year"": 2025, ""month"": 11, ""search_volume"": 1900}, {""year"": 2025, ""month"": 10, ""search_volume"": 1300}, {""year"": 2025, ""month"": 9, ""search_volume"": 1000}, {""year"": 2025, ""month"": 8, ""search_volume"": 1000}]"
C2,casque audio tv sans fil,1300,0.28,USD_DOCUMENTED,core,False,G0003,0,G0003,0,casque TV sans fil compatible avec kit émetteur,keywords_data/google_ads/search_volume/live,2026-09-03T14:41:41.614360+00:00,2026-09-03-qualification-9-produits-pur/raw/20-controls-2.json.gz,"[{""year"": 2026, ""month"": 7, ""search_volume"": 590}, {""year"": 2026, ""month"": 6, ""search_volume"": 590}, {""year"": 2026, ""month"": 5, ""search_volume"": 880}, {""year"": 2026, ""month"": 4, ""search_volume"": 880}, {""year"": 2026, ""month"": 3, ""search_volume"": 1600}, {""year"": 2026, ""month"": 2, ""search_volume"": 1600}, {""year"": 2026, ""month"": 1, ""search_volume"": 1300}, {""year"": 2025, ""month"": 12, ""search_volume"": 1900}, {""year"": 2025, ""month"": 11, ""search_volume"": 1900}, {""year"": 2025, ""month"": 10, ""search_volume"": 1000}, {""year"": 2025, ""month"": 9, ""search_volume"": 1000}, {""year"": 2025, ""month"": 8, ""search_volume"": 1000}]"
C2,casque audio tv,1300,0.31,USD_DOCUMENTED,parent,False,,,,,"casque TV générique, filaire et sans fil mélangés",keywords_data/google_ads/search_volume/live,2026-09-03T14:41:41.614360+00:00,2026-09-03-qualification-9-produits-pur/raw/20-controls-2.json.gz,"[{""year"": 2026, ""month"": 7, ""search_volume"": 590}, {""year"": 2026, ""month"": 6, ""search_volume"": 720}, {""year"": 2026, ""month"": 5, ""search_volume"": 880}, {""year"": 2026, ""month"": 4, ""search_volume"": 880}, {""year"": 2026, ""month"": 3, ""search_volume"": 1300}, {""year"": 2026, ""month"": 2, ""search_volume"": 1300}, {""year"": 2026, ""month"": 1, ""search_volume"": 1300}, {""year"": 2025, ""month"": 12, ""search_volume"": 1900}, {""year"": 2025, ""month"": 11, ""search_volume"": 1900}, {""year"": 2025, ""month"": 10, ""search_volume"": 1300}, {""year"": 2025, ""month"": 9, ""search_volume"": 1000}, {""year"": 2025, ""month"": 8, ""search_volume"": 1000}]"
C2,meilleur casque sans fil tv,1300,0.34,USD_DOCUMENTED,core,False,G0002,0,G0002,0,casque TV sans fil compatible avec kit émetteur,keywords_data/google_ads/search_volume/live,2026-09-03T14:41:41.614360+00:00,2026-09-03-qualification-9-produits-pur/raw/20-controls-2.json.gz,"[{""year"": 2026, ""month"": 7, ""search_volume"": 720}, {""year"": 2026, ""month"": 6, ""search_volume"": 880}, {""year"": 2026, ""month"": 5, ""search_volume"": 880}, {""year"": 2026, ""month"": 4, ""search_volume"": 720}, {""year"": 2026, ""month"": 3, ""search_volume"": 1000}, {""year"": 2026, ""month"": 2, ""search_volume"": 1300}, {""year"": 2026, ""month"": 1, ""search_volume"": 1600}, {""year"": 2025, ""month"": 12, ""search_volume"": 2400}, {""year"": 2025, ""month"": 11, ""search_volume"": 2400}, {""year"": 2025, ""month"": 10, ""search_volume"": 1600}, {""year"": 2025, ""month"": 9, ""search_volume"": 1300}, {""year"": 2025, ""month"": 8, ""search_volume"": 1000}]"
C2,meilleur casque tv sans fil,1300,0.34,USD_DOCUMENTED,core,False,G0002,0,G0002,0,casque TV sans fil compatible avec kit émetteur,keywords_data/google_ads/search_volume/live,2026-09-03T14:41:41.614360+00:00,2026-09-03-qualification-9-produits-pur/raw/20-controls-2.json.gz,"[{""year"": 2026, ""month"": 7, ""search_volume"": 720}, {""year"": 2026, ""month"": 6, ""search_volume"": 880}, {""year"": 2026, ""month"": 5, ""search_volume"": 880}, {""year"": 2026, ""month"": 4, ""search_volume"": 720}, {""year"": 2026, ""month"": 3, ""search_volume"": 1000}, {""year"": 2026, ""month"": 2, ""search_volume"": 1300}, {""year"": 2026, ""month"": 1, ""search_volume"": 1600}, {""year"": 2025, ""month"": 12, ""search_volume"": 2400}, {""year"": 2025, ""month"": 11, ""search_volume"": 2400}, {""year"": 2025, ""month"": 10, ""search_volume"": 1600}, {""year"": 2025, ""month"": 9, ""search_volume"": 1300}, {""year"": 2025, ""month"": 8, ""search_volume"": 1000}]"
C2,casque audio télévision sans fil,1300,0.28,USD_DOCUMENTED,core,False,G0003,0,G0003,0,casque TV sans fil compatible avec kit émetteur,keywords_data/google_ads/search_volume/live,2026-09-03T14:41:45.663971+00:00,2026-09-03-qualification-9-produits-pur/raw/20-controls-3.json.gz,"[{""year"": 2026, ""month"": 7, ""search_volume"": 590}, {""year"": 2026, ""month"": 6, ""search_volume"": 590}, {""year"": 2026, ""month"": 5, ""search_volume"": 880}, {""year"": 2026, ""month"": 4, ""search_volume"": 880}, {""year"": 2026, ""month"": 3, ""search_volume"": 1600}, {""year"": 2026, ""month"": 2, ""search_volume"": 1600}, {""year"": 2026, ""month"": 1, ""search_volume"": 1300}, {""year"": 2025, ""month"": 12, ""search_volume"": 1900}, {""year"": 2025, ""month"": 11, ""search_volume"": 1900}, {""year"": 2025, ""month"": 10, ""search_volume"": 1000}, {""year"": 2025, ""month"": 9, ""search_volume"": 1000}, {""year"": 2025, ""month"": 8, ""search_volume"": 1000}]"
C2,casque pour télévision,1300,0.36,USD_DOCUMENTED,parent,False,,,,,"casque TV générique, filaire et sans fil mélangés",keywords_data/google_ads/search_volume/live,2026-09-03T14:41:45.663971+00:00,2026-09-03-qualification-9-produits-pur/raw/20-controls-3.json.gz,"[{""year"": 2026, ""month"": 7, ""search_volume"": 720}, {""year"": 2026, ""month"": 6, ""search_volume"": 880}, {""year"": 2026, ""month"": 5, ""search_volume"": 1000}, {""year"": 2026, ""month"": 4, ""search_volume"": 880}, {""year"": 2026, ""month"": 3, ""search_volume"": 1000}, {""year"": 2026, ""month"": 2, ""search_volume"": 1300}, {""year"": 2026, ""month"": 1, ""search_volume"": 1600}, {""year"": 2025, ""month"": 12, ""search_volume"": 2400}, {""year"": 2025, ""month"": 11, ""search_volume"": 1900}, {""year"": 2025, ""month"": 10, ""search_volume"": 1300}, {""year"": 2025, ""month"": 9, ""search_volume"": 1000}, {""year"": 2025, ""month"": 8, ""search_volume"": 880}]"
C2,meilleur casque télévision sans fil,1300,0.34,USD_DOCUMENTED,core,False,G0002,0,G0002,0,casque TV sans fil compatible avec kit émetteur,keywords_data/google_ads/search_volume/live,2026-09-03T14:41:45.663971+00:00,2026-09-03-qualification-9-produits-pur/raw/20-controls-3.json.gz,"[{""year"": 2026, ""month"": 7, ""search_volume"": 720}, {""year"": 2026, ""month"": 6, ""search_volume"": 880}, {""year"": 2026, ""month"": 5, ""search_volume"": 880}, {""year"": 2026, ""month"": 4, ""search_volume"": 720}, {""year"": 2026, ""month"": 3, ""search_volume"": 1000}, {""year"": 2026, ""month"": 2, ""search_volume"": 1300}, {""year"": 2026, ""month"": 1, ""search_volume"": 1600}, {""year"": 2025, ""month"": 12, ""search_volume"": 2400}, {""year"": 2025, ""month"": 11, ""search_volume"": 2400}, {""year"": 2025, ""month"": 10, ""search_volume"": 1600}, {""year"": 2025, ""month"": 9, ""search_volume"": 1300}, {""year"": 2025, ""month"": 8, ""search_volume"": 1000}]"
C2,casque audio télévision,1300,0.31,USD_DOCUMENTED,parent,False,,,,,"casque TV générique, filaire et sans fil mélangés",keywords_data/google_ads/search_volume/live,2026-09-03T14:41:45.663971+00:00,2026-09-03-qualification-9-produits-pur/raw/20-controls-3.json.gz,"[{""year"": 2026, ""month"": 7, ""search_volume"": 590}, {""year"": 2026, ""month"": 6, ""search_volume"": 720}, {""year"": 2026, ""month"": 5, ""search_volume"": 880}, {""year"": 2026, ""month"": 4, ""search_volume"": 880}, {""year"": 2026, ""month"": 3, ""search_volume"": 1300}, {""year"": 2026, ""month"": 2, ""search_volume"": 1300}, {""year"": 2026, ""month"": 1, ""search_volume"": 1300}, {""year"": 2025, ""month"": 12, ""search_volume"": 1900}, {""year"": 2025, ""month"": 11, ""search_volume"": 1900}, {""year"": 2025, ""month"": 10, ""search_volume"": 1300}, {""year"": 2025, ""month"": 9, ""search_volume"": 1000}, {""year"": 2025, ""month"": 8, ""search_volume"": 1000}]"
C2,meilleur casque sans fil television,1300,0.34,USD_DOCUMENTED,core,False,G0002,0,G0002,0,casque TV sans fil compatible avec kit émetteur,keywords_data/google_ads/search_volume/live,2026-09-03T14:41:45.663971+00:00,2026-09-03-qualification-9-produits-pur/raw/20-controls-3.json.gz,"[{""year"": 2026, ""month"": 7, ""search_volume"": 720}, {""year"": 2026, ""month"": 6, ""search_volume"": 880}, {""year"": 2026, ""month"": 5, ""search_volume"": 880}, {""year"": 2026, ""month"": 4, ""search_volume"": 720}, {""year"": 2026, ""month"": 3, ""search_volume"": 1000}, {""year"": 2026, ""month"": 2, ""search_volume"": 1300}, {""year"": 2026, ""month"": 1, ""search_volume"": 1600}, {""year"": 2025, ""month"": 12, ""search_volume"": 2400}, {""year"": 2025, ""month"": 11, ""search_volume"": 2400}, {""year"": 2025, ""month"": 10, ""search_volume"": 1600}, {""year"": 2025, ""month"": 9, ""search_volume"": 1300}, {""year"": 2025, ""month"": 8, ""search_volume"": 1000}]"
C2,bluetooth casque tv,880,0.3,USD_DOCUMENTED,core,False,G0004,880,G0004,880,casque TV sans fil compatible avec kit émetteur,keywords_data/google_ads/search_volume/live,2026-09-03T14:41:41.614360+00:00,2026-09-03-qualification-9-produits-pur/raw/20-controls-2.json.gz,"[{""year"": 2026, ""month"": 7, ""search_volume"": 480}, {""year"": 2026, ""month"": 6, ""search_volume"": 480}, {""year"": 2026, ""month"": 5, ""search_volume"": 720}, {""year"": 2026, ""month"": 4, ""search_volume"": 590}, {""year"": 2026, ""month"": 3, ""search_volume"": 880}, {""year"": 2026, ""month"": 2, ""search_volume"": 1000}, {""year"": 2026, ""month"": 1, ""search_volume"": 1000}, {""year"": 2025, ""month"": 12, ""search_volume"": 1600}, {""year"": 2025, ""month"": 11, ""search_volume"": 1300}, {""year"": 2025, ""month"": 10, ""search_volume"": 880}, {""year"": 2025, ""month"": 9, ""search_volume"": 720}, {""year"": 2025, ""month"": 8, ""search_volume"": 720}]"
C2,casque sans fil pour la tv,880,0.23,USD_DOCUMENTED,core,False,G0001,0,G0001,0,casque TV sans fil compatible avec kit émetteur,keywords_data/google_ads/search_volume/live,2026-09-03T14:41:41.614360+00:00,2026-09-03-qualification-9-produits-pur/raw/20-controls-2.json.gz,"[{""year"": 2026, ""month"": 7, ""search_volume"": 720}, {""year"": 2026, ""month"": 6, ""search_volume"": 720}, {""year"": 2026, ""month"": 5, ""search_volume"": 720}, {""year"": 2026, ""month"": 4, ""search_volume"": 720}, {""year"": 2026, ""month"": 3, ""search_volume"": 1000}, {""year"": 2026, ""month"": 2, ""search_volume"": 1000}, {""year"": 2026, ""month"": 1, ""search_volume"": 1300}, {""year"": 2025, ""month"": 12, ""search_volume"": 1900}, {""year"": 2025, ""month"": 11, ""search_volume"": 1600}, {""year"": 2025, ""month"": 10, ""search_volume"": 880}, {""year"": 2025, ""month"": 9, ""search_volume"": 590}, {""year"": 2025, ""month"": 8, ""search_volume"": 590}]"
C2,casque sans fils pour tv,880,0.26,USD_DOCUMENTED,core,False,G0001,0,G0001,0,casque TV sans fil compatible avec kit émetteur,keywords_data/google_ads/search_volume/live,2026-09-03T14:41:41.614360+00:00,2026-09-03-qualification-9-produits-pur/raw/20-controls-2.json.gz,"[{""year"": 2026, ""month"": 7, ""search_volume"": 390}, {""year"": 2026, ""month"": 6, ""search_volume"": 480}, {""year"": 2026, ""month"": 5, ""search_volume"": 590}, {""year"": 2026, ""month"": 4, ""search_volume"": 590}, {""year"": 2026, ""month"": 3, ""search_volume"": 590}, {""year"": 2026, ""month"": 2, ""search_volume"": 880}, {""year"": 2026, ""month"": 1, ""search_volume"": 1000}, {""year"": 2025, ""month"": 12, ""search_volume"": 1600}, {""year"": 2025, ""month"": 11, ""search_volume"": 1600}, {""year"": 2025, ""month"": 10, ""search_volume"": 1000}, {""year"": 2025, ""month"": 9, ""search_volume"": 880}, {""year"": 2025, ""month"": 8, ""search_volume"": 720}]"
C2,casque bluetooth tv,880,0.3,USD_DOCUMENTED,core,False,G0004,0,G0004,0,casque TV sans fil compatible avec kit émetteur,keywords_data/google_ads/search_volume/live,2026-09-03T14:41:41.614360+00:00,2026-09-03-qualification-9-produits-pur/raw/20-controls-2.json.gz,"[{""year"": 2026, ""month"": 7, ""search_volume"": 480}, {""year"": 2026, ""month"": 6, ""search_volume"": 480}, {""year"": 2026, ""month"": 5, ""search_volume"": 720}, {""year"": 2026, ""month"": 4, ""search_volume"": 590}, {""year"": 2026, ""month"": 3, ""search_volume"": 880}, {""year"": 2026, ""month"": 2, ""search_volume"": 1000}, {""year"": 2026, ""month"": 1, ""search_volume"": 1000}, {""year"": 2025, ""month"": 12, ""search_volume"": 1600}, {""year"": 2025, ""month"": 11, ""search_volume"": 1300}, {""year"": 2025, ""month"": 10, ""search_volume"": 880}, {""year"": 2025, ""month"": 9, ""search_volume"": 720}, {""year"": 2025, ""month"": 8, ""search_volume"": 720}]"
C2,casque sans fil pour tv,880,0.26,USD_DOCUMENTED,core,False,G0001,0,G0001,0,casque TV sans fil compatible avec kit émetteur,keywords_data/google_ads/search_volume/live,2026-09-03T14:41:41.614360+00:00,2026-09-03-qualification-9-produits-pur/raw/20-controls-2.json.gz,"[{""year"": 2026, ""month"": 7, ""search_volume"": 390}, {""year"": 2026, ""month"": 6, ""search_volume"": 480}, {""year"": 2026, ""month"": 5, ""search_volume"": 590}, {""year"": 2026, ""month"": 4, ""search_volume"": 590}, {""year"": 2026, ""month"": 3, ""search_volume"": 590}, {""year"": 2026, ""month"": 2, ""search_volume"": 880}, {""year"": 2026, ""month"": 1, ""search_volume"": 1000}, {""year"": 2025, ""month"": 12, ""search_volume"": 1600}, {""year"": 2025, ""month"": 11, ""search_volume"": 1600}, {""year"": 2025, ""month"": 10, ""search_volume"": 1000}, {""year"": 2025, ""month"": 9, ""search_volume"": 880}, {""year"": 2025, ""month"": 8, ""search_volume"": 720}]"
C2,casque bluetooth et tv,880,0.3,USD_DOCUMENTED,core,False,G0004,0,G0004,0,casque TV sans fil compatible avec kit émetteur,keywords_data/google_ads/search_volume/live,2026-09-03T14:41:41.614360+00:00,2026-09-03-qualification-9-produits-pur/raw/20-controls-2.json.gz,"[{""year"": 2026, ""month"": 7, ""search_volume"": 480}, {""year"": 2026, ""month"": 6, ""search_volume"": 480}, {""year"": 2026, ""month"": 5, ""search_volume"": 720}, {""year"": 2026, ""month"": 4, ""search_volume"": 590}, {""year"": 2026, ""month"": 3, ""search_volume"": 880}, {""year"": 2026, ""month"": 2, ""search_volume"": 1000}, {""year"": 2026, ""month"": 1, ""search_volume"": 1000}, {""year"": 2025, ""month"": 12, ""search_volume"": 1600}, {""year"": 2025, ""month"": 11, ""search_volume"": 1300}, {""year"": 2025, ""month"": 10, ""search_volume"": 880}, {""year"": 2025, ""month"": 9, ""search_volume"": 720}, {""year"": 2025, ""month"": 8, ""search_volume"": 720}]"
C2,casque bluetooth sur tv,880,0.3,USD_DOCUMENTED,core,False,G0004,0,G0004,0,casque TV sans fil compatible avec kit émetteur,keywords_data/google_ads/search_volume/live,2026-09-03T14:41:41.614360+00:00,2026-09-03-qualification-9-produits-pur/raw/20-controls-2.json.gz,"[{""year"": 2026, ""month"": 7, ""search_volume"": 480}, {""year"": 2026, ""month"": 6, ""search_volume"": 480}, {""year"": 2026, ""month"": 5, ""search_volume"": 720}, {""year"": 2026, ""month"": 4, ""search_volume"": 590}, {""year"": 2026, ""month"": 3, ""search_volume"": 880}, {""year"": 2026, ""month"": 2, ""search_volume"": 1000}, {""year"": 2026, ""month"": 1, ""search_volume"": 1000}, {""year"": 2025, ""month"": 12, ""search_volume"": 1600}, {""year"": 2025, ""month"": 11, ""search_volume"": 1300}, {""year"": 2025, ""month"": 10, ""search_volume"": 880}, {""year"": 2025, ""month"": 9, ""search_volume"": 720}, {""year"": 2025, ""month"": 8, ""search_volume"": 720}]"
C2,casque pour tv sennheiser,880,0.38,USD_DOCUMENTED,parent,True,,,,,"casque TV générique, filaire et sans fil mélangés",dataforseo_labs/google/keyword_suggestions/live,2026-09-03T13:38:19.594647+00:00,2026-09-03-test-decouverte-couplee/raw/10-c2-labs.json.gz,"[{""year"": 2026, ""month"": 7, ""search_volume"": 390}, {""year"": 2026, ""month"": 6, ""search_volume"": 480}, {""year"": 2026, ""month"": 5, ""search_volume"": 590}, {""year"": 2026, ""month"": 4, ""search_volume"": 590}, {""year"": 2026, ""month"": 3, ""search_volume"": 880}, {""year"": 2026, ""month"": 2, ""search_volume"": 1000}, {""year"": 2026, ""month"": 1, ""search_volume"": 880}, {""year"": 2025, ""month"": 12, ""search_volume"": 1300}, {""year"": 2025, ""month"": 11, ""search_volume"": 1300}, {""year"": 2025, ""month"": 10, ""search_volume"": 720}, {""year"": 2025, ""month"": 9, ""search_volume"": 720}, {""year"": 2025, ""month"": 8, ""search_volume"": 720}]"
C2,casque sennheiser tv,880,0.38,USD_DOCUMENTED,parent,True,,,,,"casque TV générique, filaire et sans fil mélangés",dataforseo_labs/google/keyword_suggestions/live,2026-09-03T13:38:19.594647+00:00,2026-09-03-test-decouverte-couplee/raw/10-c2-labs.json.gz,"[{""year"": 2026, ""month"": 7, ""search_volume"": 390}, {""year"": 2026, ""month"": 6, ""search_volume"": 480}, {""year"": 2026, ""month"": 5, ""search_volume"": 590}, {""year"": 2026, ""month"": 4, ""search_volume"": 590}, {""year"": 2026, ""month"": 3, ""search_volume"": 880}, {""year"": 2026, ""month"": 2, ""search_volume"": 1000}, {""year"": 2026, ""month"": 1, ""search_volume"": 880}, {""year"": 2025, ""month"": 12, ""search_volume"": 1300}, {""year"": 2025, ""month"": 11, ""search_volume"": 1300}, {""year"": 2025, ""month"": 10, ""search_volume"": 720}, {""year"": 2025, ""month"": 9, ""search_volume"": 720}, {""year"": 2025, ""month"": 8, ""search_volume"": 720}]"
C2,casque pour tv sans fil,880,0.23,USD_DOCUMENTED,core,False,G0001,0,G0001,0,casque TV sans fil compatible avec kit émetteur,keywords_data/google_ads/search_volume/live,2026-09-03T14:41:41.614360+00:00,2026-09-03-qualification-9-produits-pur/raw/20-controls-2.json.gz,"[{""year"": 2026, ""month"": 7, ""search_volume"": 720}, {""year"": 2026, ""month"": 6, ""search_volume"": 720}, {""year"": 2026, ""month"": 5, ""search_volume"": 720}, {""year"": 2026, ""month"": 4, ""search_volume"": 720}, {""year"": 2026, ""month"": 3, ""search_volume"": 1000}, {""year"": 2026, ""month"": 2, ""search_volume"": 1000}, {""year"": 2026, ""month"": 1, ""search_volume"": 1300}, {""year"": 2025, ""month"": 12, ""search_volume"": 1900}, {""year"": 2025, ""month"": 11, ""search_volume"": 1600}, {""year"": 2025, ""month"": 10, ""search_volume"": 880}, {""year"": 2025, ""month"": 9, ""search_volume"": 590}, {""year"": 2025, ""month"": 8, ""search_volume"": 590}]"
C2,casque tv sennheiser,880,0.38,USD_DOCUMENTED,parent,True,,,,,"casque TV générique, filaire et sans fil mélangés",keywords_data/google_ads/search_volume/live,2026-09-03T13:45:51.027216+00:00,2026-09-03-test-decouverte-couplee/raw/22-first-controls.json.gz,"[{""year"": 2026, ""month"": 7, ""search_volume"": 390}, {""year"": 2026, ""month"": 6, ""search_volume"": 480}, {""year"": 2026, ""month"": 5, ""search_volume"": 590}, {""year"": 2026, ""month"": 4, ""search_volume"": 590}, {""year"": 2026, ""month"": 3, ""search_volume"": 880}, {""year"": 2026, ""month"": 2, ""search_volume"": 1000}, {""year"": 2026, ""month"": 1, ""search_volume"": 880}, {""year"": 2025, ""month"": 12, ""search_volume"": 1300}, {""year"": 2025, ""month"": 11, ""search_volume"": 1300}, {""year"": 2025, ""month"": 10, ""search_volume"": 720}, {""year"": 2025, ""month"": 9, ""search_volume"": 720}, {""year"": 2025, ""month"": 8, ""search_volume"": 720}]"
C2,casque sennheiser pour tv,880,0.38,USD_DOCUMENTED,parent,True,,,,,"casque TV générique, filaire et sans fil mélangés",dataforseo_labs/google/keyword_suggestions/live,2026-09-03T13:38:19.594647+00:00,2026-09-03-test-decouverte-couplee/raw/10-c2-labs.json.gz,"[{""year"": 2026, ""month"": 7, ""search_volume"": 390}, {""year"": 2026, ""month"": 6, ""search_volume"": 480}, {""year"": 2026, ""month"": 5, ""search_volume"": 590}, {""year"": 2026, ""month"": 4, ""search_volume"": 590}, {""year"": 2026, ""month"": 3, ""search_volume"": 880}, {""year"": 2026, ""month"": 2, ""search_volume"": 1000}, {""year"": 2026, ""month"": 1, ""search_volume"": 880}, {""year"": 2025, ""month"": 12, ""search_volume"": 1300}, {""year"": 2025, ""month"": 11, ""search_volume"": 1300}, {""year"": 2025, ""month"": 10, ""search_volume"": 720}, {""year"": 2025, ""month"": 9, ""search_volume"": 720}, {""year"": 2025, ""month"": 8, ""search_volume"": 720}]"
C2,casque sans fil pour télévision,880,0.26,USD_DOCUMENTED,core,False,G0001,0,G0001,0,casque TV sans fil compatible avec kit émetteur,keywords_data/google_ads/search_volume/live,2026-09-03T14:41:45.663971+00:00,2026-09-03-qualification-9-produits-pur/raw/20-controls-3.json.gz,"[{""year"": 2026, ""month"": 7, ""search_volume"": 390}, {""year"": 2026, ""month"": 6, ""search_volume"": 480}, {""year"": 2026, ""month"": 5, ""search_volume"": 590}, {""year"": 2026, ""month"": 4, ""search_volume"": 590}, {""year"": 2026, ""month"": 3, ""search_volume"": 590}, {""year"": 2026, ""month"": 2, ""search_volume"": 880}, {""year"": 2026, ""month"": 1, ""search_volume"": 1000}, {""year"": 2025, ""month"": 12, ""search_volume"": 1600}, {""year"": 2025, ""month"": 11, ""search_volume"": 1600}, {""year"": 2025, ""month"": 10, ""search_volume"": 1000}, {""year"": 2025, ""month"": 9, ""search_volume"": 880}, {""year"": 2025, ""month"": 8, ""search_volume"": 720}]"
C2,casque pour télévision sans fil,880,0.23,USD_DOCUMENTED,core,False,G0001,0,G0001,0,casque TV sans fil compatible avec kit émetteur,keywords_data/google_ads/search_volume/live,2026-09-03T14:41:45.663971+00:00,2026-09-03-qualification-9-produits-pur/raw/20-controls-3.json.gz,"[{""year"": 2026, ""month"": 7, ""search_volume"": 720}, {""year"": 2026, ""month"": 6, ""search_volume"": 720}, {""year"": 2026, ""month"": 5, ""search_volume"": 720}, {""year"": 2026, ""month"": 4, ""search_volume"": 720}, {""year"": 2026, ""month"": 3, ""search_volume"": 1000}, {""year"": 2026, ""month"": 2, ""search_volume"": 1000}, {""year"": 2026, ""month"": 1, ""search_volume"": 1300}, {""year"": 2025, ""month"": 12, ""search_volume"": 1900}, {""year"": 2025, ""month"": 11, ""search_volume"": 1600}, {""year"": 2025, ""month"": 10, ""search_volume"": 880}, {""year"": 2025, ""month"": 9, ""search_volume"": 590}, {""year"": 2025, ""month"": 8, ""search_volume"": 590}]"
C2,casque télévision sennheiser,880,0.38,USD_DOCUMENTED,parent,True,,,,,"casque TV générique, filaire et sans fil mélangés",dataforseo_labs/google/keyword_suggestions/live,2026-09-03T14:36:31.018349+00:00,2026-09-03-qualification-9-produits-pur/raw/10-C2-labs-0.json.gz,"[{""year"": 2026, ""month"": 7, ""search_volume"": 390}, {""year"": 2026, ""month"": 6, ""search_volume"": 480}, {""year"": 2026, ""month"": 5, ""search_volume"": 590}, {""year"": 2026, ""month"": 4, ""search_volume"": 590}, {""year"": 2026, ""month"": 3, ""search_volume"": 880}, {""year"": 2026, ""month"": 2, ""search_volume"": 1000}, {""year"": 2026, ""month"": 1, ""search_volume"": 880}, {""year"": 2025, ""month"": 12, ""search_volume"": 1300}, {""year"": 2025, ""month"": 11, ""search_volume"": 1300}, {""year"": 2025, ""month"": 10, ""search_volume"": 720}, {""year"": 2025, ""month"": 9, ""search_volume"": 720}, {""year"": 2025, ""month"": 8, ""search_volume"": 720}]"
C2,casque bluetooth télévision,880,0.3,USD_DOCUMENTED,core,False,G0004,0,G0004,0,casque TV sans fil compatible avec kit émetteur,keywords_data/google_ads/search_volume/live,2026-09-03T14:41:45.663971+00:00,2026-09-03-qualification-9-produits-pur/raw/20-controls-3.json.gz,"[{""year"": 2026, ""month"": 7, ""search_volume"": 480}, {""year"": 2026, ""month"": 6, ""search_volume"": 480}, {""year"": 2026, ""month"": 5, ""search_volume"": 720}, {""year"": 2026, ""month"": 4, ""search_volume"": 590}, {""year"": 2026, ""month"": 3, ""search_volume"": 880}, {""year"": 2026, ""month"": 2, ""search_volume"": 1000}, {""year"": 2026, ""month"": 1, ""search_volume"": 1000}, {""year"": 2025, ""month"": 12, ""search_volume"": 1600}, {""year"": 2025, ""month"": 11, ""search_volume"": 1300}, {""year"": 2025, ""month"": 10, ""search_volume"": 880}, {""year"": 2025, ""month"": 9, ""search_volume"": 720}, {""year"": 2025, ""month"": 8, ""search_volume"": 720}]"
C2,casque sans fils pour television,880,0.26,USD_DOCUMENTED,core,False,G0001,0,G0001,0,casque TV sans fil compatible avec kit émetteur,keywords_data/google_ads/search_volume/live,2026-09-03T14:41:45.663971+00:00,2026-09-03-qualification-9-produits-pur/raw/20-controls-3.json.gz,"[{""year"": 2026, ""month"": 7, ""search_volume"": 390}, {""year"": 2026, ""month"": 6, ""search_volume"": 480}, {""year"": 2026, ""month"": 5, ""search_volume"": 590}, {""year"": 2026, ""month"": 4, ""search_volume"": 590}, {""year"": 2026, ""month"": 3, ""search_volume"": 590}, {""year"": 2026, ""month"": 2, ""search_volume"": 880}, {""year"": 2026, ""month"": 1, ""search_volume"": 1000}, {""year"": 2025, ""month"": 12, ""search_volume"": 1600}, {""year"": 2025, ""month"": 11, ""search_volume"": 1600}, {""year"": 2025, ""month"": 10, ""search_volume"": 1000}, {""year"": 2025, ""month"": 9, ""search_volume"": 880}, {""year"": 2025, ""month"": 8, ""search_volume"": 720}]"
C2,casque bluetooth television,880,0.3,USD_DOCUMENTED,core,False,G0004,0,G0004,0,casque TV sans fil compatible avec kit émetteur,keywords_data/google_ads/search_volume/live,2026-09-03T14:41:45.663971+00:00,2026-09-03-qualification-9-produits-pur/raw/20-controls-3.json.gz,"[{""year"": 2026, ""month"": 7, ""search_volume"": 480}, {""year"": 2026, ""month"": 6, ""search_volume"": 480}, {""year"": 2026, ""month"": 5, ""search_volume"": 720}, {""year"": 2026, ""month"": 4, ""search_volume"": 590}, {""year"": 2026, ""month"": 3, ""search_volume"": 880}, {""year"": 2026, ""month"": 2, ""search_volume"": 1000}, {""year"": 2026, ""month"": 1, ""search_volume"": 1000}, {""year"": 2025, ""month"": 12, ""search_volume"": 1600}, {""year"": 2025, ""month"": 11, ""search_volume"": 1300}, {""year"": 2025, ""month"": 10, ""search_volume"": 880}, {""year"": 2025, ""month"": 9, ""search_volume"": 720}, {""year"": 2025, ""month"": 8, ""search_volume"": 720}]"
C2,casque television bluetooth,880,0.3,USD_DOCUMENTED,core,False,G0004,0,G0004,0,casque TV sans fil compatible avec kit émetteur,keywords_data/google_ads/search_volume/live,2026-09-03T14:41:45.663971+00:00,2026-09-03-qualification-9-produits-pur/raw/20-controls-3.json.gz,"[{""year"": 2026, ""month"": 7, ""search_volume"": 480}, {""year"": 2026, ""month"": 6, ""search_volume"": 480}, {""year"": 2026, ""month"": 5, ""search_volume"": 720}, {""year"": 2026, ""month"": 4, ""search_volume"": 590}, {""year"": 2026, ""month"": 3, ""search_volume"": 880}, {""year"": 2026, ""month"": 2, ""search_volume"": 1000}, {""year"": 2026, ""month"": 1, ""search_volume"": 1000}, {""year"": 2025, ""month"": 12, ""search_volume"": 1600}, {""year"": 2025, ""month"": 11, ""search_volume"": 1300}, {""year"": 2025, ""month"": 10, ""search_volume"": 880}, {""year"": 2025, ""month"": 9, ""search_volume"": 720}, {""year"": 2025, ""month"": 8, ""search_volume"": 720}]"
C2,casque sennheiser sans fil pour tv,720,0.33,USD_DOCUMENTED,core,True,,,,,casque TV sans fil compatible avec kit émetteur,keywords_data/google_ads/search_volume/live,2026-09-03T14:41:41.614360+00:00,2026-09-03-qualification-9-produits-pur/raw/20-controls-2.json.gz,"[{""year"": 2026, ""month"": 7, ""search_volume"": 480}, {""year"": 2026, ""month"": 6, ""search_volume"": 480}, {""year"": 2026, ""month"": 5, ""search_volume"": 590}, {""year"": 2026, ""month"": 4, ""search_volume"": 590}, {""year"": 2026, ""month"": 3, ""search_volume"": 1000}, {""year"": 2026, ""month"": 2, ""search_volume"": 1000}, {""year"": 2026, ""month"": 1, ""search_volume"": 720}, {""year"": 2025, ""month"": 12, ""search_volume"": 1000}, {""year"": 2025, ""month"": 11, ""search_volume"": 1000}, {""year"": 2025, ""month"": 10, ""search_volume"": 720}, {""year"": 2025, ""month"": 9, ""search_volume"": 720}, {""year"": 2025, ""month"": 8, ""search_volume"": 590}]"
C2,sennheiser casque tv sans fil,720,0.33,USD_DOCUMENTED,core,True,,,,,casque TV sans fil compatible avec kit émetteur,keywords_data/google_ads/search_volume/live,2026-09-03T14:41:41.614360+00:00,2026-09-03-qualification-9-produits-pur/raw/20-controls-2.json.gz,"[{""year"": 2026, ""month"": 7, ""search_volume"": 480}, {""year"": 2026, ""month"": 6, ""search_volume"": 480}, {""year"": 2026, ""month"": 5, ""search_volume"": 590}, {""year"": 2026, ""month"": 4, ""search_volume"": 590}, {""year"": 2026, ""month"": 3, ""search_volume"": 1000}, {""year"": 2026, ""month"": 2, ""search_volume"": 1000}, {""year"": 2026, ""month"": 1, ""search_volume"": 720}, {""year"": 2025, ""month"": 12, ""search_volume"": 1000}, {""year"": 2025, ""month"": 11, ""search_volume"": 1000}, {""year"": 2025, ""month"": 10, ""search_volume"": 720}, {""year"": 2025, ""month"": 9, ""search_volume"": 720}, {""year"": 2025, ""month"": 8, ""search_volume"": 590}]"
C2,casque sans fil tv sennheiser,720,0.33,USD_DOCUMENTED,core,True,,,,,casque TV sans fil compatible avec kit émetteur,keywords_data/google_ads/search_volume/live,2026-09-03T14:41:41.614360+00:00,2026-09-03-qualification-9-produits-pur/raw/20-controls-2.json.gz,"[{""year"": 2026, ""month"": 7, ""search_volume"": 480}, {""year"": 2026, ""month"": 6, ""search_volume"": 480}, {""year"": 2026, ""month"": 5, ""search_volume"": 590}, {""year"": 2026, ""month"": 4, ""search_volume"": 590}, {""year"": 2026, ""month"": 3, ""search_volume"": 1000}, {""year"": 2026, ""month"": 2, ""search_volume"": 1000}, {""year"": 2026, ""month"": 1, ""search_volume"": 720}, {""year"": 2025, ""month"": 12, ""search_volume"": 1000}, {""year"": 2025, ""month"": 11, ""search_volume"": 1000}, {""year"": 2025, ""month"": 10, ""search_volume"": 720}, {""year"": 2025, ""month"": 9, ""search_volume"": 720}, {""year"": 2025, ""month"": 8, ""search_volume"": 590}]"
C2,casque sennheiser sans fil tv,720,0.33,USD_DOCUMENTED,core,True,,,,,casque TV sans fil compatible avec kit émetteur,keywords_data/google_ads/search_volume/live,2026-09-03T14:41:41.614360+00:00,2026-09-03-qualification-9-produits-pur/raw/20-controls-2.json.gz,"[{""year"": 2026, ""month"": 7, ""search_volume"": 480}, {""year"": 2026, ""month"": 6, ""search_volume"": 480}, {""year"": 2026, ""month"": 5, ""search_volume"": 590}, {""year"": 2026, ""month"": 4, ""search_volume"": 590}, {""year"": 2026, ""month"": 3, ""search_volume"": 1000}, {""year"": 2026, ""month"": 2, ""search_volume"": 1000}, {""year"": 2026, ""month"": 1, ""search_volume"": 720}, {""year"": 2025, ""month"": 12, ""search_volume"": 1000}, {""year"": 2025, ""month"": 11, ""search_volume"": 1000}, {""year"": 2025, ""month"": 10, ""search_volume"": 720}, {""year"": 2025, ""month"": 9, ""search_volume"": 720}, {""year"": 2025, ""month"": 8, ""search_volume"": 590}]"
C2,sennheiser casque sans fil tv,720,0.33,USD_DOCUMENTED,core,True,,,,,casque TV sans fil compatible avec kit émetteur,keywords_data/google_ads/search_volume/live,2026-09-03T14:41:41.614360+00:00,2026-09-03-qualification-9-produits-pur/raw/20-controls-2.json.gz,"[{""year"": 2026, ""month"": 7, ""search_volume"": 480}, {""year"": 2026, ""month"": 6, ""search_volume"": 480}, {""year"": 2026, ""month"": 5, ""search_volume"": 590}, {""year"": 2026, ""month"": 4, ""search_volume"": 590}, {""year"": 2026, ""month"": 3, ""search_volume"": 1000}, {""year"": 2026, ""month"": 2, ""search_volume"": 1000}, {""year"": 2026, ""month"": 1, ""search_volume"": 720}, {""year"": 2025, ""month"": 12, ""search_volume"": 1000}, {""year"": 2025, ""month"": 11, ""search_volume"": 1000}, {""year"": 2025, ""month"": 10, ""search_volume"": 720}, {""year"": 2025, ""month"": 9, ""search_volume"": 720}, {""year"": 2025, ""month"": 8, ""search_volume"": 590}]"
C2,casque audio sans fil tv,720,0.26,USD_DOCUMENTED,core,False,G0003,0,G0003,0,casque TV sans fil compatible avec kit émetteur,keywords_data/google_ads/search_volume/live,2026-09-03T14:41:41.614360+00:00,2026-09-03-qualification-9-produits-pur/raw/20-controls-2.json.gz,"[{""year"": 2026, ""month"": 7, ""search_volume"": 390}, {""year"": 2026, ""month"": 6, ""search_volume"": 480}, {""year"": 2026, ""month"": 5, ""search_volume"": 590}, {""year"": 2026, ""month"": 4, ""search_volume"": 480}, {""year"": 2026, ""month"": 3, ""search_volume"": 590}, {""year"": 2026, ""month"": 2, ""search_volume"": 720}, {""year"": 2026, ""month"": 1, ""search_volume"": 880}, {""year"": 2025, ""month"": 12, ""search_volume"": 1300}, {""year"": 2025, ""month"": 11, ""search_volume"": 1000}, {""year"": 2025, ""month"": 10, ""search_volume"": 880}, {""year"": 2025, ""month"": 9, ""search_volume"": 720}, {""year"": 2025, ""month"": 8, ""search_volume"": 590}]"
C2,casque sennheiser tv sans fil,720,0.33,USD_DOCUMENTED,core,True,,,,,casque TV sans fil compatible avec kit émetteur,keywords_data/google_ads/search_volume/live,2026-09-03T14:41:41.614360+00:00,2026-09-03-qualification-9-produits-pur/raw/20-controls-2.json.gz,"[{""year"": 2026, ""month"": 7, ""search_volume"": 480}, {""year"": 2026, ""month"": 6, ""search_volume"": 480}, {""year"": 2026, ""month"": 5, ""search_volume"": 590}, {""year"": 2026, ""month"": 4, ""search_volume"": 590}, {""year"": 2026, ""month"": 3, ""search_volume"": 1000}, {""year"": 2026, ""month"": 2, ""search_volume"": 1000}, {""year"": 2026, ""month"": 1, ""search_volume"": 720}, {""year"": 2025, ""month"": 12, ""search_volume"": 1000}, {""year"": 2025, ""month"": 11, ""search_volume"": 1000}, {""year"": 2025, ""month"": 10, ""search_volume"": 720}, {""year"": 2025, ""month"": 9, ""search_volume"": 720}, {""year"": 2025, ""month"": 8, ""search_volume"": 590}]"
C2,casque tv sennheiser sans fil,720,0.33,USD_DOCUMENTED,core,True,,,,,casque TV sans fil compatible avec kit émetteur,keywords_data/google_ads/search_volume/live,2026-09-03T14:41:41.614360+00:00,2026-09-03-qualification-9-produits-pur/raw/20-controls-2.json.gz,"[{""year"": 2026, ""month"": 7, ""search_volume"": 480}, {""year"": 2026, ""month"": 6, ""search_volume"": 480}, {""year"": 2026, ""month"": 5, ""search_volume"": 590}, {""year"": 2026, ""month"": 4, ""search_volume"": 590}, {""year"": 2026, ""month"": 3, ""search_volume"": 1000}, {""year"": 2026, ""month"": 2, ""search_volume"": 1000}, {""year"": 2026, ""month"": 1, ""search_volume"": 720}, {""year"": 2025, ""month"": 12, ""search_volume"": 1000}, {""year"": 2025, ""month"": 11, ""search_volume"": 1000}, {""year"": 2025, ""month"": 10, ""search_volume"": 720}, {""year"": 2025, ""month"": 9, ""search_volume"": 720}, {""year"": 2025, ""month"": 8, ""search_volume"": 590}]"
C2,casque tv sans fil sennheiser,720,0.33,USD_DOCUMENTED,core,True,,,,,casque TV sans fil compatible avec kit émetteur,keywords_data/google_ads/search_volume/live,2026-09-03T14:41:41.614360+00:00,2026-09-03-qualification-9-produits-pur/raw/20-controls-2.json.gz,"[{""year"": 2026, ""month"": 7, ""search_volume"": 480}, {""year"": 2026, ""month"": 6, ""search_volume"": 480}, {""year"": 2026, ""month"": 5, ""search_volume"": 590}, {""year"": 2026, ""month"": 4, ""search_volume"": 590}, {""year"": 2026, ""month"": 3, ""search_volume"": 1000}, {""year"": 2026, ""month"": 2, ""search_volume"": 1000}, {""year"": 2026, ""month"": 1, ""search_volume"": 720}, {""year"": 2025, ""month"": 12, ""search_volume"": 1000}, {""year"": 2025, ""month"": 11, ""search_volume"": 1000}, {""year"": 2025, ""month"": 10, ""search_volume"": 720}, {""year"": 2025, ""month"": 9, ""search_volume"": 720}, {""year"": 2025, ""month"": 8, ""search_volume"": 590}]"
C2,casque audio sans fil television,720,0.26,USD_DOCUMENTED,core,False,G0003,0,G0003,0,casque TV sans fil compatible avec kit émetteur,keywords_data/google_ads/search_volume/live,2026-09-03T14:41:45.663971+00:00,2026-09-03-qualification-9-produits-pur/raw/20-controls-3.json.gz,"[{""year"": 2026, ""month"": 7, ""search_volume"": 390}, {""year"": 2026, ""month"": 6, ""search_volume"": 480}, {""year"": 2026, ""month"": 5, ""search_volume"": 590}, {""year"": 2026, ""month"": 4, ""search_volume"": 480}, {""year"": 2026, ""month"": 3, ""search_volume"": 590}, {""year"": 2026, ""month"": 2, ""search_volume"": 720}, {""year"": 2026, ""month"": 1, ""search_volume"": 880}, {""year"": 2025, ""month"": 12, ""search_volume"": 1300}, {""year"": 2025, ""month"": 11, ""search_volume"": 1000}, {""year"": 2025, ""month"": 10, ""search_volume"": 880}, {""year"": 2025, ""month"": 9, ""search_volume"": 720}, {""year"": 2025, ""month"": 8, ""search_volume"": 590}]"
C2,casque sans fil television sennheiser,720,0.33,USD_DOCUMENTED,core,True,,,,,casque TV sans fil compatible avec kit émetteur,keywords_data/google_ads/search_volume/live,2026-09-03T14:41:45.663971+00:00,2026-09-03-qualification-9-produits-pur/raw/20-controls-3.json.gz,"[{""year"": 2026, ""month"": 7, ""search_volume"": 480}, {""year"": 2026, ""month"": 6, ""search_volume"": 480}, {""year"": 2026, ""month"": 5, ""search_volume"": 590}, {""year"": 2026, ""month"": 4, ""search_volume"": 590}, {""year"": 2026, ""month"": 3, ""search_volume"": 1000}, {""year"": 2026, ""month"": 2, ""search_volume"": 1000}, {""year"": 2026, ""month"": 1, ""search_volume"": 720}, {""year"": 2025, ""month"": 12, ""search_volume"": 1000}, {""year"": 2025, ""month"": 11, ""search_volume"": 1000}, {""year"": 2025, ""month"": 10, ""search_volume"": 720}, {""year"": 2025, ""month"": 9, ""search_volume"": 720}, {""year"": 2025, ""month"": 8, ""search_volume"": 590}]"
C2,casque tv bluetooth,590,0.25,USD_DOCUMENTED,core,False,G0004,0,G0004,0,casque TV sans fil compatible avec kit émetteur,keywords_data/google_ads/search_volume/live,2026-09-03T14:41:41.614360+00:00,2026-09-03-qualification-9-produits-pur/raw/20-controls-2.json.gz,"[{""year"": 2026, ""month"": 7, ""search_volume"": 320}, {""year"": 2026, ""month"": 6, ""search_volume"": 390}, {""year"": 2026, ""month"": 5, ""search_volume"": 390}, {""year"": 2026, ""month"": 4, ""search_volume"": 390}, {""year"": 2026, ""month"": 3, ""search_volume"": 480}, {""year"": 2026, ""month"": 2, ""search_volume"": 590}, {""year"": 2026, ""month"": 1, ""search_volume"": 720}, {""year"": 2025, ""month"": 12, ""search_volume"": 1000}, {""year"": 2025, ""month"": 11, ""search_volume"": 880}, {""year"": 2025, ""month"": 10, ""search_volume"": 480}, {""year"": 2025, ""month"": 9, ""search_volume"": 390}, {""year"": 2025, ""month"": 8, ""search_volume"": 320}]"
C2,darty casque tv sans fil,590,0.16,USD_DOCUMENTED,core,True,,,,,casque TV sans fil compatible avec kit émetteur,keywords_data/google_ads/search_volume/live,2026-09-03T14:41:41.614360+00:00,2026-09-03-qualification-9-produits-pur/raw/20-controls-2.json.gz,"[{""year"": 2026, ""month"": 7, ""search_volume"": 260}, {""year"": 2026, ""month"": 6, ""search_volume"": 320}, {""year"": 2026, ""month"": 5, ""search_volume"": 260}, {""year"": 2026, ""month"": 4, ""search_volume"": 320}, {""year"": 2026, ""month"": 3, ""search_volume"": 480}, {""year"": 2026, ""month"": 2, ""search_volume"": 480}, {""year"": 2026, ""month"": 1, ""search_volume"": 720}, {""year"": 2025, ""month"": 12, ""search_volume"": 880}, {""year"": 2025, ""month"": 11, ""search_volume"": 1000}, {""year"": 2025, ""month"": 10, ""search_volume"": 590}, {""year"": 2025, ""month"": 9, ""search_volume"": 480}, {""year"": 2025, ""month"": 8, ""search_volume"": 590}]"
C2,casque sans fil tv darty,590,0.16,USD_DOCUMENTED,core,True,,,,,casque TV sans fil compatible avec kit émetteur,keywords_data/google_ads/search_volume/live,2026-09-03T14:41:41.614360+00:00,2026-09-03-qualification-9-produits-pur/raw/20-controls-2.json.gz,"[{""year"": 2026, ""month"": 7, ""search_volume"": 260}, {""year"": 2026, ""month"": 6, ""search_volume"": 320}, {""year"": 2026, ""month"": 5, ""search_volume"": 260}, {""year"": 2026, ""month"": 4, ""search_volume"": 320}, {""year"": 2026, ""month"": 3, ""search_volume"": 480}, {""year"": 2026, ""month"": 2, ""search_volume"": 480}, {""year"": 2026, ""month"": 1, ""search_volume"": 720}, {""year"": 2025, ""month"": 12, ""search_volume"": 880}, {""year"": 2025, ""month"": 11, ""search_volume"": 1000}, {""year"": 2025, ""month"": 10, ""search_volume"": 590}, {""year"": 2025, ""month"": 9, ""search_volume"": 480}, {""year"": 2025, ""month"": 8, ""search_volume"": 590}]"
C2,casque bluetooth pour tv,590,0.26,USD_DOCUMENTED,core,False,G0004,0,G0004,0,casque TV sans fil compatible avec kit émetteur,keywords_data/google_ads/search_volume/live,2026-09-03T14:41:41.614360+00:00,2026-09-03-qualification-9-produits-pur/raw/20-controls-2.json.gz,"[{""year"": 2026, ""month"": 7, ""search_volume"": 320}, {""year"": 2026, ""month"": 6, ""search_volume"": 320}, {""year"": 2026, ""month"": 5, ""search_volume"": 390}, {""year"": 2026, ""month"": 4, ""search_volume"": 320}, {""year"": 2026, ""month"": 3, ""search_volume"": 390}, {""year"": 2026, ""month"": 2, ""search_volume"": 590}, {""year"": 2026, ""month"": 1, ""search_volume"": 880}, {""year"": 2025, ""month"": 12, ""search_volume"": 1000}, {""year"": 2025, ""month"": 11, ""search_volume"": 1000}, {""year"": 2025, ""month"": 10, ""search_volume"": 590}, {""year"": 2025, ""month"": 9, ""search_volume"": 480}, {""year"": 2025, ""month"": 8, ""search_volume"": 480}]"
C2,darty casque sans fil tv,590,0.16,USD_DOCUMENTED,core,True,,,,,casque TV sans fil compatible avec kit émetteur,keywords_data/google_ads/search_volume/live,2026-09-03T14:41:41.614360+00:00,2026-09-03-qualification-9-produits-pur/raw/20-controls-2.json.gz,"[{""year"": 2026, ""month"": 7, ""search_volume"": 260}, {""year"": 2026, ""month"": 6, ""search_volume"": 320}, {""year"": 2026, ""month"": 5, ""search_volume"": 260}, {""year"": 2026, ""month"": 4, ""search_volume"": 320}, {""year"": 2026, ""month"": 3, ""search_volume"": 480}, {""year"": 2026, ""month"": 2, ""search_volume"": 480}, {""year"": 2026, ""month"": 1, ""search_volume"": 720}, {""year"": 2025, ""month"": 12, ""search_volume"": 880}, {""year"": 2025, ""month"": 11, ""search_volume"": 1000}, {""year"": 2025, ""month"": 10, ""search_volume"": 590}, {""year"": 2025, ""month"": 9, ""search_volume"": 480}, {""year"": 2025, ""month"": 8, ""search_volume"": 590}]"
C2,casque tv sans fil darty,590,0.16,USD_DOCUMENTED,core,True,,,,,casque TV sans fil compatible avec kit émetteur,keywords_data/google_ads/search_volume/live,2026-09-03T14:41:41.614360+00:00,2026-09-03-qualification-9-produits-pur/raw/20-controls-2.json.gz,"[{""year"": 2026, ""month"": 7, ""search_volume"": 260}, {""year"": 2026, ""month"": 6, ""search_volume"": 320}, {""year"": 2026, ""month"": 5, ""search_volume"": 260}, {""year"": 2026, ""month"": 4, ""search_volume"": 320}, {""year"": 2026, ""month"": 3, ""search_volume"": 480}, {""year"": 2026, ""month"": 2, ""search_volume"": 480}, {""year"": 2026, ""month"": 1, ""search_volume"": 720}, {""year"": 2025, ""month"": 12, ""search_volume"": 880}, {""year"": 2025, ""month"": 11, ""search_volume"": 1000}, {""year"": 2025, ""month"": 10, ""search_volume"": 590}, {""year"": 2025, ""month"": 9, ""search_volume"": 480}, {""year"": 2025, ""month"": 8, ""search_volume"": 590}]"
C2,casque bluetooth pour télévision,590,0.26,USD_DOCUMENTED,core,False,G0004,0,G0004,0,casque TV sans fil compatible avec kit émetteur,keywords_data/google_ads/search_volume/live,2026-09-03T14:41:45.663971+00:00,2026-09-03-qualification-9-produits-pur/raw/20-controls-3.json.gz,"[{""year"": 2026, ""month"": 7, ""search_volume"": 320}, {""year"": 2026, ""month"": 6, ""search_volume"": 320}, {""year"": 2026, ""month"": 5, ""search_volume"": 390}, {""year"": 2026, ""month"": 4, ""search_volume"": 320}, {""year"": 2026, ""month"": 3, ""search_volume"": 390}, {""year"": 2026, ""month"": 2, ""search_volume"": 590}, {""year"": 2026, ""month"": 1, ""search_volume"": 880}, {""year"": 2025, ""month"": 12, ""search_volume"": 1000}, {""year"": 2025, ""month"": 11, ""search_volume"": 1000}, {""year"": 2025, ""month"": 10, ""search_volume"": 590}, {""year"": 2025, ""month"": 9, ""search_volume"": 480}, {""year"": 2025, ""month"": 8, ""search_volume"": 480}]"
C2,casque télévision bluetooth,590,0.25,USD_DOCUMENTED,core,False,G0004,0,G0004,0,casque TV sans fil compatible avec kit émetteur,keywords_data/google_ads/search_volume/live,2026-09-03T14:41:45.663971+00:00,2026-09-03-qualification-9-produits-pur/raw/20-controls-3.json.gz,"[{""year"": 2026, ""month"": 7, ""search_volume"": 320}, {""year"": 2026, ""month"": 6, ""search_volume"": 390}, {""year"": 2026, ""month"": 5, ""search_volume"": 390}, {""year"": 2026, ""month"": 4, ""search_volume"": 390}, {""year"": 2026, ""month"": 3, ""search_volume"": 480}, {""year"": 2026, ""month"": 2, ""search_volume"": 590}, {""year"": 2026, ""month"": 1, ""search_volume"": 720}, {""year"": 2025, ""month"": 12, ""search_volume"": 1000}, {""year"": 2025, ""month"": 11, ""search_volume"": 880}, {""year"": 2025, ""month"": 10, ""search_volume"": 480}, {""year"": 2025, ""month"": 9, ""search_volume"": 390}, {""year"": 2025, ""month"": 8, ""search_volume"": 320}]"
C2,casque audio pour télévision,590,0.48,USD_DOCUMENTED,parent,False,,,,,"casque TV générique, filaire et sans fil mélangés",dataforseo_labs/google/keyword_suggestions/live,2026-09-03T14:36:31.018349+00:00,2026-09-03-qualification-9-produits-pur/raw/10-C2-labs-0.json.gz,"[{""year"": 2026, ""month"": 7, ""search_volume"": 390}, {""year"": 2026, ""month"": 6, ""search_volume"": 390}, {""year"": 2026, ""month"": 5, ""search_volume"": 390}, {""year"": 2026, ""month"": 4, ""search_volume"": 390}, {""year"": 2026, ""month"": 3, ""search_volume"": 390}, {""year"": 2026, ""month"": 2, ""search_volume"": 480}, {""year"": 2026, ""month"": 1, ""search_volume"": 720}, {""year"": 2025, ""month"": 12, ""search_volume"": 1000}, {""year"": 2025, ""month"": 11, ""search_volume"": 1000}, {""year"": 2025, ""month"": 10, ""search_volume"": 720}, {""year"": 2025, ""month"": 9, ""search_volume"": 590}, {""year"": 2025, ""month"": 8, ""search_volume"": 480}]"
C2,casque télévision sans fil darty,590,0.16,USD_DOCUMENTED,core,True,,,,,casque TV sans fil compatible avec kit émetteur,keywords_data/google_ads/search_volume/live,2026-09-03T14:41:45.663971+00:00,2026-09-03-qualification-9-produits-pur/raw/20-controls-3.json.gz,"[{""year"": 2026, ""month"": 7, ""search_volume"": 260}, {""year"": 2026, ""month"": 6, ""search_volume"": 320}, {""year"": 2026, ""month"": 5, ""search_volume"": 260}, {""year"": 2026, ""month"": 4, ""search_volume"": 320}, {""year"": 2026, ""month"": 3, ""search_volume"": 480}, {""year"": 2026, ""month"": 2, ""search_volume"": 480}, {""year"": 2026, ""month"": 1, ""search_volume"": 720}, {""year"": 2025, ""month"": 12, ""search_volume"": 880}, {""year"": 2025, ""month"": 11, ""search_volume"": 1000}, {""year"": 2025, ""month"": 10, ""search_volume"": 590}, {""year"": 2025, ""month"": 9, ""search_volume"": 480}, {""year"": 2025, ""month"": 8, ""search_volume"": 590}]"
C2,casque sans fil bluetooth tv,480,0.25,USD_DOCUMENTED,core,False,G0005,480,G0005,480,casque TV sans fil compatible avec kit émetteur,keywords_data/google_ads/search_volume/live,2026-09-03T14:41:41.614360+00:00,2026-09-03-qualification-9-produits-pur/raw/20-controls-2.json.gz,"[{""year"": 2026, ""month"": 7, ""search_volume"": 210}, {""year"": 2026, ""month"": 6, ""search_volume"": 320}, {""year"": 2026, ""month"": 5, ""search_volume"": 390}, {""year"": 2026, ""month"": 4, ""search_volume"": 390}, {""year"": 2026, ""month"": 3, ""search_volume"": 480}, {""year"": 2026, ""month"": 2, ""search_volume"": 590}, {""year"": 2026, ""month"": 1, ""search_volume"": 720}, {""year"": 2025, ""month"": 12, ""search_volume"": 1000}, {""year"": 2025, ""month"": 11, ""search_volume"": 880}, {""year"": 2025, ""month"": 10, ""search_volume"": 480}, {""year"": 2025, ""month"": 9, ""search_volume"": 390}, {""year"": 2025, ""month"": 8, ""search_volume"": 260}]"
C2,casque pour ecouter la tv,480,0.38,USD_DOCUMENTED,parent,False,,,,,"casque TV générique, filaire et sans fil mélangés",dataforseo_labs/google/keyword_suggestions/live,2026-09-03T13:38:19.594647+00:00,2026-09-03-test-decouverte-couplee/raw/10-c2-labs.json.gz,"[{""year"": 2026, ""month"": 7, ""search_volume"": 260}, {""year"": 2026, ""month"": 6, ""search_volume"": 260}, {""year"": 2026, ""month"": 5, ""search_volume"": 260}, {""year"": 2026, ""month"": 4, ""search_volume"": 260}, {""year"": 2026, ""month"": 3, ""search_volume"": 390}, {""year"": 2026, ""month"": 2, ""search_volume"": 390}, {""year"": 2026, ""month"": 1, ""search_volume"": 590}, {""year"": 2025, ""month"": 12, ""search_volume"": 880}, {""year"": 2025, ""month"": 11, ""search_volume"": 720}, {""year"": 2025, ""month"": 10, ""search_volume"": 590}, {""year"": 2025, ""month"": 9, ""search_volume"": 480}, {""year"": 2025, ""month"": 8, ""search_volume"": 390}]"
C2,casque sans fil bluetooth pour tv,480,0.25,USD_DOCUMENTED,core,False,G0005,0,G0005,0,casque TV sans fil compatible avec kit émetteur,keywords_data/google_ads/search_volume/live,2026-09-03T14:41:41.614360+00:00,2026-09-03-qualification-9-produits-pur/raw/20-controls-2.json.gz,"[{""year"": 2026, ""month"": 7, ""search_volume"": 210}, {""year"": 2026, ""month"": 6, ""search_volume"": 320}, {""year"": 2026, ""month"": 5, ""search_volume"": 390}, {""year"": 2026, ""month"": 4, ""search_volume"": 390}, {""year"": 2026, ""month"": 3, ""search_volume"": 480}, {""year"": 2026, ""month"": 2, ""search_volume"": 590}, {""year"": 2026, ""month"": 1, ""search_volume"": 720}, {""year"": 2025, ""month"": 12, ""search_volume"": 1000}, {""year"": 2025, ""month"": 11, ""search_volume"": 880}, {""year"": 2025, ""month"": 10, ""search_volume"": 480}, {""year"": 2025, ""month"": 9, ""search_volume"": 390}, {""year"": 2025, ""month"": 8, ""search_volume"": 260}]"
C2,casque sans fil tv bluetooth,480,0.25,USD_DOCUMENTED,core,False,G0005,0,G0005,0,casque TV sans fil compatible avec kit émetteur,keywords_data/google_ads/search_volume/live,2026-09-03T14:41:41.614360+00:00,2026-09-03-qualification-9-produits-pur/raw/20-controls-2.json.gz,"[{""year"": 2026, ""month"": 7, ""search_volume"": 210}, {""year"": 2026, ""month"": 6, ""search_volume"": 320}, {""year"": 2026, ""month"": 5, ""search_volume"": 390}, {""year"": 2026, ""month"": 4, ""search_volume"": 390}, {""year"": 2026, ""month"": 3, ""search_volume"": 480}, {""year"": 2026, ""month"": 2, ""search_volume"": 590}, {""year"": 2026, ""month"": 1, ""search_volume"": 720}, {""year"": 2025, ""month"": 12, ""search_volume"": 1000}, {""year"": 2025, ""month"": 11, ""search_volume"": 880}, {""year"": 2025, ""month"": 10, ""search_volume"": 480}, {""year"": 2025, ""month"": 9, ""search_volume"": 390}, {""year"": 2025, ""month"": 8, ""search_volume"": 260}]"
C2,casque pour écouter la tv,480,0.38,USD_DOCUMENTED,parent,False,,,,,"casque TV générique, filaire et sans fil mélangés",keywords_data/google_ads/search_volume/live,2026-09-03T13:45:51.027216+00:00,2026-09-03-test-decouverte-couplee/raw/22-first-controls.json.gz,"[{""year"": 2026, ""month"": 7, ""search_volume"": 260}, {""year"": 2026, ""month"": 6, ""search_volume"": 260}, {""year"": 2026, ""month"": 5, ""search_volume"": 260}, {""year"": 2026, ""month"": 4, ""search_volume"": 260}, {""year"": 2026, ""month"": 3, ""search_volume"": 390}, {""year"": 2026, ""month"": 2, ""search_volume"": 390}, {""year"": 2026, ""month"": 1, ""search_volume"": 590}, {""year"": 2025, ""month"": 12, ""search_volume"": 880}, {""year"": 2025, ""month"": 11, ""search_volume"": 720}, {""year"": 2025, ""month"": 10, ""search_volume"": 590}, {""year"": 2025, ""month"": 9, ""search_volume"": 480}, {""year"": 2025, ""month"": 8, ""search_volume"": 390}]"
C2,casque tv sans fil bluetooth,480,0.25,USD_DOCUMENTED,core,False,G0005,0,G0005,0,casque TV sans fil compatible avec kit émetteur,keywords_data/google_ads/search_volume/live,2026-09-03T14:41:41.614360+00:00,2026-09-03-qualification-9-produits-pur/raw/20-controls-2.json.gz,"[{""year"": 2026, ""month"": 7, ""search_volume"": 210}, {""year"": 2026, ""month"": 6, ""search_volume"": 320}, {""year"": 2026, ""month"": 5, ""search_volume"": 390}, {""year"": 2026, ""month"": 4, ""search_volume"": 390}, {""year"": 2026, ""month"": 3, ""search_volume"": 480}, {""year"": 2026, ""month"": 2, ""search_volume"": 590}, {""year"": 2026, ""month"": 1, ""search_volume"": 720}, {""year"": 2025, ""month"": 12, ""search_volume"": 1000}, {""year"": 2025, ""month"": 11, ""search_volume"": 880}, {""year"": 2025, ""month"": 10, ""search_volume"": 480}, {""year"": 2025, ""month"": 9, ""search_volume"": 390}, {""year"": 2025, ""month"": 8, ""search_volume"": 260}]"
C2,casque ecouteur tv,480,0.38,USD_DOCUMENTED,parent,False,,,,,"casque TV générique, filaire et sans fil mélangés",dataforseo_labs/google/keyword_suggestions/live,2026-09-03T13:38:19.594647+00:00,2026-09-03-test-decouverte-couplee/raw/10-c2-labs.json.gz,"[{""year"": 2026, ""month"": 7, ""search_volume"": 260}, {""year"": 2026, ""month"": 6, ""search_volume"": 260}, {""year"": 2026, ""month"": 5, ""search_volume"": 260}, {""year"": 2026, ""month"": 4, ""search_volume"": 260}, {""year"": 2026, ""month"": 3, ""search_volume"": 390}, {""year"": 2026, ""month"": 2, ""search_volume"": 390}, {""year"": 2026, ""month"": 1, ""search_volume"": 590}, {""year"": 2025, ""month"": 12, ""search_volume"": 880}, {""year"": 2025, ""month"": 11, ""search_volume"": 720}, {""year"": 2025, ""month"": 10, ""search_volume"": 590}, {""year"": 2025, ""month"": 9, ""search_volume"": 480}, {""year"": 2025, ""month"": 8, ""search_volume"": 390}]"
C2,casque pour écouter la télévision,480,0.38,USD_DOCUMENTED,parent,False,,,,,"casque TV générique, filaire et sans fil mélangés",dataforseo_labs/google/keyword_suggestions/live,2026-09-03T14:36:31.018349+00:00,2026-09-03-qualification-9-produits-pur/raw/10-C2-labs-0.json.gz,"[{""year"": 2026, ""month"": 7, ""search_volume"": 260}, {""year"": 2026, ""month"": 6, ""search_volume"": 260}, {""year"": 2026, ""month"": 5, ""search_volume"": 260}, {""year"": 2026, ""month"": 4, ""search_volume"": 260}, {""year"": 2026, ""month"": 3, ""search_volume"": 390}, {""year"": 2026, ""month"": 2, ""search_volume"": 390}, {""year"": 2026, ""month"": 1, ""search_volume"": 590}, {""year"": 2025, ""month"": 12, ""search_volume"": 880}, {""year"": 2025, ""month"": 11, ""search_volume"": 720}, {""year"": 2025, ""month"": 10, ""search_volume"": 590}, {""year"": 2025, ""month"": 9, ""search_volume"": 480}, {""year"": 2025, ""month"": 8, ""search_volume"": 390}]"
C2,casque écouteur pour télévision,480,0.38,USD_DOCUMENTED,parent,False,,,,,"casque TV générique, filaire et sans fil mélangés",dataforseo_labs/google/keyword_suggestions/live,2026-09-03T14:36:31.018349+00:00,2026-09-03-qualification-9-produits-pur/raw/10-C2-labs-0.json.gz,"[{""year"": 2026, ""month"": 7, ""search_volume"": 260}, {""year"": 2026, ""month"": 6, ""search_volume"": 260}, {""year"": 2026, ""month"": 5, ""search_volume"": 260}, {""year"": 2026, ""month"": 4, ""search_volume"": 260}, {""year"": 2026, ""month"": 3, ""search_volume"": 390}, {""year"": 2026, ""month"": 2, ""search_volume"": 390}, {""year"": 2026, ""month"": 1, ""search_volume"": 590}, {""year"": 2025, ""month"": 12, ""search_volume"": 880}, {""year"": 2025, ""month"": 11, ""search_volume"": 720}, {""year"": 2025, ""month"": 10, ""search_volume"": 590}, {""year"": 2025, ""month"": 9, ""search_volume"": 480}, {""year"": 2025, ""month"": 8, ""search_volume"": 390}]"
C2,casque sans fil bluetooth pour television,480,0.25,USD_DOCUMENTED,core,False,G0005,0,G0005,0,casque TV sans fil compatible avec kit émetteur,keywords_data/google_ads/search_volume/live,2026-09-03T14:41:45.663971+00:00,2026-09-03-qualification-9-produits-pur/raw/20-controls-3.json.gz,"[{""year"": 2026, ""month"": 7, ""search_volume"": 210}, {""year"": 2026, ""month"": 6, ""search_volume"": 320}, {""year"": 2026, ""month"": 5, ""search_volume"": 390}, {""year"": 2026, ""month"": 4, ""search_volume"": 390}, {""year"": 2026, ""month"": 3, ""search_volume"": 480}, {""year"": 2026, ""month"": 2, ""search_volume"": 590}, {""year"": 2026, ""month"": 1, ""search_volume"": 720}, {""year"": 2025, ""month"": 12, ""search_volume"": 1000}, {""year"": 2025, ""month"": 11, ""search_volume"": 880}, {""year"": 2025, ""month"": 10, ""search_volume"": 480}, {""year"": 2025, ""month"": 9, ""search_volume"": 390}, {""year"": 2025, ""month"": 8, ""search_volume"": 260}]"
C2,casque ecouteur television,480,0.38,USD_DOCUMENTED,parent,False,,,,,"casque TV générique, filaire et sans fil mélangés",dataforseo_labs/google/keyword_suggestions/live,2026-09-03T14:36:31.280584+00:00,2026-09-03-qualification-9-produits-pur/raw/10-C2-labs-1.json.gz,"[{""year"": 2026, ""month"": 7, ""search_volume"": 260}, {""year"": 2026, ""month"": 6, ""search_volume"": 260}, {""year"": 2026, ""month"": 5, ""search_volume"": 260}, {""year"": 2026, ""month"": 4, ""search_volume"": 260}, {""year"": 2026, ""month"": 3, ""search_volume"": 390}, {""year"": 2026, ""month"": 2, ""search_volume"": 390}, {""year"": 2026, ""month"": 1, ""search_volume"": 590}, {""year"": 2025, ""month"": 12, ""search_volume"": 880}, {""year"": 2025, ""month"": 11, ""search_volume"": 720}, {""year"": 2025, ""month"": 10, ""search_volume"": 590}, {""year"": 2025, ""month"": 9, ""search_volume"": 480}, {""year"": 2025, ""month"": 8, ""search_volume"": 390}]"
C2,casque sans fil pour tv sony,320,0.17,USD_DOCUMENTED,core,True,,,,,casque TV sans fil compatible avec kit émetteur,keywords_data/google_ads/search_volume/live,2026-09-03T14:41:41.614360+00:00,2026-09-03-qualification-9-produits-pur/raw/20-controls-2.json.gz,"[{""year"": 2026, ""month"": 7, ""search_volume"": 210}, {""year"": 2026, ""month"": 6, ""search_volume"": 320}, {""year"": 2026, ""month"": 5, ""search_volume"": 320}, {""year"": 2026, ""month"": 4, ""search_volume"": 210}, {""year"": 2026, ""month"": 3, ""search_volume"": 260}, {""year"": 2026, ""month"": 2, ""search_volume"": 320}, {""year"": 2026, ""month"": 1, ""search_volume"": 390}, {""year"": 2025, ""month"": 12, ""search_volume"": 590}, {""year"": 2025, ""month"": 11, ""search_volume"": 590}, {""year"": 2025, ""month"": 10, ""search_volume"": 390}, {""year"": 2025, ""month"": 9, ""search_volume"": 260}, {""year"": 2025, ""month"": 8, ""search_volume"": 260}]"
C2,casque tv sans fil pour 2 personnes,320,0.18,USD_DOCUMENTED,conditional,False,,,G0006,320,double casque ou entrée audio USB non confirmée pour le kit simple,keywords_data/google_ads/search_volume/live,2026-09-03T14:41:41.614360+00:00,2026-09-03-qualification-9-produits-pur/raw/20-controls-2.json.gz,"[{""year"": 2026, ""month"": 7, ""search_volume"": 170}, {""year"": 2026, ""month"": 6, ""search_volume"": 170}, {""year"": 2026, ""month"": 5, ""search_volume"": 170}, {""year"": 2026, ""month"": 4, ""search_volume"": 170}, {""year"": 2026, ""month"": 3, ""search_volume"": 260}, {""year"": 2026, ""month"": 2, ""search_volume"": 260}, {""year"": 2026, ""month"": 1, ""search_volume"": 390}, {""year"": 2025, ""month"": 12, ""search_volume"": 480}, {""year"": 2025, ""month"": 11, ""search_volume"": 480}, {""year"": 2025, ""month"": 10, ""search_volume"": 390}, {""year"": 2025, ""month"": 9, ""search_volume"": 320}, {""year"": 2025, ""month"": 8, ""search_volume"": 260}]"
C2,casque sans fil tv sony,320,0.17,USD_DOCUMENTED,core,True,,,,,casque TV sans fil compatible avec kit émetteur,keywords_data/google_ads/search_volume/live,2026-09-03T14:41:41.614360+00:00,2026-09-03-qualification-9-produits-pur/raw/20-controls-2.json.gz,"[{""year"": 2026, ""month"": 7, ""search_volume"": 210}, {""year"": 2026, ""month"": 6, ""search_volume"": 320}, {""year"": 2026, ""month"": 5, ""search_volume"": 320}, {""year"": 2026, ""month"": 4, ""search_volume"": 210}, {""year"": 2026, ""month"": 3, ""search_volume"": 260}, {""year"": 2026, ""month"": 2, ""search_volume"": 320}, {""year"": 2026, ""month"": 1, ""search_volume"": 390}, {""year"": 2025, ""month"": 12, ""search_volume"": 590}, {""year"": 2025, ""month"": 11, ""search_volume"": 590}, {""year"": 2025, ""month"": 10, ""search_volume"": 390}, {""year"": 2025, ""month"": 9, ""search_volume"": 260}, {""year"": 2025, ""month"": 8, ""search_volume"": 260}]"
C2,sony casque tv sans fil,320,0.17,USD_DOCUMENTED,core,True,,,,,casque TV sans fil compatible avec kit émetteur,keywords_data/google_ads/search_volume/live,2026-09-03T14:41:41.614360+00:00,2026-09-03-qualification-9-produits-pur/raw/20-controls-2.json.gz,"[{""year"": 2026, ""month"": 7, ""search_volume"": 210}, {""year"": 2026, ""month"": 6, ""search_volume"": 320}, {""year"": 2026, ""month"": 5, ""search_volume"": 320}, {""year"": 2026, ""month"": 4, ""search_volume"": 210}, {""year"": 2026, ""month"": 3, ""search_volume"": 260}, {""year"": 2026, ""month"": 2, ""search_volume"": 320}, {""year"": 2026, ""month"": 1, ""search_volume"": 390}, {""year"": 2025, ""month"": 12, ""search_volume"": 590}, {""year"": 2025, ""month"": 11, ""search_volume"": 590}, {""year"": 2025, ""month"": 10, ""search_volume"": 390}, {""year"": 2025, ""month"": 9, ""search_volume"": 260}, {""year"": 2025, ""month"": 8, ""search_volume"": 260}]"
C2,casque sans fil audio tv,320,0.28,USD_DOCUMENTED,core,False,G0003,0,G0003,0,casque TV sans fil compatible avec kit émetteur,keywords_data/google_ads/search_volume/live,2026-09-03T14:41:41.614360+00:00,2026-09-03-qualification-9-produits-pur/raw/20-controls-2.json.gz,"[{""year"": 2026, ""month"": 7, ""search_volume"": 260}, {""year"": 2026, ""month"": 6, ""search_volume"": 210}, {""year"": 2026, ""month"": 5, ""search_volume"": 260}, {""year"": 2026, ""month"": 4, ""search_volume"": 210}, {""year"": 2026, ""month"": 3, ""search_volume"": 320}, {""year"": 2026, ""month"": 2, ""search_volume"": 260}, {""year"": 2026, ""month"": 1, ""search_volume"": 390}, {""year"": 2025, ""month"": 12, ""search_volume"": 590}, {""year"": 2025, ""month"": 11, ""search_volume"": 590}, {""year"": 2025, ""month"": 10, ""search_volume"": 390}, {""year"": 2025, ""month"": 9, ""search_volume"": 260}, {""year"": 2025, ""month"": 8, ""search_volume"": 210}]"
C2,casque audio sans fil pour tv,320,0.28,USD_DOCUMENTED,core,False,G0003,0,G0003,0,casque TV sans fil compatible avec kit émetteur,keywords_data/google_ads/search_volume/live,2026-09-03T14:41:41.614360+00:00,2026-09-03-qualification-9-produits-pur/raw/20-controls-2.json.gz,"[{""year"": 2026, ""month"": 7, ""search_volume"": 260}, {""year"": 2026, ""month"": 6, ""search_volume"": 210}, {""year"": 2026, ""month"": 5, ""search_volume"": 260}, {""year"": 2026, ""month"": 4, ""search_volume"": 210}, {""year"": 2026, ""month"": 3, ""search_volume"": 320}, {""year"": 2026, ""month"": 2, ""search_volume"": 260}, {""year"": 2026, ""month"": 1, ""search_volume"": 390}, {""year"": 2025, ""month"": 12, ""search_volume"": 590}, {""year"": 2025, ""month"": 11, ""search_volume"": 590}, {""year"": 2025, ""month"": 10, ""search_volume"": 390}, {""year"": 2025, ""month"": 9, ""search_volume"": 260}, {""year"": 2025, ""month"": 8, ""search_volume"": 210}]"
C2,casque sony sans fil pour tv,320,0.17,USD_DOCUMENTED,core,True,,,,,casque TV sans fil compatible avec kit émetteur,keywords_data/google_ads/search_volume/live,2026-09-03T14:41:41.614360+00:00,2026-09-03-qualification-9-produits-pur/raw/20-controls-2.json.gz,"[{""year"": 2026, ""month"": 7, ""search_volume"": 210}, {""year"": 2026, ""month"": 6, ""search_volume"": 320}, {""year"": 2026, ""month"": 5, ""search_volume"": 320}, {""year"": 2026, ""month"": 4, ""search_volume"": 210}, {""year"": 2026, ""month"": 3, ""search_volume"": 260}, {""year"": 2026, ""month"": 2, ""search_volume"": 320}, {""year"": 2026, ""month"": 1, ""search_volume"": 390}, {""year"": 2025, ""month"": 12, ""search_volume"": 590}, {""year"": 2025, ""month"": 11, ""search_volume"": 590}, {""year"": 2025, ""month"": 10, ""search_volume"": 390}, {""year"": 2025, ""month"": 9, ""search_volume"": 260}, {""year"": 2025, ""month"": 8, ""search_volume"": 260}]"
C2,casque filaire pour tv,320,0.24,USD_DOCUMENTED,incompatible,False,,,,,"autre technologie, accessoire ou besoin auditif spécifique",dataforseo_labs/google/keyword_suggestions/live,2026-09-03T13:38:19.594647+00:00,2026-09-03-test-decouverte-couplee/raw/10-c2-labs.json.gz,"[{""year"": 2026, ""month"": 7, ""search_volume"": 170}, {""year"": 2026, ""month"": 6, ""search_volume"": 210}, {""year"": 2026, ""month"": 5, ""search_volume"": 210}, {""year"": 2026, ""month"": 4, ""search_volume"": 210}, {""year"": 2026, ""month"": 3, ""search_volume"": 260}, {""year"": 2026, ""month"": 2, ""search_volume"": 320}, {""year"": 2026, ""month"": 1, ""search_volume"": 390}, {""year"": 2025, ""month"": 12, ""search_volume"": 480}, {""year"": 2025, ""month"": 11, ""search_volume"": 480}, {""year"": 2025, ""month"": 10, ""search_volume"": 320}, {""year"": 2025, ""month"": 9, ""search_volume"": 260}, {""year"": 2025, ""month"": 8, ""search_volume"": 320}]"
C2,casque filaire tv,320,0.24,USD_DOCUMENTED,incompatible,False,,,,,"autre technologie, accessoire ou besoin auditif spécifique",dataforseo_labs/google/keyword_suggestions/live,2026-09-03T13:38:19.594647+00:00,2026-09-03-test-decouverte-couplee/raw/10-c2-labs.json.gz,"[{""year"": 2026, ""month"": 7, ""search_volume"": 170}, {""year"": 2026, ""month"": 6, ""search_volume"": 210}, {""year"": 2026, ""month"": 5, ""search_volume"": 210}, {""year"": 2026, ""month"": 4, ""search_volume"": 210}, {""year"": 2026, ""month"": 3, ""search_volume"": 260}, {""year"": 2026, ""month"": 2, ""search_volume"": 320}, {""year"": 2026, ""month"": 1, ""search_volume"": 390}, {""year"": 2025, ""month"": 12, ""search_volume"": 480}, {""year"": 2025, ""month"": 11, ""search_volume"": 480}, {""year"": 2025, ""month"": 10, ""search_volume"": 320}, {""year"": 2025, ""month"": 9, ""search_volume"": 260}, {""year"": 2025, ""month"": 8, ""search_volume"": 320}]"
C2,casque tv audio sans fil,320,0.28,USD_DOCUMENTED,core,False,G0003,0,G0003,0,casque TV sans fil compatible avec kit émetteur,keywords_data/google_ads/search_volume/live,2026-09-03T14:41:41.614360+00:00,2026-09-03-qualification-9-produits-pur/raw/20-controls-2.json.gz,"[{""year"": 2026, ""month"": 7, ""search_volume"": 260}, {""year"": 2026, ""month"": 6, ""search_volume"": 210}, {""year"": 2026, ""month"": 5, ""search_volume"": 260}, {""year"": 2026, ""month"": 4, ""search_volume"": 210}, {""year"": 2026, ""month"": 3, ""search_volume"": 320}, {""year"": 2026, ""month"": 2, ""search_volume"": 260}, {""year"": 2026, ""month"": 1, ""search_volume"": 390}, {""year"": 2025, ""month"": 12, ""search_volume"": 590}, {""year"": 2025, ""month"": 11, ""search_volume"": 590}, {""year"": 2025, ""month"": 10, ""search_volume"": 390}, {""year"": 2025, ""month"": 9, ""search_volume"": 260}, {""year"": 2025, ""month"": 8, ""search_volume"": 210}]"
C2,casque tv sans fil boulanger,320,0.16,USD_DOCUMENTED,core,True,,,,,casque TV sans fil compatible avec kit émetteur,keywords_data/google_ads/search_volume/live,2026-09-03T14:41:41.614360+00:00,2026-09-03-qualification-9-produits-pur/raw/20-controls-2.json.gz,"[{""year"": 2026, ""month"": 7, ""search_volume"": 260}, {""year"": 2026, ""month"": 6, ""search_volume"": 210}, {""year"": 2026, ""month"": 5, ""search_volume"": 260}, {""year"": 2026, ""month"": 4, ""search_volume"": 170}, {""year"": 2026, ""month"": 3, ""search_volume"": 260}, {""year"": 2026, ""month"": 2, ""search_volume"": 320}, {""year"": 2026, ""month"": 1, ""search_volume"": 480}, {""year"": 2025, ""month"": 12, ""search_volume"": 720}, {""year"": 2025, ""month"": 11, ""search_volume"": 590}, {""year"": 2025, ""month"": 10, ""search_volume"": 390}, {""year"": 2025, ""month"": 9, ""search_volume"": 320}, {""year"": 2025, ""month"": 8, ""search_volume"": 320}]"
C2,casque sony tv sans fil,320,0.17,USD_DOCUMENTED,core,True,,,,,casque TV sans fil compatible avec kit émetteur,keywords_data/google_ads/search_volume/live,2026-09-03T14:41:41.614360+00:00,2026-09-03-qualification-9-produits-pur/raw/20-controls-2.json.gz,"[{""year"": 2026, ""month"": 7, ""search_volume"": 210}, {""year"": 2026, ""month"": 6, ""search_volume"": 320}, {""year"": 2026, ""month"": 5, ""search_volume"": 320}, {""year"": 2026, ""month"": 4, ""search_volume"": 210}, {""year"": 2026, ""month"": 3, ""search_volume"": 260}, {""year"": 2026, ""month"": 2, ""search_volume"": 320}, {""year"": 2026, ""month"": 1, ""search_volume"": 390}, {""year"": 2025, ""month"": 12, ""search_volume"": 590}, {""year"": 2025, ""month"": 11, ""search_volume"": 590}, {""year"": 2025, ""month"": 10, ""search_volume"": 390}, {""year"": 2025, ""month"": 9, ""search_volume"": 260}, {""year"": 2025, ""month"": 8, ""search_volume"": 260}]"
C2,casque tv sans fil sony,320,0.17,USD_DOCUMENTED,core,True,,,,,casque TV sans fil compatible avec kit émetteur,keywords_data/google_ads/search_volume/live,2026-09-03T14:41:41.614360+00:00,2026-09-03-qualification-9-produits-pur/raw/20-controls-2.json.gz,"[{""year"": 2026, ""month"": 7, ""search_volume"": 210}, {""year"": 2026, ""month"": 6, ""search_volume"": 320}, {""year"": 2026, ""month"": 5, ""search_volume"": 320}, {""year"": 2026, ""month"": 4, ""search_volume"": 210}, {""year"": 2026, ""month"": 3, ""search_volume"": 260}, {""year"": 2026, ""month"": 2, ""search_volume"": 320}, {""year"": 2026, ""month"": 1, ""search_volume"": 390}, {""year"": 2025, ""month"": 12, ""search_volume"": 590}, {""year"": 2025, ""month"": 11, ""search_volume"": 590}, {""year"": 2025, ""month"": 10, ""search_volume"": 390}, {""year"": 2025, ""month"": 9, ""search_volume"": 260}, {""year"": 2025, ""month"": 8, ""search_volume"": 260}]"
C2,casque tv sony sans fil,320,0.17,USD_DOCUMENTED,core,True,,,,,casque TV sans fil compatible avec kit émetteur,keywords_data/google_ads/search_volume/live,2026-09-03T14:41:41.614360+00:00,2026-09-03-qualification-9-produits-pur/raw/20-controls-2.json.gz,"[{""year"": 2026, ""month"": 7, ""search_volume"": 210}, {""year"": 2026, ""month"": 6, ""search_volume"": 320}, {""year"": 2026, ""month"": 5, ""search_volume"": 320}, {""year"": 2026, ""month"": 4, ""search_volume"": 210}, {""year"": 2026, ""month"": 3, ""search_volume"": 260}, {""year"": 2026, ""month"": 2, ""search_volume"": 320}, {""year"": 2026, ""month"": 1, ""search_volume"": 390}, {""year"": 2025, ""month"": 12, ""search_volume"": 590}, {""year"": 2025, ""month"": 11, ""search_volume"": 590}, {""year"": 2025, ""month"": 10, ""search_volume"": 390}, {""year"": 2025, ""month"": 9, ""search_volume"": 260}, {""year"": 2025, ""month"": 8, ""search_volume"": 260}]"
C2,casque sony sans fil tv,320,0.17,USD_DOCUMENTED,core,True,,,,,casque TV sans fil compatible avec kit émetteur,keywords_data/google_ads/search_volume/live,2026-09-03T14:41:41.614360+00:00,2026-09-03-qualification-9-produits-pur/raw/20-controls-2.json.gz,"[{""year"": 2026, ""month"": 7, ""search_volume"": 210}, {""year"": 2026, ""month"": 6, ""search_volume"": 320}, {""year"": 2026, ""month"": 5, ""search_volume"": 320}, {""year"": 2026, ""month"": 4, ""search_volume"": 210}, {""year"": 2026, ""month"": 3, ""search_volume"": 260}, {""year"": 2026, ""month"": 2, ""search_volume"": 320}, {""year"": 2026, ""month"": 1, ""search_volume"": 390}, {""year"": 2025, ""month"": 12, ""search_volume"": 590}, {""year"": 2025, ""month"": 11, ""search_volume"": 590}, {""year"": 2025, ""month"": 10, ""search_volume"": 390}, {""year"": 2025, ""month"": 9, ""search_volume"": 260}, {""year"": 2025, ""month"": 8, ""search_volume"": 260}]"
C2,casque audio sans fils pour tv,320,0.28,USD_DOCUMENTED,core,False,G0003,0,G0003,0,casque TV sans fil compatible avec kit émetteur,keywords_data/google_ads/search_volume/live,2026-09-03T14:41:41.614360+00:00,2026-09-03-qualification-9-produits-pur/raw/20-controls-2.json.gz,"[{""year"": 2026, ""month"": 7, ""search_volume"": 260}, {""year"": 2026, ""month"": 6, ""search_volume"": 210}, {""year"": 2026, ""month"": 5, ""search_volume"": 260}, {""year"": 2026, ""month"": 4, ""search_volume"": 210}, {""year"": 2026, ""month"": 3, ""search_volume"": 320}, {""year"": 2026, ""month"": 2, ""search_volume"": 260}, {""year"": 2026, ""month"": 1, ""search_volume"": 390}, {""year"": 2025, ""month"": 12, ""search_volume"": 590}, {""year"": 2025, ""month"": 11, ""search_volume"": 590}, {""year"": 2025, ""month"": 10, ""search_volume"": 390}, {""year"": 2025, ""month"": 9, ""search_volume"": 260}, {""year"": 2025, ""month"": 8, ""search_volume"": 210}]"
C2,boulanger casque tv sans fil,320,0.16,USD_DOCUMENTED,core,True,,,,,casque TV sans fil compatible avec kit émetteur,keywords_data/google_ads/search_volume/live,2026-09-03T14:41:41.614360+00:00,2026-09-03-qualification-9-produits-pur/raw/20-controls-2.json.gz,"[{""year"": 2026, ""month"": 7, ""search_volume"": 260}, {""year"": 2026, ""month"": 6, ""search_volume"": 210}, {""year"": 2026, ""month"": 5, ""search_volume"": 260}, {""year"": 2026, ""month"": 4, ""search_volume"": 170}, {""year"": 2026, ""month"": 3, ""search_volume"": 260}, {""year"": 2026, ""month"": 2, ""search_volume"": 320}, {""year"": 2026, ""month"": 1, ""search_volume"": 480}, {""year"": 2025, ""month"": 12, ""search_volume"": 720}, {""year"": 2025, ""month"": 11, ""search_volume"": 590}, {""year"": 2025, ""month"": 10, ""search_volume"": 390}, {""year"": 2025, ""month"": 9, ""search_volume"": 320}, {""year"": 2025, ""month"": 8, ""search_volume"": 320}]"
C2,casque sans fil tv boulanger,320,0.16,USD_DOCUMENTED,core,True,,,,,casque TV sans fil compatible avec kit émetteur,keywords_data/google_ads/search_volume/live,2026-09-03T14:41:41.614360+00:00,2026-09-03-qualification-9-produits-pur/raw/20-controls-2.json.gz,"[{""year"": 2026, ""month"": 7, ""search_volume"": 260}, {""year"": 2026, ""month"": 6, ""search_volume"": 210}, {""year"": 2026, ""month"": 5, ""search_volume"": 260}, {""year"": 2026, ""month"": 4, ""search_volume"": 170}, {""year"": 2026, ""month"": 3, ""search_volume"": 260}, {""year"": 2026, ""month"": 2, ""search_volume"": 320}, {""year"": 2026, ""month"": 1, ""search_volume"": 480}, {""year"": 2025, ""month"": 12, ""search_volume"": 720}, {""year"": 2025, ""month"": 11, ""search_volume"": 590}, {""year"": 2025, ""month"": 10, ""search_volume"": 390}, {""year"": 2025, ""month"": 9, ""search_volume"": 320}, {""year"": 2025, ""month"": 8, ""search_volume"": 320}]"
C2,casque tv filaire,320,0.24,USD_DOCUMENTED,incompatible,False,,,,,"autre technologie, accessoire ou besoin auditif spécifique",dataforseo_labs/google/keyword_suggestions/live,2026-09-03T13:38:19.594647+00:00,2026-09-03-test-decouverte-couplee/raw/10-c2-labs.json.gz,"[{""year"": 2026, ""month"": 7, ""search_volume"": 170}, {""year"": 2026, ""month"": 6, ""search_volume"": 210}, {""year"": 2026, ""month"": 5, ""search_volume"": 210}, {""year"": 2026, ""month"": 4, ""search_volume"": 210}, {""year"": 2026, ""month"": 3, ""search_volume"": 260}, {""year"": 2026, ""month"": 2, ""search_volume"": 320}, {""year"": 2026, ""month"": 1, ""search_volume"": 390}, {""year"": 2025, ""month"": 12, ""search_volume"": 480}, {""year"": 2025, ""month"": 11, ""search_volume"": 480}, {""year"": 2025, ""month"": 10, ""search_volume"": 320}, {""year"": 2025, ""month"": 9, ""search_volume"": 260}, {""year"": 2025, ""month"": 8, ""search_volume"": 320}]"
C2,brancher casque sur tv hdmi,320,0.17,USD_DOCUMENTED,information,False,,,,,"usage/SAV/risque, hors demande achat directe",dataforseo_labs/google/keyword_suggestions/live,2026-09-03T13:38:19.594647+00:00,2026-09-03-test-decouverte-couplee/raw/10-c2-labs.json.gz,"[{""year"": 2026, ""month"": 7, ""search_volume"": 320}, {""year"": 2026, ""month"": 6, ""search_volume"": 260}, {""year"": 2026, ""month"": 5, ""search_volume"": 260}, {""year"": 2026, ""month"": 4, ""search_volume"": 260}, {""year"": 2026, ""month"": 3, ""search_volume"": 320}, {""year"": 2026, ""month"": 2, ""search_volume"": 390}, {""year"": 2026, ""month"": 1, ""search_volume"": 480}, {""year"": 2025, ""month"": 12, ""search_volume"": 480}, {""year"": 2025, ""month"": 11, ""search_volume"": 320}, {""year"": 2025, ""month"": 10, ""search_volume"": 320}, {""year"": 2025, ""month"": 9, ""search_volume"": 260}, {""year"": 2025, ""month"": 8, ""search_volume"": 260}]"
C2,casque sans fil sony pour tv,320,0.17,USD_DOCUMENTED,core,True,,,,,casque TV sans fil compatible avec kit émetteur,keywords_data/google_ads/search_volume/live,2026-09-03T14:41:41.614360+00:00,2026-09-03-qualification-9-produits-pur/raw/20-controls-2.json.gz,"[{""year"": 2026, ""month"": 7, ""search_volume"": 210}, {""year"": 2026, ""month"": 6, ""search_volume"": 320}, {""year"": 2026, ""month"": 5, ""search_volume"": 320}, {""year"": 2026, ""month"": 4, ""search_volume"": 210}, {""year"": 2026, ""month"": 3, ""search_volume"": 260}, {""year"": 2026, ""month"": 2, ""search_volume"": 320}, {""year"": 2026, ""month"": 1, ""search_volume"": 390}, {""year"": 2025, ""month"": 12, ""search_volume"": 590}, {""year"": 2025, ""month"": 11, ""search_volume"": 590}, {""year"": 2025, ""month"": 10, ""search_volume"": 390}, {""year"": 2025, ""month"": 9, ""search_volume"": 260}, {""year"": 2025, ""month"": 8, ""search_volume"": 260}]"
C2,casque sans fil sony tv,320,0.17,USD_DOCUMENTED,core,True,,,,,casque TV sans fil compatible avec kit émetteur,keywords_data/google_ads/search_volume/live,2026-09-03T14:41:41.614360+00:00,2026-09-03-qualification-9-produits-pur/raw/20-controls-2.json.gz,"[{""year"": 2026, ""month"": 7, ""search_volume"": 210}, {""year"": 2026, ""month"": 6, ""search_volume"": 320}, {""year"": 2026, ""month"": 5, ""search_volume"": 320}, {""year"": 2026, ""month"": 4, ""search_volume"": 210}, {""year"": 2026, ""month"": 3, ""search_volume"": 260}, {""year"": 2026, ""month"": 2, ""search_volume"": 320}, {""year"": 2026, ""month"": 1, ""search_volume"": 390}, {""year"": 2025, ""month"": 12, ""search_volume"": 590}, {""year"": 2025, ""month"": 11, ""search_volume"": 590}, {""year"": 2025, ""month"": 10, ""search_volume"": 390}, {""year"": 2025, ""month"": 9, ""search_volume"": 260}, {""year"": 2025, ""month"": 8, ""search_volume"": 260}]"
C2,casque audio sans fil pour télévision,320,0.28,USD_DOCUMENTED,core,False,G0003,0,G0003,0,casque TV sans fil compatible avec kit émetteur,keywords_data/google_ads/search_volume/live,2026-09-03T14:41:45.663971+00:00,2026-09-03-qualification-9-produits-pur/raw/20-controls-3.json.gz,"[{""year"": 2026, ""month"": 7, ""search_volume"": 260}, {""year"": 2026, ""month"": 6, ""search_volume"": 210}, {""year"": 2026, ""month"": 5, ""search_volume"": 260}, {""year"": 2026, ""month"": 4, ""search_volume"": 210}, {""year"": 2026, ""month"": 3, ""search_volume"": 320}, {""year"": 2026, ""month"": 2, ""search_volume"": 260}, {""year"": 2026, ""month"": 1, ""search_volume"": 390}, {""year"": 2025, ""month"": 12, ""search_volume"": 590}, {""year"": 2025, ""month"": 11, ""search_volume"": 590}, {""year"": 2025, ""month"": 10, ""search_volume"": 390}, {""year"": 2025, ""month"": 9, ""search_volume"": 260}, {""year"": 2025, ""month"": 8, ""search_volume"": 210}]"
C2,casque télévision sans fil boulanger,320,0.16,USD_DOCUMENTED,core,True,,,,,casque TV sans fil compatible avec kit émetteur,keywords_data/google_ads/search_volume/live,2026-09-03T14:41:45.663971+00:00,2026-09-03-qualification-9-produits-pur/raw/20-controls-3.json.gz,"[{""year"": 2026, ""month"": 7, ""search_volume"": 260}, {""year"": 2026, ""month"": 6, ""search_volume"": 210}, {""year"": 2026, ""month"": 5, ""search_volume"": 260}, {""year"": 2026, ""month"": 4, ""search_volume"": 170}, {""year"": 2026, ""month"": 3, ""search_volume"": 260}, {""year"": 2026, ""month"": 2, ""search_volume"": 320}, {""year"": 2026, ""month"": 1, ""search_volume"": 480}, {""year"": 2025, ""month"": 12, ""search_volume"": 720}, {""year"": 2025, ""month"": 11, ""search_volume"": 590}, {""year"": 2025, ""month"": 10, ""search_volume"": 390}, {""year"": 2025, ""month"": 9, ""search_volume"": 320}, {""year"": 2025, ""month"": 8, ""search_volume"": 320}]"
C2,casque filaire television,320,0.24,USD_DOCUMENTED,incompatible,False,,,,,"autre technologie, accessoire ou besoin auditif spécifique",dataforseo_labs/google/keyword_suggestions/live,2026-09-03T14:36:31.280584+00:00,2026-09-03-qualification-9-produits-pur/raw/10-C2-labs-1.json.gz,"[{""year"": 2026, ""month"": 7, ""search_volume"": 170}, {""year"": 2026, ""month"": 6, ""search_volume"": 210}, {""year"": 2026, ""month"": 5, ""search_volume"": 210}, {""year"": 2026, ""month"": 4, ""search_volume"": 210}, {""year"": 2026, ""month"": 3, ""search_volume"": 260}, {""year"": 2026, ""month"": 2, ""search_volume"": 320}, {""year"": 2026, ""month"": 1, ""search_volume"": 390}, {""year"": 2025, ""month"": 12, ""search_volume"": 480}, {""year"": 2025, ""month"": 11, ""search_volume"": 480}, {""year"": 2025, ""month"": 10, ""search_volume"": 320}, {""year"": 2025, ""month"": 9, ""search_volume"": 260}, {""year"": 2025, ""month"": 8, ""search_volume"": 320}]"
C2,casque television sans fil sony,320,0.17,USD_DOCUMENTED,core,True,,,,,casque TV sans fil compatible avec kit émetteur,keywords_data/google_ads/search_volume/live,2026-09-03T14:41:45.663971+00:00,2026-09-03-qualification-9-produits-pur/raw/20-controls-3.json.gz,"[{""year"": 2026, ""month"": 7, ""search_volume"": 210}, {""year"": 2026, ""month"": 6, ""search_volume"": 320}, {""year"": 2026, ""month"": 5, ""search_volume"": 320}, {""year"": 2026, ""month"": 4, ""search_volume"": 210}, {""year"": 2026, ""month"": 3, ""search_volume"": 260}, {""year"": 2026, ""month"": 2, ""search_volume"": 320}, {""year"": 2026, ""month"": 1, ""search_volume"": 390}, {""year"": 2025, ""month"": 12, ""search_volume"": 590}, {""year"": 2025, ""month"": 11, ""search_volume"": 590}, {""year"": 2025, ""month"": 10, ""search_volume"": 390}, {""year"": 2025, ""month"": 9, ""search_volume"": 260}, {""year"": 2025, ""month"": 8, ""search_volume"": 260}]"
C2,casque tv sans fil double,260,0.24,USD_DOCUMENTED,conditional,False,,,G0007,260,double casque ou entrée audio USB non confirmée pour le kit simple,keywords_data/google_ads/search_volume/live,2026-09-03T14:41:41.614360+00:00,2026-09-03-qualification-9-produits-pur/raw/20-controls-2.json.gz,"[{""year"": 2026, ""month"": 7, ""search_volume"": 140}, {""year"": 2026, ""month"": 6, ""search_volume"": 170}, {""year"": 2026, ""month"": 5, ""search_volume"": 170}, {""year"": 2026, ""month"": 4, ""search_volume"": 170}, {""year"": 2026, ""month"": 3, ""search_volume"": 210}, {""year"": 2026, ""month"": 2, ""search_volume"": 260}, {""year"": 2026, ""month"": 1, ""search_volume"": 390}, {""year"": 2025, ""month"": 12, ""search_volume"": 480}, {""year"": 2025, ""month"": 11, ""search_volume"": 480}, {""year"": 2025, ""month"": 10, ""search_volume"": 210}, {""year"": 2025, ""month"": 9, ""search_volume"": 210}, {""year"": 2025, ""month"": 8, ""search_volume"": 170}]"
C2,casque bluetooth samsung tv,260,0.39,USD_DOCUMENTED,core,True,,,,,casque TV sans fil compatible avec kit émetteur,keywords_data/google_ads/search_volume/live,2026-09-03T14:41:41.614360+00:00,2026-09-03-qualification-9-produits-pur/raw/20-controls-2.json.gz,"[{""year"": 2026, ""month"": 7, ""search_volume"": 170}, {""year"": 2026, ""month"": 6, ""search_volume"": 170}, {""year"": 2026, ""month"": 5, ""search_volume"": 210}, {""year"": 2026, ""month"": 4, ""search_volume"": 170}, {""year"": 2026, ""month"": 3, ""search_volume"": 210}, {""year"": 2026, ""month"": 2, ""search_volume"": 260}, {""year"": 2026, ""month"": 1, ""search_volume"": 390}, {""year"": 2025, ""month"": 12, ""search_volume"": 480}, {""year"": 2025, ""month"": 11, ""search_volume"": 480}, {""year"": 2025, ""month"": 10, ""search_volume"": 320}, {""year"": 2025, ""month"": 9, ""search_volume"": 210}, {""year"": 2025, ""month"": 8, ""search_volume"": 260}]"
C2,connecter casque bluetooth tv,260,0.17,USD_DOCUMENTED,information,False,,,,,"usage/SAV/risque, hors demande achat directe",dataforseo_labs/google/keyword_suggestions/live,2026-09-03T13:38:19.594647+00:00,2026-09-03-test-decouverte-couplee/raw/10-c2-labs.json.gz,"[{""year"": 2026, ""month"": 7, ""search_volume"": 140}, {""year"": 2026, ""month"": 6, ""search_volume"": 140}, {""year"": 2026, ""month"": 5, ""search_volume"": 170}, {""year"": 2026, ""month"": 4, ""search_volume"": 210}, {""year"": 2026, ""month"": 3, ""search_volume"": 210}, {""year"": 2026, ""month"": 2, ""search_volume"": 210}, {""year"": 2026, ""month"": 1, ""search_volume"": 320}, {""year"": 2025, ""month"": 12, ""search_volume"": 480}, {""year"": 2025, ""month"": 11, ""search_volume"": 320}, {""year"": 2025, ""month"": 10, ""search_volume"": 260}, {""year"": 2025, ""month"": 9, ""search_volume"": 260}, {""year"": 2025, ""month"": 8, ""search_volume"": 260}]"
C2,comment brancher un casque sans fil sur tv,260,0.26,USD_DOCUMENTED,information,False,,,,,"usage/SAV/risque, hors demande achat directe",dataforseo_labs/google/keyword_suggestions/live,2026-09-03T13:38:19.594647+00:00,2026-09-03-test-decouverte-couplee/raw/10-c2-labs.json.gz,"[{""year"": 2026, ""month"": 7, ""search_volume"": 110}, {""year"": 2026, ""month"": 6, ""search_volume"": 110}, {""year"": 2026, ""month"": 5, ""search_volume"": 110}, {""year"": 2026, ""month"": 4, ""search_volume"": 210}, {""year"": 2026, ""month"": 3, ""search_volume"": 260}, {""year"": 2026, ""month"": 2, ""search_volume"": 260}, {""year"": 2026, ""month"": 1, ""search_volume"": 320}, {""year"": 2025, ""month"": 12, ""search_volume"": 390}, {""year"": 2025, ""month"": 11, ""search_volume"": 390}, {""year"": 2025, ""month"": 10, ""search_volume"": 320}, {""year"": 2025, ""month"": 9, ""search_volume"": 260}, {""year"": 2025, ""month"": 8, ""search_volume"": 210}]"
C2,casque bluetooth sur tv samsung,260,0.39,USD_DOCUMENTED,core,True,,,,,casque TV sans fil compatible avec kit émetteur,keywords_data/google_ads/search_volume/live,2026-09-03T14:41:41.614360+00:00,2026-09-03-qualification-9-produits-pur/raw/20-controls-2.json.gz,"[{""year"": 2026, ""month"": 7, ""search_volume"": 170}, {""year"": 2026, ""month"": 6, ""search_volume"": 170}, {""year"": 2026, ""month"": 5, ""search_volume"": 210}, {""year"": 2026, ""month"": 4, ""search_volume"": 170}, {""year"": 2026, ""month"": 3, ""search_volume"": 210}, {""year"": 2026, ""month"": 2, ""search_volume"": 260}, {""year"": 2026, ""month"": 1, ""search_volume"": 390}, {""year"": 2025, ""month"": 12, ""search_volume"": 480}, {""year"": 2025, ""month"": 11, ""search_volume"": 480}, {""year"": 2025, ""month"": 10, ""search_volume"": 320}, {""year"": 2025, ""month"": 9, ""search_volume"": 210}, {""year"": 2025, ""month"": 8, ""search_volume"": 260}]"
C2,casque audio pour tv sans fil,260,0.33,USD_DOCUMENTED,core,False,G0003,0,G0003,0,casque TV sans fil compatible avec kit émetteur,keywords_data/google_ads/search_volume/live,2026-09-03T14:41:41.614360+00:00,2026-09-03-qualification-9-produits-pur/raw/20-controls-2.json.gz,"[{""year"": 2026, ""month"": 7, ""search_volume"": 210}, {""year"": 2026, ""month"": 6, ""search_volume"": 260}, {""year"": 2026, ""month"": 5, ""search_volume"": 260}, {""year"": 2026, ""month"": 4, ""search_volume"": 170}, {""year"": 2026, ""month"": 3, ""search_volume"": 210}, {""year"": 2026, ""month"": 2, ""search_volume"": 260}, {""year"": 2026, ""month"": 1, ""search_volume"": 320}, {""year"": 2025, ""month"": 12, ""search_volume"": 590}, {""year"": 2025, ""month"": 11, ""search_volume"": 260}, {""year"": 2025, ""month"": 10, ""search_volume"": 260}, {""year"": 2025, ""month"": 9, ""search_volume"": 170}, {""year"": 2025, ""month"": 8, ""search_volume"": 110}]"
C2,double casque tv sans fil,260,0.24,USD_DOCUMENTED,conditional,False,,,G0007,0,double casque ou entrée audio USB non confirmée pour le kit simple,keywords_data/google_ads/search_volume/live,2026-09-03T14:41:41.614360+00:00,2026-09-03-qualification-9-produits-pur/raw/20-controls-2.json.gz,"[{""year"": 2026, ""month"": 7, ""search_volume"": 140}, {""year"": 2026, ""month"": 6, ""search_volume"": 170}, {""year"": 2026, ""month"": 5, ""search_volume"": 170}, {""year"": 2026, ""month"": 4, ""search_volume"": 170}, {""year"": 2026, ""month"": 3, ""search_volume"": 210}, {""year"": 2026, ""month"": 2, ""search_volume"": 260}, {""year"": 2026, ""month"": 1, ""search_volume"": 390}, {""year"": 2025, ""month"": 12, ""search_volume"": 480}, {""year"": 2025, ""month"": 11, ""search_volume"": 480}, {""year"": 2025, ""month"": 10, ""search_volume"": 210}, {""year"": 2025, ""month"": 9, ""search_volume"": 210}, {""year"": 2025, ""month"": 8, ""search_volume"": 170}]"
C2,casque bluetooth tv samsung,260,0.39,USD_DOCUMENTED,core,True,,,,,casque TV sans fil compatible avec kit émetteur,keywords_data/google_ads/search_volume/live,2026-09-03T14:41:41.614360+00:00,2026-09-03-qualification-9-produits-pur/raw/20-controls-2.json.gz,"[{""year"": 2026, ""month"": 7, ""search_volume"": 170}, {""year"": 2026, ""month"": 6, ""search_volume"": 170}, {""year"": 2026, ""month"": 5, ""search_volume"": 210}, {""year"": 2026, ""month"": 4, ""search_volume"": 170}, {""year"": 2026, ""month"": 3, ""search_volume"": 210}, {""year"": 2026, ""month"": 2, ""search_volume"": 260}, {""year"": 2026, ""month"": 1, ""search_volume"": 390}, {""year"": 2025, ""month"": 12, ""search_volume"": 480}, {""year"": 2025, ""month"": 11, ""search_volume"": 480}, {""year"": 2025, ""month"": 10, ""search_volume"": 320}, {""year"": 2025, ""month"": 9, ""search_volume"": 210}, {""year"": 2025, ""month"": 8, ""search_volume"": 260}]"
C2,casque bluetooth pour tv samsung,260,0.39,USD_DOCUMENTED,core,True,,,,,casque TV sans fil compatible avec kit émetteur,keywords_data/google_ads/search_volume/live,2026-09-03T14:41:41.614360+00:00,2026-09-03-qualification-9-produits-pur/raw/20-controls-2.json.gz,"[{""year"": 2026, ""month"": 7, ""search_volume"": 170}, {""year"": 2026, ""month"": 6, ""search_volume"": 170}, {""year"": 2026, ""month"": 5, ""search_volume"": 210}, {""year"": 2026, ""month"": 4, ""search_volume"": 170}, {""year"": 2026, ""month"": 3, ""search_volume"": 210}, {""year"": 2026, ""month"": 2, ""search_volume"": 260}, {""year"": 2026, ""month"": 1, ""search_volume"": 390}, {""year"": 2025, ""month"": 12, ""search_volume"": 480}, {""year"": 2025, ""month"": 11, ""search_volume"": 480}, {""year"": 2025, ""month"": 10, ""search_volume"": 320}, {""year"": 2025, ""month"": 9, ""search_volume"": 210}, {""year"": 2025, ""month"": 8, ""search_volume"": 260}]"
C2,connecter un casque bluetooth sur tv,260,0.17,USD_DOCUMENTED,information,False,,,,,"usage/SAV/risque, hors demande achat directe",dataforseo_labs/google/keyword_suggestions/live,2026-09-03T13:38:19.594647+00:00,2026-09-03-test-decouverte-couplee/raw/10-c2-labs.json.gz,"[{""year"": 2026, ""month"": 7, ""search_volume"": 140}, {""year"": 2026, ""month"": 6, ""search_volume"": 140}, {""year"": 2026, ""month"": 5, ""search_volume"": 170}, {""year"": 2026, ""month"": 4, ""search_volume"": 210}, {""year"": 2026, ""month"": 3, ""search_volume"": 210}, {""year"": 2026, ""month"": 2, ""search_volume"": 210}, {""year"": 2026, ""month"": 1, ""search_volume"": 320}, {""year"": 2025, ""month"": 12, ""search_volume"": 480}, {""year"": 2025, ""month"": 11, ""search_volume"": 320}, {""year"": 2025, ""month"": 10, ""search_volume"": 260}, {""year"": 2025, ""month"": 9, ""search_volume"": 260}, {""year"": 2025, ""month"": 8, ""search_volume"": 260}]"
C2,casque sony pour tv,260,0.17,USD_DOCUMENTED,parent,True,,,,,"casque TV générique, filaire et sans fil mélangés",dataforseo_labs/google/keyword_suggestions/live,2026-09-03T13:38:19.594647+00:00,2026-09-03-test-decouverte-couplee/raw/10-c2-labs.json.gz,"[{""year"": 2026, ""month"": 7, ""search_volume"": 110}, {""year"": 2026, ""month"": 6, ""search_volume"": 170}, {""year"": 2026, ""month"": 5, ""search_volume"": 170}, {""year"": 2026, ""month"": 4, ""search_volume"": 140}, {""year"": 2026, ""month"": 3, ""search_volume"": 140}, {""year"": 2026, ""month"": 2, ""search_volume"": 170}, {""year"": 2026, ""month"": 1, ""search_volume"": 320}, {""year"": 2025, ""month"": 12, ""search_volume"": 480}, {""year"": 2025, ""month"": 11, ""search_volume"": 480}, {""year"": 2025, ""month"": 10, ""search_volume"": 320}, {""year"": 2025, ""month"": 9, ""search_volume"": 260}, {""year"": 2025, ""month"": 8, ""search_volume"": 210}]"
C2,tv samsung casque bluetooth,260,0.39,USD_DOCUMENTED,core,True,,,,,casque TV sans fil compatible avec kit émetteur,keywords_data/google_ads/search_volume/live,2026-09-03T14:41:41.614360+00:00,2026-09-03-qualification-9-produits-pur/raw/20-controls-2.json.gz,"[{""year"": 2026, ""month"": 7, ""search_volume"": 170}, {""year"": 2026, ""month"": 6, ""search_volume"": 170}, {""year"": 2026, ""month"": 5, ""search_volume"": 210}, {""year"": 2026, ""month"": 4, ""search_volume"": 170}, {""year"": 2026, ""month"": 3, ""search_volume"": 210}, {""year"": 2026, ""month"": 2, ""search_volume"": 260}, {""year"": 2026, ""month"": 1, ""search_volume"": 390}, {""year"": 2025, ""month"": 12, ""search_volume"": 480}, {""year"": 2025, ""month"": 11, ""search_volume"": 480}, {""year"": 2025, ""month"": 10, ""search_volume"": 320}, {""year"": 2025, ""month"": 9, ""search_volume"": 210}, {""year"": 2025, ""month"": 8, ""search_volume"": 260}]"
C2,casque sans fil tv double,260,0.24,USD_DOCUMENTED,conditional,False,,,G0007,0,double casque ou entrée audio USB non confirmée pour le kit simple,keywords_data/google_ads/search_volume/live,2026-09-03T14:41:41.614360+00:00,2026-09-03-qualification-9-produits-pur/raw/20-controls-2.json.gz,"[{""year"": 2026, ""month"": 7, ""search_volume"": 140}, {""year"": 2026, ""month"": 6, ""search_volume"": 170}, {""year"": 2026, ""month"": 5, ""search_volume"": 170}, {""year"": 2026, ""month"": 4, ""search_volume"": 170}, {""year"": 2026, ""month"": 3, ""search_volume"": 210}, {""year"": 2026, ""month"": 2, ""search_volume"": 260}, {""year"": 2026, ""month"": 1, ""search_volume"": 390}, {""year"": 2025, ""month"": 12, ""search_volume"": 480}, {""year"": 2025, ""month"": 11, ""search_volume"": 480}, {""year"": 2025, ""month"": 10, ""search_volume"": 210}, {""year"": 2025, ""month"": 9, ""search_volume"": 210}, {""year"": 2025, ""month"": 8, ""search_volume"": 170}]"
C2,où se trouve la prise casque sur tv samsung,260,,USD_DOCUMENTED,parent,True,,,,,"casque TV générique, filaire et sans fil mélangés",dataforseo_labs/google/keyword_suggestions/live,2026-09-03T13:38:19.594647+00:00,2026-09-03-test-decouverte-couplee/raw/10-c2-labs.json.gz,"[{""year"": 2026, ""month"": 7, ""search_volume"": 140}, {""year"": 2026, ""month"": 6, ""search_volume"": 170}, {""year"": 2026, ""month"": 5, ""search_volume"": 170}, {""year"": 2026, ""month"": 4, ""search_volume"": 210}, {""year"": 2026, ""month"": 3, ""search_volume"": 260}, {""year"": 2026, ""month"": 2, ""search_volume"": 320}, {""year"": 2026, ""month"": 1, ""search_volume"": 390}, {""year"": 2025, ""month"": 12, ""search_volume"": 480}, {""year"": 2025, ""month"": 11, ""search_volume"": 320}, {""year"": 2025, ""month"": 10, ""search_volume"": 260}, {""year"": 2025, ""month"": 9, ""search_volume"": 260}, {""year"": 2025, ""month"": 8, ""search_volume"": 170}]"
C2,sony casque tv,260,0.17,USD_DOCUMENTED,parent,True,,,,,"casque TV générique, filaire et sans fil mélangés",dataforseo_labs/google/keyword_suggestions/live,2026-09-03T13:38:19.594647+00:00,2026-09-03-test-decouverte-couplee/raw/10-c2-labs.json.gz,"[{""year"": 2026, ""month"": 7, ""search_volume"": 110}, {""year"": 2026, ""month"": 6, ""search_volume"": 170}, {""year"": 2026, ""month"": 5, ""search_volume"": 170}, {""year"": 2026, ""month"": 4, ""search_volume"": 140}, {""year"": 2026, ""month"": 3, ""search_volume"": 140}, {""year"": 2026, ""month"": 2, ""search_volume"": 170}, {""year"": 2026, ""month"": 1, ""search_volume"": 320}, {""year"": 2025, ""month"": 12, ""search_volume"": 480}, {""year"": 2025, ""month"": 11, ""search_volume"": 480}, {""year"": 2025, ""month"": 10, ""search_volume"": 320}, {""year"": 2025, ""month"": 9, ""search_volume"": 260}, {""year"": 2025, ""month"": 8, ""search_volume"": 210}]"
C2,casque tv double sans fil,260,0.24,USD_DOCUMENTED,conditional,False,,,G0007,0,double casque ou entrée audio USB non confirmée pour le kit simple,keywords_data/google_ads/search_volume/live,2026-09-03T14:41:41.614360+00:00,2026-09-03-qualification-9-produits-pur/raw/20-controls-2.json.gz,"[{""year"": 2026, ""month"": 7, ""search_volume"": 140}, {""year"": 2026, ""month"": 6, ""search_volume"": 170}, {""year"": 2026, ""month"": 5, ""search_volume"": 170}, {""year"": 2026, ""month"": 4, ""search_volume"": 170}, {""year"": 2026, ""month"": 3, ""search_volume"": 210}, {""year"": 2026, ""month"": 2, ""search_volume"": 260}, {""year"": 2026, ""month"": 1, ""search_volume"": 390}, {""year"": 2025, ""month"": 12, ""search_volume"": 480}, {""year"": 2025, ""month"": 11, ""search_volume"": 480}, {""year"": 2025, ""month"": 10, ""search_volume"": 210}, {""year"": 2025, ""month"": 9, ""search_volume"": 210}, {""year"": 2025, ""month"": 8, ""search_volume"": 170}]"
C2,casque tv bluetooth samsung,260,0.39,USD_DOCUMENTED,core,True,,,,,casque TV sans fil compatible avec kit émetteur,keywords_data/google_ads/search_volume/live,2026-09-03T14:41:41.614360+00:00,2026-09-03-qualification-9-produits-pur/raw/20-controls-2.json.gz,"[{""year"": 2026, ""month"": 7, ""search_volume"": 170}, {""year"": 2026, ""month"": 6, ""search_volume"": 170}, {""year"": 2026, ""month"": 5, ""search_volume"": 210}, {""year"": 2026, ""month"": 4, ""search_volume"": 170}, {""year"": 2026, ""month"": 3, ""search_volume"": 210}, {""year"": 2026, ""month"": 2, ""search_volume"": 260}, {""year"": 2026, ""month"": 1, ""search_volume"": 390}, {""year"": 2025, ""month"": 12, ""search_volume"": 480}, {""year"": 2025, ""month"": 11, ""search_volume"": 480}, {""year"": 2025, ""month"": 10, ""search_volume"": 320}, {""year"": 2025, ""month"": 9, ""search_volume"": 210}, {""year"": 2025, ""month"": 8, ""search_volume"": 260}]"
C2,comment brancher casque sans fil tv,260,0.26,USD_DOCUMENTED,information,False,,,,,"usage/SAV/risque, hors demande achat directe",dataforseo_labs/google/keyword_suggestions/live,2026-09-03T13:38:19.594647+00:00,2026-09-03-test-decouverte-couplee/raw/10-c2-labs.json.gz,"[{""year"": 2026, ""month"": 7, ""search_volume"": 110}, {""year"": 2026, ""month"": 6, ""search_volume"": 110}, {""year"": 2026, ""month"": 5, ""search_volume"": 110}, {""year"": 2026, ""month"": 4, ""search_volume"": 210}, {""year"": 2026, ""month"": 3, ""search_volume"": 260}, {""year"": 2026, ""month"": 2, ""search_volume"": 260}, {""year"": 2026, ""month"": 1, ""search_volume"": 320}, {""year"": 2025, ""month"": 12, ""search_volume"": 390}, {""year"": 2025, ""month"": 11, ""search_volume"": 390}, {""year"": 2025, ""month"": 10, ""search_volume"": 320}, {""year"": 2025, ""month"": 9, ""search_volume"": 260}, {""year"": 2025, ""month"": 8, ""search_volume"": 210}]"
C2,casque tv sony,260,0.17,USD_DOCUMENTED,parent,True,,,,,"casque TV générique, filaire et sans fil mélangés",keywords_data/google_ads/search_volume/live,2026-09-03T13:45:51.027216+00:00,2026-09-03-test-decouverte-couplee/raw/22-first-controls.json.gz,"[{""year"": 2026, ""month"": 7, ""search_volume"": 110}, {""year"": 2026, ""month"": 6, ""search_volume"": 170}, {""year"": 2026, ""month"": 5, ""search_volume"": 170}, {""year"": 2026, ""month"": 4, ""search_volume"": 140}, {""year"": 2026, ""month"": 3, ""search_volume"": 140}, {""year"": 2026, ""month"": 2, ""search_volume"": 170}, {""year"": 2026, ""month"": 1, ""search_volume"": 320}, {""year"": 2025, ""month"": 12, ""search_volume"": 480}, {""year"": 2025, ""month"": 11, ""search_volume"": 480}, {""year"": 2025, ""month"": 10, ""search_volume"": 320}, {""year"": 2025, ""month"": 9, ""search_volume"": 260}, {""year"": 2025, ""month"": 8, ""search_volume"": 210}]"
C2,casque audio pour télévision sans fil,260,0.33,USD_DOCUMENTED,core,False,G0003,0,G0003,0,casque TV sans fil compatible avec kit émetteur,keywords_data/google_ads/search_volume/live,2026-09-03T14:41:45.663971+00:00,2026-09-03-qualification-9-produits-pur/raw/20-controls-3.json.gz,"[{""year"": 2026, ""month"": 7, ""search_volume"": 210}, {""year"": 2026, ""month"": 6, ""search_volume"": 260}, {""year"": 2026, ""month"": 5, ""search_volume"": 260}, {""year"": 2026, ""month"": 4, ""search_volume"": 170}, {""year"": 2026, ""month"": 3, ""search_volume"": 210}, {""year"": 2026, ""month"": 2, ""search_volume"": 260}, {""year"": 2026, ""month"": 1, ""search_volume"": 320}, {""year"": 2025, ""month"": 12, ""search_volume"": 590}, {""year"": 2025, ""month"": 11, ""search_volume"": 260}, {""year"": 2025, ""month"": 10, ""search_volume"": 260}, {""year"": 2025, ""month"": 9, ""search_volume"": 170}, {""year"": 2025, ""month"": 8, ""search_volume"": 110}]"
C2,casque sony pour television,260,0.17,USD_DOCUMENTED,parent,True,,,,,"casque TV générique, filaire et sans fil mélangés",dataforseo_labs/google/keyword_suggestions/live,2026-09-03T14:36:31.280584+00:00,2026-09-03-qualification-9-produits-pur/raw/10-C2-labs-1.json.gz,"[{""year"": 2026, ""month"": 7, ""search_volume"": 110}, {""year"": 2026, ""month"": 6, ""search_volume"": 170}, {""year"": 2026, ""month"": 5, ""search_volume"": 170}, {""year"": 2026, ""month"": 4, ""search_volume"": 140}, {""year"": 2026, ""month"": 3, ""search_volume"": 140}, {""year"": 2026, ""month"": 2, ""search_volume"": 170}, {""year"": 2026, ""month"": 1, ""search_volume"": 320}, {""year"": 2025, ""month"": 12, ""search_volume"": 480}, {""year"": 2025, ""month"": 11, ""search_volume"": 480}, {""year"": 2025, ""month"": 10, ""search_volume"": 320}, {""year"": 2025, ""month"": 9, ""search_volume"": 260}, {""year"": 2025, ""month"": 8, ""search_volume"": 210}]"
C2,casque tv sans fil philips,210,0.14,USD_DOCUMENTED,core,True,,,,,casque TV sans fil compatible avec kit émetteur,keywords_data/google_ads/search_volume/live,2026-09-03T14:41:41.614360+00:00,2026-09-03-qualification-9-produits-pur/raw/20-controls-2.json.gz,"[{""year"": 2026, ""month"": 7, ""search_volume"": 170}, {""year"": 2026, ""month"": 6, ""search_volume"": 210}, {""year"": 2026, ""month"": 5, ""search_volume"": 170}, {""year"": 2026, ""month"": 4, ""search_volume"": 110}, {""year"": 2026, ""month"": 3, ""search_volume"": 170}, {""year"": 2026, ""month"": 2, ""search_volume"": 170}, {""year"": 2026, ""month"": 1, ""search_volume"": 320}, {""year"": 2025, ""month"": 12, ""search_volume"": 390}, {""year"": 2025, ""month"": 11, ""search_volume"": 390}, {""year"": 2025, ""month"": 10, ""search_volume"": 210}, {""year"": 2025, ""month"": 9, ""search_volume"": 170}, {""year"": 2025, ""month"": 8, ""search_volume"": 140}]"
C2,philips casque tv sans fil,210,0.14,USD_DOCUMENTED,core,True,,,,,casque TV sans fil compatible avec kit émetteur,keywords_data/google_ads/search_volume/live,2026-09-03T14:41:41.614360+00:00,2026-09-03-qualification-9-produits-pur/raw/20-controls-2.json.gz,"[{""year"": 2026, ""month"": 7, ""search_volume"": 170}, {""year"": 2026, ""month"": 6, ""search_volume"": 210}, {""year"": 2026, ""month"": 5, ""search_volume"": 170}, {""year"": 2026, ""month"": 4, ""search_volume"": 110}, {""year"": 2026, ""month"": 3, ""search_volume"": 170}, {""year"": 2026, ""month"": 2, ""search_volume"": 170}, {""year"": 2026, ""month"": 1, ""search_volume"": 320}, {""year"": 2025, ""month"": 12, ""search_volume"": 390}, {""year"": 2025, ""month"": 11, ""search_volume"": 390}, {""year"": 2025, ""month"": 10, ""search_volume"": 210}, {""year"": 2025, ""month"": 9, ""search_volume"": 170}, {""year"": 2025, ""month"": 8, ""search_volume"": 140}]"
C2,casque pour tv philips,210,0.23,USD_DOCUMENTED,parent,True,,,,,"casque TV générique, filaire et sans fil mélangés",dataforseo_labs/google/keyword_suggestions/live,2026-09-03T13:38:19.594647+00:00,2026-09-03-test-decouverte-couplee/raw/10-c2-labs.json.gz,"[{""year"": 2026, ""month"": 7, ""search_volume"": 140}, {""year"": 2026, ""month"": 6, ""search_volume"": 110}, {""year"": 2026, ""month"": 5, ""search_volume"": 140}, {""year"": 2026, ""month"": 4, ""search_volume"": 140}, {""year"": 2026, ""month"": 3, ""search_volume"": 170}, {""year"": 2026, ""month"": 2, ""search_volume"": 260}, {""year"": 2026, ""month"": 1, ""search_volume"": 320}, {""year"": 2025, ""month"": 12, ""search_volume"": 480}, {""year"": 2025, ""month"": 11, ""search_volume"": 390}, {""year"": 2025, ""month"": 10, ""search_volume"": 210}, {""year"": 2025, ""month"": 9, ""search_volume"": 170}, {""year"": 2025, ""month"": 8, ""search_volume"": 210}]"
C2,casque sans fil philips pour tv,210,0.14,USD_DOCUMENTED,core,True,,,,,casque TV sans fil compatible avec kit émetteur,keywords_data/google_ads/search_volume/live,2026-09-03T14:41:41.614360+00:00,2026-09-03-qualification-9-produits-pur/raw/20-controls-2.json.gz,"[{""year"": 2026, ""month"": 7, ""search_volume"": 170}, {""year"": 2026, ""month"": 6, ""search_volume"": 210}, {""year"": 2026, ""month"": 5, ""search_volume"": 170}, {""year"": 2026, ""month"": 4, ""search_volume"": 110}, {""year"": 2026, ""month"": 3, ""search_volume"": 170}, {""year"": 2026, ""month"": 2, ""search_volume"": 170}, {""year"": 2026, ""month"": 1, ""search_volume"": 320}, {""year"": 2025, ""month"": 12, ""search_volume"": 390}, {""year"": 2025, ""month"": 11, ""search_volume"": 390}, {""year"": 2025, ""month"": 10, ""search_volume"": 210}, {""year"": 2025, ""month"": 9, ""search_volume"": 170}, {""year"": 2025, ""month"": 8, ""search_volume"": 140}]"
C2,casque philips tv sans fil,210,0.14,USD_DOCUMENTED,core,True,,,,,casque TV sans fil compatible avec kit émetteur,keywords_data/google_ads/search_volume/live,2026-09-03T14:41:41.614360+00:00,2026-09-03-qualification-9-produits-pur/raw/20-controls-2.json.gz,"[{""year"": 2026, ""month"": 7, ""search_volume"": 170}, {""year"": 2026, ""month"": 6, ""search_volume"": 210}, {""year"": 2026, ""month"": 5, ""search_volume"": 170}, {""year"": 2026, ""month"": 4, ""search_volume"": 110}, {""year"": 2026, ""month"": 3, ""search_volume"": 170}, {""year"": 2026, ""month"": 2, ""search_volume"": 170}, {""year"": 2026, ""month"": 1, ""search_volume"": 320}, {""year"": 2025, ""month"": 12, ""search_volume"": 390}, {""year"": 2025, ""month"": 11, ""search_volume"": 390}, {""year"": 2025, ""month"": 10, ""search_volume"": 210}, {""year"": 2025, ""month"": 9, ""search_volume"": 170}, {""year"": 2025, ""month"": 8, ""search_volume"": 140}]"
C2,casque sans fil tv philips,210,0.14,USD_DOCUMENTED,core,True,,,,,casque TV sans fil compatible avec kit émetteur,keywords_data/google_ads/search_volume/live,2026-09-03T14:41:41.614360+00:00,2026-09-03-qualification-9-produits-pur/raw/20-controls-2.json.gz,"[{""year"": 2026, ""month"": 7, ""search_volume"": 170}, {""year"": 2026, ""month"": 6, ""search_volume"": 210}, {""year"": 2026, ""month"": 5, ""search_volume"": 170}, {""year"": 2026, ""month"": 4, ""search_volume"": 110}, {""year"": 2026, ""month"": 3, ""search_volume"": 170}, {""year"": 2026, ""month"": 2, ""search_volume"": 170}, {""year"": 2026, ""month"": 1, ""search_volume"": 320}, {""year"": 2025, ""month"": 12, ""search_volume"": 390}, {""year"": 2025, ""month"": 11, ""search_volume"": 390}, {""year"": 2025, ""month"": 10, ""search_volume"": 210}, {""year"": 2025, ""month"": 9, ""search_volume"": 170}, {""year"": 2025, ""month"": 8, ""search_volume"": 140}]"
C2,meilleur casque tv senior,210,0.26,USD_DOCUMENTED,parent,False,,,,,"casque TV générique, filaire et sans fil mélangés",dataforseo_labs/google/keyword_suggestions/live,2026-09-03T13:38:19.594647+00:00,2026-09-03-test-decouverte-couplee/raw/10-c2-labs.json.gz,"[{""year"": 2026, ""month"": 7, ""search_volume"": 170}, {""year"": 2026, ""month"": 6, ""search_volume"": 210}, {""year"": 2026, ""month"": 5, ""search_volume"": 260}, {""year"": 2026, ""month"": 4, ""search_volume"": 110}, {""year"": 2026, ""month"": 3, ""search_volume"": 140}, {""year"": 2026, ""month"": 2, ""search_volume"": 210}, {""year"": 2026, ""month"": 1, ""search_volume"": 170}, {""year"": 2025, ""month"": 12, ""search_volume"": 260}, {""year"": 2025, ""month"": 11, ""search_volume"": 260}, {""year"": 2025, ""month"": 10, ""search_volume"": 210}, {""year"": 2025, ""month"": 9, ""search_volume"": 210}, {""year"": 2025, ""month"": 8, ""search_volume"": 140}]"
C2,casque sans fil tv leclerc,210,0.09,USD_DOCUMENTED,core,True,,,,,casque TV sans fil compatible avec kit émetteur,keywords_data/google_ads/search_volume/live,2026-09-03T14:41:41.614360+00:00,2026-09-03-qualification-9-produits-pur/raw/20-controls-2.json.gz,"[{""year"": 2026, ""month"": 7, ""search_volume"": 140}, {""year"": 2026, ""month"": 6, ""search_volume"": 140}, {""year"": 2026, ""month"": 5, ""search_volume"": 110}, {""year"": 2026, ""month"": 4, ""search_volume"": 110}, {""year"": 2026, ""month"": 3, ""search_volume"": 170}, {""year"": 2026, ""month"": 2, ""search_volume"": 170}, {""year"": 2026, ""month"": 1, ""search_volume"": 260}, {""year"": 2025, ""month"": 12, ""search_volume"": 480}, {""year"": 2025, ""month"": 11, ""search_volume"": 320}, {""year"": 2025, ""month"": 10, ""search_volume"": 210}, {""year"": 2025, ""month"": 9, ""search_volume"": 260}, {""year"": 2025, ""month"": 8, ""search_volume"": 210}]"
C2,casque wifi tv,210,0.21,USD_DOCUMENTED,incompatible,False,,,,,"autre technologie, accessoire ou besoin auditif spécifique",dataforseo_labs/google/keyword_suggestions/live,2026-09-03T13:38:19.594647+00:00,2026-09-03-test-decouverte-couplee/raw/10-c2-labs.json.gz,"[{""year"": 2026, ""month"": 7, ""search_volume"": 110}, {""year"": 2026, ""month"": 6, ""search_volume"": 140}, {""year"": 2026, ""month"": 5, ""search_volume"": 140}, {""year"": 2026, ""month"": 4, ""search_volume"": 170}, {""year"": 2026, ""month"": 3, ""search_volume"": 170}, {""year"": 2026, ""month"": 2, ""search_volume"": 170}, {""year"": 2026, ""month"": 1, ""search_volume"": 260}, {""year"": 2025, ""month"": 12, ""search_volume"": 390}, {""year"": 2025, ""month"": 11, ""search_volume"": 260}, {""year"": 2025, ""month"": 10, ""search_volume"": 170}, {""year"": 2025, ""month"": 9, ""search_volume"": 170}, {""year"": 2025, ""month"": 8, ""search_volume"": 170}]"
C2,casque audio bluetooth pour tv,210,0.25,USD_DOCUMENTED,core,False,G0006,210,G0008,210,casque TV sans fil compatible avec kit émetteur,keywords_data/google_ads/search_volume/live,2026-09-03T14:41:41.614360+00:00,2026-09-03-qualification-9-produits-pur/raw/20-controls-2.json.gz,"[{""year"": 2026, ""month"": 7, ""search_volume"": 210}, {""year"": 2026, ""month"": 6, ""search_volume"": 260}, {""year"": 2026, ""month"": 5, ""search_volume"": 210}, {""year"": 2026, ""month"": 4, ""search_volume"": 170}, {""year"": 2026, ""month"": 3, ""search_volume"": 170}, {""year"": 2026, ""month"": 2, ""search_volume"": 210}, {""year"": 2026, ""month"": 1, ""search_volume"": 320}, {""year"": 2025, ""month"": 12, ""search_volume"": 480}, {""year"": 2025, ""month"": 11, ""search_volume"": 390}, {""year"": 2025, ""month"": 10, ""search_volume"": 140}, {""year"": 2025, ""month"": 9, ""search_volume"": 70}, {""year"": 2025, ""month"": 8, ""search_volume"": 70}]"
C2,casque sans fil pour tv philips,210,0.14,USD_DOCUMENTED,core,True,,,,,casque TV sans fil compatible avec kit émetteur,keywords_data/google_ads/search_volume/live,2026-09-03T14:41:41.614360+00:00,2026-09-03-qualification-9-produits-pur/raw/20-controls-2.json.gz,"[{""year"": 2026, ""month"": 7, ""search_volume"": 170}, {""year"": 2026, ""month"": 6, ""search_volume"": 210}, {""year"": 2026, ""month"": 5, ""search_volume"": 170}, {""year"": 2026, ""month"": 4, ""search_volume"": 110}, {""year"": 2026, ""month"": 3, ""search_volume"": 170}, {""year"": 2026, ""month"": 2, ""search_volume"": 170}, {""year"": 2026, ""month"": 1, ""search_volume"": 320}, {""year"": 2025, ""month"": 12, ""search_volume"": 390}, {""year"": 2025, ""month"": 11, ""search_volume"": 390}, {""year"": 2025, ""month"": 10, ""search_volume"": 210}, {""year"": 2025, ""month"": 9, ""search_volume"": 170}, {""year"": 2025, ""month"": 8, ""search_volume"": 140}]"
C2,casque tv wifi,210,0.21,USD_DOCUMENTED,incompatible,False,,,,,"autre technologie, accessoire ou besoin auditif spécifique",dataforseo_labs/google/keyword_suggestions/live,2026-09-03T13:38:19.594647+00:00,2026-09-03-test-decouverte-couplee/raw/10-c2-labs.json.gz,"[{""year"": 2026, ""month"": 7, ""search_volume"": 110}, {""year"": 2026, ""month"": 6, ""search_volume"": 140}, {""year"": 2026, ""month"": 5, ""search_volume"": 140}, {""year"": 2026, ""month"": 4, ""search_volume"": 170}, {""year"": 2026, ""month"": 3, ""search_volume"": 170}, {""year"": 2026, ""month"": 2, ""search_volume"": 170}, {""year"": 2026, ""month"": 1, ""search_volume"": 260}, {""year"": 2025, ""month"": 12, ""search_volume"": 390}, {""year"": 2025, ""month"": 11, ""search_volume"": 260}, {""year"": 2025, ""month"": 10, ""search_volume"": 170}, {""year"": 2025, ""month"": 9, ""search_volume"": 170}, {""year"": 2025, ""month"": 8, ""search_volume"": 170}]"
C2,casque tv philips sans fil,210,0.14,USD_DOCUMENTED,core,True,,,,,casque TV sans fil compatible avec kit émetteur,keywords_data/google_ads/search_volume/live,2026-09-03T14:41:41.614360+00:00,2026-09-03-qualification-9-produits-pur/raw/20-controls-2.json.gz,"[{""year"": 2026, ""month"": 7, ""search_volume"": 170}, {""year"": 2026, ""month"": 6, ""search_volume"": 210}, {""year"": 2026, ""month"": 5, ""search_volume"": 170}, {""year"": 2026, ""month"": 4, ""search_volume"": 110}, {""year"": 2026, ""month"": 3, ""search_volume"": 170}, {""year"": 2026, ""month"": 2, ""search_volume"": 170}, {""year"": 2026, ""month"": 1, ""search_volume"": 320}, {""year"": 2025, ""month"": 12, ""search_volume"": 390}, {""year"": 2025, ""month"": 11, ""search_volume"": 390}, {""year"": 2025, ""month"": 10, ""search_volume"": 210}, {""year"": 2025, ""month"": 9, ""search_volume"": 170}, {""year"": 2025, ""month"": 8, ""search_volume"": 140}]"
C2,casque philips sans fil tv,210,0.14,USD_DOCUMENTED,core,True,,,,,casque TV sans fil compatible avec kit émetteur,keywords_data/google_ads/search_volume/live,2026-09-03T14:41:41.614360+00:00,2026-09-03-qualification-9-produits-pur/raw/20-controls-2.json.gz,"[{""year"": 2026, ""month"": 7, ""search_volume"": 170}, {""year"": 2026, ""month"": 6, ""search_volume"": 210}, {""year"": 2026, ""month"": 5, ""search_volume"": 170}, {""year"": 2026, ""month"": 4, ""search_volume"": 110}, {""year"": 2026, ""month"": 3, ""search_volume"": 170}, {""year"": 2026, ""month"": 2, ""search_volume"": 170}, {""year"": 2026, ""month"": 1, ""search_volume"": 320}, {""year"": 2025, ""month"": 12, ""search_volume"": 390}, {""year"": 2025, ""month"": 11, ""search_volume"": 390}, {""year"": 2025, ""month"": 10, ""search_volume"": 210}, {""year"": 2025, ""month"": 9, ""search_volume"": 170}, {""year"": 2025, ""month"": 8, ""search_volume"": 140}]"
C2,comment brancher un casque sans fil sur tv samsung,210,0.2,USD_DOCUMENTED,information,True,,,,,"usage/SAV/risque, hors demande achat directe",dataforseo_labs/google/keyword_suggestions/live,2026-09-03T13:38:19.594647+00:00,2026-09-03-test-decouverte-couplee/raw/10-c2-labs.json.gz,"[{""year"": 2026, ""month"": 7, ""search_volume"": 140}, {""year"": 2026, ""month"": 6, ""search_volume"": 170}, {""year"": 2026, ""month"": 5, ""search_volume"": 170}, {""year"": 2026, ""month"": 4, ""search_volume"": 110}, {""year"": 2026, ""month"": 3, ""search_volume"": 170}, {""year"": 2026, ""month"": 2, ""search_volume"": 210}, {""year"": 2026, ""month"": 1, ""search_volume"": 320}, {""year"": 2025, ""month"": 12, ""search_volume"": 320}, {""year"": 2025, ""month"": 11, ""search_volume"": 260}, {""year"": 2025, ""month"": 10, ""search_volume"": 210}, {""year"": 2025, ""month"": 9, ""search_volume"": 170}, {""year"": 2025, ""month"": 8, ""search_volume"": 170}]"
C2,casque tv sans fil leclerc,210,0.09,USD_DOCUMENTED,core,True,,,,,casque TV sans fil compatible avec kit émetteur,keywords_data/google_ads/search_volume/live,2026-09-03T14:41:41.614360+00:00,2026-09-03-qualification-9-produits-pur/raw/20-controls-2.json.gz,"[{""year"": 2026, ""month"": 7, ""search_volume"": 140}, {""year"": 2026, ""month"": 6, ""search_volume"": 140}, {""year"": 2026, ""month"": 5, ""search_volume"": 110}, {""year"": 2026, ""month"": 4, ""search_volume"": 110}, {""year"": 2026, ""month"": 3, ""search_volume"": 170}, {""year"": 2026, ""month"": 2, ""search_volume"": 170}, {""year"": 2026, ""month"": 1, ""search_volume"": 260}, {""year"": 2025, ""month"": 12, ""search_volume"": 480}, {""year"": 2025, ""month"": 11, ""search_volume"": 320}, {""year"": 2025, ""month"": 10, ""search_volume"": 210}, {""year"": 2025, ""month"": 9, ""search_volume"": 260}, {""year"": 2025, ""month"": 8, ""search_volume"": 210}]"
C2,casque philips tv,210,0.23,USD_DOCUMENTED,parent,True,,,,,"casque TV générique, filaire et sans fil mélangés",dataforseo_labs/google/keyword_suggestions/live,2026-09-03T13:38:19.594647+00:00,2026-09-03-test-decouverte-couplee/raw/10-c2-labs.json.gz,"[{""year"": 2026, ""month"": 7, ""search_volume"": 140}, {""year"": 2026, ""month"": 6, ""search_volume"": 110}, {""year"": 2026, ""month"": 5, ""search_volume"": 140}, {""year"": 2026, ""month"": 4, ""search_volume"": 140}, {""year"": 2026, ""month"": 3, ""search_volume"": 170}, {""year"": 2026, ""month"": 2, ""search_volume"": 260}, {""year"": 2026, ""month"": 1, ""search_volume"": 320}, {""year"": 2025, ""month"": 12, ""search_volume"": 480}, {""year"": 2025, ""month"": 11, ""search_volume"": 390}, {""year"": 2025, ""month"": 10, ""search_volume"": 210}, {""year"": 2025, ""month"": 9, ""search_volume"": 170}, {""year"": 2025, ""month"": 8, ""search_volume"": 210}]"
C2,casque tv philips,210,0.23,USD_DOCUMENTED,parent,True,,,,,"casque TV générique, filaire et sans fil mélangés",keywords_data/google_ads/search_volume/live,2026-09-03T13:45:51.027216+00:00,2026-09-03-test-decouverte-couplee/raw/22-first-controls.json.gz,"[{""year"": 2026, ""month"": 7, ""search_volume"": 140}, {""year"": 2026, ""month"": 6, ""search_volume"": 110}, {""year"": 2026, ""month"": 5, ""search_volume"": 140}, {""year"": 2026, ""month"": 4, ""search_volume"": 140}, {""year"": 2026, ""month"": 3, ""search_volume"": 170}, {""year"": 2026, ""month"": 2, ""search_volume"": 260}, {""year"": 2026, ""month"": 1, ""search_volume"": 320}, {""year"": 2025, ""month"": 12, ""search_volume"": 480}, {""year"": 2025, ""month"": 11, ""search_volume"": 390}, {""year"": 2025, ""month"": 10, ""search_volume"": 210}, {""year"": 2025, ""month"": 9, ""search_volume"": 170}, {""year"": 2025, ""month"": 8, ""search_volume"": 210}]"
C2,casque pour television philips,210,0.23,USD_DOCUMENTED,parent,True,,,,,"casque TV générique, filaire et sans fil mélangés",dataforseo_labs/google/keyword_suggestions/live,2026-09-03T14:36:31.280584+00:00,2026-09-03-qualification-9-produits-pur/raw/10-C2-labs-1.json.gz,"[{""year"": 2026, ""month"": 7, ""search_volume"": 140}, {""year"": 2026, ""month"": 6, ""search_volume"": 110}, {""year"": 2026, ""month"": 5, ""search_volume"": 140}, {""year"": 2026, ""month"": 4, ""search_volume"": 140}, {""year"": 2026, ""month"": 3, ""search_volume"": 170}, {""year"": 2026, ""month"": 2, ""search_volume"": 260}, {""year"": 2026, ""month"": 1, ""search_volume"": 320}, {""year"": 2025, ""month"": 12, ""search_volume"": 480}, {""year"": 2025, ""month"": 11, ""search_volume"": 390}, {""year"": 2025, ""month"": 10, ""search_volume"": 210}, {""year"": 2025, ""month"": 9, ""search_volume"": 170}, {""year"": 2025, ""month"": 8, ""search_volume"": 210}]"
C2,casque wifi television,210,0.21,USD_DOCUMENTED,incompatible,False,,,,,"autre technologie, accessoire ou besoin auditif spécifique",dataforseo_labs/google/keyword_suggestions/live,2026-09-03T14:36:31.280584+00:00,2026-09-03-qualification-9-produits-pur/raw/10-C2-labs-1.json.gz,"[{""year"": 2026, ""month"": 7, ""search_volume"": 110}, {""year"": 2026, ""month"": 6, ""search_volume"": 140}, {""year"": 2026, ""month"": 5, ""search_volume"": 140}, {""year"": 2026, ""month"": 4, ""search_volume"": 170}, {""year"": 2026, ""month"": 3, ""search_volume"": 170}, {""year"": 2026, ""month"": 2, ""search_volume"": 170}, {""year"": 2026, ""month"": 1, ""search_volume"": 260}, {""year"": 2025, ""month"": 12, ""search_volume"": 390}, {""year"": 2025, ""month"": 11, ""search_volume"": 260}, {""year"": 2025, ""month"": 10, ""search_volume"": 170}, {""year"": 2025, ""month"": 9, ""search_volume"": 170}, {""year"": 2025, ""month"": 8, ""search_volume"": 170}]"
C2,casque tv sans fil avec émetteur bluetooth,170,0.25,USD_DOCUMENTED,core,False,G0007,170,G0009,170,kit complet casque avec émetteur ; ne pas confondre avec émetteur seul,dataforseo_labs/google/keyword_suggestions/live,2026-09-03T13:38:19.594647+00:00,2026-09-03-test-decouverte-couplee/raw/10-c2-labs.json.gz,"[{""year"": 2026, ""month"": 7, ""search_volume"": 170}, {""year"": 2026, ""month"": 6, ""search_volume"": 110}, {""year"": 2026, ""month"": 5, ""search_volume"": 90}, {""year"": 2026, ""month"": 4, ""search_volume"": 90}, {""year"": 2026, ""month"": 3, ""search_volume"": 110}, {""year"": 2026, ""month"": 2, ""search_volume"": 170}, {""year"": 2026, ""month"": 1, ""search_volume"": 260}, {""year"": 2025, ""month"": 12, ""search_volume"": 390}, {""year"": 2025, ""month"": 11, ""search_volume"": 320}, {""year"": 2025, ""month"": 10, ""search_volume"": 260}, {""year"": 2025, ""month"": 9, ""search_volume"": 170}, {""year"": 2025, ""month"": 8, ""search_volume"": 210}]"
C2,sennheiser casque tv,170,0.35,USD_DOCUMENTED,parent,True,,,,,"casque TV générique, filaire et sans fil mélangés",dataforseo_labs/google/keyword_suggestions/live,2026-09-03T13:38:19.594647+00:00,2026-09-03-test-decouverte-couplee/raw/10-c2-labs.json.gz,"[{""year"": 2026, ""month"": 7, ""search_volume"": 110}, {""year"": 2026, ""month"": 6, ""search_volume"": 140}, {""year"": 2026, ""month"": 5, ""search_volume"": 140}, {""year"": 2026, ""month"": 4, ""search_volume"": 110}, {""year"": 2026, ""month"": 3, ""search_volume"": 170}, {""year"": 2026, ""month"": 2, ""search_volume"": 170}, {""year"": 2026, ""month"": 1, ""search_volume"": 210}, {""year"": 2025, ""month"": 12, ""search_volume"": 320}, {""year"": 2025, ""month"": 11, ""search_volume"": 260}, {""year"": 2025, ""month"": 10, ""search_volume"": 170}, {""year"": 2025, ""month"": 9, ""search_volume"": 170}, {""year"": 2025, ""month"": 8, ""search_volume"": 170}]"
C2,meilleur casque tv sans fil sennheiser,170,0.31,USD_DOCUMENTED,core,True,,,,,casque TV sans fil compatible avec kit émetteur,keywords_data/google_ads/search_volume/live,2026-09-03T14:41:41.614360+00:00,2026-09-03-qualification-9-produits-pur/raw/20-controls-2.json.gz,"[{""year"": 2026, ""month"": 7, ""search_volume"": 140}, {""year"": 2026, ""month"": 6, ""search_volume"": 140}, {""year"": 2026, ""month"": 5, ""search_volume"": 140}, {""year"": 2026, ""month"": 4, ""search_volume"": 90}, {""year"": 2026, ""month"": 3, ""search_volume"": 170}, {""year"": 2026, ""month"": 2, ""search_volume"": 170}, {""year"": 2026, ""month"": 1, ""search_volume"": 210}, {""year"": 2025, ""month"": 12, ""search_volume"": 260}, {""year"": 2025, ""month"": 11, ""search_volume"": 320}, {""year"": 2025, ""month"": 10, ""search_volume"": 170}, {""year"": 2025, ""month"": 9, ""search_volume"": 140}, {""year"": 2025, ""month"": 8, ""search_volume"": 210}]"
C2,casque sans fil duo pour tv,170,0.24,USD_DOCUMENTED,conditional,False,,,G0010,170,double casque ou entrée audio USB non confirmée pour le kit simple,keywords_data/google_ads/search_volume/live,2026-09-03T14:41:41.614360+00:00,2026-09-03-qualification-9-produits-pur/raw/20-controls-2.json.gz,"[{""year"": 2026, ""month"": 7, ""search_volume"": 140}, {""year"": 2026, ""month"": 6, ""search_volume"": 110}, {""year"": 2026, ""month"": 5, ""search_volume"": 90}, {""year"": 2026, ""month"": 4, ""search_volume"": 90}, {""year"": 2026, ""month"": 3, ""search_volume"": 140}, {""year"": 2026, ""month"": 2, ""search_volume"": 140}, {""year"": 2026, ""month"": 1, ""search_volume"": 210}, {""year"": 2025, ""month"": 12, ""search_volume"": 320}, {""year"": 2025, ""month"": 11, ""search_volume"": 260}, {""year"": 2025, ""month"": 10, ""search_volume"": 210}, {""year"": 2025, ""month"": 9, ""search_volume"": 170}, {""year"": 2025, ""month"": 8, ""search_volume"": 110}]"
C2,casque tv sans fil duo,170,0.24,USD_DOCUMENTED,conditional,False,,,G0010,0,double casque ou entrée audio USB non confirmée pour le kit simple,keywords_data/google_ads/search_volume/live,2026-09-03T14:41:41.614360+00:00,2026-09-03-qualification-9-produits-pur/raw/20-controls-2.json.gz,"[{""year"": 2026, ""month"": 7, ""search_volume"": 140}, {""year"": 2026, ""month"": 6, ""search_volume"": 110}, {""year"": 2026, ""month"": 5, ""search_volume"": 90}, {""year"": 2026, ""month"": 4, ""search_volume"": 90}, {""year"": 2026, ""month"": 3, ""search_volume"": 140}, {""year"": 2026, ""month"": 2, ""search_volume"": 140}, {""year"": 2026, ""month"": 1, ""search_volume"": 210}, {""year"": 2025, ""month"": 12, ""search_volume"": 320}, {""year"": 2025, ""month"": 11, ""search_volume"": 260}, {""year"": 2025, ""month"": 10, ""search_volume"": 210}, {""year"": 2025, ""month"": 9, ""search_volume"": 170}, {""year"": 2025, ""month"": 8, ""search_volume"": 110}]"
C2,casque pour tv pour malentendant,170,0.35,USD_DOCUMENTED,incompatible,False,,,,,"autre technologie, accessoire ou besoin auditif spécifique",dataforseo_labs/google/keyword_suggestions/live,2026-09-03T13:38:19.594647+00:00,2026-09-03-test-decouverte-couplee/raw/10-c2-labs.json.gz,"[{""year"": 2026, ""month"": 7, ""search_volume"": 90}, {""year"": 2026, ""month"": 6, ""search_volume"": 110}, {""year"": 2026, ""month"": 5, ""search_volume"": 170}, {""year"": 2026, ""month"": 4, ""search_volume"": 110}, {""year"": 2026, ""month"": 3, ""search_volume"": 210}, {""year"": 2026, ""month"": 2, ""search_volume"": 210}, {""year"": 2026, ""month"": 1, ""search_volume"": 170}, {""year"": 2025, ""month"": 12, ""search_volume"": 260}, {""year"": 2025, ""month"": 11, ""search_volume"": 260}, {""year"": 2025, ""month"": 10, ""search_volume"": 170}, {""year"": 2025, ""month"": 9, ""search_volume"": 170}, {""year"": 2025, ""month"": 8, ""search_volume"": 140}]"
C2,casque tv malentendant,170,0.35,USD_DOCUMENTED,incompatible,False,,,,,"autre technologie, accessoire ou besoin auditif spécifique",dataforseo_labs/google/keyword_suggestions/live,2026-09-03T13:38:19.594647+00:00,2026-09-03-test-decouverte-couplee/raw/10-c2-labs.json.gz,"[{""year"": 2026, ""month"": 7, ""search_volume"": 90}, {""year"": 2026, ""month"": 6, ""search_volume"": 110}, {""year"": 2026, ""month"": 5, ""search_volume"": 170}, {""year"": 2026, ""month"": 4, ""search_volume"": 110}, {""year"": 2026, ""month"": 3, ""search_volume"": 210}, {""year"": 2026, ""month"": 2, ""search_volume"": 210}, {""year"": 2026, ""month"": 1, ""search_volume"": 170}, {""year"": 2025, ""month"": 12, ""search_volume"": 260}, {""year"": 2025, ""month"": 11, ""search_volume"": 260}, {""year"": 2025, ""month"": 10, ""search_volume"": 170}, {""year"": 2025, ""month"": 9, ""search_volume"": 170}, {""year"": 2025, ""month"": 8, ""search_volume"": 140}]"
C2,casque duo sans fil pour tv,170,0.24,USD_DOCUMENTED,conditional,False,,,G0010,0,double casque ou entrée audio USB non confirmée pour le kit simple,keywords_data/google_ads/search_volume/live,2026-09-03T14:41:41.614360+00:00,2026-09-03-qualification-9-produits-pur/raw/20-controls-2.json.gz,"[{""year"": 2026, ""month"": 7, ""search_volume"": 140}, {""year"": 2026, ""month"": 6, ""search_volume"": 110}, {""year"": 2026, ""month"": 5, ""search_volume"": 90}, {""year"": 2026, ""month"": 4, ""search_volume"": 90}, {""year"": 2026, ""month"": 3, ""search_volume"": 140}, {""year"": 2026, ""month"": 2, ""search_volume"": 140}, {""year"": 2026, ""month"": 1, ""search_volume"": 210}, {""year"": 2025, ""month"": 12, ""search_volume"": 320}, {""year"": 2025, ""month"": 11, ""search_volume"": 260}, {""year"": 2025, ""month"": 10, ""search_volume"": 210}, {""year"": 2025, ""month"": 9, ""search_volume"": 170}, {""year"": 2025, ""month"": 8, ""search_volume"": 110}]"
C2,casque tv duo sans fil,170,0.24,USD_DOCUMENTED,conditional,False,,,G0010,0,double casque ou entrée audio USB non confirmée pour le kit simple,keywords_data/google_ads/search_volume/live,2026-09-03T14:41:41.614360+00:00,2026-09-03-qualification-9-produits-pur/raw/20-controls-2.json.gz,"[{""year"": 2026, ""month"": 7, ""search_volume"": 140}, {""year"": 2026, ""month"": 6, ""search_volume"": 110}, {""year"": 2026, ""month"": 5, ""search_volume"": 90}, {""year"": 2026, ""month"": 4, ""search_volume"": 90}, {""year"": 2026, ""month"": 3, ""search_volume"": 140}, {""year"": 2026, ""month"": 2, ""search_volume"": 140}, {""year"": 2026, ""month"": 1, ""search_volume"": 210}, {""year"": 2025, ""month"": 12, ""search_volume"": 320}, {""year"": 2025, ""month"": 11, ""search_volume"": 260}, {""year"": 2025, ""month"": 10, ""search_volume"": 210}, {""year"": 2025, ""month"": 9, ""search_volume"": 170}, {""year"": 2025, ""month"": 8, ""search_volume"": 110}]"
C2,connecter un casque bluetooth sur tv samsung,170,0.11,USD_DOCUMENTED,information,True,,,,,"usage/SAV/risque, hors demande achat directe",dataforseo_labs/google/keyword_suggestions/live,2026-09-03T13:38:19.594647+00:00,2026-09-03-test-decouverte-couplee/raw/10-c2-labs.json.gz,"[{""year"": 2026, ""month"": 7, ""search_volume"": 90}, {""year"": 2026, ""month"": 6, ""search_volume"": 90}, {""year"": 2026, ""month"": 5, ""search_volume"": 110}, {""year"": 2026, ""month"": 4, ""search_volume"": 90}, {""year"": 2026, ""month"": 3, ""search_volume"": 110}, {""year"": 2026, ""month"": 2, ""search_volume"": 140}, {""year"": 2026, ""month"": 1, ""search_volume"": 260}, {""year"": 2025, ""month"": 12, ""search_volume"": 260}, {""year"": 2025, ""month"": 11, ""search_volume"": 210}, {""year"": 2025, ""month"": 10, ""search_volume"": 170}, {""year"": 2025, ""month"": 9, ""search_volume"": 170}, {""year"": 2025, ""month"": 8, ""search_volume"": 170}]"
C2,casque tv malentendants,170,0.35,USD_DOCUMENTED,incompatible,False,,,,,"autre technologie, accessoire ou besoin auditif spécifique",dataforseo_labs/google/keyword_suggestions/live,2026-09-03T13:38:19.594647+00:00,2026-09-03-test-decouverte-couplee/raw/10-c2-labs.json.gz,"[{""year"": 2026, ""month"": 7, ""search_volume"": 90}, {""year"": 2026, ""month"": 6, ""search_volume"": 110}, {""year"": 2026, ""month"": 5, ""search_volume"": 170}, {""year"": 2026, ""month"": 4, ""search_volume"": 110}, {""year"": 2026, ""month"": 3, ""search_volume"": 210}, {""year"": 2026, ""month"": 2, ""search_volume"": 210}, {""year"": 2026, ""month"": 1, ""search_volume"": 170}, {""year"": 2025, ""month"": 12, ""search_volume"": 260}, {""year"": 2025, ""month"": 11, ""search_volume"": 260}, {""year"": 2025, ""month"": 10, ""search_volume"": 170}, {""year"": 2025, ""month"": 9, ""search_volume"": 170}, {""year"": 2025, ""month"": 8, ""search_volume"": 140}]"
C2,casque malentendant tv,170,0.35,USD_DOCUMENTED,incompatible,False,,,,,"autre technologie, accessoire ou besoin auditif spécifique",dataforseo_labs/google/keyword_suggestions/live,2026-09-03T13:38:19.594647+00:00,2026-09-03-test-decouverte-couplee/raw/10-c2-labs.json.gz,"[{""year"": 2026, ""month"": 7, ""search_volume"": 90}, {""year"": 2026, ""month"": 6, ""search_volume"": 110}, {""year"": 2026, ""month"": 5, ""search_volume"": 170}, {""year"": 2026, ""month"": 4, ""search_volume"": 110}, {""year"": 2026, ""month"": 3, ""search_volume"": 210}, {""year"": 2026, ""month"": 2, ""search_volume"": 210}, {""year"": 2026, ""month"": 1, ""search_volume"": 170}, {""year"": 2025, ""month"": 12, ""search_volume"": 260}, {""year"": 2025, ""month"": 11, ""search_volume"": 260}, {""year"": 2025, ""month"": 10, ""search_volume"": 170}, {""year"": 2025, ""month"": 9, ""search_volume"": 170}, {""year"": 2025, ""month"": 8, ""search_volume"": 140}]"
C2,comment connecter un casque bluetooth sur tv sans bluetooth,170,0.15,USD_DOCUMENTED,information,False,,,,,"usage/SAV/risque, hors demande achat directe",dataforseo_labs/google/keyword_suggestions/live,2026-09-03T13:38:19.594647+00:00,2026-09-03-test-decouverte-couplee/raw/10-c2-labs.json.gz,"[{""year"": 2026, ""month"": 7, ""search_volume"": 90}, {""year"": 2026, ""month"": 6, ""search_volume"": 90}, {""year"": 2026, ""month"": 5, ""search_volume"": 110}, {""year"": 2026, ""month"": 4, ""search_volume"": 90}, {""year"": 2026, ""month"": 3, ""search_volume"": 140}, {""year"": 2026, ""month"": 2, ""search_volume"": 170}, {""year"": 2026, ""month"": 1, ""search_volume"": 260}, {""year"": 2025, ""month"": 12, ""search_volume"": 390}, {""year"": 2025, ""month"": 11, ""search_volume"": 170}, {""year"": 2025, ""month"": 10, ""search_volume"": 140}, {""year"": 2025, ""month"": 9, ""search_volume"": 110}, {""year"": 2025, ""month"": 8, ""search_volume"": 90}]"
C2,connexion casque bluetooth tv samsung,170,0.11,USD_DOCUMENTED,core,True,,,,,casque TV sans fil compatible avec kit émetteur,keywords_data/google_ads/search_volume/live,2026-09-03T14:41:41.614360+00:00,2026-09-03-qualification-9-produits-pur/raw/20-controls-2.json.gz,"[{""year"": 2026, ""month"": 7, ""search_volume"": 90}, {""year"": 2026, ""month"": 6, ""search_volume"": 90}, {""year"": 2026, ""month"": 5, ""search_volume"": 110}, {""year"": 2026, ""month"": 4, ""search_volume"": 90}, {""year"": 2026, ""month"": 3, ""search_volume"": 110}, {""year"": 2026, ""month"": 2, ""search_volume"": 140}, {""year"": 2026, ""month"": 1, ""search_volume"": 260}, {""year"": 2025, ""month"": 12, ""search_volume"": 260}, {""year"": 2025, ""month"": 11, ""search_volume"": 210}, {""year"": 2025, ""month"": 10, ""search_volume"": 170}, {""year"": 2025, ""month"": 9, ""search_volume"": 170}, {""year"": 2025, ""month"": 8, ""search_volume"": 170}]"
C2,son tv et casque en même temps,170,,USD_DOCUMENTED,parent,False,,,,,"casque TV générique, filaire et sans fil mélangés",dataforseo_labs/google/keyword_suggestions/live,2026-09-03T13:38:19.594647+00:00,2026-09-03-test-decouverte-couplee/raw/10-c2-labs.json.gz,"[{""year"": 2026, ""month"": 7, ""search_volume"": 70}, {""year"": 2026, ""month"": 6, ""search_volume"": 50}, {""year"": 2026, ""month"": 5, ""search_volume"": 70}, {""year"": 2026, ""month"": 4, ""search_volume"": 90}, {""year"": 2026, ""month"": 3, ""search_volume"": 170}, {""year"": 2026, ""month"": 2, ""search_volume"": 210}, {""year"": 2026, ""month"": 1, ""search_volume"": 320}, {""year"": 2025, ""month"": 12, ""search_volume"": 320}, {""year"": 2025, ""month"": 11, ""search_volume"": 260}, {""year"": 2025, ""month"": 10, ""search_volume"": 170}, {""year"": 2025, ""month"": 9, ""search_volume"": 110}, {""year"": 2025, ""month"": 8, ""search_volume"": 90}]"
C2,casque pour malentendant tv,170,0.35,USD_DOCUMENTED,incompatible,False,,,,,"autre technologie, accessoire ou besoin auditif spécifique",dataforseo_labs/google/keyword_suggestions/live,2026-09-03T13:38:19.594647+00:00,2026-09-03-test-decouverte-couplee/raw/10-c2-labs.json.gz,"[{""year"": 2026, ""month"": 7, ""search_volume"": 90}, {""year"": 2026, ""month"": 6, ""search_volume"": 110}, {""year"": 2026, ""month"": 5, ""search_volume"": 170}, {""year"": 2026, ""month"": 4, ""search_volume"": 110}, {""year"": 2026, ""month"": 3, ""search_volume"": 210}, {""year"": 2026, ""month"": 2, ""search_volume"": 210}, {""year"": 2026, ""month"": 1, ""search_volume"": 170}, {""year"": 2025, ""month"": 12, ""search_volume"": 260}, {""year"": 2025, ""month"": 11, ""search_volume"": 260}, {""year"": 2025, ""month"": 10, ""search_volume"": 170}, {""year"": 2025, ""month"": 9, ""search_volume"": 170}, {""year"": 2025, ""month"": 8, ""search_volume"": 140}]"
C2,casque sans fil tv duo,170,0.24,USD_DOCUMENTED,conditional,False,,,G0010,0,double casque ou entrée audio USB non confirmée pour le kit simple,keywords_data/google_ads/search_volume/live,2026-09-03T14:41:41.614360+00:00,2026-09-03-qualification-9-produits-pur/raw/20-controls-2.json.gz,"[{""year"": 2026, ""month"": 7, ""search_volume"": 140}, {""year"": 2026, ""month"": 6, ""search_volume"": 110}, {""year"": 2026, ""month"": 5, ""search_volume"": 90}, {""year"": 2026, ""month"": 4, ""search_volume"": 90}, {""year"": 2026, ""month"": 3, ""search_volume"": 140}, {""year"": 2026, ""month"": 2, ""search_volume"": 140}, {""year"": 2026, ""month"": 1, ""search_volume"": 210}, {""year"": 2025, ""month"": 12, ""search_volume"": 320}, {""year"": 2025, ""month"": 11, ""search_volume"": 260}, {""year"": 2025, ""month"": 10, ""search_volume"": 210}, {""year"": 2025, ""month"": 9, ""search_volume"": 170}, {""year"": 2025, ""month"": 8, ""search_volume"": 110}]"
C2,connecter casque bluetooth tv samsung,170,0.11,USD_DOCUMENTED,information,True,,,,,"usage/SAV/risque, hors demande achat directe",dataforseo_labs/google/keyword_suggestions/live,2026-09-03T13:38:19.594647+00:00,2026-09-03-test-decouverte-couplee/raw/10-c2-labs.json.gz,"[{""year"": 2026, ""month"": 7, ""search_volume"": 90}, {""year"": 2026, ""month"": 6, ""search_volume"": 90}, {""year"": 2026, ""month"": 5, ""search_volume"": 110}, {""year"": 2026, ""month"": 4, ""search_volume"": 90}, {""year"": 2026, ""month"": 3, ""search_volume"": 110}, {""year"": 2026, ""month"": 2, ""search_volume"": 140}, {""year"": 2026, ""month"": 1, ""search_volume"": 260}, {""year"": 2025, ""month"": 12, ""search_volume"": 260}, {""year"": 2025, ""month"": 11, ""search_volume"": 210}, {""year"": 2025, ""month"": 10, ""search_volume"": 170}, {""year"": 2025, ""month"": 9, ""search_volume"": 170}, {""year"": 2025, ""month"": 8, ""search_volume"": 170}]"
C2,duo casque tv sans fil,170,0.24,USD_DOCUMENTED,conditional,False,,,G0010,0,double casque ou entrée audio USB non confirmée pour le kit simple,keywords_data/google_ads/search_volume/live,2026-09-03T14:41:41.614360+00:00,2026-09-03-qualification-9-produits-pur/raw/20-controls-2.json.gz,"[{""year"": 2026, ""month"": 7, ""search_volume"": 140}, {""year"": 2026, ""month"": 6, ""search_volume"": 110}, {""year"": 2026, ""month"": 5, ""search_volume"": 90}, {""year"": 2026, ""month"": 4, ""search_volume"": 90}, {""year"": 2026, ""month"": 3, ""search_volume"": 140}, {""year"": 2026, ""month"": 2, ""search_volume"": 140}, {""year"": 2026, ""month"": 1, ""search_volume"": 210}, {""year"": 2025, ""month"": 12, ""search_volume"": 320}, {""year"": 2025, ""month"": 11, ""search_volume"": 260}, {""year"": 2025, ""month"": 10, ""search_volume"": 210}, {""year"": 2025, ""month"": 9, ""search_volume"": 170}, {""year"": 2025, ""month"": 8, ""search_volume"": 110}]"
C2,casque télévision malentendant,170,0.35,USD_DOCUMENTED,incompatible,False,,,,,"autre technologie, accessoire ou besoin auditif spécifique",dataforseo_labs/google/keyword_suggestions/live,2026-09-03T14:36:31.018349+00:00,2026-09-03-qualification-9-produits-pur/raw/10-C2-labs-0.json.gz,"[{""year"": 2026, ""month"": 7, ""search_volume"": 90}, {""year"": 2026, ""month"": 6, ""search_volume"": 110}, {""year"": 2026, ""month"": 5, ""search_volume"": 170}, {""year"": 2026, ""month"": 4, ""search_volume"": 110}, {""year"": 2026, ""month"": 3, ""search_volume"": 210}, {""year"": 2026, ""month"": 2, ""search_volume"": 210}, {""year"": 2026, ""month"": 1, ""search_volume"": 170}, {""year"": 2025, ""month"": 12, ""search_volume"": 260}, {""year"": 2025, ""month"": 11, ""search_volume"": 260}, {""year"": 2025, ""month"": 10, ""search_volume"": 170}, {""year"": 2025, ""month"": 9, ""search_volume"": 170}, {""year"": 2025, ""month"": 8, ""search_volume"": 140}]"
C2,casque tv sans fil amazon,140,0.1,USD_DOCUMENTED,core,True,,,,,casque TV sans fil compatible avec kit émetteur,keywords_data/google_ads/search_volume/live,2026-09-03T14:41:41.614360+00:00,2026-09-03-qualification-9-produits-pur/raw/20-controls-2.json.gz,"[{""year"": 2026, ""month"": 7, ""search_volume"": 90}, {""year"": 2026, ""month"": 6, ""search_volume"": 70}, {""year"": 2026, ""month"": 5, ""search_volume"": 70}, {""year"": 2026, ""month"": 4, ""search_volume"": 90}, {""year"": 2026, ""month"": 3, ""search_volume"": 110}, {""year"": 2026, ""month"": 2, ""search_volume"": 170}, {""year"": 2026, ""month"": 1, ""search_volume"": 170}, {""year"": 2025, ""month"": 12, ""search_volume"": 210}, {""year"": 2025, ""month"": 11, ""search_volume"": 260}, {""year"": 2025, ""month"": 10, ""search_volume"": 210}, {""year"": 2025, ""month"": 9, ""search_volume"": 110}, {""year"": 2025, ""month"": 8, ""search_volume"": 140}]"
C2,meilleurs casque tv,140,0.46,USD_DOCUMENTED,parent,False,,,,,"casque TV générique, filaire et sans fil mélangés",dataforseo_labs/google/keyword_suggestions/live,2026-09-03T13:38:19.594647+00:00,2026-09-03-test-decouverte-couplee/raw/10-c2-labs.json.gz,"[{""year"": 2026, ""month"": 7, ""search_volume"": 70}, {""year"": 2026, ""month"": 6, ""search_volume"": 70}, {""year"": 2026, ""month"": 5, ""search_volume"": 90}, {""year"": 2026, ""month"": 4, ""search_volume"": 70}, {""year"": 2026, ""month"": 3, ""search_volume"": 90}, {""year"": 2026, ""month"": 2, ""search_volume"": 140}, {""year"": 2026, ""month"": 1, ""search_volume"": 210}, {""year"": 2025, ""month"": 12, ""search_volume"": 320}, {""year"": 2025, ""month"": 11, ""search_volume"": 320}, {""year"": 2025, ""month"": 10, ""search_volume"": 170}, {""year"": 2025, ""month"": 9, ""search_volume"": 110}, {""year"": 2025, ""month"": 8, ""search_volume"": 140}]"
C2,où se trouve la prise casque sur tv lg,140,,USD_DOCUMENTED,parent,True,,,,,"casque TV générique, filaire et sans fil mélangés",dataforseo_labs/google/keyword_suggestions/live,2026-09-03T13:38:19.594647+00:00,2026-09-03-test-decouverte-couplee/raw/10-c2-labs.json.gz,"[{""year"": 2026, ""month"": 7, ""search_volume"": 90}, {""year"": 2026, ""month"": 6, ""search_volume"": 90}, {""year"": 2026, ""month"": 5, ""search_volume"": 90}, {""year"": 2026, ""month"": 4, ""search_volume"": 110}, {""year"": 2026, ""month"": 3, ""search_volume"": 140}, {""year"": 2026, ""month"": 2, ""search_volume"": 140}, {""year"": 2026, ""month"": 1, ""search_volume"": 170}, {""year"": 2025, ""month"": 12, ""search_volume"": 260}, {""year"": 2025, ""month"": 11, ""search_volume"": 140}, {""year"": 2025, ""month"": 10, ""search_volume"": 170}, {""year"": 2025, ""month"": 9, ""search_volume"": 140}, {""year"": 2025, ""month"": 8, ""search_volume"": 90}]"
C2,meilleur casque tv sans fil pour malentendant,140,0.56,USD_DOCUMENTED,incompatible,False,,,,,"autre technologie, accessoire ou besoin auditif spécifique",dataforseo_labs/google/keyword_suggestions/live,2026-09-03T13:38:19.594647+00:00,2026-09-03-test-decouverte-couplee/raw/10-c2-labs.json.gz,"[{""year"": 2026, ""month"": 7, ""search_volume"": 90}, {""year"": 2026, ""month"": 6, ""search_volume"": 110}, {""year"": 2026, ""month"": 5, ""search_volume"": 110}, {""year"": 2026, ""month"": 4, ""search_volume"": 90}, {""year"": 2026, ""month"": 3, ""search_volume"": 110}, {""year"": 2026, ""month"": 2, ""search_volume"": 110}, {""year"": 2026, ""month"": 1, ""search_volume"": 210}, {""year"": 2025, ""month"": 12, ""search_volume"": 210}, {""year"": 2025, ""month"": 11, ""search_volume"": 210}, {""year"": 2025, ""month"": 10, ""search_volume"": 170}, {""year"": 2025, ""month"": 9, ""search_volume"": 140}, {""year"": 2025, ""month"": 8, ""search_volume"": 140}]"
C2,boulanger casque tv,140,0.1,USD_DOCUMENTED,parent,True,,,,,"casque TV générique, filaire et sans fil mélangés",dataforseo_labs/google/keyword_suggestions/live,2026-09-03T13:38:19.594647+00:00,2026-09-03-test-decouverte-couplee/raw/10-c2-labs.json.gz,"[{""year"": 2026, ""month"": 7, ""search_volume"": 90}, {""year"": 2026, ""month"": 6, ""search_volume"": 90}, {""year"": 2026, ""month"": 5, ""search_volume"": 90}, {""year"": 2026, ""month"": 4, ""search_volume"": 90}, {""year"": 2026, ""month"": 3, ""search_volume"": 110}, {""year"": 2026, ""month"": 2, ""search_volume"": 140}, {""year"": 2026, ""month"": 1, ""search_volume"": 210}, {""year"": 2025, ""month"": 12, ""search_volume"": 320}, {""year"": 2025, ""month"": 11, ""search_volume"": 260}, {""year"": 2025, ""month"": 10, ""search_volume"": 140}, {""year"": 2025, ""month"": 9, ""search_volume"": 110}, {""year"": 2025, ""month"": 8, ""search_volume"": 140}]"
C2,casque sans fil tv amazon,140,0.1,USD_DOCUMENTED,core,True,,,,,casque TV sans fil compatible avec kit émetteur,keywords_data/google_ads/search_volume/live,2026-09-03T14:41:41.614360+00:00,2026-09-03-qualification-9-produits-pur/raw/20-controls-2.json.gz,"[{""year"": 2026, ""month"": 7, ""search_volume"": 90}, {""year"": 2026, ""month"": 6, ""search_volume"": 70}, {""year"": 2026, ""month"": 5, ""search_volume"": 70}, {""year"": 2026, ""month"": 4, ""search_volume"": 90}, {""year"": 2026, ""month"": 3, ""search_volume"": 110}, {""year"": 2026, ""month"": 2, ""search_volume"": 170}, {""year"": 2026, ""month"": 1, ""search_volume"": 170}, {""year"": 2025, ""month"": 12, ""search_volume"": 210}, {""year"": 2025, ""month"": 11, ""search_volume"": 260}, {""year"": 2025, ""month"": 10, ""search_volume"": 210}, {""year"": 2025, ""month"": 9, ""search_volume"": 110}, {""year"": 2025, ""month"": 8, ""search_volume"": 140}]"
C2,casque connecte tv,140,0.22,USD_DOCUMENTED,information,False,,,,,"usage/SAV/risque, hors demande achat directe",dataforseo_labs/google/keyword_suggestions/live,2026-09-03T13:38:19.594647+00:00,2026-09-03-test-decouverte-couplee/raw/10-c2-labs.json.gz,"[{""year"": 2026, ""month"": 7, ""search_volume"": 70}, {""year"": 2026, ""month"": 6, ""search_volume"": 90}, {""year"": 2026, ""month"": 5, ""search_volume"": 90}, {""year"": 2026, ""month"": 4, ""search_volume"": 110}, {""year"": 2026, ""month"": 3, ""search_volume"": 140}, {""year"": 2026, ""month"": 2, ""search_volume"": 170}, {""year"": 2026, ""month"": 1, ""search_volume"": 210}, {""year"": 2025, ""month"": 12, ""search_volume"": 320}, {""year"": 2025, ""month"": 11, ""search_volume"": 260}, {""year"": 2025, ""month"": 10, ""search_volume"": 140}, {""year"": 2025, ""month"": 9, ""search_volume"": 110}, {""year"": 2025, ""month"": 8, ""search_volume"": 90}]"
C2,casque avec fil pour tv,140,0.46,USD_DOCUMENTED,incompatible,False,,,,,"autre technologie, accessoire ou besoin auditif spécifique",dataforseo_labs/google/keyword_suggestions/live,2026-09-03T13:38:19.594647+00:00,2026-09-03-test-decouverte-couplee/raw/10-c2-labs.json.gz,"[{""year"": 2026, ""month"": 7, ""search_volume"": 70}, {""year"": 2026, ""month"": 6, ""search_volume"": 90}, {""year"": 2026, ""month"": 5, ""search_volume"": 90}, {""year"": 2026, ""month"": 4, ""search_volume"": 110}, {""year"": 2026, ""month"": 3, ""search_volume"": 90}, {""year"": 2026, ""month"": 2, ""search_volume"": 110}, {""year"": 2026, ""month"": 1, ""search_volume"": 140}, {""year"": 2025, ""month"": 12, ""search_volume"": 260}, {""year"": 2025, ""month"": 11, ""search_volume"": 140}, {""year"": 2025, ""month"": 10, ""search_volume"": 210}, {""year"": 2025, ""month"": 9, ""search_volume"": 110}, {""year"": 2025, ""month"": 8, ""search_volume"": 110}]"
C2,casque tv boulanger,140,0.1,USD_DOCUMENTED,parent,True,,,,,"casque TV générique, filaire et sans fil mélangés",dataforseo_labs/google/keyword_suggestions/live,2026-09-03T13:38:19.594647+00:00,2026-09-03-test-decouverte-couplee/raw/10-c2-labs.json.gz,"[{""year"": 2026, ""month"": 7, ""search_volume"": 90}, {""year"": 2026, ""month"": 6, ""search_volume"": 90}, {""year"": 2026, ""month"": 5, ""search_volume"": 90}, {""year"": 2026, ""month"": 4, ""search_volume"": 90}, {""year"": 2026, ""month"": 3, ""search_volume"": 110}, {""year"": 2026, ""month"": 2, ""search_volume"": 140}, {""year"": 2026, ""month"": 1, ""search_volume"": 210}, {""year"": 2025, ""month"": 12, ""search_volume"": 320}, {""year"": 2025, ""month"": 11, ""search_volume"": 260}, {""year"": 2025, ""month"": 10, ""search_volume"": 140}, {""year"": 2025, ""month"": 9, ""search_volume"": 110}, {""year"": 2025, ""month"": 8, ""search_volume"": 140}]"
C2,amazon casque tv sans fil,140,0.1,USD_DOCUMENTED,core,True,,,,,casque TV sans fil compatible avec kit émetteur,keywords_data/google_ads/search_volume/live,2026-09-03T14:41:41.614360+00:00,2026-09-03-qualification-9-produits-pur/raw/20-controls-2.json.gz,"[{""year"": 2026, ""month"": 7, ""search_volume"": 90}, {""year"": 2026, ""month"": 6, ""search_volume"": 70}, {""year"": 2026, ""month"": 5, ""search_volume"": 70}, {""year"": 2026, ""month"": 4, ""search_volume"": 90}, {""year"": 2026, ""month"": 3, ""search_volume"": 110}, {""year"": 2026, ""month"": 2, ""search_volume"": 170}, {""year"": 2026, ""month"": 1, ""search_volume"": 170}, {""year"": 2025, ""month"": 12, ""search_volume"": 210}, {""year"": 2025, ""month"": 11, ""search_volume"": 260}, {""year"": 2025, ""month"": 10, ""search_volume"": 210}, {""year"": 2025, ""month"": 9, ""search_volume"": 110}, {""year"": 2025, ""month"": 8, ""search_volume"": 140}]"
C2,amazon casque sans fil tv,140,0.1,USD_DOCUMENTED,core,True,,,,,casque TV sans fil compatible avec kit émetteur,keywords_data/google_ads/search_volume/live,2026-09-03T14:41:41.614360+00:00,2026-09-03-qualification-9-produits-pur/raw/20-controls-2.json.gz,"[{""year"": 2026, ""month"": 7, ""search_volume"": 90}, {""year"": 2026, ""month"": 6, ""search_volume"": 70}, {""year"": 2026, ""month"": 5, ""search_volume"": 70}, {""year"": 2026, ""month"": 4, ""search_volume"": 90}, {""year"": 2026, ""month"": 3, ""search_volume"": 110}, {""year"": 2026, ""month"": 2, ""search_volume"": 170}, {""year"": 2026, ""month"": 1, ""search_volume"": 170}, {""year"": 2025, ""month"": 12, ""search_volume"": 210}, {""year"": 2025, ""month"": 11, ""search_volume"": 260}, {""year"": 2025, ""month"": 10, ""search_volume"": 210}, {""year"": 2025, ""month"": 9, ""search_volume"": 110}, {""year"": 2025, ""month"": 8, ""search_volume"": 140}]"
C2,casque connecté tv,140,0.22,USD_DOCUMENTED,information,False,,,,,"usage/SAV/risque, hors demande achat directe",dataforseo_labs/google/keyword_suggestions/live,2026-09-03T13:38:19.594647+00:00,2026-09-03-test-decouverte-couplee/raw/10-c2-labs.json.gz,"[{""year"": 2026, ""month"": 7, ""search_volume"": 70}, {""year"": 2026, ""month"": 6, ""search_volume"": 90}, {""year"": 2026, ""month"": 5, ""search_volume"": 90}, {""year"": 2026, ""month"": 4, ""search_volume"": 110}, {""year"": 2026, ""month"": 3, ""search_volume"": 140}, {""year"": 2026, ""month"": 2, ""search_volume"": 170}, {""year"": 2026, ""month"": 1, ""search_volume"": 210}, {""year"": 2025, ""month"": 12, ""search_volume"": 320}, {""year"": 2025, ""month"": 11, ""search_volume"": 260}, {""year"": 2025, ""month"": 10, ""search_volume"": 140}, {""year"": 2025, ""month"": 9, ""search_volume"": 110}, {""year"": 2025, ""month"": 8, ""search_volume"": 90}]"
C2,meilleur casque tv,140,0.46,USD_DOCUMENTED,parent,False,,,,,"casque TV générique, filaire et sans fil mélangés",dataforseo_labs/google/keyword_suggestions/live,2026-09-03T13:38:19.594647+00:00,2026-09-03-test-decouverte-couplee/raw/10-c2-labs.json.gz,"[{""year"": 2026, ""month"": 7, ""search_volume"": 70}, {""year"": 2026, ""month"": 6, ""search_volume"": 70}, {""year"": 2026, ""month"": 5, ""search_volume"": 90}, {""year"": 2026, ""month"": 4, ""search_volume"": 70}, {""year"": 2026, ""month"": 3, ""search_volume"": 90}, {""year"": 2026, ""month"": 2, ""search_volume"": 140}, {""year"": 2026, ""month"": 1, ""search_volume"": 210}, {""year"": 2025, ""month"": 12, ""search_volume"": 320}, {""year"": 2025, ""month"": 11, ""search_volume"": 320}, {""year"": 2025, ""month"": 10, ""search_volume"": 170}, {""year"": 2025, ""month"": 9, ""search_volume"": 110}, {""year"": 2025, ""month"": 8, ""search_volume"": 140}]"
C2,meilleur casque pour tv,140,0.46,USD_DOCUMENTED,parent,False,,,,,"casque TV générique, filaire et sans fil mélangés",dataforseo_labs/google/keyword_suggestions/live,2026-09-03T13:38:19.594647+00:00,2026-09-03-test-decouverte-couplee/raw/10-c2-labs.json.gz,"[{""year"": 2026, ""month"": 7, ""search_volume"": 70}, {""year"": 2026, ""month"": 6, ""search_volume"": 70}, {""year"": 2026, ""month"": 5, ""search_volume"": 90}, {""year"": 2026, ""month"": 4, ""search_volume"": 70}, {""year"": 2026, ""month"": 3, ""search_volume"": 90}, {""year"": 2026, ""month"": 2, ""search_volume"": 140}, {""year"": 2026, ""month"": 1, ""search_volume"": 210}, {""year"": 2025, ""month"": 12, ""search_volume"": 320}, {""year"": 2025, ""month"": 11, ""search_volume"": 320}, {""year"": 2025, ""month"": 10, ""search_volume"": 170}, {""year"": 2025, ""month"": 9, ""search_volume"": 110}, {""year"": 2025, ""month"": 8, ""search_volume"": 140}]"
C2,casque pour télévision avec fil,140,0.46,USD_DOCUMENTED,incompatible,False,,,,,"autre technologie, accessoire ou besoin auditif spécifique",dataforseo_labs/google/keyword_suggestions/live,2026-09-03T14:36:31.018349+00:00,2026-09-03-qualification-9-produits-pur/raw/10-C2-labs-0.json.gz,"[{""year"": 2026, ""month"": 7, ""search_volume"": 70}, {""year"": 2026, ""month"": 6, ""search_volume"": 90}, {""year"": 2026, ""month"": 5, ""search_volume"": 90}, {""year"": 2026, ""month"": 4, ""search_volume"": 110}, {""year"": 2026, ""month"": 3, ""search_volume"": 90}, {""year"": 2026, ""month"": 2, ""search_volume"": 110}, {""year"": 2026, ""month"": 1, ""search_volume"": 140}, {""year"": 2025, ""month"": 12, ""search_volume"": 260}, {""year"": 2025, ""month"": 11, ""search_volume"": 140}, {""year"": 2025, ""month"": 10, ""search_volume"": 210}, {""year"": 2025, ""month"": 9, ""search_volume"": 110}, {""year"": 2025, ""month"": 8, ""search_volume"": 110}]"
C2,casque avec fil pour television,140,0.46,USD_DOCUMENTED,incompatible,False,,,,,"autre technologie, accessoire ou besoin auditif spécifique",dataforseo_labs/google/keyword_suggestions/live,2026-09-03T14:36:31.280584+00:00,2026-09-03-qualification-9-produits-pur/raw/10-C2-labs-1.json.gz,"[{""year"": 2026, ""month"": 7, ""search_volume"": 70}, {""year"": 2026, ""month"": 6, ""search_volume"": 90}, {""year"": 2026, ""month"": 5, ""search_volume"": 90}, {""year"": 2026, ""month"": 4, ""search_volume"": 110}, {""year"": 2026, ""month"": 3, ""search_volume"": 90}, {""year"": 2026, ""month"": 2, ""search_volume"": 110}, {""year"": 2026, ""month"": 1, ""search_volume"": 140}, {""year"": 2025, ""month"": 12, ""search_volume"": 260}, {""year"": 2025, ""month"": 11, ""search_volume"": 140}, {""year"": 2025, ""month"": 10, ""search_volume"": 210}, {""year"": 2025, ""month"": 9, ""search_volume"": 110}, {""year"": 2025, ""month"": 8, ""search_volume"": 110}]"
C2,meilleur casque pour television,140,0.46,USD_DOCUMENTED,parent,False,,,,,"casque TV générique, filaire et sans fil mélangés",dataforseo_labs/google/keyword_suggestions/live,2026-09-03T14:36:31.280584+00:00,2026-09-03-qualification-9-produits-pur/raw/10-C2-labs-1.json.gz,"[{""year"": 2026, ""month"": 7, ""search_volume"": 70}, {""year"": 2026, ""month"": 6, ""search_volume"": 70}, {""year"": 2026, ""month"": 5, ""search_volume"": 90}, {""year"": 2026, ""month"": 4, ""search_volume"": 70}, {""year"": 2026, ""month"": 3, ""search_volume"": 90}, {""year"": 2026, ""month"": 2, ""search_volume"": 140}, {""year"": 2026, ""month"": 1, ""search_volume"": 210}, {""year"": 2025, ""month"": 12, ""search_volume"": 320}, {""year"": 2025, ""month"": 11, ""search_volume"": 320}, {""year"": 2025, ""month"": 10, ""search_volume"": 170}, {""year"": 2025, ""month"": 9, ""search_volume"": 110}, {""year"": 2025, ""month"": 8, ""search_volume"": 140}]"
C2,meilleur casque television,140,0.46,USD_DOCUMENTED,parent,False,,,,,"casque TV générique, filaire et sans fil mélangés",dataforseo_labs/google/keyword_suggestions/live,2026-09-03T14:36:31.280584+00:00,2026-09-03-qualification-9-produits-pur/raw/10-C2-labs-1.json.gz,"[{""year"": 2026, ""month"": 7, ""search_volume"": 70}, {""year"": 2026, ""month"": 6, ""search_volume"": 70}, {""year"": 2026, ""month"": 5, ""search_volume"": 90}, {""year"": 2026, ""month"": 4, ""search_volume"": 70}, {""year"": 2026, ""month"": 3, ""search_volume"": 90}, {""year"": 2026, ""month"": 2, ""search_volume"": 140}, {""year"": 2026, ""month"": 1, ""search_volume"": 210}, {""year"": 2025, ""month"": 12, ""search_volume"": 320}, {""year"": 2025, ""month"": 11, ""search_volume"": 320}, {""year"": 2025, ""month"": 10, ""search_volume"": 170}, {""year"": 2025, ""month"": 9, ""search_volume"": 110}, {""year"": 2025, ""month"": 8, ""search_volume"": 140}]"
C2,casque pour tv samsung,110,0.3,USD_DOCUMENTED,parent,True,,,,,"casque TV générique, filaire et sans fil mélangés",dataforseo_labs/google/keyword_suggestions/live,2026-09-03T13:38:19.594647+00:00,2026-09-03-test-decouverte-couplee/raw/10-c2-labs.json.gz,"[{""year"": 2026, ""month"": 7, ""search_volume"": 30}, {""year"": 2026, ""month"": 6, ""search_volume"": 50}, {""year"": 2026, ""month"": 5, ""search_volume"": 70}, {""year"": 2026, ""month"": 4, ""search_volume"": 50}, {""year"": 2026, ""month"": 3, ""search_volume"": 70}, {""year"": 2026, ""month"": 2, ""search_volume"": 110}, {""year"": 2026, ""month"": 1, ""search_volume"": 140}, {""year"": 2025, ""month"": 12, ""search_volume"": 170}, {""year"": 2025, ""month"": 11, ""search_volume"": 210}, {""year"": 2025, ""month"": 10, ""search_volume"": 110}, {""year"": 2025, ""month"": 9, ""search_volume"": 110}, {""year"": 2025, ""month"": 8, ""search_volume"": 90}]"
C2,casque pour écouter la tv sans fil,110,0.25,USD_DOCUMENTED,core,False,G0008,110,G0011,110,casque TV sans fil compatible avec kit émetteur,keywords_data/google_ads/search_volume/live,2026-09-03T14:41:41.614360+00:00,2026-09-03-qualification-9-produits-pur/raw/20-controls-2.json.gz,"[{""year"": 2026, ""month"": 7, ""search_volume"": 90}, {""year"": 2026, ""month"": 6, ""search_volume"": 90}, {""year"": 2026, ""month"": 5, ""search_volume"": 70}, {""year"": 2026, ""month"": 4, ""search_volume"": 90}, {""year"": 2026, ""month"": 3, ""search_volume"": 90}, {""year"": 2026, ""month"": 2, ""search_volume"": 90}, {""year"": 2026, ""month"": 1, ""search_volume"": 140}, {""year"": 2025, ""month"": 12, ""search_volume"": 170}, {""year"": 2025, ""month"": 11, ""search_volume"": 170}, {""year"": 2025, ""month"": 10, ""search_volume"": 90}, {""year"": 2025, ""month"": 9, ""search_volume"": 70}, {""year"": 2025, ""month"": 8, ""search_volume"": 70}]"
C2,casque tv bluetooth sans fil,110,0.27,USD_DOCUMENTED,core,False,G0005,0,G0005,0,casque TV sans fil compatible avec kit émetteur,keywords_data/google_ads/search_volume/live,2026-09-03T14:41:41.614360+00:00,2026-09-03-qualification-9-produits-pur/raw/20-controls-2.json.gz,"[{""year"": 2026, ""month"": 7, ""search_volume"": 110}, {""year"": 2026, ""month"": 6, ""search_volume"": 110}, {""year"": 2026, ""month"": 5, ""search_volume"": 90}, {""year"": 2026, ""month"": 4, ""search_volume"": 90}, {""year"": 2026, ""month"": 3, ""search_volume"": 20}, {""year"": 2026, ""month"": 2, ""search_volume"": 90}, {""year"": 2026, ""month"": 1, ""search_volume"": 170}, {""year"": 2025, ""month"": 12, ""search_volume"": 170}, {""year"": 2025, ""month"": 11, ""search_volume"": 70}, {""year"": 2025, ""month"": 10, ""search_volume"": 110}, {""year"": 2025, ""month"": 9, ""search_volume"": 140}, {""year"": 2025, ""month"": 8, ""search_volume"": 140}]"
C2,casque tv cgv prelude 3,110,0.28,USD_DOCUMENTED,parent,True,,,,,"casque TV générique, filaire et sans fil mélangés",dataforseo_labs/google/keyword_suggestions/live,2026-09-03T13:38:19.594647+00:00,2026-09-03-test-decouverte-couplee/raw/10-c2-labs.json.gz,"[{""year"": 2026, ""month"": 7, ""search_volume"": 70}, {""year"": 2026, ""month"": 6, ""search_volume"": 70}, {""year"": 2026, ""month"": 5, ""search_volume"": 90}, {""year"": 2026, ""month"": 4, ""search_volume"": 40}, {""year"": 2026, ""month"": 3, ""search_volume"": 70}, {""year"": 2026, ""month"": 2, ""search_volume"": 90}, {""year"": 2026, ""month"": 1, ""search_volume"": 170}, {""year"": 2025, ""month"": 12, ""search_volume"": 320}, {""year"": 2025, ""month"": 11, ""search_volume"": 170}, {""year"": 2025, ""month"": 10, ""search_volume"": 110}, {""year"": 2025, ""month"": 9, ""search_volume"": 70}, {""year"": 2025, ""month"": 8, ""search_volume"": 50}]"
C2,casque sur tv samsung,110,0.3,USD_DOCUMENTED,parent,True,,,,,"casque TV générique, filaire et sans fil mélangés",dataforseo_labs/google/keyword_suggestions/live,2026-09-03T13:38:19.594647+00:00,2026-09-03-test-decouverte-couplee/raw/10-c2-labs.json.gz,"[{""year"": 2026, ""month"": 7, ""search_volume"": 30}, {""year"": 2026, ""month"": 6, ""search_volume"": 50}, {""year"": 2026, ""month"": 5, ""search_volume"": 70}, {""year"": 2026, ""month"": 4, ""search_volume"": 50}, {""year"": 2026, ""month"": 3, ""search_volume"": 70}, {""year"": 2026, ""month"": 2, ""search_volume"": 110}, {""year"": 2026, ""month"": 1, ""search_volume"": 140}, {""year"": 2025, ""month"": 12, ""search_volume"": 170}, {""year"": 2025, ""month"": 11, ""search_volume"": 210}, {""year"": 2025, ""month"": 10, ""search_volume"": 110}, {""year"": 2025, ""month"": 9, ""search_volume"": 110}, {""year"": 2025, ""month"": 8, ""search_volume"": 90}]"
C2,prise casque tv samsung,110,0.07,USD_DOCUMENTED,parent,True,,,,,"casque TV générique, filaire et sans fil mélangés",dataforseo_labs/google/keyword_suggestions/live,2026-09-03T13:38:19.594647+00:00,2026-09-03-test-decouverte-couplee/raw/10-c2-labs.json.gz,"[{""year"": 2026, ""month"": 7, ""search_volume"": 90}, {""year"": 2026, ""month"": 6, ""search_volume"": 110}, {""year"": 2026, ""month"": 5, ""search_volume"": 90}, {""year"": 2026, ""month"": 4, ""search_volume"": 70}, {""year"": 2026, ""month"": 3, ""search_volume"": 110}, {""year"": 2026, ""month"": 2, ""search_volume"": 110}, {""year"": 2026, ""month"": 1, ""search_volume"": 140}, {""year"": 2025, ""month"": 12, ""search_volume"": 170}, {""year"": 2025, ""month"": 11, ""search_volume"": 140}, {""year"": 2025, ""month"": 10, ""search_volume"": 110}, {""year"": 2025, ""month"": 9, ""search_volume"": 90}, {""year"": 2025, ""month"": 8, ""search_volume"": 90}]"
C2,prise casque sur tv samsung,110,0.07,USD_DOCUMENTED,parent,True,,,,,"casque TV générique, filaire et sans fil mélangés",dataforseo_labs/google/keyword_suggestions/live,2026-09-03T13:38:19.594647+00:00,2026-09-03-test-decouverte-couplee/raw/10-c2-labs.json.gz,"[{""year"": 2026, ""month"": 7, ""search_volume"": 90}, {""year"": 2026, ""month"": 6, ""search_volume"": 110}, {""year"": 2026, ""month"": 5, ""search_volume"": 90}, {""year"": 2026, ""month"": 4, ""search_volume"": 70}, {""year"": 2026, ""month"": 3, ""search_volume"": 110}, {""year"": 2026, ""month"": 2, ""search_volume"": 110}, {""year"": 2026, ""month"": 1, ""search_volume"": 140}, {""year"": 2025, ""month"": 12, ""search_volume"": 170}, {""year"": 2025, ""month"": 11, ""search_volume"": 140}, {""year"": 2025, ""month"": 10, ""search_volume"": 110}, {""year"": 2025, ""month"": 9, ""search_volume"": 90}, {""year"": 2025, ""month"": 8, ""search_volume"": 90}]"
C2,casque tv darty,110,0.13,USD_DOCUMENTED,parent,True,,,,,"casque TV générique, filaire et sans fil mélangés",dataforseo_labs/google/keyword_suggestions/live,2026-09-03T13:38:19.594647+00:00,2026-09-03-test-decouverte-couplee/raw/10-c2-labs.json.gz,"[{""year"": 2026, ""month"": 7, ""search_volume"": 70}, {""year"": 2026, ""month"": 6, ""search_volume"": 70}, {""year"": 2026, ""month"": 5, ""search_volume"": 70}, {""year"": 2026, ""month"": 4, ""search_volume"": 70}, {""year"": 2026, ""month"": 3, ""search_volume"": 70}, {""year"": 2026, ""month"": 2, ""search_volume"": 90}, {""year"": 2026, ""month"": 1, ""search_volume"": 170}, {""year"": 2025, ""month"": 12, ""search_volume"": 210}, {""year"": 2025, ""month"": 11, ""search_volume"": 170}, {""year"": 2025, ""month"": 10, ""search_volume"": 110}, {""year"": 2025, ""month"": 9, ""search_volume"": 90}, {""year"": 2025, ""month"": 8, ""search_volume"": 70}]"
C2,casque samsung tv,110,0.3,USD_DOCUMENTED,parent,True,,,,,"casque TV générique, filaire et sans fil mélangés",dataforseo_labs/google/keyword_suggestions/live,2026-09-03T13:38:19.594647+00:00,2026-09-03-test-decouverte-couplee/raw/10-c2-labs.json.gz,"[{""year"": 2026, ""month"": 7, ""search_volume"": 30}, {""year"": 2026, ""month"": 6, ""search_volume"": 50}, {""year"": 2026, ""month"": 5, ""search_volume"": 70}, {""year"": 2026, ""month"": 4, ""search_volume"": 50}, {""year"": 2026, ""month"": 3, ""search_volume"": 70}, {""year"": 2026, ""month"": 2, ""search_volume"": 110}, {""year"": 2026, ""month"": 1, ""search_volume"": 140}, {""year"": 2025, ""month"": 12, ""search_volume"": 170}, {""year"": 2025, ""month"": 11, ""search_volume"": 210}, {""year"": 2025, ""month"": 10, ""search_volume"": 110}, {""year"": 2025, ""month"": 9, ""search_volume"": 110}, {""year"": 2025, ""month"": 8, ""search_volume"": 90}]"
C2,comment brancher un casque sans fil sur tv sans bluetooth,110,0.13,USD_DOCUMENTED,information,False,,,,,"usage/SAV/risque, hors demande achat directe",dataforseo_labs/google/keyword_suggestions/live,2026-09-03T13:38:19.594647+00:00,2026-09-03-test-decouverte-couplee/raw/10-c2-labs.json.gz,"[{""year"": 2026, ""month"": 7, ""search_volume"": 90}, {""year"": 2026, ""month"": 6, ""search_volume"": 110}, {""year"": 2026, ""month"": 5, ""search_volume"": 110}, {""year"": 2026, ""month"": 4, ""search_volume"": 90}, {""year"": 2026, ""month"": 3, ""search_volume"": 110}, {""year"": 2026, ""month"": 2, ""search_volume"": 90}, {""year"": 2026, ""month"": 1, ""search_volume"": 140}, {""year"": 2025, ""month"": 12, ""search_volume"": 210}, {""year"": 2025, ""month"": 11, ""search_volume"": 110}, {""year"": 2025, ""month"": 10, ""search_volume"": 90}, {""year"": 2025, ""month"": 9, ""search_volume"": 70}, {""year"": 2025, ""month"": 8, ""search_volume"": 70}]"
C2,comment brancher un casque sur tv samsung sans prise jack,110,0.2,USD_DOCUMENTED,information,True,,,,,"usage/SAV/risque, hors demande achat directe",dataforseo_labs/google/keyword_suggestions/live,2026-09-03T13:38:19.594647+00:00,2026-09-03-test-decouverte-couplee/raw/10-c2-labs.json.gz,"[{""year"": 2026, ""month"": 7, ""search_volume"": 50}, {""year"": 2026, ""month"": 6, ""search_volume"": 70}, {""year"": 2026, ""month"": 5, ""search_volume"": 140}, {""year"": 2026, ""month"": 4, ""search_volume"": 140}, {""year"": 2026, ""month"": 3, ""search_volume"": 140}, {""year"": 2026, ""month"": 2, ""search_volume"": 170}, {""year"": 2026, ""month"": 1, ""search_volume"": 170}, {""year"": 2025, ""month"": 12, ""search_volume"": 170}, {""year"": 2025, ""month"": 11, ""search_volume"": 50}, {""year"": 2025, ""month"": 10, ""search_volume"": 40}, {""year"": 2025, ""month"": 9, ""search_volume"": 40}, {""year"": 2025, ""month"": 8, ""search_volume"": 30}]"
C2,comment brancher un casque sur tv sans prise jack,110,0.23,USD_DOCUMENTED,information,False,,,,,"usage/SAV/risque, hors demande achat directe",dataforseo_labs/google/keyword_suggestions/live,2026-09-03T13:38:19.594647+00:00,2026-09-03-test-decouverte-couplee/raw/10-c2-labs.json.gz,"[{""year"": 2026, ""month"": 7, ""search_volume"": 50}, {""year"": 2026, ""month"": 6, ""search_volume"": 70}, {""year"": 2026, ""month"": 5, ""search_volume"": 50}, {""year"": 2026, ""month"": 4, ""search_volume"": 90}, {""year"": 2026, ""month"": 3, ""search_volume"": 110}, {""year"": 2026, ""month"": 2, ""search_volume"": 140}, {""year"": 2026, ""month"": 1, ""search_volume"": 170}, {""year"": 2025, ""month"": 12, ""search_volume"": 170}, {""year"": 2025, ""month"": 11, ""search_volume"": 140}, {""year"": 2025, ""month"": 10, ""search_volume"": 140}, {""year"": 2025, ""month"": 9, ""search_volume"": 140}, {""year"": 2025, ""month"": 8, ""search_volume"": 140}]"
C2,casque télévision darty,110,0.13,USD_DOCUMENTED,parent,True,,,,,"casque TV générique, filaire et sans fil mélangés",dataforseo_labs/google/keyword_suggestions/live,2026-09-03T14:36:31.018349+00:00,2026-09-03-qualification-9-produits-pur/raw/10-C2-labs-0.json.gz,"[{""year"": 2026, ""month"": 7, ""search_volume"": 70}, {""year"": 2026, ""month"": 6, ""search_volume"": 70}, {""year"": 2026, ""month"": 5, ""search_volume"": 70}, {""year"": 2026, ""month"": 4, ""search_volume"": 70}, {""year"": 2026, ""month"": 3, ""search_volume"": 70}, {""year"": 2026, ""month"": 2, ""search_volume"": 90}, {""year"": 2026, ""month"": 1, ""search_volume"": 170}, {""year"": 2025, ""month"": 12, ""search_volume"": 210}, {""year"": 2025, ""month"": 11, ""search_volume"": 170}, {""year"": 2025, ""month"": 10, ""search_volume"": 110}, {""year"": 2025, ""month"": 9, ""search_volume"": 90}, {""year"": 2025, ""month"": 8, ""search_volume"": 70}]"
C2,casque pour télévision samsung,110,0.3,USD_DOCUMENTED,parent,True,,,,,"casque TV générique, filaire et sans fil mélangés",dataforseo_labs/google/keyword_suggestions/live,2026-09-03T14:36:31.018349+00:00,2026-09-03-qualification-9-produits-pur/raw/10-C2-labs-0.json.gz,"[{""year"": 2026, ""month"": 7, ""search_volume"": 30}, {""year"": 2026, ""month"": 6, ""search_volume"": 50}, {""year"": 2026, ""month"": 5, ""search_volume"": 70}, {""year"": 2026, ""month"": 4, ""search_volume"": 50}, {""year"": 2026, ""month"": 3, ""search_volume"": 70}, {""year"": 2026, ""month"": 2, ""search_volume"": 110}, {""year"": 2026, ""month"": 1, ""search_volume"": 140}, {""year"": 2025, ""month"": 12, ""search_volume"": 170}, {""year"": 2025, ""month"": 11, ""search_volume"": 210}, {""year"": 2025, ""month"": 10, ""search_volume"": 110}, {""year"": 2025, ""month"": 9, ""search_volume"": 110}, {""year"": 2025, ""month"": 8, ""search_volume"": 90}]"
C2,casque pour écouter la télévision sans fil,110,0.25,USD_DOCUMENTED,core,False,G0008,0,G0011,0,casque TV sans fil compatible avec kit émetteur,keywords_data/google_ads/search_volume/live,2026-09-03T14:41:45.663971+00:00,2026-09-03-qualification-9-produits-pur/raw/20-controls-3.json.gz,"[{""year"": 2026, ""month"": 7, ""search_volume"": 90}, {""year"": 2026, ""month"": 6, ""search_volume"": 90}, {""year"": 2026, ""month"": 5, ""search_volume"": 70}, {""year"": 2026, ""month"": 4, ""search_volume"": 90}, {""year"": 2026, ""month"": 3, ""search_volume"": 90}, {""year"": 2026, ""month"": 2, ""search_volume"": 90}, {""year"": 2026, ""month"": 1, ""search_volume"": 140}, {""year"": 2025, ""month"": 12, ""search_volume"": 170}, {""year"": 2025, ""month"": 11, ""search_volume"": 170}, {""year"": 2025, ""month"": 10, ""search_volume"": 90}, {""year"": 2025, ""month"": 9, ""search_volume"": 70}, {""year"": 2025, ""month"": 8, ""search_volume"": 70}]"
C2,casque tv pour malentendant,90,0.67,USD_DOCUMENTED,incompatible,False,,,,,"autre technologie, accessoire ou besoin auditif spécifique",dataforseo_labs/google/keyword_suggestions/live,2026-09-03T13:38:19.594647+00:00,2026-09-03-test-decouverte-couplee/raw/10-c2-labs.json.gz,"[{""year"": 2026, ""month"": 7, ""search_volume"": 50}, {""year"": 2026, ""month"": 6, ""search_volume"": 70}, {""year"": 2026, ""month"": 5, ""search_volume"": 90}, {""year"": 2026, ""month"": 4, ""search_volume"": 70}, {""year"": 2026, ""month"": 3, ""search_volume"": 140}, {""year"": 2026, ""month"": 2, ""search_volume"": 110}, {""year"": 2026, ""month"": 1, ""search_volume"": 90}, {""year"": 2025, ""month"": 12, ""search_volume"": 140}, {""year"": 2025, ""month"": 11, ""search_volume"": 90}, {""year"": 2025, ""month"": 10, ""search_volume"": 90}, {""year"": 2025, ""month"": 9, ""search_volume"": 90}, {""year"": 2025, ""month"": 8, ""search_volume"": 140}]"
C2,casque tv sans fil comparatif,90,0.17,USD_DOCUMENTED,core,False,G0009,90,G0012,90,casque TV sans fil compatible avec kit émetteur,keywords_data/google_ads/search_volume/live,2026-09-03T14:41:41.614360+00:00,2026-09-03-qualification-9-produits-pur/raw/20-controls-2.json.gz,"[{""year"": 2026, ""month"": 7, ""search_volume"": 40}, {""year"": 2026, ""month"": 6, ""search_volume"": 70}, {""year"": 2026, ""month"": 5, ""search_volume"": 50}, {""year"": 2026, ""month"": 4, ""search_volume"": 50}, {""year"": 2026, ""month"": 3, ""search_volume"": 90}, {""year"": 2026, ""month"": 2, ""search_volume"": 90}, {""year"": 2026, ""month"": 1, ""search_volume"": 140}, {""year"": 2025, ""month"": 12, ""search_volume"": 210}, {""year"": 2025, ""month"": 11, ""search_volume"": 170}, {""year"": 2025, ""month"": 10, ""search_volume"": 90}, {""year"": 2025, ""month"": 9, ""search_volume"": 70}, {""year"": 2025, ""month"": 8, ""search_volume"": 90}]"
C2,comparatif casque tv sans fil,90,0.17,USD_DOCUMENTED,core,False,G0009,0,G0012,0,casque TV sans fil compatible avec kit émetteur,keywords_data/google_ads/search_volume/live,2026-09-03T14:41:41.614360+00:00,2026-09-03-qualification-9-produits-pur/raw/20-controls-2.json.gz,"[{""year"": 2026, ""month"": 7, ""search_volume"": 40}, {""year"": 2026, ""month"": 6, ""search_volume"": 70}, {""year"": 2026, ""month"": 5, ""search_volume"": 50}, {""year"": 2026, ""month"": 4, ""search_volume"": 50}, {""year"": 2026, ""month"": 3, ""search_volume"": 90}, {""year"": 2026, ""month"": 2, ""search_volume"": 90}, {""year"": 2026, ""month"": 1, ""search_volume"": 140}, {""year"": 2025, ""month"": 12, ""search_volume"": 210}, {""year"": 2025, ""month"": 11, ""search_volume"": 170}, {""year"": 2025, ""month"": 10, ""search_volume"": 90}, {""year"": 2025, ""month"": 9, ""search_volume"": 70}, {""year"": 2025, ""month"": 8, ""search_volume"": 90}]"
C2,carrefour casque tv sans fil,90,0.09,USD_DOCUMENTED,core,True,,,,,casque TV sans fil compatible avec kit émetteur,keywords_data/google_ads/search_volume/live,2026-09-03T14:41:41.614360+00:00,2026-09-03-qualification-9-produits-pur/raw/20-controls-2.json.gz,"[{""year"": 2026, ""month"": 7, ""search_volume"": 90}, {""year"": 2026, ""month"": 6, ""search_volume"": 70}, {""year"": 2026, ""month"": 5, ""search_volume"": 40}, {""year"": 2026, ""month"": 4, ""search_volume"": 40}, {""year"": 2026, ""month"": 3, ""search_volume"": 70}, {""year"": 2026, ""month"": 2, ""search_volume"": 70}, {""year"": 2026, ""month"": 1, ""search_volume"": 90}, {""year"": 2025, ""month"": 12, ""search_volume"": 140}, {""year"": 2025, ""month"": 11, ""search_volume"": 140}, {""year"": 2025, ""month"": 10, ""search_volume"": 90}, {""year"": 2025, ""month"": 9, ""search_volume"": 110}, {""year"": 2025, ""month"": 8, ""search_volume"": 90}]"
C2,casque sans fil samsung tv,90,0.35,USD_DOCUMENTED,core,True,,,,,casque TV sans fil compatible avec kit émetteur,keywords_data/google_ads/search_volume/live,2026-09-03T14:41:41.614360+00:00,2026-09-03-qualification-9-produits-pur/raw/20-controls-2.json.gz,"[{""year"": 2026, ""month"": 7, ""search_volume"": 70}, {""year"": 2026, ""month"": 6, ""search_volume"": 90}, {""year"": 2026, ""month"": 5, ""search_volume"": 70}, {""year"": 2026, ""month"": 4, ""search_volume"": 70}, {""year"": 2026, ""month"": 3, ""search_volume"": 90}, {""year"": 2026, ""month"": 2, ""search_volume"": 140}, {""year"": 2026, ""month"": 1, ""search_volume"": 140}, {""year"": 2025, ""month"": 12, ""search_volume"": 170}, {""year"": 2025, ""month"": 11, ""search_volume"": 140}, {""year"": 2025, ""month"": 10, ""search_volume"": 70}, {""year"": 2025, ""month"": 9, ""search_volume"": 90}, {""year"": 2025, ""month"": 8, ""search_volume"": 70}]"
C2,casque tv sans fil electro depot,90,0.07,USD_DOCUMENTED,core,True,,,,,casque TV sans fil compatible avec kit émetteur,keywords_data/google_ads/search_volume/live,2026-09-03T14:41:41.614360+00:00,2026-09-03-qualification-9-produits-pur/raw/20-controls-2.json.gz,"[{""year"": 2026, ""month"": 7, ""search_volume"": 40}, {""year"": 2026, ""month"": 6, ""search_volume"": 70}, {""year"": 2026, ""month"": 5, ""search_volume"": 50}, {""year"": 2026, ""month"": 4, ""search_volume"": 40}, {""year"": 2026, ""month"": 3, ""search_volume"": 50}, {""year"": 2026, ""month"": 2, ""search_volume"": 70}, {""year"": 2026, ""month"": 1, ""search_volume"": 110}, {""year"": 2025, ""month"": 12, ""search_volume"": 140}, {""year"": 2025, ""month"": 11, ""search_volume"": 140}, {""year"": 2025, ""month"": 10, ""search_volume"": 90}, {""year"": 2025, ""month"": 9, ""search_volume"": 90}, {""year"": 2025, ""month"": 8, ""search_volume"": 90}]"
C2,casque tv sans fil electrodepot,90,0.07,USD_DOCUMENTED,core,True,,,,,casque TV sans fil compatible avec kit émetteur,keywords_data/google_ads/search_volume/live,2026-09-03T14:41:41.614360+00:00,2026-09-03-qualification-9-produits-pur/raw/20-controls-2.json.gz,"[{""year"": 2026, ""month"": 7, ""search_volume"": 40}, {""year"": 2026, ""month"": 6, ""search_volume"": 70}, {""year"": 2026, ""month"": 5, ""search_volume"": 50}, {""year"": 2026, ""month"": 4, ""search_volume"": 40}, {""year"": 2026, ""month"": 3, ""search_volume"": 50}, {""year"": 2026, ""month"": 2, ""search_volume"": 70}, {""year"": 2026, ""month"": 1, ""search_volume"": 110}, {""year"": 2025, ""month"": 12, ""search_volume"": 140}, {""year"": 2025, ""month"": 11, ""search_volume"": 140}, {""year"": 2025, ""month"": 10, ""search_volume"": 90}, {""year"": 2025, ""month"": 9, ""search_volume"": 90}, {""year"": 2025, ""month"": 8, ""search_volume"": 90}]"
C2,casque tv sans fil sennheiser rs 175,90,0.26,USD_DOCUMENTED,core,True,,,,,casque TV sans fil compatible avec kit émetteur,keywords_data/google_ads/search_volume/live,2026-09-03T14:41:41.614360+00:00,2026-09-03-qualification-9-produits-pur/raw/20-controls-2.json.gz,"[{""year"": 2026, ""month"": 7, ""search_volume"": 40}, {""year"": 2026, ""month"": 6, ""search_volume"": 90}, {""year"": 2026, ""month"": 5, ""search_volume"": 50}, {""year"": 2026, ""month"": 4, ""search_volume"": 70}, {""year"": 2026, ""month"": 3, ""search_volume"": 110}, {""year"": 2026, ""month"": 2, ""search_volume"": 70}, {""year"": 2026, ""month"": 1, ""search_volume"": 110}, {""year"": 2025, ""month"": 12, ""search_volume"": 140}, {""year"": 2025, ""month"": 11, ""search_volume"": 210}, {""year"": 2025, ""month"": 10, ""search_volume"": 90}, {""year"": 2025, ""month"": 9, ""search_volume"": 50}, {""year"": 2025, ""month"": 8, ""search_volume"": 70}]"
C2,casque tv sans fil bose,90,0.31,USD_DOCUMENTED,core,True,,,,,casque TV sans fil compatible avec kit émetteur,keywords_data/google_ads/search_volume/live,2026-09-03T14:41:41.614360+00:00,2026-09-03-qualification-9-produits-pur/raw/20-controls-2.json.gz,"[{""year"": 2026, ""month"": 7, ""search_volume"": 50}, {""year"": 2026, ""month"": 6, ""search_volume"": 50}, {""year"": 2026, ""month"": 5, ""search_volume"": 50}, {""year"": 2026, ""month"": 4, ""search_volume"": 50}, {""year"": 2026, ""month"": 3, ""search_volume"": 50}, {""year"": 2026, ""month"": 2, ""search_volume"": 90}, {""year"": 2026, ""month"": 1, ""search_volume"": 90}, {""year"": 2025, ""month"": 12, ""search_volume"": 210}, {""year"": 2025, ""month"": 11, ""search_volume"": 210}, {""year"": 2025, ""month"": 10, ""search_volume"": 140}, {""year"": 2025, ""month"": 9, ""search_volume"": 70}, {""year"": 2025, ""month"": 8, ""search_volume"": 70}]"
C2,fnac casque tv sans fil,90,0.18,USD_DOCUMENTED,core,True,,,,,casque TV sans fil compatible avec kit émetteur,keywords_data/google_ads/search_volume/live,2026-09-03T14:41:41.614360+00:00,2026-09-03-qualification-9-produits-pur/raw/20-controls-2.json.gz,"[{""year"": 2026, ""month"": 7, ""search_volume"": 50}, {""year"": 2026, ""month"": 6, ""search_volume"": 50}, {""year"": 2026, ""month"": 5, ""search_volume"": 40}, {""year"": 2026, ""month"": 4, ""search_volume"": 70}, {""year"": 2026, ""month"": 3, ""search_volume"": 70}, {""year"": 2026, ""month"": 2, ""search_volume"": 70}, {""year"": 2026, ""month"": 1, ""search_volume"": 140}, {""year"": 2025, ""month"": 12, ""search_volume"": 210}, {""year"": 2025, ""month"": 11, ""search_volume"": 170}, {""year"": 2025, ""month"": 10, ""search_volume"": 70}, {""year"": 2025, ""month"": 9, ""search_volume"": 70}, {""year"": 2025, ""month"": 8, ""search_volume"": 50}]"
C2,casque tv sennheiser rs 175 u,90,0.65,USD_DOCUMENTED,parent,True,,,,,"casque TV générique, filaire et sans fil mélangés",dataforseo_labs/google/keyword_suggestions/live,2026-09-03T13:38:19.594647+00:00,2026-09-03-test-decouverte-couplee/raw/10-c2-labs.json.gz,"[{""year"": 2026, ""month"": 7, ""search_volume"": 30}, {""year"": 2026, ""month"": 6, ""search_volume"": 40}, {""year"": 2026, ""month"": 5, ""search_volume"": 40}, {""year"": 2026, ""month"": 4, ""search_volume"": 50}, {""year"": 2026, ""month"": 3, ""search_volume"": 70}, {""year"": 2026, ""month"": 2, ""search_volume"": 90}, {""year"": 2026, ""month"": 1, ""search_volume"": 210}, {""year"": 2025, ""month"": 12, ""search_volume"": 170}, {""year"": 2025, ""month"": 11, ""search_volume"": 210}, {""year"": 2025, ""month"": 10, ""search_volume"": 90}, {""year"": 2025, ""month"": 9, ""search_volume"": 50}, {""year"": 2025, ""month"": 8, ""search_volume"": 70}]"
C2,casque tv bose sans fil,90,0.31,USD_DOCUMENTED,core,True,,,,,casque TV sans fil compatible avec kit émetteur,keywords_data/google_ads/search_volume/live,2026-09-03T14:41:41.614360+00:00,2026-09-03-qualification-9-produits-pur/raw/20-controls-2.json.gz,"[{""year"": 2026, ""month"": 7, ""search_volume"": 50}, {""year"": 2026, ""month"": 6, ""search_volume"": 50}, {""year"": 2026, ""month"": 5, ""search_volume"": 50}, {""year"": 2026, ""month"": 4, ""search_volume"": 50}, {""year"": 2026, ""month"": 3, ""search_volume"": 50}, {""year"": 2026, ""month"": 2, ""search_volume"": 90}, {""year"": 2026, ""month"": 1, ""search_volume"": 90}, {""year"": 2025, ""month"": 12, ""search_volume"": 210}, {""year"": 2025, ""month"": 11, ""search_volume"": 210}, {""year"": 2025, ""month"": 10, ""search_volume"": 140}, {""year"": 2025, ""month"": 9, ""search_volume"": 70}, {""year"": 2025, ""month"": 8, ""search_volume"": 70}]"
C2,branchement casque sur tv,90,0.43,USD_DOCUMENTED,information,False,,,,,"usage/SAV/risque, hors demande achat directe",dataforseo_labs/google/keyword_suggestions/live,2026-09-03T13:38:19.594647+00:00,2026-09-03-test-decouverte-couplee/raw/10-c2-labs.json.gz,"[{""year"": 2026, ""month"": 7, ""search_volume"": 50}, {""year"": 2026, ""month"": 6, ""search_volume"": 70}, {""year"": 2026, ""month"": 5, ""search_volume"": 70}, {""year"": 2026, ""month"": 4, ""search_volume"": 70}, {""year"": 2026, ""month"": 3, ""search_volume"": 70}, {""year"": 2026, ""month"": 2, ""search_volume"": 90}, {""year"": 2026, ""month"": 1, ""search_volume"": 140}, {""year"": 2025, ""month"": 12, ""search_volume"": 140}, {""year"": 2025, ""month"": 11, ""search_volume"": 110}, {""year"": 2025, ""month"": 10, ""search_volume"": 90}, {""year"": 2025, ""month"": 9, ""search_volume"": 70}, {""year"": 2025, ""month"": 8, ""search_volume"": 110}]"
C2,casque tv sennheiser rs 175,90,0.43,USD_DOCUMENTED,parent,True,,,,,"casque TV générique, filaire et sans fil mélangés",dataforseo_labs/google/keyword_suggestions/live,2026-09-03T13:38:19.594647+00:00,2026-09-03-test-decouverte-couplee/raw/10-c2-labs.json.gz,"[{""year"": 2026, ""month"": 7, ""search_volume"": 50}, {""year"": 2026, ""month"": 6, ""search_volume"": 30}, {""year"": 2026, ""month"": 5, ""search_volume"": 70}, {""year"": 2026, ""month"": 4, ""search_volume"": 70}, {""year"": 2026, ""month"": 3, ""search_volume"": 50}, {""year"": 2026, ""month"": 2, ""search_volume"": 70}, {""year"": 2026, ""month"": 1, ""search_volume"": 110}, {""year"": 2025, ""month"": 12, ""search_volume"": 260}, {""year"": 2025, ""month"": 11, ""search_volume"": 260}, {""year"": 2025, ""month"": 10, ""search_volume"": 70}, {""year"": 2025, ""month"": 9, ""search_volume"": 50}, {""year"": 2025, ""month"": 8, ""search_volume"": 70}]"
C2,casque sans fil tv electro dépôt,90,0.07,USD_DOCUMENTED,core,True,,,,,casque TV sans fil compatible avec kit émetteur,keywords_data/google_ads/search_volume/live,2026-09-03T14:41:41.614360+00:00,2026-09-03-qualification-9-produits-pur/raw/20-controls-2.json.gz,"[{""year"": 2026, ""month"": 7, ""search_volume"": 40}, {""year"": 2026, ""month"": 6, ""search_volume"": 70}, {""year"": 2026, ""month"": 5, ""search_volume"": 50}, {""year"": 2026, ""month"": 4, ""search_volume"": 40}, {""year"": 2026, ""month"": 3, ""search_volume"": 50}, {""year"": 2026, ""month"": 2, ""search_volume"": 70}, {""year"": 2026, ""month"": 1, ""search_volume"": 110}, {""year"": 2025, ""month"": 12, ""search_volume"": 140}, {""year"": 2025, ""month"": 11, ""search_volume"": 140}, {""year"": 2025, ""month"": 10, ""search_volume"": 90}, {""year"": 2025, ""month"": 9, ""search_volume"": 90}, {""year"": 2025, ""month"": 8, ""search_volume"": 90}]"
C2,casque bose sans fil pour tv,90,0.31,USD_DOCUMENTED,core,True,,,,,casque TV sans fil compatible avec kit émetteur,keywords_data/google_ads/search_volume/live,2026-09-03T14:41:41.614360+00:00,2026-09-03-qualification-9-produits-pur/raw/20-controls-2.json.gz,"[{""year"": 2026, ""month"": 7, ""search_volume"": 50}, {""year"": 2026, ""month"": 6, ""search_volume"": 50}, {""year"": 2026, ""month"": 5, ""search_volume"": 50}, {""year"": 2026, ""month"": 4, ""search_volume"": 50}, {""year"": 2026, ""month"": 3, ""search_volume"": 50}, {""year"": 2026, ""month"": 2, ""search_volume"": 90}, {""year"": 2026, ""month"": 1, ""search_volume"": 90}, {""year"": 2025, ""month"": 12, ""search_volume"": 210}, {""year"": 2025, ""month"": 11, ""search_volume"": 210}, {""year"": 2025, ""month"": 10, ""search_volume"": 140}, {""year"": 2025, ""month"": 9, ""search_volume"": 70}, {""year"": 2025, ""month"": 8, ""search_volume"": 70}]"
C2,casque tv sennheiser rs 175-u,90,0.65,USD_DOCUMENTED,parent,True,,,,,"casque TV générique, filaire et sans fil mélangés",dataforseo_labs/google/keyword_suggestions/live,2026-09-03T13:38:19.594647+00:00,2026-09-03-test-decouverte-couplee/raw/10-c2-labs.json.gz,"[{""year"": 2026, ""month"": 7, ""search_volume"": 30}, {""year"": 2026, ""month"": 6, ""search_volume"": 40}, {""year"": 2026, ""month"": 5, ""search_volume"": 40}, {""year"": 2026, ""month"": 4, ""search_volume"": 50}, {""year"": 2026, ""month"": 3, ""search_volume"": 70}, {""year"": 2026, ""month"": 2, ""search_volume"": 90}, {""year"": 2026, ""month"": 1, ""search_volume"": 210}, {""year"": 2025, ""month"": 12, ""search_volume"": 170}, {""year"": 2025, ""month"": 11, ""search_volume"": 210}, {""year"": 2025, ""month"": 10, ""search_volume"": 90}, {""year"": 2025, ""month"": 9, ""search_volume"": 50}, {""year"": 2025, ""month"": 8, ""search_volume"": 70}]"
C2,casque sans fil bose tv,90,0.31,USD_DOCUMENTED,core,True,,,,,casque TV sans fil compatible avec kit émetteur,keywords_data/google_ads/search_volume/live,2026-09-03T14:41:41.614360+00:00,2026-09-03-qualification-9-produits-pur/raw/20-controls-2.json.gz,"[{""year"": 2026, ""month"": 7, ""search_volume"": 50}, {""year"": 2026, ""month"": 6, ""search_volume"": 50}, {""year"": 2026, ""month"": 5, ""search_volume"": 50}, {""year"": 2026, ""month"": 4, ""search_volume"": 50}, {""year"": 2026, ""month"": 3, ""search_volume"": 50}, {""year"": 2026, ""month"": 2, ""search_volume"": 90}, {""year"": 2026, ""month"": 1, ""search_volume"": 90}, {""year"": 2025, ""month"": 12, ""search_volume"": 210}, {""year"": 2025, ""month"": 11, ""search_volume"": 210}, {""year"": 2025, ""month"": 10, ""search_volume"": 140}, {""year"": 2025, ""month"": 9, ""search_volume"": 70}, {""year"": 2025, ""month"": 8, ""search_volume"": 70}]"
C2,casque sans fil tv comparatif,90,0.17,USD_DOCUMENTED,core,False,G0009,0,G0012,0,casque TV sans fil compatible avec kit émetteur,keywords_data/google_ads/search_volume/live,2026-09-03T14:41:41.614360+00:00,2026-09-03-qualification-9-produits-pur/raw/20-controls-2.json.gz,"[{""year"": 2026, ""month"": 7, ""search_volume"": 40}, {""year"": 2026, ""month"": 6, ""search_volume"": 70}, {""year"": 2026, ""month"": 5, ""search_volume"": 50}, {""year"": 2026, ""month"": 4, ""search_volume"": 50}, {""year"": 2026, ""month"": 3, ""search_volume"": 90}, {""year"": 2026, ""month"": 2, ""search_volume"": 90}, {""year"": 2026, ""month"": 1, ""search_volume"": 140}, {""year"": 2025, ""month"": 12, ""search_volume"": 210}, {""year"": 2025, ""month"": 11, ""search_volume"": 170}, {""year"": 2025, ""month"": 10, ""search_volume"": 90}, {""year"": 2025, ""month"": 9, ""search_volume"": 70}, {""year"": 2025, ""month"": 8, ""search_volume"": 90}]"
C2,casque tv sans fil carrefour,90,0.09,USD_DOCUMENTED,core,True,,,,,casque TV sans fil compatible avec kit émetteur,keywords_data/google_ads/search_volume/live,2026-09-03T14:41:41.614360+00:00,2026-09-03-qualification-9-produits-pur/raw/20-controls-2.json.gz,"[{""year"": 2026, ""month"": 7, ""search_volume"": 90}, {""year"": 2026, ""month"": 6, ""search_volume"": 70}, {""year"": 2026, ""month"": 5, ""search_volume"": 40}, {""year"": 2026, ""month"": 4, ""search_volume"": 40}, {""year"": 2026, ""month"": 3, ""search_volume"": 70}, {""year"": 2026, ""month"": 2, ""search_volume"": 70}, {""year"": 2026, ""month"": 1, ""search_volume"": 90}, {""year"": 2025, ""month"": 12, ""search_volume"": 140}, {""year"": 2025, ""month"": 11, ""search_volume"": 140}, {""year"": 2025, ""month"": 10, ""search_volume"": 90}, {""year"": 2025, ""month"": 9, ""search_volume"": 110}, {""year"": 2025, ""month"": 8, ""search_volume"": 90}]"
C2,casque sans fil tv fnac,90,0.18,USD_DOCUMENTED,core,True,,,,,casque TV sans fil compatible avec kit émetteur,keywords_data/google_ads/search_volume/live,2026-09-03T14:41:41.614360+00:00,2026-09-03-qualification-9-produits-pur/raw/20-controls-2.json.gz,"[{""year"": 2026, ""month"": 7, ""search_volume"": 50}, {""year"": 2026, ""month"": 6, ""search_volume"": 50}, {""year"": 2026, ""month"": 5, ""search_volume"": 40}, {""year"": 2026, ""month"": 4, ""search_volume"": 70}, {""year"": 2026, ""month"": 3, ""search_volume"": 70}, {""year"": 2026, ""month"": 2, ""search_volume"": 70}, {""year"": 2026, ""month"": 1, ""search_volume"": 140}, {""year"": 2025, ""month"": 12, ""search_volume"": 210}, {""year"": 2025, ""month"": 11, ""search_volume"": 170}, {""year"": 2025, ""month"": 10, ""search_volume"": 70}, {""year"": 2025, ""month"": 9, ""search_volume"": 70}, {""year"": 2025, ""month"": 8, ""search_volume"": 50}]"
C2,casque tv duo,90,0.27,USD_DOCUMENTED,parent,False,,,,,"casque TV générique, filaire et sans fil mélangés",dataforseo_labs/google/keyword_suggestions/live,2026-09-03T13:38:19.594647+00:00,2026-09-03-test-decouverte-couplee/raw/10-c2-labs.json.gz,"[{""year"": 2026, ""month"": 7, ""search_volume"": 40}, {""year"": 2026, ""month"": 6, ""search_volume"": 50}, {""year"": 2026, ""month"": 5, ""search_volume"": 50}, {""year"": 2026, ""month"": 4, ""search_volume"": 90}, {""year"": 2026, ""month"": 3, ""search_volume"": 70}, {""year"": 2026, ""month"": 2, ""search_volume"": 50}, {""year"": 2026, ""month"": 1, ""search_volume"": 140}, {""year"": 2025, ""month"": 12, ""search_volume"": 170}, {""year"": 2025, ""month"": 11, ""search_volume"": 210}, {""year"": 2025, ""month"": 10, ""search_volume"": 110}, {""year"": 2025, ""month"": 9, ""search_volume"": 70}, {""year"": 2025, ""month"": 8, ""search_volume"": 70}]"
C2,casque tv sennheiser rs 120-w,90,0.37,USD_DOCUMENTED,parent,True,,,,,"casque TV générique, filaire et sans fil mélangés",dataforseo_labs/google/keyword_suggestions/live,2026-09-03T13:38:19.594647+00:00,2026-09-03-test-decouverte-couplee/raw/10-c2-labs.json.gz,"[{""year"": 2026, ""month"": 7, ""search_volume"": 30}, {""year"": 2026, ""month"": 6, ""search_volume"": 70}, {""year"": 2026, ""month"": 5, ""search_volume"": 50}, {""year"": 2026, ""month"": 4, ""search_volume"": 70}, {""year"": 2026, ""month"": 3, ""search_volume"": 50}, {""year"": 2026, ""month"": 2, ""search_volume"": 110}, {""year"": 2026, ""month"": 1, ""search_volume"": 140}, {""year"": 2025, ""month"": 12, ""search_volume"": 170}, {""year"": 2025, ""month"": 11, ""search_volume"": 210}, {""year"": 2025, ""month"": 10, ""search_volume"": 110}, {""year"": 2025, ""month"": 9, ""search_volume"": 90}, {""year"": 2025, ""month"": 8, ""search_volume"": 90}]"
C2,comparatif casque sans fil tv,90,0.17,USD_DOCUMENTED,core,False,G0009,0,G0012,0,casque TV sans fil compatible avec kit émetteur,keywords_data/google_ads/search_volume/live,2026-09-03T14:41:41.614360+00:00,2026-09-03-qualification-9-produits-pur/raw/20-controls-2.json.gz,"[{""year"": 2026, ""month"": 7, ""search_volume"": 40}, {""year"": 2026, ""month"": 6, ""search_volume"": 70}, {""year"": 2026, ""month"": 5, ""search_volume"": 50}, {""year"": 2026, ""month"": 4, ""search_volume"": 50}, {""year"": 2026, ""month"": 3, ""search_volume"": 90}, {""year"": 2026, ""month"": 2, ""search_volume"": 90}, {""year"": 2026, ""month"": 1, ""search_volume"": 140}, {""year"": 2025, ""month"": 12, ""search_volume"": 210}, {""year"": 2025, ""month"": 11, ""search_volume"": 170}, {""year"": 2025, ""month"": 10, ""search_volume"": 90}, {""year"": 2025, ""month"": 9, ""search_volume"": 70}, {""year"": 2025, ""month"": 8, ""search_volume"": 90}]"
C2,casque sans fil bose pour tv,90,0.31,USD_DOCUMENTED,core,True,,,,,casque TV sans fil compatible avec kit émetteur,keywords_data/google_ads/search_volume/live,2026-09-03T14:41:41.614360+00:00,2026-09-03-qualification-9-produits-pur/raw/20-controls-2.json.gz,"[{""year"": 2026, ""month"": 7, ""search_volume"": 50}, {""year"": 2026, ""month"": 6, ""search_volume"": 50}, {""year"": 2026, ""month"": 5, ""search_volume"": 50}, {""year"": 2026, ""month"": 4, ""search_volume"": 50}, {""year"": 2026, ""month"": 3, ""search_volume"": 50}, {""year"": 2026, ""month"": 2, ""search_volume"": 90}, {""year"": 2026, ""month"": 1, ""search_volume"": 90}, {""year"": 2025, ""month"": 12, ""search_volume"": 210}, {""year"": 2025, ""month"": 11, ""search_volume"": 210}, {""year"": 2025, ""month"": 10, ""search_volume"": 140}, {""year"": 2025, ""month"": 9, ""search_volume"": 70}, {""year"": 2025, ""month"": 8, ""search_volume"": 70}]"
C2,casque sans fil tv carrefour,90,0.09,USD_DOCUMENTED,core,True,,,,,casque TV sans fil compatible avec kit émetteur,keywords_data/google_ads/search_volume/live,2026-09-03T14:41:41.614360+00:00,2026-09-03-qualification-9-produits-pur/raw/20-controls-2.json.gz,"[{""year"": 2026, ""month"": 7, ""search_volume"": 90}, {""year"": 2026, ""month"": 6, ""search_volume"": 70}, {""year"": 2026, ""month"": 5, ""search_volume"": 40}, {""year"": 2026, ""month"": 4, ""search_volume"": 40}, {""year"": 2026, ""month"": 3, ""search_volume"": 70}, {""year"": 2026, ""month"": 2, ""search_volume"": 70}, {""year"": 2026, ""month"": 1, ""search_volume"": 90}, {""year"": 2025, ""month"": 12, ""search_volume"": 140}, {""year"": 2025, ""month"": 11, ""search_volume"": 140}, {""year"": 2025, ""month"": 10, ""search_volume"": 90}, {""year"": 2025, ""month"": 9, ""search_volume"": 110}, {""year"": 2025, ""month"": 8, ""search_volume"": 90}]"
C2,casque tv sans fil electro dépôt,90,0.07,USD_DOCUMENTED,core,True,,,,,casque TV sans fil compatible avec kit émetteur,keywords_data/google_ads/search_volume/live,2026-09-03T14:41:41.614360+00:00,2026-09-03-qualification-9-produits-pur/raw/20-controls-2.json.gz,"[{""year"": 2026, ""month"": 7, ""search_volume"": 40}, {""year"": 2026, ""month"": 6, ""search_volume"": 70}, {""year"": 2026, ""month"": 5, ""search_volume"": 50}, {""year"": 2026, ""month"": 4, ""search_volume"": 40}, {""year"": 2026, ""month"": 3, ""search_volume"": 50}, {""year"": 2026, ""month"": 2, ""search_volume"": 70}, {""year"": 2026, ""month"": 1, ""search_volume"": 110}, {""year"": 2025, ""month"": 12, ""search_volume"": 140}, {""year"": 2025, ""month"": 11, ""search_volume"": 140}, {""year"": 2025, ""month"": 10, ""search_volume"": 90}, {""year"": 2025, ""month"": 9, ""search_volume"": 90}, {""year"": 2025, ""month"": 8, ""search_volume"": 90}]"
C2,casque sans fil pour tv samsung,90,0.35,USD_DOCUMENTED,core,True,,,,,casque TV sans fil compatible avec kit émetteur,keywords_data/google_ads/search_volume/live,2026-09-03T14:41:41.614360+00:00,2026-09-03-qualification-9-produits-pur/raw/20-controls-2.json.gz,"[{""year"": 2026, ""month"": 7, ""search_volume"": 70}, {""year"": 2026, ""month"": 6, ""search_volume"": 90}, {""year"": 2026, ""month"": 5, ""search_volume"": 70}, {""year"": 2026, ""month"": 4, ""search_volume"": 70}, {""year"": 2026, ""month"": 3, ""search_volume"": 90}, {""year"": 2026, ""month"": 2, ""search_volume"": 140}, {""year"": 2026, ""month"": 1, ""search_volume"": 140}, {""year"": 2025, ""month"": 12, ""search_volume"": 170}, {""year"": 2025, ""month"": 11, ""search_volume"": 140}, {""year"": 2025, ""month"": 10, ""search_volume"": 70}, {""year"": 2025, ""month"": 9, ""search_volume"": 90}, {""year"": 2025, ""month"": 8, ""search_volume"": 70}]"
C2,duo casque tv,90,0.27,USD_DOCUMENTED,parent,False,,,,,"casque TV générique, filaire et sans fil mélangés",dataforseo_labs/google/keyword_suggestions/live,2026-09-03T13:38:19.594647+00:00,2026-09-03-test-decouverte-couplee/raw/10-c2-labs.json.gz,"[{""year"": 2026, ""month"": 7, ""search_volume"": 40}, {""year"": 2026, ""month"": 6, ""search_volume"": 50}, {""year"": 2026, ""month"": 5, ""search_volume"": 50}, {""year"": 2026, ""month"": 4, ""search_volume"": 90}, {""year"": 2026, ""month"": 3, ""search_volume"": 70}, {""year"": 2026, ""month"": 2, ""search_volume"": 50}, {""year"": 2026, ""month"": 1, ""search_volume"": 140}, {""year"": 2025, ""month"": 12, ""search_volume"": 170}, {""year"": 2025, ""month"": 11, ""search_volume"": 210}, {""year"": 2025, ""month"": 10, ""search_volume"": 110}, {""year"": 2025, ""month"": 9, ""search_volume"": 70}, {""year"": 2025, ""month"": 8, ""search_volume"": 70}]"
C2,casque tv sennheiser rs 5200,90,0.26,USD_DOCUMENTED,parent,True,,,,,"casque TV générique, filaire et sans fil mélangés",dataforseo_labs/google/keyword_suggestions/live,2026-09-03T13:38:19.594647+00:00,2026-09-03-test-decouverte-couplee/raw/10-c2-labs.json.gz,"[{""year"": 2026, ""month"": 7, ""search_volume"": 50}, {""year"": 2026, ""month"": 6, ""search_volume"": 70}, {""year"": 2026, ""month"": 5, ""search_volume"": 90}, {""year"": 2026, ""month"": 4, ""search_volume"": 70}, {""year"": 2026, ""month"": 3, ""search_volume"": 90}, {""year"": 2026, ""month"": 2, ""search_volume"": 90}, {""year"": 2026, ""month"": 1, ""search_volume"": 110}, {""year"": 2025, ""month"": 12, ""search_volume"": 170}, {""year"": 2025, ""month"": 11, ""search_volume"": 170}, {""year"": 2025, ""month"": 10, ""search_volume"": 70}, {""year"": 2025, ""month"": 9, ""search_volume"": 40}, {""year"": 2025, ""month"": 8, ""search_volume"": 30}]"
C2,cgv casque tv,90,0.13,USD_DOCUMENTED,parent,True,,,,,"casque TV générique, filaire et sans fil mélangés",dataforseo_labs/google/keyword_suggestions/live,2026-09-03T13:38:19.594647+00:00,2026-09-03-test-decouverte-couplee/raw/10-c2-labs.json.gz,"[{""year"": 2026, ""month"": 7, ""search_volume"": 40}, {""year"": 2026, ""month"": 6, ""search_volume"": 40}, {""year"": 2026, ""month"": 5, ""search_volume"": 50}, {""year"": 2026, ""month"": 4, ""search_volume"": 90}, {""year"": 2026, ""month"": 3, ""search_volume"": 40}, {""year"": 2026, ""month"": 2, ""search_volume"": 70}, {""year"": 2026, ""month"": 1, ""search_volume"": 110}, {""year"": 2025, ""month"": 12, ""search_volume"": 110}, {""year"": 2025, ""month"": 11, ""search_volume"": 140}, {""year"": 2025, ""month"": 10, ""search_volume"": 110}, {""year"": 2025, ""month"": 9, ""search_volume"": 70}, {""year"": 2025, ""month"": 8, ""search_volume"": 70}]"
C2,bose casque tv sans fil,90,0.31,USD_DOCUMENTED,core,True,,,,,casque TV sans fil compatible avec kit émetteur,keywords_data/google_ads/search_volume/live,2026-09-03T14:41:41.614360+00:00,2026-09-03-qualification-9-produits-pur/raw/20-controls-2.json.gz,"[{""year"": 2026, ""month"": 7, ""search_volume"": 50}, {""year"": 2026, ""month"": 6, ""search_volume"": 50}, {""year"": 2026, ""month"": 5, ""search_volume"": 50}, {""year"": 2026, ""month"": 4, ""search_volume"": 50}, {""year"": 2026, ""month"": 3, ""search_volume"": 50}, {""year"": 2026, ""month"": 2, ""search_volume"": 90}, {""year"": 2026, ""month"": 1, ""search_volume"": 90}, {""year"": 2025, ""month"": 12, ""search_volume"": 210}, {""year"": 2025, ""month"": 11, ""search_volume"": 210}, {""year"": 2025, ""month"": 10, ""search_volume"": 140}, {""year"": 2025, ""month"": 9, ""search_volume"": 70}, {""year"": 2025, ""month"": 8, ""search_volume"": 70}]"
C2,brancher casque tv,90,0.43,USD_DOCUMENTED,information,False,,,,,"usage/SAV/risque, hors demande achat directe",dataforseo_labs/google/keyword_suggestions/live,2026-09-03T13:38:19.594647+00:00,2026-09-03-test-decouverte-couplee/raw/10-c2-labs.json.gz,"[{""year"": 2026, ""month"": 7, ""search_volume"": 50}, {""year"": 2026, ""month"": 6, ""search_volume"": 70}, {""year"": 2026, ""month"": 5, ""search_volume"": 70}, {""year"": 2026, ""month"": 4, ""search_volume"": 70}, {""year"": 2026, ""month"": 3, ""search_volume"": 70}, {""year"": 2026, ""month"": 2, ""search_volume"": 90}, {""year"": 2026, ""month"": 1, ""search_volume"": 140}, {""year"": 2025, ""month"": 12, ""search_volume"": 140}, {""year"": 2025, ""month"": 11, ""search_volume"": 110}, {""year"": 2025, ""month"": 10, ""search_volume"": 90}, {""year"": 2025, ""month"": 9, ""search_volume"": 70}, {""year"": 2025, ""month"": 8, ""search_volume"": 110}]"
C2,audika casque tv,90,0.28,USD_DOCUMENTED,parent,True,,,,,"casque TV générique, filaire et sans fil mélangés",dataforseo_labs/google/keyword_suggestions/live,2026-09-03T13:38:19.594647+00:00,2026-09-03-test-decouverte-couplee/raw/10-c2-labs.json.gz,"[{""year"": 2026, ""month"": 7, ""search_volume"": 30}, {""year"": 2026, ""month"": 6, ""search_volume"": 40}, {""year"": 2026, ""month"": 5, ""search_volume"": 50}, {""year"": 2026, ""month"": 4, ""search_volume"": 50}, {""year"": 2026, ""month"": 3, ""search_volume"": 70}, {""year"": 2026, ""month"": 2, ""search_volume"": 90}, {""year"": 2026, ""month"": 1, ""search_volume"": 90}, {""year"": 2025, ""month"": 12, ""search_volume"": 140}, {""year"": 2025, ""month"": 11, ""search_volume"": 210}, {""year"": 2025, ""month"": 10, ""search_volume"": 90}, {""year"": 2025, ""month"": 9, ""search_volume"": 50}, {""year"": 2025, ""month"": 8, ""search_volume"": 70}]"
C2,casque duo tv,90,0.27,USD_DOCUMENTED,parent,False,,,,,"casque TV générique, filaire et sans fil mélangés",dataforseo_labs/google/keyword_suggestions/live,2026-09-03T13:38:19.594647+00:00,2026-09-03-test-decouverte-couplee/raw/10-c2-labs.json.gz,"[{""year"": 2026, ""month"": 7, ""search_volume"": 40}, {""year"": 2026, ""month"": 6, ""search_volume"": 50}, {""year"": 2026, ""month"": 5, ""search_volume"": 50}, {""year"": 2026, ""month"": 4, ""search_volume"": 90}, {""year"": 2026, ""month"": 3, ""search_volume"": 70}, {""year"": 2026, ""month"": 2, ""search_volume"": 50}, {""year"": 2026, ""month"": 1, ""search_volume"": 140}, {""year"": 2025, ""month"": 12, ""search_volume"": 170}, {""year"": 2025, ""month"": 11, ""search_volume"": 210}, {""year"": 2025, ""month"": 10, ""search_volume"": 110}, {""year"": 2025, ""month"": 9, ""search_volume"": 70}, {""year"": 2025, ""month"": 8, ""search_volume"": 70}]"
C2,casque tv audika,90,0.28,USD_DOCUMENTED,parent,True,,,,,"casque TV générique, filaire et sans fil mélangés",dataforseo_labs/google/keyword_suggestions/live,2026-09-03T13:38:19.594647+00:00,2026-09-03-test-decouverte-couplee/raw/10-c2-labs.json.gz,"[{""year"": 2026, ""month"": 7, ""search_volume"": 30}, {""year"": 2026, ""month"": 6, ""search_volume"": 40}, {""year"": 2026, ""month"": 5, ""search_volume"": 50}, {""year"": 2026, ""month"": 4, ""search_volume"": 50}, {""year"": 2026, ""month"": 3, ""search_volume"": 70}, {""year"": 2026, ""month"": 2, ""search_volume"": 90}, {""year"": 2026, ""month"": 1, ""search_volume"": 90}, {""year"": 2025, ""month"": 12, ""search_volume"": 140}, {""year"": 2025, ""month"": 11, ""search_volume"": 210}, {""year"": 2025, ""month"": 10, ""search_volume"": 90}, {""year"": 2025, ""month"": 9, ""search_volume"": 50}, {""year"": 2025, ""month"": 8, ""search_volume"": 70}]"
C2,casque sans fil tv bose,90,0.31,USD_DOCUMENTED,core,True,,,,,casque TV sans fil compatible avec kit émetteur,keywords_data/google_ads/search_volume/live,2026-09-03T14:41:41.614360+00:00,2026-09-03-qualification-9-produits-pur/raw/20-controls-2.json.gz,"[{""year"": 2026, ""month"": 7, ""search_volume"": 50}, {""year"": 2026, ""month"": 6, ""search_volume"": 50}, {""year"": 2026, ""month"": 5, ""search_volume"": 50}, {""year"": 2026, ""month"": 4, ""search_volume"": 50}, {""year"": 2026, ""month"": 3, ""search_volume"": 50}, {""year"": 2026, ""month"": 2, ""search_volume"": 90}, {""year"": 2026, ""month"": 1, ""search_volume"": 90}, {""year"": 2025, ""month"": 12, ""search_volume"": 210}, {""year"": 2025, ""month"": 11, ""search_volume"": 210}, {""year"": 2025, ""month"": 10, ""search_volume"": 140}, {""year"": 2025, ""month"": 9, ""search_volume"": 70}, {""year"": 2025, ""month"": 8, ""search_volume"": 70}]"
C2,casque tv samsung sans fil,90,0.35,USD_DOCUMENTED,core,True,,,,,casque TV sans fil compatible avec kit émetteur,keywords_data/google_ads/search_volume/live,2026-09-03T14:41:41.614360+00:00,2026-09-03-qualification-9-produits-pur/raw/20-controls-2.json.gz,"[{""year"": 2026, ""month"": 7, ""search_volume"": 70}, {""year"": 2026, ""month"": 6, ""search_volume"": 90}, {""year"": 2026, ""month"": 5, ""search_volume"": 70}, {""year"": 2026, ""month"": 4, ""search_volume"": 70}, {""year"": 2026, ""month"": 3, ""search_volume"": 90}, {""year"": 2026, ""month"": 2, ""search_volume"": 140}, {""year"": 2026, ""month"": 1, ""search_volume"": 140}, {""year"": 2025, ""month"": 12, ""search_volume"": 170}, {""year"": 2025, ""month"": 11, ""search_volume"": 140}, {""year"": 2025, ""month"": 10, ""search_volume"": 70}, {""year"": 2025, ""month"": 9, ""search_volume"": 90}, {""year"": 2025, ""month"": 8, ""search_volume"": 70}]"
C2,casque sans fil pour tv sans bluetooth,90,0.17,USD_DOCUMENTED,core,False,G0010,90,G0013,90,casque TV sans fil compatible avec kit émetteur,keywords_data/google_ads/search_volume/live,2026-09-03T14:41:41.614360+00:00,2026-09-03-qualification-9-produits-pur/raw/20-controls-2.json.gz,"[{""year"": 2026, ""month"": 7, ""search_volume"": 50}, {""year"": 2026, ""month"": 6, ""search_volume"": 50}, {""year"": 2026, ""month"": 5, ""search_volume"": 70}, {""year"": 2026, ""month"": 4, ""search_volume"": 50}, {""year"": 2026, ""month"": 3, ""search_volume"": 70}, {""year"": 2026, ""month"": 2, ""search_volume"": 70}, {""year"": 2026, ""month"": 1, ""search_volume"": 90}, {""year"": 2025, ""month"": 12, ""search_volume"": 110}, {""year"": 2025, ""month"": 11, ""search_volume"": 170}, {""year"": 2025, ""month"": 10, ""search_volume"": 210}, {""year"": 2025, ""month"": 9, ""search_volume"": 90}, {""year"": 2025, ""month"": 8, ""search_volume"": 90}]"
C2,casque tv avec fil,90,0.13,USD_DOCUMENTED,incompatible,False,,,,,"autre technologie, accessoire ou besoin auditif spécifique",dataforseo_labs/google/keyword_suggestions/live,2026-09-03T13:38:19.594647+00:00,2026-09-03-test-decouverte-couplee/raw/10-c2-labs.json.gz,"[{""year"": 2026, ""month"": 7, ""search_volume"": 30}, {""year"": 2026, ""month"": 6, ""search_volume"": 50}, {""year"": 2026, ""month"": 5, ""search_volume"": 40}, {""year"": 2026, ""month"": 4, ""search_volume"": 70}, {""year"": 2026, ""month"": 3, ""search_volume"": 50}, {""year"": 2026, ""month"": 2, ""search_volume"": 70}, {""year"": 2026, ""month"": 1, ""search_volume"": 90}, {""year"": 2025, ""month"": 12, ""search_volume"": 140}, {""year"": 2025, ""month"": 11, ""search_volume"": 170}, {""year"": 2025, ""month"": 10, ""search_volume"": 90}, {""year"": 2025, ""month"": 9, ""search_volume"": 90}, {""year"": 2025, ""month"": 8, ""search_volume"": 90}]"
C2,casque tv sans fil fnac,90,0.18,USD_DOCUMENTED,core,True,,,,,casque TV sans fil compatible avec kit émetteur,keywords_data/google_ads/search_volume/live,2026-09-03T14:41:41.614360+00:00,2026-09-03-qualification-9-produits-pur/raw/20-controls-2.json.gz,"[{""year"": 2026, ""month"": 7, ""search_volume"": 50}, {""year"": 2026, ""month"": 6, ""search_volume"": 50}, {""year"": 2026, ""month"": 5, ""search_volume"": 40}, {""year"": 2026, ""month"": 4, ""search_volume"": 70}, {""year"": 2026, ""month"": 3, ""search_volume"": 70}, {""year"": 2026, ""month"": 2, ""search_volume"": 70}, {""year"": 2026, ""month"": 1, ""search_volume"": 140}, {""year"": 2025, ""month"": 12, ""search_volume"": 210}, {""year"": 2025, ""month"": 11, ""search_volume"": 170}, {""year"": 2025, ""month"": 10, ""search_volume"": 70}, {""year"": 2025, ""month"": 9, ""search_volume"": 70}, {""year"": 2025, ""month"": 8, ""search_volume"": 50}]"
C2,casque wifi pour tv,90,0.47,USD_DOCUMENTED,incompatible,False,,,,,"autre technologie, accessoire ou besoin auditif spécifique",dataforseo_labs/google/keyword_suggestions/live,2026-09-03T13:38:19.594647+00:00,2026-09-03-test-decouverte-couplee/raw/10-c2-labs.json.gz,"[{""year"": 2026, ""month"": 7, ""search_volume"": 50}, {""year"": 2026, ""month"": 6, ""search_volume"": 40}, {""year"": 2026, ""month"": 5, ""search_volume"": 40}, {""year"": 2026, ""month"": 4, ""search_volume"": 40}, {""year"": 2026, ""month"": 3, ""search_volume"": 40}, {""year"": 2026, ""month"": 2, ""search_volume"": 50}, {""year"": 2026, ""month"": 1, ""search_volume"": 140}, {""year"": 2025, ""month"": 12, ""search_volume"": 170}, {""year"": 2025, ""month"": 11, ""search_volume"": 260}, {""year"": 2025, ""month"": 10, ""search_volume"": 140}, {""year"": 2025, ""month"": 9, ""search_volume"": 90}, {""year"": 2025, ""month"": 8, ""search_volume"": 70}]"
C2,comment brancher un casque sans fil sur tv lg,90,0.02,USD_DOCUMENTED,information,True,,,,,"usage/SAV/risque, hors demande achat directe",dataforseo_labs/google/keyword_suggestions/live,2026-09-03T13:38:19.594647+00:00,2026-09-03-test-decouverte-couplee/raw/10-c2-labs.json.gz,"[{""year"": 2026, ""month"": 7, ""search_volume"": 50}, {""year"": 2026, ""month"": 6, ""search_volume"": 70}, {""year"": 2026, ""month"": 5, ""search_volume"": 90}, {""year"": 2026, ""month"": 4, ""search_volume"": 50}, {""year"": 2026, ""month"": 3, ""search_volume"": 70}, {""year"": 2026, ""month"": 2, ""search_volume"": 90}, {""year"": 2026, ""month"": 1, ""search_volume"": 110}, {""year"": 2025, ""month"": 12, ""search_volume"": 140}, {""year"": 2025, ""month"": 11, ""search_volume"": 90}, {""year"": 2025, ""month"": 10, ""search_volume"": 70}, {""year"": 2025, ""month"": 9, ""search_volume"": 70}, {""year"": 2025, ""month"": 8, ""search_volume"": 70}]"
C2,brancher casque sur tv,90,0.43,USD_DOCUMENTED,information,False,,,,,"usage/SAV/risque, hors demande achat directe",dataforseo_labs/google/keyword_suggestions/live,2026-09-03T13:38:19.594647+00:00,2026-09-03-test-decouverte-couplee/raw/10-c2-labs.json.gz,"[{""year"": 2026, ""month"": 7, ""search_volume"": 50}, {""year"": 2026, ""month"": 6, ""search_volume"": 70}, {""year"": 2026, ""month"": 5, ""search_volume"": 70}, {""year"": 2026, ""month"": 4, ""search_volume"": 70}, {""year"": 2026, ""month"": 3, ""search_volume"": 70}, {""year"": 2026, ""month"": 2, ""search_volume"": 90}, {""year"": 2026, ""month"": 1, ""search_volume"": 140}, {""year"": 2025, ""month"": 12, ""search_volume"": 140}, {""year"": 2025, ""month"": 11, ""search_volume"": 110}, {""year"": 2025, ""month"": 10, ""search_volume"": 90}, {""year"": 2025, ""month"": 9, ""search_volume"": 70}, {""year"": 2025, ""month"": 8, ""search_volume"": 110}]"
C2,brancher un casque sur tv,90,0.43,USD_DOCUMENTED,information,False,,,,,"usage/SAV/risque, hors demande achat directe",dataforseo_labs/google/keyword_suggestions/live,2026-09-03T13:38:19.594647+00:00,2026-09-03-test-decouverte-couplee/raw/10-c2-labs.json.gz,"[{""year"": 2026, ""month"": 7, ""search_volume"": 50}, {""year"": 2026, ""month"": 6, ""search_volume"": 70}, {""year"": 2026, ""month"": 5, ""search_volume"": 70}, {""year"": 2026, ""month"": 4, ""search_volume"": 70}, {""year"": 2026, ""month"": 3, ""search_volume"": 70}, {""year"": 2026, ""month"": 2, ""search_volume"": 90}, {""year"": 2026, ""month"": 1, ""search_volume"": 140}, {""year"": 2025, ""month"": 12, ""search_volume"": 140}, {""year"": 2025, ""month"": 11, ""search_volume"": 110}, {""year"": 2025, ""month"": 10, ""search_volume"": 90}, {""year"": 2025, ""month"": 9, ""search_volume"": 70}, {""year"": 2025, ""month"": 8, ""search_volume"": 110}]"
C2,casque duo tv sans fil,90,0.22,USD_DOCUMENTED,conditional,False,,,G0010,0,double casque ou entrée audio USB non confirmée pour le kit simple,keywords_data/google_ads/search_volume/live,2026-09-03T14:41:41.614360+00:00,2026-09-03-qualification-9-produits-pur/raw/20-controls-2.json.gz,"[{""year"": 2026, ""month"": 7, ""search_volume"": 50}, {""year"": 2026, ""month"": 6, ""search_volume"": 70}, {""year"": 2026, ""month"": 5, ""search_volume"": 70}, {""year"": 2026, ""month"": 4, ""search_volume"": 40}, {""year"": 2026, ""month"": 3, ""search_volume"": 90}, {""year"": 2026, ""month"": 2, ""search_volume"": 70}, {""year"": 2026, ""month"": 1, ""search_volume"": 110}, {""year"": 2025, ""month"": 12, ""search_volume"": 170}, {""year"": 2025, ""month"": 11, ""search_volume"": 170}, {""year"": 2025, ""month"": 10, ""search_volume"": 110}, {""year"": 2025, ""month"": 9, ""search_volume"": 110}, {""year"": 2025, ""month"": 8, ""search_volume"": 90}]"
C2,casque wifi pour télévision,90,0.47,USD_DOCUMENTED,incompatible,False,,,,,"autre technologie, accessoire ou besoin auditif spécifique",dataforseo_labs/google/keyword_suggestions/live,2026-09-03T14:36:31.018349+00:00,2026-09-03-qualification-9-produits-pur/raw/10-C2-labs-0.json.gz,"[{""year"": 2026, ""month"": 7, ""search_volume"": 50}, {""year"": 2026, ""month"": 6, ""search_volume"": 40}, {""year"": 2026, ""month"": 5, ""search_volume"": 40}, {""year"": 2026, ""month"": 4, ""search_volume"": 40}, {""year"": 2026, ""month"": 3, ""search_volume"": 40}, {""year"": 2026, ""month"": 2, ""search_volume"": 50}, {""year"": 2026, ""month"": 1, ""search_volume"": 140}, {""year"": 2025, ""month"": 12, ""search_volume"": 170}, {""year"": 2025, ""month"": 11, ""search_volume"": 260}, {""year"": 2025, ""month"": 10, ""search_volume"": 140}, {""year"": 2025, ""month"": 9, ""search_volume"": 90}, {""year"": 2025, ""month"": 8, ""search_volume"": 70}]"
C2,casque télévision pour malentendant,90,0.67,USD_DOCUMENTED,incompatible,False,,,,,"autre technologie, accessoire ou besoin auditif spécifique",dataforseo_labs/google/keyword_suggestions/live,2026-09-03T14:36:31.018349+00:00,2026-09-03-qualification-9-produits-pur/raw/10-C2-labs-0.json.gz,"[{""year"": 2026, ""month"": 7, ""search_volume"": 50}, {""year"": 2026, ""month"": 6, ""search_volume"": 70}, {""year"": 2026, ""month"": 5, ""search_volume"": 90}, {""year"": 2026, ""month"": 4, ""search_volume"": 70}, {""year"": 2026, ""month"": 3, ""search_volume"": 140}, {""year"": 2026, ""month"": 2, ""search_volume"": 110}, {""year"": 2026, ""month"": 1, ""search_volume"": 90}, {""year"": 2025, ""month"": 12, ""search_volume"": 140}, {""year"": 2025, ""month"": 11, ""search_volume"": 90}, {""year"": 2025, ""month"": 10, ""search_volume"": 90}, {""year"": 2025, ""month"": 9, ""search_volume"": 90}, {""year"": 2025, ""month"": 8, ""search_volume"": 140}]"
C2,casque télévision sans fil fnac,90,0.18,USD_DOCUMENTED,core,True,,,,,casque TV sans fil compatible avec kit émetteur,keywords_data/google_ads/search_volume/live,2026-09-03T14:41:45.663971+00:00,2026-09-03-qualification-9-produits-pur/raw/20-controls-3.json.gz,"[{""year"": 2026, ""month"": 7, ""search_volume"": 50}, {""year"": 2026, ""month"": 6, ""search_volume"": 50}, {""year"": 2026, ""month"": 5, ""search_volume"": 40}, {""year"": 2026, ""month"": 4, ""search_volume"": 70}, {""year"": 2026, ""month"": 3, ""search_volume"": 70}, {""year"": 2026, ""month"": 2, ""search_volume"": 70}, {""year"": 2026, ""month"": 1, ""search_volume"": 140}, {""year"": 2025, ""month"": 12, ""search_volume"": 210}, {""year"": 2025, ""month"": 11, ""search_volume"": 170}, {""year"": 2025, ""month"": 10, ""search_volume"": 70}, {""year"": 2025, ""month"": 9, ""search_volume"": 70}, {""year"": 2025, ""month"": 8, ""search_volume"": 50}]"
C2,casque télévision sans fil bose,90,0.31,USD_DOCUMENTED,core,True,,,,,casque TV sans fil compatible avec kit émetteur,keywords_data/google_ads/search_volume/live,2026-09-03T14:41:45.663971+00:00,2026-09-03-qualification-9-produits-pur/raw/20-controls-3.json.gz,"[{""year"": 2026, ""month"": 7, ""search_volume"": 50}, {""year"": 2026, ""month"": 6, ""search_volume"": 50}, {""year"": 2026, ""month"": 5, ""search_volume"": 50}, {""year"": 2026, ""month"": 4, ""search_volume"": 50}, {""year"": 2026, ""month"": 3, ""search_volume"": 50}, {""year"": 2026, ""month"": 2, ""search_volume"": 90}, {""year"": 2026, ""month"": 1, ""search_volume"": 90}, {""year"": 2025, ""month"": 12, ""search_volume"": 210}, {""year"": 2025, ""month"": 11, ""search_volume"": 210}, {""year"": 2025, ""month"": 10, ""search_volume"": 140}, {""year"": 2025, ""month"": 9, ""search_volume"": 70}, {""year"": 2025, ""month"": 8, ""search_volume"": 70}]"
C2,casque bose sans fil pour television,90,0.31,USD_DOCUMENTED,core,True,,,,,casque TV sans fil compatible avec kit émetteur,keywords_data/google_ads/search_volume/live,2026-09-03T14:41:45.663971+00:00,2026-09-03-qualification-9-produits-pur/raw/20-controls-3.json.gz,"[{""year"": 2026, ""month"": 7, ""search_volume"": 50}, {""year"": 2026, ""month"": 6, ""search_volume"": 50}, {""year"": 2026, ""month"": 5, ""search_volume"": 50}, {""year"": 2026, ""month"": 4, ""search_volume"": 50}, {""year"": 2026, ""month"": 3, ""search_volume"": 50}, {""year"": 2026, ""month"": 2, ""search_volume"": 90}, {""year"": 2026, ""month"": 1, ""search_volume"": 90}, {""year"": 2025, ""month"": 12, ""search_volume"": 210}, {""year"": 2025, ""month"": 11, ""search_volume"": 210}, {""year"": 2025, ""month"": 10, ""search_volume"": 140}, {""year"": 2025, ""month"": 9, ""search_volume"": 70}, {""year"": 2025, ""month"": 8, ""search_volume"": 70}]"
C2,casque television sans fil fnac,90,0.18,USD_DOCUMENTED,core,True,,,,,casque TV sans fil compatible avec kit émetteur,keywords_data/google_ads/search_volume/live,2026-09-03T14:41:45.663971+00:00,2026-09-03-qualification-9-produits-pur/raw/20-controls-3.json.gz,"[{""year"": 2026, ""month"": 7, ""search_volume"": 50}, {""year"": 2026, ""month"": 6, ""search_volume"": 50}, {""year"": 2026, ""month"": 5, ""search_volume"": 40}, {""year"": 2026, ""month"": 4, ""search_volume"": 70}, {""year"": 2026, ""month"": 3, ""search_volume"": 70}, {""year"": 2026, ""month"": 2, ""search_volume"": 70}, {""year"": 2026, ""month"": 1, ""search_volume"": 140}, {""year"": 2025, ""month"": 12, ""search_volume"": 210}, {""year"": 2025, ""month"": 11, ""search_volume"": 170}, {""year"": 2025, ""month"": 10, ""search_volume"": 70}, {""year"": 2025, ""month"": 9, ""search_volume"": 70}, {""year"": 2025, ""month"": 8, ""search_volume"": 50}]"
C2,meilleur casque bluetooth pour tv,70,0.44,USD_DOCUMENTED,core,False,G0011,70,G0014,70,casque TV sans fil compatible avec kit émetteur,keywords_data/google_ads/search_volume/live,2026-09-03T14:41:41.614360+00:00,2026-09-03-qualification-9-produits-pur/raw/20-controls-2.json.gz,"[{""year"": 2026, ""month"": 7, ""search_volume"": 90}, {""year"": 2026, ""month"": 6, ""search_volume"": 70}, {""year"": 2026, ""month"": 5, ""search_volume"": 50}, {""year"": 2026, ""month"": 4, ""search_volume"": 90}, {""year"": 2026, ""month"": 3, ""search_volume"": 90}, {""year"": 2026, ""month"": 2, ""search_volume"": 90}, {""year"": 2026, ""month"": 1, ""search_volume"": 110}, {""year"": 2025, ""month"": 12, ""search_volume"": 90}, {""year"": 2025, ""month"": 11, ""search_volume"": 90}, {""year"": 2025, ""month"": 10, ""search_volume"": 30}, {""year"": 2025, ""month"": 9, ""search_volume"": 30}, {""year"": 2025, ""month"": 8, ""search_volume"": 20}]"
C2,casque tv meliconi,70,0.13,USD_DOCUMENTED,parent,True,,,,,"casque TV générique, filaire et sans fil mélangés",dataforseo_labs/google/keyword_suggestions/live,2026-09-03T13:38:19.594647+00:00,2026-09-03-test-decouverte-couplee/raw/10-c2-labs.json.gz,"[{""year"": 2026, ""month"": 7, ""search_volume"": 30}, {""year"": 2026, ""month"": 6, ""search_volume"": 40}, {""year"": 2026, ""month"": 5, ""search_volume"": 50}, {""year"": 2026, ""month"": 4, ""search_volume"": 50}, {""year"": 2026, ""month"": 3, ""search_volume"": 50}, {""year"": 2026, ""month"": 2, ""search_volume"": 70}, {""year"": 2026, ""month"": 1, ""search_volume"": 90}, {""year"": 2025, ""month"": 12, ""search_volume"": 140}, {""year"": 2025, ""month"": 11, ""search_volume"": 110}, {""year"": 2025, ""month"": 10, ""search_volume"": 70}, {""year"": 2025, ""month"": 9, ""search_volume"": 50}, {""year"": 2025, ""month"": 8, ""search_volume"": 50}]"
C2,prise casque tv,70,0.09,USD_DOCUMENTED,parent,False,,,,,"casque TV générique, filaire et sans fil mélangés",dataforseo_labs/google/keyword_suggestions/live,2026-09-03T13:38:19.594647+00:00,2026-09-03-test-decouverte-couplee/raw/10-c2-labs.json.gz,"[{""year"": 2026, ""month"": 7, ""search_volume"": 50}, {""year"": 2026, ""month"": 6, ""search_volume"": 50}, {""year"": 2026, ""month"": 5, ""search_volume"": 50}, {""year"": 2026, ""month"": 4, ""search_volume"": 70}, {""year"": 2026, ""month"": 3, ""search_volume"": 70}, {""year"": 2026, ""month"": 2, ""search_volume"": 70}, {""year"": 2026, ""month"": 1, ""search_volume"": 90}, {""year"": 2025, ""month"": 12, ""search_volume"": 110}, {""year"": 2025, ""month"": 11, ""search_volume"": 70}, {""year"": 2025, ""month"": 10, ""search_volume"": 50}, {""year"": 2025, ""month"": 9, ""search_volume"": 50}, {""year"": 2025, ""month"": 8, ""search_volume"": 40}]"
C2,meilleur casque tv duo sans fil,70,0.12,USD_DOCUMENTED,conditional,False,,,G0017,70,double casque ou entrée audio USB non confirmée pour le kit simple,keywords_data/google_ads/search_volume/live,2026-09-03T14:41:41.614360+00:00,2026-09-03-qualification-9-produits-pur/raw/20-controls-2.json.gz,"[{""year"": 2026, ""month"": 7, ""search_volume"": 40}, {""year"": 2026, ""month"": 6, ""search_volume"": 30}, {""year"": 2026, ""month"": 5, ""search_volume"": 30}, {""year"": 2026, ""month"": 4, ""search_volume"": 70}, {""year"": 2026, ""month"": 3, ""search_volume"": 50}, {""year"": 2026, ""month"": 2, ""search_volume"": 30}, {""year"": 2026, ""month"": 1, ""search_volume"": 90}, {""year"": 2025, ""month"": 12, ""search_volume"": 110}, {""year"": 2025, ""month"": 11, ""search_volume"": 90}, {""year"": 2025, ""month"": 10, ""search_volume"": 110}, {""year"": 2025, ""month"": 9, ""search_volume"": 70}, {""year"": 2025, ""month"": 8, ""search_volume"": 70}]"
C2,casque sans fil pour ecouter la tv,70,0.25,USD_DOCUMENTED,core,False,G0008,0,G0011,0,casque TV sans fil compatible avec kit émetteur,keywords_data/google_ads/search_volume/live,2026-09-03T14:41:41.614360+00:00,2026-09-03-qualification-9-produits-pur/raw/20-controls-2.json.gz,"[{""year"": 2026, ""month"": 7, ""search_volume"": 40}, {""year"": 2026, ""month"": 6, ""search_volume"": 50}, {""year"": 2026, ""month"": 5, ""search_volume"": 50}, {""year"": 2026, ""month"": 4, ""search_volume"": 50}, {""year"": 2026, ""month"": 3, ""search_volume"": 70}, {""year"": 2026, ""month"": 2, ""search_volume"": 70}, {""year"": 2026, ""month"": 1, ""search_volume"": 90}, {""year"": 2025, ""month"": 12, ""search_volume"": 170}, {""year"": 2025, ""month"": 11, ""search_volume"": 110}, {""year"": 2025, ""month"": 10, ""search_volume"": 90}, {""year"": 2025, ""month"": 9, ""search_volume"": 70}, {""year"": 2025, ""month"": 8, ""search_volume"": 50}]"
C2,meliconi casque tv,70,0.13,USD_DOCUMENTED,parent,True,,,,,"casque TV générique, filaire et sans fil mélangés",dataforseo_labs/google/keyword_suggestions/live,2026-09-03T13:38:19.594647+00:00,2026-09-03-test-decouverte-couplee/raw/10-c2-labs.json.gz,"[{""year"": 2026, ""month"": 7, ""search_volume"": 30}, {""year"": 2026, ""month"": 6, ""search_volume"": 40}, {""year"": 2026, ""month"": 5, ""search_volume"": 50}, {""year"": 2026, ""month"": 4, ""search_volume"": 50}, {""year"": 2026, ""month"": 3, ""search_volume"": 50}, {""year"": 2026, ""month"": 2, ""search_volume"": 70}, {""year"": 2026, ""month"": 1, ""search_volume"": 90}, {""year"": 2025, ""month"": 12, ""search_volume"": 140}, {""year"": 2025, ""month"": 11, ""search_volume"": 110}, {""year"": 2025, ""month"": 10, ""search_volume"": 70}, {""year"": 2025, ""month"": 9, ""search_volume"": 50}, {""year"": 2025, ""month"": 8, ""search_volume"": 50}]"
C2,casque bluetooth pour tv lg,70,0.16,USD_DOCUMENTED,core,True,,,,,casque TV sans fil compatible avec kit émetteur,keywords_data/google_ads/search_volume/live,2026-09-03T14:41:41.614360+00:00,2026-09-03-qualification-9-produits-pur/raw/20-controls-2.json.gz,"[{""year"": 2026, ""month"": 7, ""search_volume"": 20}, {""year"": 2026, ""month"": 6, ""search_volume"": 40}, {""year"": 2026, ""month"": 5, ""search_volume"": 40}, {""year"": 2026, ""month"": 4, ""search_volume"": 50}, {""year"": 2026, ""month"": 3, ""search_volume"": 50}, {""year"": 2026, ""month"": 2, ""search_volume"": 70}, {""year"": 2026, ""month"": 1, ""search_volume"": 90}, {""year"": 2025, ""month"": 12, ""search_volume"": 140}, {""year"": 2025, ""month"": 11, ""search_volume"": 110}, {""year"": 2025, ""month"": 10, ""search_volume"": 90}, {""year"": 2025, ""month"": 9, ""search_volume"": 50}, {""year"": 2025, ""month"": 8, ""search_volume"": 50}]"
C2,meilleur casque tv sans fil sony,70,0.22,USD_DOCUMENTED,core,True,,,,,casque TV sans fil compatible avec kit émetteur,keywords_data/google_ads/search_volume/live,2026-09-03T14:41:41.614360+00:00,2026-09-03-qualification-9-produits-pur/raw/20-controls-2.json.gz,"[{""year"": 2026, ""month"": 7, ""search_volume"": 30}, {""year"": 2026, ""month"": 6, ""search_volume"": 50}, {""year"": 2026, ""month"": 5, ""search_volume"": 50}, {""year"": 2026, ""month"": 4, ""search_volume"": 40}, {""year"": 2026, ""month"": 3, ""search_volume"": 50}, {""year"": 2026, ""month"": 2, ""search_volume"": 50}, {""year"": 2026, ""month"": 1, ""search_volume"": 70}, {""year"": 2025, ""month"": 12, ""search_volume"": 140}, {""year"": 2025, ""month"": 11, ""search_volume"": 110}, {""year"": 2025, ""month"": 10, ""search_volume"": 70}, {""year"": 2025, ""month"": 9, ""search_volume"": 90}, {""year"": 2025, ""month"": 8, ""search_volume"": 70}]"
C2,connecter casque bluetooth sur tv sony bravia,70,,USD_DOCUMENTED,information,True,,,,,"usage/SAV/risque, hors demande achat directe",dataforseo_labs/google/keyword_suggestions/live,2026-09-03T13:38:19.594647+00:00,2026-09-03-test-decouverte-couplee/raw/10-c2-labs.json.gz,"[{""year"": 2026, ""month"": 7, ""search_volume"": 70}, {""year"": 2026, ""month"": 6, ""search_volume"": 70}, {""year"": 2026, ""month"": 5, ""search_volume"": 70}, {""year"": 2026, ""month"": 4, ""search_volume"": 70}, {""year"": 2026, ""month"": 3, ""search_volume"": 90}, {""year"": 2026, ""month"": 2, ""search_volume"": 70}, {""year"": 2026, ""month"": 1, ""search_volume"": 90}, {""year"": 2025, ""month"": 12, ""search_volume"": 110}, {""year"": 2025, ""month"": 11, ""search_volume"": 70}, {""year"": 2025, ""month"": 10, ""search_volume"": 50}, {""year"": 2025, ""month"": 9, ""search_volume"": 40}, {""year"": 2025, ""month"": 8, ""search_volume"": 40}]"
C2,casque tv leclerc,70,0.1,USD_DOCUMENTED,parent,True,,,,,"casque TV générique, filaire et sans fil mélangés",dataforseo_labs/google/keyword_suggestions/live,2026-09-03T13:38:19.594647+00:00,2026-09-03-test-decouverte-couplee/raw/10-c2-labs.json.gz,"[{""year"": 2026, ""month"": 7, ""search_volume"": 70}, {""year"": 2026, ""month"": 6, ""search_volume"": 40}, {""year"": 2026, ""month"": 5, ""search_volume"": 50}, {""year"": 2026, ""month"": 4, ""search_volume"": 50}, {""year"": 2026, ""month"": 3, ""search_volume"": 30}, {""year"": 2026, ""month"": 2, ""search_volume"": 50}, {""year"": 2026, ""month"": 1, ""search_volume"": 50}, {""year"": 2025, ""month"": 12, ""search_volume"": 260}, {""year"": 2025, ""month"": 11, ""search_volume"": 90}, {""year"": 2025, ""month"": 10, ""search_volume"": 70}, {""year"": 2025, ""month"": 9, ""search_volume"": 40}, {""year"": 2025, ""month"": 8, ""search_volume"": 70}]"
C2,meilleur double casque tv sans fil,70,0.25,USD_DOCUMENTED,conditional,False,,,G0018,70,double casque ou entrée audio USB non confirmée pour le kit simple,keywords_data/google_ads/search_volume/live,2026-09-03T14:41:41.614360+00:00,2026-09-03-qualification-9-produits-pur/raw/20-controls-2.json.gz,"[{""year"": 2026, ""month"": 7, ""search_volume"": 40}, {""year"": 2026, ""month"": 6, ""search_volume"": 50}, {""year"": 2026, ""month"": 5, ""search_volume"": 70}, {""year"": 2026, ""month"": 4, ""search_volume"": 70}, {""year"": 2026, ""month"": 3, ""search_volume"": 70}, {""year"": 2026, ""month"": 2, ""search_volume"": 70}, {""year"": 2026, ""month"": 1, ""search_volume"": 90}, {""year"": 2025, ""month"": 12, ""search_volume"": 70}, {""year"": 2025, ""month"": 11, ""search_volume"": 90}, {""year"": 2025, ""month"": 10, ""search_volume"": 40}, {""year"": 2025, ""month"": 9, ""search_volume"": 50}, {""year"": 2025, ""month"": 8, ""search_volume"": 30}]"
C2,meilleur casque bluetooth pour tv samsung,70,0.28,USD_DOCUMENTED,core,True,,,,,casque TV sans fil compatible avec kit émetteur,keywords_data/google_ads/search_volume/live,2026-09-03T14:41:41.614360+00:00,2026-09-03-qualification-9-produits-pur/raw/20-controls-2.json.gz,"[{""year"": 2026, ""month"": 7, ""search_volume"": 50}, {""year"": 2026, ""month"": 6, ""search_volume"": 70}, {""year"": 2026, ""month"": 5, ""search_volume"": 40}, {""year"": 2026, ""month"": 4, ""search_volume"": 40}, {""year"": 2026, ""month"": 3, ""search_volume"": 50}, {""year"": 2026, ""month"": 2, ""search_volume"": 70}, {""year"": 2026, ""month"": 1, ""search_volume"": 90}, {""year"": 2025, ""month"": 12, ""search_volume"": 140}, {""year"": 2025, ""month"": 11, ""search_volume"": 140}, {""year"": 2025, ""month"": 10, ""search_volume"": 70}, {""year"": 2025, ""month"": 9, ""search_volume"": 50}, {""year"": 2025, ""month"": 8, ""search_volume"": 70}]"
C2,casque tv sans fil pour malentendant,70,0.34,USD_DOCUMENTED,incompatible,False,,,,,"autre technologie, accessoire ou besoin auditif spécifique",dataforseo_labs/google/keyword_suggestions/live,2026-09-03T13:38:19.594647+00:00,2026-09-03-test-decouverte-couplee/raw/10-c2-labs.json.gz,"[{""year"": 2026, ""month"": 7, ""search_volume"": 30}, {""year"": 2026, ""month"": 6, ""search_volume"": 30}, {""year"": 2026, ""month"": 5, ""search_volume"": 40}, {""year"": 2026, ""month"": 4, ""search_volume"": 50}, {""year"": 2026, ""month"": 3, ""search_volume"": 70}, {""year"": 2026, ""month"": 2, ""search_volume"": 110}, {""year"": 2026, ""month"": 1, ""search_volume"": 50}, {""year"": 2025, ""month"": 12, ""search_volume"": 90}, {""year"": 2025, ""month"": 11, ""search_volume"": 140}, {""year"": 2025, ""month"": 10, ""search_volume"": 50}, {""year"": 2025, ""month"": 9, ""search_volume"": 40}, {""year"": 2025, ""month"": 8, ""search_volume"": 30}]"
C2,casque tv filaire 5m,70,0.22,USD_DOCUMENTED,incompatible,False,,,,,"autre technologie, accessoire ou besoin auditif spécifique",dataforseo_labs/google/keyword_suggestions/live,2026-09-03T13:38:19.594647+00:00,2026-09-03-test-decouverte-couplee/raw/10-c2-labs.json.gz,"[{""year"": 2026, ""month"": 7, ""search_volume"": 50}, {""year"": 2026, ""month"": 6, ""search_volume"": 70}, {""year"": 2026, ""month"": 5, ""search_volume"": 90}, {""year"": 2026, ""month"": 4, ""search_volume"": 50}, {""year"": 2026, ""month"": 3, ""search_volume"": 70}, {""year"": 2026, ""month"": 2, ""search_volume"": 70}, {""year"": 2026, ""month"": 1, ""search_volume"": 90}, {""year"": 2025, ""month"": 12, ""search_volume"": 110}, {""year"": 2025, ""month"": 11, ""search_volume"": 70}, {""year"": 2025, ""month"": 10, ""search_volume"": 50}, {""year"": 2025, ""month"": 9, ""search_volume"": 90}, {""year"": 2025, ""month"": 8, ""search_volume"": 50}]"
C2,connecter casque jbl bluetooth tv,70,,USD_DOCUMENTED,information,True,,,,,"usage/SAV/risque, hors demande achat directe",dataforseo_labs/google/keyword_suggestions/live,2026-09-03T13:38:19.594647+00:00,2026-09-03-test-decouverte-couplee/raw/10-c2-labs.json.gz,"[{""year"": 2026, ""month"": 7, ""search_volume"": 50}, {""year"": 2026, ""month"": 6, ""search_volume"": 70}, {""year"": 2026, ""month"": 5, ""search_volume"": 70}, {""year"": 2026, ""month"": 4, ""search_volume"": 70}, {""year"": 2026, ""month"": 3, ""search_volume"": 70}, {""year"": 2026, ""month"": 2, ""search_volume"": 110}, {""year"": 2026, ""month"": 1, ""search_volume"": 140}, {""year"": 2025, ""month"": 12, ""search_volume"": 170}, {""year"": 2025, ""month"": 11, ""search_volume"": 50}, {""year"": 2025, ""month"": 10, ""search_volume"": 50}, {""year"": 2025, ""month"": 9, ""search_volume"": 40}, {""year"": 2025, ""month"": 8, ""search_volume"": 30}]"
C2,casque tv sennheiser rs 2000,70,0.38,USD_DOCUMENTED,parent,True,,,,,"casque TV générique, filaire et sans fil mélangés",dataforseo_labs/google/keyword_suggestions/live,2026-09-03T13:38:19.594647+00:00,2026-09-03-test-decouverte-couplee/raw/10-c2-labs.json.gz,"[{""year"": 2026, ""month"": 7, ""search_volume"": 40}, {""year"": 2026, ""month"": 6, ""search_volume"": 30}, {""year"": 2026, ""month"": 5, ""search_volume"": 40}, {""year"": 2026, ""month"": 4, ""search_volume"": 40}, {""year"": 2026, ""month"": 3, ""search_volume"": 50}, {""year"": 2026, ""month"": 2, ""search_volume"": 90}, {""year"": 2026, ""month"": 1, ""search_volume"": 70}, {""year"": 2025, ""month"": 12, ""search_volume"": 90}, {""year"": 2025, ""month"": 11, ""search_volume"": 90}, {""year"": 2025, ""month"": 10, ""search_volume"": 70}, {""year"": 2025, ""month"": 9, ""search_volume"": 90}, {""year"": 2025, ""month"": 8, ""search_volume"": 50}]"
C2,casque bluetooth tv lg,70,0.16,USD_DOCUMENTED,core,True,,,,,casque TV sans fil compatible avec kit émetteur,keywords_data/google_ads/search_volume/live,2026-09-03T14:41:41.614360+00:00,2026-09-03-qualification-9-produits-pur/raw/20-controls-2.json.gz,"[{""year"": 2026, ""month"": 7, ""search_volume"": 20}, {""year"": 2026, ""month"": 6, ""search_volume"": 40}, {""year"": 2026, ""month"": 5, ""search_volume"": 40}, {""year"": 2026, ""month"": 4, ""search_volume"": 50}, {""year"": 2026, ""month"": 3, ""search_volume"": 50}, {""year"": 2026, ""month"": 2, ""search_volume"": 70}, {""year"": 2026, ""month"": 1, ""search_volume"": 90}, {""year"": 2025, ""month"": 12, ""search_volume"": 140}, {""year"": 2025, ""month"": 11, ""search_volume"": 110}, {""year"": 2025, ""month"": 10, ""search_volume"": 90}, {""year"": 2025, ""month"": 9, ""search_volume"": 50}, {""year"": 2025, ""month"": 8, ""search_volume"": 50}]"
C2,casque ecouteur sans fil pour tv,70,0.25,USD_DOCUMENTED,core,False,G0012,70,G0015,70,casque TV sans fil compatible avec kit émetteur,keywords_data/google_ads/search_volume/live,2026-09-03T14:41:41.614360+00:00,2026-09-03-qualification-9-produits-pur/raw/20-controls-2.json.gz,"[{""year"": 2026, ""month"": 7, ""search_volume"": 40}, {""year"": 2026, ""month"": 6, ""search_volume"": 50}, {""year"": 2026, ""month"": 5, ""search_volume"": 50}, {""year"": 2026, ""month"": 4, ""search_volume"": 50}, {""year"": 2026, ""month"": 3, ""search_volume"": 70}, {""year"": 2026, ""month"": 2, ""search_volume"": 70}, {""year"": 2026, ""month"": 1, ""search_volume"": 90}, {""year"": 2025, ""month"": 12, ""search_volume"": 170}, {""year"": 2025, ""month"": 11, ""search_volume"": 110}, {""year"": 2025, ""month"": 10, ""search_volume"": 90}, {""year"": 2025, ""month"": 9, ""search_volume"": 70}, {""year"": 2025, ""month"": 8, ""search_volume"": 50}]"
C2,casque tv bluetooth lg,70,0.16,USD_DOCUMENTED,core,True,,,,,casque TV sans fil compatible avec kit émetteur,keywords_data/google_ads/search_volume/live,2026-09-03T14:41:41.614360+00:00,2026-09-03-qualification-9-produits-pur/raw/20-controls-2.json.gz,"[{""year"": 2026, ""month"": 7, ""search_volume"": 20}, {""year"": 2026, ""month"": 6, ""search_volume"": 40}, {""year"": 2026, ""month"": 5, ""search_volume"": 40}, {""year"": 2026, ""month"": 4, ""search_volume"": 50}, {""year"": 2026, ""month"": 3, ""search_volume"": 50}, {""year"": 2026, ""month"": 2, ""search_volume"": 70}, {""year"": 2026, ""month"": 1, ""search_volume"": 90}, {""year"": 2025, ""month"": 12, ""search_volume"": 140}, {""year"": 2025, ""month"": 11, ""search_volume"": 110}, {""year"": 2025, ""month"": 10, ""search_volume"": 90}, {""year"": 2025, ""month"": 9, ""search_volume"": 50}, {""year"": 2025, ""month"": 8, ""search_volume"": 50}]"
C2,meilleur casque tv avec fil,70,0.19,USD_DOCUMENTED,incompatible,False,,,,,"autre technologie, accessoire ou besoin auditif spécifique",dataforseo_labs/google/keyword_suggestions/live,2026-09-03T13:38:19.594647+00:00,2026-09-03-test-decouverte-couplee/raw/10-c2-labs.json.gz,"[{""year"": 2026, ""month"": 7, ""search_volume"": 30}, {""year"": 2026, ""month"": 6, ""search_volume"": 50}, {""year"": 2026, ""month"": 5, ""search_volume"": 70}, {""year"": 2026, ""month"": 4, ""search_volume"": 30}, {""year"": 2026, ""month"": 3, ""search_volume"": 70}, {""year"": 2026, ""month"": 2, ""search_volume"": 70}, {""year"": 2026, ""month"": 1, ""search_volume"": 70}, {""year"": 2025, ""month"": 12, ""search_volume"": 90}, {""year"": 2025, ""month"": 11, ""search_volume"": 110}, {""year"": 2025, ""month"": 10, ""search_volume"": 110}, {""year"": 2025, ""month"": 9, ""search_volume"": 40}, {""year"": 2025, ""month"": 8, ""search_volume"": 70}]"
C2,casque tv pour malentendant sans fil,70,0.34,USD_DOCUMENTED,incompatible,False,,,,,"autre technologie, accessoire ou besoin auditif spécifique",dataforseo_labs/google/keyword_suggestions/live,2026-09-03T13:38:19.594647+00:00,2026-09-03-test-decouverte-couplee/raw/10-c2-labs.json.gz,"[{""year"": 2026, ""month"": 7, ""search_volume"": 30}, {""year"": 2026, ""month"": 6, ""search_volume"": 30}, {""year"": 2026, ""month"": 5, ""search_volume"": 40}, {""year"": 2026, ""month"": 4, ""search_volume"": 50}, {""year"": 2026, ""month"": 3, ""search_volume"": 70}, {""year"": 2026, ""month"": 2, ""search_volume"": 110}, {""year"": 2026, ""month"": 1, ""search_volume"": 50}, {""year"": 2025, ""month"": 12, ""search_volume"": 90}, {""year"": 2025, ""month"": 11, ""search_volume"": 140}, {""year"": 2025, ""month"": 10, ""search_volume"": 50}, {""year"": 2025, ""month"": 9, ""search_volume"": 40}, {""year"": 2025, ""month"": 8, ""search_volume"": 30}]"
C2,casque audio bluetooth tv,70,0.37,USD_DOCUMENTED,core,False,G0006,0,G0008,0,casque TV sans fil compatible avec kit émetteur,keywords_data/google_ads/search_volume/live,2026-09-03T14:41:41.614360+00:00,2026-09-03-qualification-9-produits-pur/raw/20-controls-2.json.gz,"[{""year"": 2026, ""month"": 7, ""search_volume"": 50}, {""year"": 2026, ""month"": 6, ""search_volume"": 30}, {""year"": 2026, ""month"": 5, ""search_volume"": 30}, {""year"": 2026, ""month"": 4, ""search_volume"": 30}, {""year"": 2026, ""month"": 3, ""search_volume"": 50}, {""year"": 2026, ""month"": 2, ""search_volume"": 40}, {""year"": 2026, ""month"": 1, ""search_volume"": 70}, {""year"": 2025, ""month"": 12, ""search_volume"": 110}, {""year"": 2025, ""month"": 11, ""search_volume"": 170}, {""year"": 2025, ""month"": 10, ""search_volume"": 90}, {""year"": 2025, ""month"": 9, ""search_volume"": 70}, {""year"": 2025, ""month"": 8, ""search_volume"": 70}]"
C2,casque audio tv sennheiser,70,0.43,USD_DOCUMENTED,parent,True,,,,,"casque TV générique, filaire et sans fil mélangés",dataforseo_labs/google/keyword_suggestions/live,2026-09-03T13:38:19.594647+00:00,2026-09-03-test-decouverte-couplee/raw/10-c2-labs.json.gz,"[{""year"": 2026, ""month"": 7, ""search_volume"": 30}, {""year"": 2026, ""month"": 6, ""search_volume"": 40}, {""year"": 2026, ""month"": 5, ""search_volume"": 30}, {""year"": 2026, ""month"": 4, ""search_volume"": 70}, {""year"": 2026, ""month"": 3, ""search_volume"": 70}, {""year"": 2026, ""month"": 2, ""search_volume"": 50}, {""year"": 2026, ""month"": 1, ""search_volume"": 90}, {""year"": 2025, ""month"": 12, ""search_volume"": 210}, {""year"": 2025, ""month"": 11, ""search_volume"": 170}, {""year"": 2025, ""month"": 10, ""search_volume"": 50}, {""year"": 2025, ""month"": 9, ""search_volume"": 90}, {""year"": 2025, ""month"": 8, ""search_volume"": 40}]"
C2,casque tv double,70,0.2,USD_DOCUMENTED,parent,False,,,,,"casque TV générique, filaire et sans fil mélangés",dataforseo_labs/google/keyword_suggestions/live,2026-09-03T13:38:19.594647+00:00,2026-09-03-test-decouverte-couplee/raw/10-c2-labs.json.gz,"[{""year"": 2026, ""month"": 7, ""search_volume"": 20}, {""year"": 2026, ""month"": 6, ""search_volume"": 20}, {""year"": 2026, ""month"": 5, ""search_volume"": 50}, {""year"": 2026, ""month"": 4, ""search_volume"": 30}, {""year"": 2026, ""month"": 3, ""search_volume"": 40}, {""year"": 2026, ""month"": 2, ""search_volume"": 70}, {""year"": 2026, ""month"": 1, ""search_volume"": 90}, {""year"": 2025, ""month"": 12, ""search_volume"": 110}, {""year"": 2025, ""month"": 11, ""search_volume"": 170}, {""year"": 2025, ""month"": 10, ""search_volume"": 90}, {""year"": 2025, ""month"": 9, ""search_volume"": 50}, {""year"": 2025, ""month"": 8, ""search_volume"": 50}]"
C2,casque tv sans fil rechargeable sur socle,70,0.29,USD_DOCUMENTED,core,False,G0013,70,G0016,70,casque TV sans fil compatible avec kit émetteur,keywords_data/google_ads/search_volume/live,2026-09-03T14:41:41.614360+00:00,2026-09-03-qualification-9-produits-pur/raw/20-controls-2.json.gz,"[{""year"": 2026, ""month"": 7, ""search_volume"": 30}, {""year"": 2026, ""month"": 6, ""search_volume"": 10}, {""year"": 2026, ""month"": 5, ""search_volume"": 30}, {""year"": 2026, ""month"": 4, ""search_volume"": 30}, {""year"": 2026, ""month"": 3, ""search_volume"": 50}, {""year"": 2026, ""month"": 2, ""search_volume"": 50}, {""year"": 2026, ""month"": 1, ""search_volume"": 90}, {""year"": 2025, ""month"": 12, ""search_volume"": 90}, {""year"": 2025, ""month"": 11, ""search_volume"": 90}, {""year"": 2025, ""month"": 10, ""search_volume"": 140}, {""year"": 2025, ""month"": 9, ""search_volume"": 70}, {""year"": 2025, ""month"": 8, ""search_volume"": 40}]"
C2,comment brancher un casque sur tv lg sans prise jack,70,0.27,USD_DOCUMENTED,information,True,,,,,"usage/SAV/risque, hors demande achat directe",dataforseo_labs/google/keyword_suggestions/live,2026-09-03T13:38:19.594647+00:00,2026-09-03-test-decouverte-couplee/raw/10-c2-labs.json.gz,"[{""year"": 2026, ""month"": 7, ""search_volume"": 50}, {""year"": 2026, ""month"": 6, ""search_volume"": 70}, {""year"": 2026, ""month"": 5, ""search_volume"": 50}, {""year"": 2026, ""month"": 4, ""search_volume"": 50}, {""year"": 2026, ""month"": 3, ""search_volume"": 50}, {""year"": 2026, ""month"": 2, ""search_volume"": 90}, {""year"": 2026, ""month"": 1, ""search_volume"": 140}, {""year"": 2025, ""month"": 12, ""search_volume"": 110}, {""year"": 2025, ""month"": 11, ""search_volume"": 110}, {""year"": 2025, ""month"": 10, ""search_volume"": 90}, {""year"": 2025, ""month"": 9, ""search_volume"": 70}, {""year"": 2025, ""month"": 8, ""search_volume"": 90}]"
C2,comment fonctionne casque tv sans fil,70,0.04,USD_DOCUMENTED,information,False,,,,,"usage/SAV/risque, hors demande achat directe",dataforseo_labs/google/keyword_suggestions/live,2026-09-03T13:38:19.594647+00:00,2026-09-03-test-decouverte-couplee/raw/10-c2-labs.json.gz,"[{""year"": 2026, ""month"": 7, ""search_volume"": 50}, {""year"": 2026, ""month"": 6, ""search_volume"": 70}, {""year"": 2026, ""month"": 5, ""search_volume"": 50}, {""year"": 2026, ""month"": 4, ""search_volume"": 50}, {""year"": 2026, ""month"": 3, ""search_volume"": 50}, {""year"": 2026, ""month"": 2, ""search_volume"": 50}, {""year"": 2026, ""month"": 1, ""search_volume"": 90}, {""year"": 2025, ""month"": 12, ""search_volume"": 110}, {""year"": 2025, ""month"": 11, ""search_volume"": 110}, {""year"": 2025, ""month"": 10, ""search_volume"": 70}, {""year"": 2025, ""month"": 9, ""search_volume"": 70}, {""year"": 2025, ""month"": 8, ""search_volume"": 50}]"
C2,comment fonctionne un casque tv sans fil,70,0.04,USD_DOCUMENTED,information,False,,,,,"usage/SAV/risque, hors demande achat directe",dataforseo_labs/google/keyword_suggestions/live,2026-09-03T13:38:19.594647+00:00,2026-09-03-test-decouverte-couplee/raw/10-c2-labs.json.gz,"[{""year"": 2026, ""month"": 7, ""search_volume"": 50}, {""year"": 2026, ""month"": 6, ""search_volume"": 70}, {""year"": 2026, ""month"": 5, ""search_volume"": 50}, {""year"": 2026, ""month"": 4, ""search_volume"": 50}, {""year"": 2026, ""month"": 3, ""search_volume"": 50}, {""year"": 2026, ""month"": 2, ""search_volume"": 50}, {""year"": 2026, ""month"": 1, ""search_volume"": 90}, {""year"": 2025, ""month"": 12, ""search_volume"": 110}, {""year"": 2025, ""month"": 11, ""search_volume"": 110}, {""year"": 2025, ""month"": 10, ""search_volume"": 70}, {""year"": 2025, ""month"": 9, ""search_volume"": 70}, {""year"": 2025, ""month"": 8, ""search_volume"": 50}]"
C2,casque sans fil tv pour malentendant,70,0.34,USD_DOCUMENTED,incompatible,False,,,,,"autre technologie, accessoire ou besoin auditif spécifique",dataforseo_labs/google/keyword_suggestions/live,2026-09-03T13:38:19.594647+00:00,2026-09-03-test-decouverte-couplee/raw/10-c2-labs.json.gz,"[{""year"": 2026, ""month"": 7, ""search_volume"": 30}, {""year"": 2026, ""month"": 6, ""search_volume"": 30}, {""year"": 2026, ""month"": 5, ""search_volume"": 40}, {""year"": 2026, ""month"": 4, ""search_volume"": 50}, {""year"": 2026, ""month"": 3, ""search_volume"": 70}, {""year"": 2026, ""month"": 2, ""search_volume"": 110}, {""year"": 2026, ""month"": 1, ""search_volume"": 50}, {""year"": 2025, ""month"": 12, ""search_volume"": 90}, {""year"": 2025, ""month"": 11, ""search_volume"": 140}, {""year"": 2025, ""month"": 10, ""search_volume"": 50}, {""year"": 2025, ""month"": 9, ""search_volume"": 40}, {""year"": 2025, ""month"": 8, ""search_volume"": 30}]"
C2,comment fonctionne un casque sans fil pour tv,70,0.04,USD_DOCUMENTED,information,False,,,,,"usage/SAV/risque, hors demande achat directe",dataforseo_labs/google/keyword_suggestions/live,2026-09-03T13:38:19.594647+00:00,2026-09-03-test-decouverte-couplee/raw/10-c2-labs.json.gz,"[{""year"": 2026, ""month"": 7, ""search_volume"": 50}, {""year"": 2026, ""month"": 6, ""search_volume"": 70}, {""year"": 2026, ""month"": 5, ""search_volume"": 50}, {""year"": 2026, ""month"": 4, ""search_volume"": 50}, {""year"": 2026, ""month"": 3, ""search_volume"": 50}, {""year"": 2026, ""month"": 2, ""search_volume"": 50}, {""year"": 2026, ""month"": 1, ""search_volume"": 90}, {""year"": 2025, ""month"": 12, ""search_volume"": 110}, {""year"": 2025, ""month"": 11, ""search_volume"": 110}, {""year"": 2025, ""month"": 10, ""search_volume"": 70}, {""year"": 2025, ""month"": 9, ""search_volume"": 70}, {""year"": 2025, ""month"": 8, ""search_volume"": 50}]"
C2,casque double tv,70,0.2,USD_DOCUMENTED,parent,False,,,,,"casque TV générique, filaire et sans fil mélangés",dataforseo_labs/google/keyword_suggestions/live,2026-09-03T13:38:19.594647+00:00,2026-09-03-test-decouverte-couplee/raw/10-c2-labs.json.gz,"[{""year"": 2026, ""month"": 7, ""search_volume"": 20}, {""year"": 2026, ""month"": 6, ""search_volume"": 20}, {""year"": 2026, ""month"": 5, ""search_volume"": 50}, {""year"": 2026, ""month"": 4, ""search_volume"": 30}, {""year"": 2026, ""month"": 3, ""search_volume"": 40}, {""year"": 2026, ""month"": 2, ""search_volume"": 70}, {""year"": 2026, ""month"": 1, ""search_volume"": 90}, {""year"": 2025, ""month"": 12, ""search_volume"": 110}, {""year"": 2025, ""month"": 11, ""search_volume"": 170}, {""year"": 2025, ""month"": 10, ""search_volume"": 90}, {""year"": 2025, ""month"": 9, ""search_volume"": 50}, {""year"": 2025, ""month"": 8, ""search_volume"": 50}]"
C2,brancher un casque sans couper le son de la télévision,70,0.38,USD_DOCUMENTED,information,False,,,,,"usage/SAV/risque, hors demande achat directe",dataforseo_labs/google/keyword_suggestions/live,2026-09-03T14:36:31.018349+00:00,2026-09-03-qualification-9-produits-pur/raw/10-C2-labs-0.json.gz,"[{""year"": 2026, ""month"": 7, ""search_volume"": 30}, {""year"": 2026, ""month"": 6, ""search_volume"": 20}, {""year"": 2026, ""month"": 5, ""search_volume"": 30}, {""year"": 2026, ""month"": 4, ""search_volume"": 20}, {""year"": 2026, ""month"": 3, ""search_volume"": 20}, {""year"": 2026, ""month"": 2, ""search_volume"": 70}, {""year"": 2026, ""month"": 1, ""search_volume"": 110}, {""year"": 2025, ""month"": 12, ""search_volume"": 110}, {""year"": 2025, ""month"": 11, ""search_volume"": 90}, {""year"": 2025, ""month"": 10, ""search_volume"": 110}, {""year"": 2025, ""month"": 9, ""search_volume"": 90}, {""year"": 2025, ""month"": 8, ""search_volume"": 90}]"
C2,casque écouteur sans fil pour télévision,70,0.25,USD_DOCUMENTED,core,False,G0012,0,G0015,0,casque TV sans fil compatible avec kit émetteur,keywords_data/google_ads/search_volume/live,2026-09-03T14:41:45.663971+00:00,2026-09-03-qualification-9-produits-pur/raw/20-controls-3.json.gz,"[{""year"": 2026, ""month"": 7, ""search_volume"": 40}, {""year"": 2026, ""month"": 6, ""search_volume"": 50}, {""year"": 2026, ""month"": 5, ""search_volume"": 50}, {""year"": 2026, ""month"": 4, ""search_volume"": 50}, {""year"": 2026, ""month"": 3, ""search_volume"": 70}, {""year"": 2026, ""month"": 2, ""search_volume"": 70}, {""year"": 2026, ""month"": 1, ""search_volume"": 90}, {""year"": 2025, ""month"": 12, ""search_volume"": 170}, {""year"": 2025, ""month"": 11, ""search_volume"": 110}, {""year"": 2025, ""month"": 10, ""search_volume"": 90}, {""year"": 2025, ""month"": 9, ""search_volume"": 70}, {""year"": 2025, ""month"": 8, ""search_volume"": 50}]"
C2,casque audio bluetooth television,70,0.37,USD_DOCUMENTED,core,False,G0006,0,G0008,0,casque TV sans fil compatible avec kit émetteur,keywords_data/google_ads/search_volume/live,2026-09-03T14:41:45.663971+00:00,2026-09-03-qualification-9-produits-pur/raw/20-controls-3.json.gz,"[{""year"": 2026, ""month"": 7, ""search_volume"": 50}, {""year"": 2026, ""month"": 6, ""search_volume"": 30}, {""year"": 2026, ""month"": 5, ""search_volume"": 30}, {""year"": 2026, ""month"": 4, ""search_volume"": 30}, {""year"": 2026, ""month"": 3, ""search_volume"": 50}, {""year"": 2026, ""month"": 2, ""search_volume"": 40}, {""year"": 2026, ""month"": 1, ""search_volume"": 70}, {""year"": 2025, ""month"": 12, ""search_volume"": 110}, {""year"": 2025, ""month"": 11, ""search_volume"": 170}, {""year"": 2025, ""month"": 10, ""search_volume"": 90}, {""year"": 2025, ""month"": 9, ""search_volume"": 70}, {""year"": 2025, ""month"": 8, ""search_volume"": 70}]"
C2,casque pour television sans fil leclerc,70,0.15,USD_DOCUMENTED,core,True,,,,,casque TV sans fil compatible avec kit émetteur,keywords_data/google_ads/search_volume/live,2026-09-03T14:41:45.663971+00:00,2026-09-03-qualification-9-produits-pur/raw/20-controls-3.json.gz,"[{""year"": 2026, ""month"": 7, ""search_volume"": 70}, {""year"": 2026, ""month"": 6, ""search_volume"": 40}, {""year"": 2026, ""month"": 5, ""search_volume"": 50}, {""year"": 2026, ""month"": 4, ""search_volume"": 20}, {""year"": 2026, ""month"": 3, ""search_volume"": 10}, {""year"": 2026, ""month"": 2, ""search_volume"": 40}, {""year"": 2026, ""month"": 1, ""search_volume"": 70}, {""year"": 2025, ""month"": 12, ""search_volume"": 210}, {""year"": 2025, ""month"": 11, ""search_volume"": 140}, {""year"": 2025, ""month"": 10, ""search_volume"": 50}, {""year"": 2025, ""month"": 9, ""search_volume"": 50}, {""year"": 2025, ""month"": 8, ""search_volume"": 50}]"
C2,tv avec prise casque,50,0.24,USD_DOCUMENTED,parent,False,,,,,"casque TV générique, filaire et sans fil mélangés",dataforseo_labs/google/keyword_suggestions/live,2026-09-03T13:38:19.594647+00:00,2026-09-03-test-decouverte-couplee/raw/10-c2-labs.json.gz,"[{""year"": 2026, ""month"": 7, ""search_volume"": 50}, {""year"": 2026, ""month"": 6, ""search_volume"": 40}, {""year"": 2026, ""month"": 5, ""search_volume"": 20}, {""year"": 2026, ""month"": 4, ""search_volume"": 40}, {""year"": 2026, ""month"": 3, ""search_volume"": 50}, {""year"": 2026, ""month"": 2, ""search_volume"": 40}, {""year"": 2026, ""month"": 1, ""search_volume"": 50}, {""year"": 2025, ""month"": 12, ""search_volume"": 70}, {""year"": 2025, ""month"": 11, ""search_volume"": 70}, {""year"": 2025, ""month"": 10, ""search_volume"": 50}, {""year"": 2025, ""month"": 9, ""search_volume"": 40}, {""year"": 2025, ""month"": 8, ""search_volume"": 70}]"
C2,casque audio tv sans fil boulanger,50,0.18,USD_DOCUMENTED,core,True,,,,,casque TV sans fil compatible avec kit émetteur,keywords_data/google_ads/search_volume/live,2026-09-03T14:41:41.614360+00:00,2026-09-03-qualification-9-produits-pur/raw/20-controls-2.json.gz,"[{""year"": 2026, ""month"": 7, ""search_volume"": 40}, {""year"": 2026, ""month"": 6, ""search_volume"": 40}, {""year"": 2026, ""month"": 5, ""search_volume"": 40}, {""year"": 2026, ""month"": 4, ""search_volume"": 50}, {""year"": 2026, ""month"": 3, ""search_volume"": 50}, {""year"": 2026, ""month"": 2, ""search_volume"": 50}, {""year"": 2026, ""month"": 1, ""search_volume"": 70}, {""year"": 2025, ""month"": 12, ""search_volume"": 70}, {""year"": 2025, ""month"": 11, ""search_volume"": 50}, {""year"": 2025, ""month"": 10, ""search_volume"": 40}, {""year"": 2025, ""month"": 9, ""search_volume"": 70}, {""year"": 2025, ""month"": 8, ""search_volume"": 70}]"
C2,casque tv fnac,50,0.05,USD_DOCUMENTED,parent,True,,,,,"casque TV générique, filaire et sans fil mélangés",dataforseo_labs/google/keyword_suggestions/live,2026-09-03T13:38:19.594647+00:00,2026-09-03-test-decouverte-couplee/raw/10-c2-labs.json.gz,"[{""year"": 2026, ""month"": 7, ""search_volume"": 20}, {""year"": 2026, ""month"": 6, ""search_volume"": 40}, {""year"": 2026, ""month"": 5, ""search_volume"": 20}, {""year"": 2026, ""month"": 4, ""search_volume"": 40}, {""year"": 2026, ""month"": 3, ""search_volume"": 20}, {""year"": 2026, ""month"": 2, ""search_volume"": 30}, {""year"": 2026, ""month"": 1, ""search_volume"": 70}, {""year"": 2025, ""month"": 12, ""search_volume"": 140}, {""year"": 2025, ""month"": 11, ""search_volume"": 90}, {""year"": 2025, ""month"": 10, ""search_volume"": 50}, {""year"": 2025, ""month"": 9, ""search_volume"": 30}, {""year"": 2025, ""month"": 8, ""search_volume"": 30}]"
C2,casque sans fil tv cdiscount,50,0.36,USD_DOCUMENTED,core,True,,,,,casque TV sans fil compatible avec kit émetteur,keywords_data/google_ads/search_volume/live,2026-09-03T14:41:41.614360+00:00,2026-09-03-qualification-9-produits-pur/raw/20-controls-2.json.gz,"[{""year"": 2026, ""month"": 7, ""search_volume"": 20}, {""year"": 2026, ""month"": 6, ""search_volume"": 20}, {""year"": 2026, ""month"": 5, ""search_volume"": 50}, {""year"": 2026, ""month"": 4, ""search_volume"": 50}, {""year"": 2026, ""month"": 3, ""search_volume"": 50}, {""year"": 2026, ""month"": 2, ""search_volume"": 50}, {""year"": 2026, ""month"": 1, ""search_volume"": 70}, {""year"": 2025, ""month"": 12, ""search_volume"": 90}, {""year"": 2025, ""month"": 11, ""search_volume"": 90}, {""year"": 2025, ""month"": 10, ""search_volume"": 50}, {""year"": 2025, ""month"": 9, ""search_volume"": 30}, {""year"": 2025, ""month"": 8, ""search_volume"": 20}]"
C2,brancher casque sans fil sur tv,50,0.09,USD_DOCUMENTED,information,False,,,,,"usage/SAV/risque, hors demande achat directe",dataforseo_labs/google/keyword_suggestions/live,2026-09-03T13:38:19.594647+00:00,2026-09-03-test-decouverte-couplee/raw/10-c2-labs.json.gz,"[{""year"": 2026, ""month"": 7, ""search_volume"": 30}, {""year"": 2026, ""month"": 6, ""search_volume"": 50}, {""year"": 2026, ""month"": 5, ""search_volume"": 40}, {""year"": 2026, ""month"": 4, ""search_volume"": 30}, {""year"": 2026, ""month"": 3, ""search_volume"": 50}, {""year"": 2026, ""month"": 2, ""search_volume"": 20}, {""year"": 2026, ""month"": 1, ""search_volume"": 70}, {""year"": 2025, ""month"": 12, ""search_volume"": 90}, {""year"": 2025, ""month"": 11, ""search_volume"": 50}, {""year"": 2025, ""month"": 10, ""search_volume"": 70}, {""year"": 2025, ""month"": 9, ""search_volume"": 70}, {""year"": 2025, ""month"": 8, ""search_volume"": 70}]"
C2,casque sans fil tv conforama,50,0.04,USD_DOCUMENTED,core,True,,,,,casque TV sans fil compatible avec kit émetteur,keywords_data/google_ads/search_volume/live,2026-09-03T14:41:41.614360+00:00,2026-09-03-qualification-9-produits-pur/raw/20-controls-2.json.gz,"[{""year"": 2026, ""month"": 7, ""search_volume"": 20}, {""year"": 2026, ""month"": 6, ""search_volume"": 30}, {""year"": 2026, ""month"": 5, ""search_volume"": 40}, {""year"": 2026, ""month"": 4, ""search_volume"": 40}, {""year"": 2026, ""month"": 3, ""search_volume"": 40}, {""year"": 2026, ""month"": 2, ""search_volume"": 70}, {""year"": 2026, ""month"": 1, ""search_volume"": 70}, {""year"": 2025, ""month"": 12, ""search_volume"": 90}, {""year"": 2025, ""month"": 11, ""search_volume"": 70}, {""year"": 2025, ""month"": 10, ""search_volume"": 40}, {""year"": 2025, ""month"": 9, ""search_volume"": 30}, {""year"": 2025, ""month"": 8, ""search_volume"": 20}]"
C2,casque tv sans fil pour senior,50,0.21,USD_DOCUMENTED,core,False,G0014,50,G0019,50,casque TV sans fil compatible avec kit émetteur,keywords_data/google_ads/search_volume/live,2026-09-03T14:41:41.614360+00:00,2026-09-03-qualification-9-produits-pur/raw/20-controls-2.json.gz,"[{""year"": 2026, ""month"": 7, ""search_volume"": 110}, {""year"": 2026, ""month"": 6, ""search_volume"": 70}, {""year"": 2026, ""month"": 5, ""search_volume"": 50}, {""year"": 2026, ""month"": 4, ""search_volume"": 40}, {""year"": 2026, ""month"": 3, ""search_volume"": 30}, {""year"": 2026, ""month"": 2, ""search_volume"": 50}, {""year"": 2026, ""month"": 1, ""search_volume"": 40}, {""year"": 2025, ""month"": 12, ""search_volume"": 90}, {""year"": 2025, ""month"": 11, ""search_volume"": 70}, {""year"": 2025, ""month"": 10, ""search_volume"": 50}, {""year"": 2025, ""month"": 9, ""search_volume"": 30}, {""year"": 2025, ""month"": 8, ""search_volume"": 20}]"
C2,meilleur casque tv pour malentendant,50,0.22,USD_DOCUMENTED,incompatible,False,,,,,"autre technologie, accessoire ou besoin auditif spécifique",dataforseo_labs/google/keyword_suggestions/live,2026-09-03T13:38:19.594647+00:00,2026-09-03-test-decouverte-couplee/raw/10-c2-labs.json.gz,"[{""year"": 2026, ""month"": 7, ""search_volume"": 30}, {""year"": 2026, ""month"": 6, ""search_volume"": 30}, {""year"": 2026, ""month"": 5, ""search_volume"": 40}, {""year"": 2026, ""month"": 4, ""search_volume"": 20}, {""year"": 2026, ""month"": 3, ""search_volume"": 70}, {""year"": 2026, ""month"": 2, ""search_volume"": 50}, {""year"": 2026, ""month"": 1, ""search_volume"": 70}, {""year"": 2025, ""month"": 12, ""search_volume"": 90}, {""year"": 2025, ""month"": 11, ""search_volume"": 70}, {""year"": 2025, ""month"": 10, ""search_volume"": 50}, {""year"": 2025, ""month"": 9, ""search_volume"": 40}, {""year"": 2025, ""month"": 8, ""search_volume"": 70}]"
C2,conforama casque tv sans fil,50,0.04,USD_DOCUMENTED,core,True,,,,,casque TV sans fil compatible avec kit émetteur,keywords_data/google_ads/search_volume/live,2026-09-03T14:41:41.614360+00:00,2026-09-03-qualification-9-produits-pur/raw/20-controls-2.json.gz,"[{""year"": 2026, ""month"": 7, ""search_volume"": 20}, {""year"": 2026, ""month"": 6, ""search_volume"": 30}, {""year"": 2026, ""month"": 5, ""search_volume"": 40}, {""year"": 2026, ""month"": 4, ""search_volume"": 40}, {""year"": 2026, ""month"": 3, ""search_volume"": 40}, {""year"": 2026, ""month"": 2, ""search_volume"": 70}, {""year"": 2026, ""month"": 1, ""search_volume"": 70}, {""year"": 2025, ""month"": 12, ""search_volume"": 90}, {""year"": 2025, ""month"": 11, ""search_volume"": 70}, {""year"": 2025, ""month"": 10, ""search_volume"": 40}, {""year"": 2025, ""month"": 9, ""search_volume"": 30}, {""year"": 2025, ""month"": 8, ""search_volume"": 20}]"
C2,cdiscount casque tv sans fil,50,0.36,USD_DOCUMENTED,core,True,,,,,casque TV sans fil compatible avec kit émetteur,keywords_data/google_ads/search_volume/live,2026-09-03T14:41:41.614360+00:00,2026-09-03-qualification-9-produits-pur/raw/20-controls-2.json.gz,"[{""year"": 2026, ""month"": 7, ""search_volume"": 20}, {""year"": 2026, ""month"": 6, ""search_volume"": 20}, {""year"": 2026, ""month"": 5, ""search_volume"": 50}, {""year"": 2026, ""month"": 4, ""search_volume"": 50}, {""year"": 2026, ""month"": 3, ""search_volume"": 50}, {""year"": 2026, ""month"": 2, ""search_volume"": 50}, {""year"": 2026, ""month"": 1, ""search_volume"": 70}, {""year"": 2025, ""month"": 12, ""search_volume"": 90}, {""year"": 2025, ""month"": 11, ""search_volume"": 90}, {""year"": 2025, ""month"": 10, ""search_volume"": 50}, {""year"": 2025, ""month"": 9, ""search_volume"": 30}, {""year"": 2025, ""month"": 8, ""search_volume"": 20}]"
C2,casque tv sans fil prise optique,50,0.35,USD_DOCUMENTED,core,False,G0015,50,G0020,50,casque TV sans fil compatible avec kit émetteur,keywords_data/google_ads/search_volume/live,2026-09-03T14:41:41.614360+00:00,2026-09-03-qualification-9-produits-pur/raw/20-controls-2.json.gz,"[{""year"": 2026, ""month"": 7, ""search_volume"": 30}, {""year"": 2026, ""month"": 6, ""search_volume"": 30}, {""year"": 2026, ""month"": 5, ""search_volume"": 40}, {""year"": 2026, ""month"": 4, ""search_volume"": 40}, {""year"": 2026, ""month"": 3, ""search_volume"": 50}, {""year"": 2026, ""month"": 2, ""search_volume"": 50}, {""year"": 2026, ""month"": 1, ""search_volume"": 110}, {""year"": 2025, ""month"": 12, ""search_volume"": 110}, {""year"": 2025, ""month"": 11, ""search_volume"": 90}, {""year"": 2025, ""month"": 10, ""search_volume"": 50}, {""year"": 2025, ""month"": 9, ""search_volume"": 50}, {""year"": 2025, ""month"": 8, ""search_volume"": 50}]"
C2,emetteur bluetooth tv vers casque,50,0.18,USD_DOCUMENTED,incompatible,False,,,,,"autre technologie, accessoire ou besoin auditif spécifique",dataforseo_labs/google/keyword_suggestions/live,2026-09-03T13:38:19.594647+00:00,2026-09-03-test-decouverte-couplee/raw/10-c2-labs.json.gz,"[{""year"": 2026, ""month"": 7, ""search_volume"": 30}, {""year"": 2026, ""month"": 6, ""search_volume"": 20}, {""year"": 2026, ""month"": 5, ""search_volume"": 50}, {""year"": 2026, ""month"": 4, ""search_volume"": 40}, {""year"": 2026, ""month"": 3, ""search_volume"": 50}, {""year"": 2026, ""month"": 2, ""search_volume"": 70}, {""year"": 2026, ""month"": 1, ""search_volume"": 70}, {""year"": 2025, ""month"": 12, ""search_volume"": 90}, {""year"": 2025, ""month"": 11, ""search_volume"": 70}, {""year"": 2025, ""month"": 10, ""search_volume"": 50}, {""year"": 2025, ""month"": 9, ""search_volume"": 70}, {""year"": 2025, ""month"": 8, ""search_volume"": 50}]"
C2,adaptateur casque audio tv,50,0.19,USD_DOCUMENTED,incompatible,False,,,,,"autre technologie, accessoire ou besoin auditif spécifique",dataforseo_labs/google/keyword_suggestions/live,2026-09-03T13:38:19.594647+00:00,2026-09-03-test-decouverte-couplee/raw/10-c2-labs.json.gz,"[{""year"": 2026, ""month"": 7, ""search_volume"": 30}, {""year"": 2026, ""month"": 6, ""search_volume"": 40}, {""year"": 2026, ""month"": 5, ""search_volume"": 40}, {""year"": 2026, ""month"": 4, ""search_volume"": 20}, {""year"": 2026, ""month"": 3, ""search_volume"": 50}, {""year"": 2026, ""month"": 2, ""search_volume"": 50}, {""year"": 2026, ""month"": 1, ""search_volume"": 90}, {""year"": 2025, ""month"": 12, ""search_volume"": 90}, {""year"": 2025, ""month"": 11, ""search_volume"": 50}, {""year"": 2025, ""month"": 10, ""search_volume"": 30}, {""year"": 2025, ""month"": 9, ""search_volume"": 40}, {""year"": 2025, ""month"": 8, ""search_volume"": 30}]"
C2,casque audio sans fil tv darty,50,0.17,USD_DOCUMENTED,core,True,,,,,casque TV sans fil compatible avec kit émetteur,keywords_data/google_ads/search_volume/live,2026-09-03T14:41:41.614360+00:00,2026-09-03-qualification-9-produits-pur/raw/20-controls-2.json.gz,"[{""year"": 2026, ""month"": 7, ""search_volume"": 40}, {""year"": 2026, ""month"": 6, ""search_volume"": 40}, {""year"": 2026, ""month"": 5, ""search_volume"": 30}, {""year"": 2026, ""month"": 4, ""search_volume"": 50}, {""year"": 2026, ""month"": 3, ""search_volume"": 40}, {""year"": 2026, ""month"": 2, ""search_volume"": 40}, {""year"": 2026, ""month"": 1, ""search_volume"": 70}, {""year"": 2025, ""month"": 12, ""search_volume"": 70}, {""year"": 2025, ""month"": 11, ""search_volume"": 70}, {""year"": 2025, ""month"": 10, ""search_volume"": 50}, {""year"": 2025, ""month"": 9, ""search_volume"": 40}, {""year"": 2025, ""month"": 8, ""search_volume"": 20}]"
C2,comment connecter un casque bluetooth sur tv lg,50,,USD_DOCUMENTED,information,True,,,,,"usage/SAV/risque, hors demande achat directe",dataforseo_labs/google/keyword_suggestions/live,2026-09-03T13:38:19.594647+00:00,2026-09-03-test-decouverte-couplee/raw/10-c2-labs.json.gz,"[{""year"": 2026, ""month"": 7, ""search_volume"": 40}, {""year"": 2026, ""month"": 6, ""search_volume"": 50}, {""year"": 2026, ""month"": 5, ""search_volume"": 40}, {""year"": 2026, ""month"": 4, ""search_volume"": 30}, {""year"": 2026, ""month"": 3, ""search_volume"": 40}, {""year"": 2026, ""month"": 2, ""search_volume"": 50}, {""year"": 2026, ""month"": 1, ""search_volume"": 70}, {""year"": 2025, ""month"": 12, ""search_volume"": 90}, {""year"": 2025, ""month"": 11, ""search_volume"": 70}, {""year"": 2025, ""month"": 10, ""search_volume"": 40}, {""year"": 2025, ""month"": 9, ""search_volume"": 40}, {""year"": 2025, ""month"": 8, ""search_volume"": 30}]"
C2,fnac casque tv,50,0.05,USD_DOCUMENTED,parent,True,,,,,"casque TV générique, filaire et sans fil mélangés",dataforseo_labs/google/keyword_suggestions/live,2026-09-03T13:38:19.594647+00:00,2026-09-03-test-decouverte-couplee/raw/10-c2-labs.json.gz,"[{""year"": 2026, ""month"": 7, ""search_volume"": 20}, {""year"": 2026, ""month"": 6, ""search_volume"": 40}, {""year"": 2026, ""month"": 5, ""search_volume"": 20}, {""year"": 2026, ""month"": 4, ""search_volume"": 40}, {""year"": 2026, ""month"": 3, ""search_volume"": 20}, {""year"": 2026, ""month"": 2, ""search_volume"": 30}, {""year"": 2026, ""month"": 1, ""search_volume"": 70}, {""year"": 2025, ""month"": 12, ""search_volume"": 140}, {""year"": 2025, ""month"": 11, ""search_volume"": 90}, {""year"": 2025, ""month"": 10, ""search_volume"": 50}, {""year"": 2025, ""month"": 9, ""search_volume"": 30}, {""year"": 2025, ""month"": 8, ""search_volume"": 30}]"
C2,casque tv samsung,50,0.14,USD_DOCUMENTED,parent,True,,,,,"casque TV générique, filaire et sans fil mélangés",dataforseo_labs/google/keyword_suggestions/live,2026-09-03T13:38:19.594647+00:00,2026-09-03-test-decouverte-couplee/raw/10-c2-labs.json.gz,"[{""year"": 2026, ""month"": 7, ""search_volume"": 30}, {""year"": 2026, ""month"": 6, ""search_volume"": 30}, {""year"": 2026, ""month"": 5, ""search_volume"": 30}, {""year"": 2026, ""month"": 4, ""search_volume"": 40}, {""year"": 2026, ""month"": 3, ""search_volume"": 30}, {""year"": 2026, ""month"": 2, ""search_volume"": 40}, {""year"": 2026, ""month"": 1, ""search_volume"": 70}, {""year"": 2025, ""month"": 12, ""search_volume"": 110}, {""year"": 2025, ""month"": 11, ""search_volume"": 90}, {""year"": 2025, ""month"": 10, ""search_volume"": 70}, {""year"": 2025, ""month"": 9, ""search_volume"": 50}, {""year"": 2025, ""month"": 8, ""search_volume"": 40}]"
C2,casque bluetooth tv sans fil,50,0.31,USD_DOCUMENTED,core,False,G0005,0,G0005,0,casque TV sans fil compatible avec kit émetteur,keywords_data/google_ads/search_volume/live,2026-09-03T14:41:41.614360+00:00,2026-09-03-qualification-9-produits-pur/raw/20-controls-2.json.gz,"[{""year"": 2026, ""month"": 7, ""search_volume"": 40}, {""year"": 2026, ""month"": 6, ""search_volume"": 40}, {""year"": 2026, ""month"": 5, ""search_volume"": 20}, {""year"": 2026, ""month"": 4, ""search_volume"": 20}, {""year"": 2026, ""month"": 3, ""search_volume"": 70}, {""year"": 2026, ""month"": 2, ""search_volume"": 50}, {""year"": 2026, ""month"": 1, ""search_volume"": 70}, {""year"": 2025, ""month"": 12, ""search_volume"": 110}, {""year"": 2025, ""month"": 11, ""search_volume"": 50}, {""year"": 2025, ""month"": 10, ""search_volume"": 20}, {""year"": 2025, ""month"": 9, ""search_volume"": 70}, {""year"": 2025, ""month"": 8, ""search_volume"": 50}]"
C2,connecter casque bluetooth sur tv samsung,50,,USD_DOCUMENTED,information,True,,,,,"usage/SAV/risque, hors demande achat directe",dataforseo_labs/google/keyword_suggestions/live,2026-09-03T13:38:19.594647+00:00,2026-09-03-test-decouverte-couplee/raw/10-c2-labs.json.gz,"[{""year"": 2026, ""month"": 7, ""search_volume"": 90}, {""year"": 2026, ""month"": 6, ""search_volume"": 50}, {""year"": 2026, ""month"": 5, ""search_volume"": 50}, {""year"": 2026, ""month"": 4, ""search_volume"": 40}, {""year"": 2026, ""month"": 3, ""search_volume"": 70}, {""year"": 2026, ""month"": 2, ""search_volume"": 50}, {""year"": 2026, ""month"": 1, ""search_volume"": 70}, {""year"": 2025, ""month"": 12, ""search_volume"": 50}, {""year"": 2025, ""month"": 11, ""search_volume"": 30}, {""year"": 2025, ""month"": 10, ""search_volume"": 30}, {""year"": 2025, ""month"": 9, ""search_volume"": 30}, {""year"": 2025, ""month"": 8, ""search_volume"": 20}]"
C2,casque tv sans fil pas cher,50,0.11,USD_DOCUMENTED,core,False,G0016,50,G0021,50,casque TV sans fil compatible avec kit émetteur,keywords_data/google_ads/search_volume/live,2026-09-03T14:41:41.614360+00:00,2026-09-03-qualification-9-produits-pur/raw/20-controls-2.json.gz,"[{""year"": 2026, ""month"": 7, ""search_volume"": 20}, {""year"": 2026, ""month"": 6, ""search_volume"": 20}, {""year"": 2026, ""month"": 5, ""search_volume"": 20}, {""year"": 2026, ""month"": 4, ""search_volume"": 10}, {""year"": 2026, ""month"": 3, ""search_volume"": 70}, {""year"": 2026, ""month"": 2, ""search_volume"": 70}, {""year"": 2026, ""month"": 1, ""search_volume"": 50}, {""year"": 2025, ""month"": 12, ""search_volume"": 90}, {""year"": 2025, ""month"": 11, ""search_volume"": 110}, {""year"": 2025, ""month"": 10, ""search_volume"": 70}, {""year"": 2025, ""month"": 9, ""search_volume"": 70}, {""year"": 2025, ""month"": 8, ""search_volume"": 20}]"
C2,casque tv optique,50,0.23,USD_DOCUMENTED,parent,False,,,,,"casque TV générique, filaire et sans fil mélangés",dataforseo_labs/google/keyword_suggestions/live,2026-09-03T13:38:19.594647+00:00,2026-09-03-test-decouverte-couplee/raw/10-c2-labs.json.gz,"[{""year"": 2026, ""month"": 7, ""search_volume"": 30}, {""year"": 2026, ""month"": 6, ""search_volume"": 30}, {""year"": 2026, ""month"": 5, ""search_volume"": 40}, {""year"": 2026, ""month"": 4, ""search_volume"": 40}, {""year"": 2026, ""month"": 3, ""search_volume"": 40}, {""year"": 2026, ""month"": 2, ""search_volume"": 50}, {""year"": 2026, ""month"": 1, ""search_volume"": 90}, {""year"": 2025, ""month"": 12, ""search_volume"": 70}, {""year"": 2025, ""month"": 11, ""search_volume"": 90}, {""year"": 2025, ""month"": 10, ""search_volume"": 50}, {""year"": 2025, ""month"": 9, ""search_volume"": 30}, {""year"": 2025, ""month"": 8, ""search_volume"": 50}]"
C2,casque sony tv,50,0.16,USD_DOCUMENTED,parent,True,,,,,"casque TV générique, filaire et sans fil mélangés",dataforseo_labs/google/keyword_suggestions/live,2026-09-03T13:38:19.594647+00:00,2026-09-03-test-decouverte-couplee/raw/10-c2-labs.json.gz,"[{""year"": 2026, ""month"": 7, ""search_volume"": 20}, {""year"": 2026, ""month"": 6, ""search_volume"": 40}, {""year"": 2026, ""month"": 5, ""search_volume"": 40}, {""year"": 2026, ""month"": 4, ""search_volume"": 20}, {""year"": 2026, ""month"": 3, ""search_volume"": 30}, {""year"": 2026, ""month"": 2, ""search_volume"": 30}, {""year"": 2026, ""month"": 1, ""search_volume"": 70}, {""year"": 2025, ""month"": 12, ""search_volume"": 90}, {""year"": 2025, ""month"": 11, ""search_volume"": 90}, {""year"": 2025, ""month"": 10, ""search_volume"": 70}, {""year"": 2025, ""month"": 9, ""search_volume"": 30}, {""year"": 2025, ""month"": 8, ""search_volume"": 50}]"
C2,ou se trouve la prise casque sur tv philips,50,,USD_DOCUMENTED,parent,True,,,,,"casque TV générique, filaire et sans fil mélangés",dataforseo_labs/google/keyword_suggestions/live,2026-09-03T13:38:19.594647+00:00,2026-09-03-test-decouverte-couplee/raw/10-c2-labs.json.gz,"[{""year"": 2026, ""month"": 7, ""search_volume"": 40}, {""year"": 2026, ""month"": 6, ""search_volume"": 50}, {""year"": 2026, ""month"": 5, ""search_volume"": 70}, {""year"": 2026, ""month"": 4, ""search_volume"": 40}, {""year"": 2026, ""month"": 3, ""search_volume"": 50}, {""year"": 2026, ""month"": 2, ""search_volume"": 50}, {""year"": 2026, ""month"": 1, ""search_volume"": 70}, {""year"": 2025, ""month"": 12, ""search_volume"": 90}, {""year"": 2025, ""month"": 11, ""search_volume"": 50}, {""year"": 2025, ""month"": 10, ""search_volume"": 40}, {""year"": 2025, ""month"": 9, ""search_volume"": 10}, {""year"": 2025, ""month"": 8, ""search_volume"": 30}]"
C2,prise casque sur tv lg,50,0.18,USD_DOCUMENTED,parent,True,,,,,"casque TV générique, filaire et sans fil mélangés",dataforseo_labs/google/keyword_suggestions/live,2026-09-03T13:38:19.594647+00:00,2026-09-03-test-decouverte-couplee/raw/10-c2-labs.json.gz,"[{""year"": 2026, ""month"": 7, ""search_volume"": 30}, {""year"": 2026, ""month"": 6, ""search_volume"": 40}, {""year"": 2026, ""month"": 5, ""search_volume"": 30}, {""year"": 2026, ""month"": 4, ""search_volume"": 40}, {""year"": 2026, ""month"": 3, ""search_volume"": 40}, {""year"": 2026, ""month"": 2, ""search_volume"": 40}, {""year"": 2026, ""month"": 1, ""search_volume"": 90}, {""year"": 2025, ""month"": 12, ""search_volume"": 90}, {""year"": 2025, ""month"": 11, ""search_volume"": 50}, {""year"": 2025, ""month"": 10, ""search_volume"": 70}, {""year"": 2025, ""month"": 9, ""search_volume"": 30}, {""year"": 2025, ""month"": 8, ""search_volume"": 50}]"
C2,casque tv cgv,50,0.12,USD_DOCUMENTED,parent,True,,,,,"casque TV générique, filaire et sans fil mélangés",dataforseo_labs/google/keyword_suggestions/live,2026-09-03T13:38:19.594647+00:00,2026-09-03-test-decouverte-couplee/raw/10-c2-labs.json.gz,"[{""year"": 2026, ""month"": 7, ""search_volume"": 40}, {""year"": 2026, ""month"": 6, ""search_volume"": 40}, {""year"": 2026, ""month"": 5, ""search_volume"": 40}, {""year"": 2026, ""month"": 4, ""search_volume"": 50}, {""year"": 2026, ""month"": 3, ""search_volume"": 50}, {""year"": 2026, ""month"": 2, ""search_volume"": 50}, {""year"": 2026, ""month"": 1, ""search_volume"": 70}, {""year"": 2025, ""month"": 12, ""search_volume"": 140}, {""year"": 2025, ""month"": 11, ""search_volume"": 90}, {""year"": 2025, ""month"": 10, ""search_volume"": 50}, {""year"": 2025, ""month"": 9, ""search_volume"": 30}, {""year"": 2025, ""month"": 8, ""search_volume"": 50}]"
C2,casque tv sans fil senior,50,0.21,USD_DOCUMENTED,core,False,G0014,0,G0019,0,casque TV sans fil compatible avec kit émetteur,keywords_data/google_ads/search_volume/live,2026-09-03T14:41:41.614360+00:00,2026-09-03-qualification-9-produits-pur/raw/20-controls-2.json.gz,"[{""year"": 2026, ""month"": 7, ""search_volume"": 110}, {""year"": 2026, ""month"": 6, ""search_volume"": 70}, {""year"": 2026, ""month"": 5, ""search_volume"": 50}, {""year"": 2026, ""month"": 4, ""search_volume"": 40}, {""year"": 2026, ""month"": 3, ""search_volume"": 30}, {""year"": 2026, ""month"": 2, ""search_volume"": 50}, {""year"": 2026, ""month"": 1, ""search_volume"": 40}, {""year"": 2025, ""month"": 12, ""search_volume"": 90}, {""year"": 2025, ""month"": 11, ""search_volume"": 70}, {""year"": 2025, ""month"": 10, ""search_volume"": 50}, {""year"": 2025, ""month"": 9, ""search_volume"": 30}, {""year"": 2025, ""month"": 8, ""search_volume"": 20}]"
C2,branchement casque sans fil tv,50,0.09,USD_DOCUMENTED,information,False,,,,,"usage/SAV/risque, hors demande achat directe",dataforseo_labs/google/keyword_suggestions/live,2026-09-03T13:38:19.594647+00:00,2026-09-03-test-decouverte-couplee/raw/10-c2-labs.json.gz,"[{""year"": 2026, ""month"": 7, ""search_volume"": 30}, {""year"": 2026, ""month"": 6, ""search_volume"": 50}, {""year"": 2026, ""month"": 5, ""search_volume"": 40}, {""year"": 2026, ""month"": 4, ""search_volume"": 30}, {""year"": 2026, ""month"": 3, ""search_volume"": 50}, {""year"": 2026, ""month"": 2, ""search_volume"": 20}, {""year"": 2026, ""month"": 1, ""search_volume"": 70}, {""year"": 2025, ""month"": 12, ""search_volume"": 90}, {""year"": 2025, ""month"": 11, ""search_volume"": 50}, {""year"": 2025, ""month"": 10, ""search_volume"": 70}, {""year"": 2025, ""month"": 9, ""search_volume"": 70}, {""year"": 2025, ""month"": 8, ""search_volume"": 70}]"
C2,casque tv duo sans fil sennheiser,50,0.31,USD_DOCUMENTED,conditional,True,,,,,double casque ou entrée audio USB non confirmée pour le kit simple,keywords_data/google_ads/search_volume/live,2026-09-03T14:41:41.614360+00:00,2026-09-03-qualification-9-produits-pur/raw/20-controls-2.json.gz,"[{""year"": 2026, ""month"": 7, ""search_volume"": 30}, {""year"": 2026, ""month"": 6, ""search_volume"": 30}, {""year"": 2026, ""month"": 5, ""search_volume"": 50}, {""year"": 2026, ""month"": 4, ""search_volume"": 50}, {""year"": 2026, ""month"": 3, ""search_volume"": 40}, {""year"": 2026, ""month"": 2, ""search_volume"": 30}, {""year"": 2026, ""month"": 1, ""search_volume"": 50}, {""year"": 2025, ""month"": 12, ""search_volume"": 90}, {""year"": 2025, ""month"": 11, ""search_volume"": 90}, {""year"": 2025, ""month"": 10, ""search_volume"": 50}, {""year"": 2025, ""month"": 9, ""search_volume"": 50}, {""year"": 2025, ""month"": 8, ""search_volume"": 50}]"
C2,adaptateur prise casque tv,50,0.28,USD_DOCUMENTED,incompatible,False,,,,,"autre technologie, accessoire ou besoin auditif spécifique",dataforseo_labs/google/keyword_suggestions/live,2026-09-03T13:38:19.594647+00:00,2026-09-03-test-decouverte-couplee/raw/10-c2-labs.json.gz,"[{""year"": 2026, ""month"": 7, ""search_volume"": 40}, {""year"": 2026, ""month"": 6, ""search_volume"": 40}, {""year"": 2026, ""month"": 5, ""search_volume"": 40}, {""year"": 2026, ""month"": 4, ""search_volume"": 40}, {""year"": 2026, ""month"": 3, ""search_volume"": 50}, {""year"": 2026, ""month"": 2, ""search_volume"": 50}, {""year"": 2026, ""month"": 1, ""search_volume"": 50}, {""year"": 2025, ""month"": 12, ""search_volume"": 70}, {""year"": 2025, ""month"": 11, ""search_volume"": 70}, {""year"": 2025, ""month"": 10, ""search_volume"": 90}, {""year"": 2025, ""month"": 9, ""search_volume"": 50}, {""year"": 2025, ""month"": 8, ""search_volume"": 70}]"
C2,casque tv sans fil thomson,50,0.12,USD_DOCUMENTED,core,True,,,,,casque TV sans fil compatible avec kit émetteur,keywords_data/google_ads/search_volume/live,2026-09-03T14:41:41.614360+00:00,2026-09-03-qualification-9-produits-pur/raw/20-controls-2.json.gz,"[{""year"": 2026, ""month"": 7, ""search_volume"": 40}, {""year"": 2026, ""month"": 6, ""search_volume"": 40}, {""year"": 2026, ""month"": 5, ""search_volume"": 40}, {""year"": 2026, ""month"": 4, ""search_volume"": 40}, {""year"": 2026, ""month"": 3, ""search_volume"": 50}, {""year"": 2026, ""month"": 2, ""search_volume"": 50}, {""year"": 2026, ""month"": 1, ""search_volume"": 70}, {""year"": 2025, ""month"": 12, ""search_volume"": 70}, {""year"": 2025, ""month"": 11, ""search_volume"": 70}, {""year"": 2025, ""month"": 10, ""search_volume"": 70}, {""year"": 2025, ""month"": 9, ""search_volume"": 40}, {""year"": 2025, ""month"": 8, ""search_volume"": 70}]"
C2,casque audio tv sans fil comparatif,50,0.63,USD_DOCUMENTED,core,False,G0017,50,G0022,50,casque TV sans fil compatible avec kit émetteur,keywords_data/google_ads/search_volume/live,2026-09-03T14:41:41.614360+00:00,2026-09-03-qualification-9-produits-pur/raw/20-controls-2.json.gz,"[{""year"": 2026, ""month"": 7, ""search_volume"": 40}, {""year"": 2026, ""month"": 6, ""search_volume"": 50}, {""year"": 2026, ""month"": 5, ""search_volume"": 40}, {""year"": 2026, ""month"": 4, ""search_volume"": 40}, {""year"": 2026, ""month"": 3, ""search_volume"": 50}, {""year"": 2026, ""month"": 2, ""search_volume"": 20}, {""year"": 2026, ""month"": 1, ""search_volume"": 50}, {""year"": 2025, ""month"": 12, ""search_volume"": 50}, {""year"": 2025, ""month"": 11, ""search_volume"": 70}, {""year"": 2025, ""month"": 10, ""search_volume"": 50}, {""year"": 2025, ""month"": 9, ""search_volume"": 50}, {""year"": 2025, ""month"": 8, ""search_volume"": 30}]"
C2,comparatif casque audio sans fil pour tv,50,0.63,USD_DOCUMENTED,core,False,G0017,0,G0022,0,casque TV sans fil compatible avec kit émetteur,keywords_data/google_ads/search_volume/live,2026-09-03T14:41:41.614360+00:00,2026-09-03-qualification-9-produits-pur/raw/20-controls-2.json.gz,"[{""year"": 2026, ""month"": 7, ""search_volume"": 40}, {""year"": 2026, ""month"": 6, ""search_volume"": 50}, {""year"": 2026, ""month"": 5, ""search_volume"": 40}, {""year"": 2026, ""month"": 4, ""search_volume"": 40}, {""year"": 2026, ""month"": 3, ""search_volume"": 50}, {""year"": 2026, ""month"": 2, ""search_volume"": 20}, {""year"": 2026, ""month"": 1, ""search_volume"": 50}, {""year"": 2025, ""month"": 12, ""search_volume"": 50}, {""year"": 2025, ""month"": 11, ""search_volume"": 70}, {""year"": 2025, ""month"": 10, ""search_volume"": 50}, {""year"": 2025, ""month"": 9, ""search_volume"": 50}, {""year"": 2025, ""month"": 8, ""search_volume"": 30}]"
C2,casque tv sans fil cdiscount,50,0.36,USD_DOCUMENTED,core,True,,,,,casque TV sans fil compatible avec kit émetteur,keywords_data/google_ads/search_volume/live,2026-09-03T14:41:41.614360+00:00,2026-09-03-qualification-9-produits-pur/raw/20-controls-2.json.gz,"[{""year"": 2026, ""month"": 7, ""search_volume"": 20}, {""year"": 2026, ""month"": 6, ""search_volume"": 20}, {""year"": 2026, ""month"": 5, ""search_volume"": 50}, {""year"": 2026, ""month"": 4, ""search_volume"": 50}, {""year"": 2026, ""month"": 3, ""search_volume"": 50}, {""year"": 2026, ""month"": 2, ""search_volume"": 50}, {""year"": 2026, ""month"": 1, ""search_volume"": 70}, {""year"": 2025, ""month"": 12, ""search_volume"": 90}, {""year"": 2025, ""month"": 11, ""search_volume"": 90}, {""year"": 2025, ""month"": 10, ""search_volume"": 50}, {""year"": 2025, ""month"": 9, ""search_volume"": 30}, {""year"": 2025, ""month"": 8, ""search_volume"": 20}]"
C2,émetteur bluetooth tv vers casque,50,0.18,USD_DOCUMENTED,incompatible,False,,,,,"autre technologie, accessoire ou besoin auditif spécifique",dataforseo_labs/google/keyword_suggestions/live,2026-09-03T13:38:19.594647+00:00,2026-09-03-test-decouverte-couplee/raw/10-c2-labs.json.gz,"[{""year"": 2026, ""month"": 7, ""search_volume"": 30}, {""year"": 2026, ""month"": 6, ""search_volume"": 20}, {""year"": 2026, ""month"": 5, ""search_volume"": 50}, {""year"": 2026, ""month"": 4, ""search_volume"": 40}, {""year"": 2026, ""month"": 3, ""search_volume"": 50}, {""year"": 2026, ""month"": 2, ""search_volume"": 70}, {""year"": 2026, ""month"": 1, ""search_volume"": 70}, {""year"": 2025, ""month"": 12, ""search_volume"": 90}, {""year"": 2025, ""month"": 11, ""search_volume"": 70}, {""year"": 2025, ""month"": 10, ""search_volume"": 50}, {""year"": 2025, ""month"": 9, ""search_volume"": 70}, {""year"": 2025, ""month"": 8, ""search_volume"": 50}]"
C2,casque tv sennheiser set 860,50,0.49,USD_DOCUMENTED,parent,True,,,,,"casque TV générique, filaire et sans fil mélangés",dataforseo_labs/google/keyword_suggestions/live,2026-09-03T13:38:19.594647+00:00,2026-09-03-test-decouverte-couplee/raw/10-c2-labs.json.gz,"[{""year"": 2026, ""month"": 7, ""search_volume"": 20}, {""year"": 2026, ""month"": 6, ""search_volume"": 30}, {""year"": 2026, ""month"": 5, ""search_volume"": 20}, {""year"": 2026, ""month"": 4, ""search_volume"": 30}, {""year"": 2026, ""month"": 3, ""search_volume"": 50}, {""year"": 2026, ""month"": 2, ""search_volume"": 70}, {""year"": 2026, ""month"": 1, ""search_volume"": 50}, {""year"": 2025, ""month"": 12, ""search_volume"": 90}, {""year"": 2025, ""month"": 11, ""search_volume"": 90}, {""year"": 2025, ""month"": 10, ""search_volume"": 50}, {""year"": 2025, ""month"": 9, ""search_volume"": 50}, {""year"": 2025, ""month"": 8, ""search_volume"": 70}]"
C2,casque audio tv sans fil darty,50,0.17,USD_DOCUMENTED,core,True,,,,,casque TV sans fil compatible avec kit émetteur,keywords_data/google_ads/search_volume/live,2026-09-03T14:41:41.614360+00:00,2026-09-03-qualification-9-produits-pur/raw/20-controls-2.json.gz,"[{""year"": 2026, ""month"": 7, ""search_volume"": 40}, {""year"": 2026, ""month"": 6, ""search_volume"": 40}, {""year"": 2026, ""month"": 5, ""search_volume"": 30}, {""year"": 2026, ""month"": 4, ""search_volume"": 50}, {""year"": 2026, ""month"": 3, ""search_volume"": 40}, {""year"": 2026, ""month"": 2, ""search_volume"": 40}, {""year"": 2026, ""month"": 1, ""search_volume"": 70}, {""year"": 2025, ""month"": 12, ""search_volume"": 70}, {""year"": 2025, ""month"": 11, ""search_volume"": 70}, {""year"": 2025, ""month"": 10, ""search_volume"": 50}, {""year"": 2025, ""month"": 9, ""search_volume"": 40}, {""year"": 2025, ""month"": 8, ""search_volume"": 20}]"
C2,adaptateur pour casque audio sur tv,50,0.19,USD_DOCUMENTED,incompatible,False,,,,,"autre technologie, accessoire ou besoin auditif spécifique",dataforseo_labs/google/keyword_suggestions/live,2026-09-03T13:38:19.594647+00:00,2026-09-03-test-decouverte-couplee/raw/10-c2-labs.json.gz,"[{""year"": 2026, ""month"": 7, ""search_volume"": 30}, {""year"": 2026, ""month"": 6, ""search_volume"": 40}, {""year"": 2026, ""month"": 5, ""search_volume"": 40}, {""year"": 2026, ""month"": 4, ""search_volume"": 20}, {""year"": 2026, ""month"": 3, ""search_volume"": 50}, {""year"": 2026, ""month"": 2, ""search_volume"": 50}, {""year"": 2026, ""month"": 1, ""search_volume"": 90}, {""year"": 2025, ""month"": 12, ""search_volume"": 90}, {""year"": 2025, ""month"": 11, ""search_volume"": 50}, {""year"": 2025, ""month"": 10, ""search_volume"": 30}, {""year"": 2025, ""month"": 9, ""search_volume"": 40}, {""year"": 2025, ""month"": 8, ""search_volume"": 30}]"
C2,brancher casque bluetooth sur tv,50,0.71,USD_DOCUMENTED,information,False,,,,,"usage/SAV/risque, hors demande achat directe",dataforseo_labs/google/keyword_suggestions/live,2026-09-03T13:38:19.594647+00:00,2026-09-03-test-decouverte-couplee/raw/10-c2-labs.json.gz,"[{""year"": 2026, ""month"": 7, ""search_volume"": 30}, {""year"": 2026, ""month"": 6, ""search_volume"": 20}, {""year"": 2026, ""month"": 5, ""search_volume"": 20}, {""year"": 2026, ""month"": 4, ""search_volume"": 40}, {""year"": 2026, ""month"": 3, ""search_volume"": 40}, {""year"": 2026, ""month"": 2, ""search_volume"": 40}, {""year"": 2026, ""month"": 1, ""search_volume"": 70}, {""year"": 2025, ""month"": 12, ""search_volume"": 140}, {""year"": 2025, ""month"": 11, ""search_volume"": 90}, {""year"": 2025, ""month"": 10, ""search_volume"": 50}, {""year"": 2025, ""month"": 9, ""search_volume"": 40}, {""year"": 2025, ""month"": 8, ""search_volume"": 30}]"
C2,casque sans fil tv samsung,50,0.31,USD_DOCUMENTED,core,True,,,,,casque TV sans fil compatible avec kit émetteur,keywords_data/google_ads/search_volume/live,2026-09-03T14:41:41.614360+00:00,2026-09-03-qualification-9-produits-pur/raw/20-controls-2.json.gz,"[{""year"": 2026, ""month"": 7, ""search_volume"": 30}, {""year"": 2026, ""month"": 6, ""search_volume"": 50}, {""year"": 2026, ""month"": 5, ""search_volume"": 20}, {""year"": 2026, ""month"": 4, ""search_volume"": 20}, {""year"": 2026, ""month"": 3, ""search_volume"": 40}, {""year"": 2026, ""month"": 2, ""search_volume"": 30}, {""year"": 2026, ""month"": 1, ""search_volume"": 50}, {""year"": 2025, ""month"": 12, ""search_volume"": 90}, {""year"": 2025, ""month"": 11, ""search_volume"": 110}, {""year"": 2025, ""month"": 10, ""search_volume"": 50}, {""year"": 2025, ""month"": 9, ""search_volume"": 40}, {""year"": 2025, ""month"": 8, ""search_volume"": 30}]"
C2,casque tv sans fil sennheiser rs 165,50,0.39,USD_DOCUMENTED,core,True,,,,,casque TV sans fil compatible avec kit émetteur,keywords_data/google_ads/search_volume/live,2026-09-03T14:41:41.614360+00:00,2026-09-03-qualification-9-produits-pur/raw/20-controls-2.json.gz,"[{""year"": 2026, ""month"": 7, ""search_volume"": 40}, {""year"": 2026, ""month"": 6, ""search_volume"": 20}, {""year"": 2026, ""month"": 5, ""search_volume"": 20}, {""year"": 2026, ""month"": 4, ""search_volume"": 20}, {""year"": 2026, ""month"": 3, ""search_volume"": 50}, {""year"": 2026, ""month"": 2, ""search_volume"": 70}, {""year"": 2026, ""month"": 1, ""search_volume"": 70}, {""year"": 2025, ""month"": 12, ""search_volume"": 50}, {""year"": 2025, ""month"": 11, ""search_volume"": 90}, {""year"": 2025, ""month"": 10, ""search_volume"": 70}, {""year"": 2025, ""month"": 9, ""search_volume"": 40}, {""year"": 2025, ""month"": 8, ""search_volume"": 90}]"
C2,casque sans fil tv thomson,50,0.12,USD_DOCUMENTED,core,True,,,,,casque TV sans fil compatible avec kit émetteur,keywords_data/google_ads/search_volume/live,2026-09-03T14:41:41.614360+00:00,2026-09-03-qualification-9-produits-pur/raw/20-controls-2.json.gz,"[{""year"": 2026, ""month"": 7, ""search_volume"": 40}, {""year"": 2026, ""month"": 6, ""search_volume"": 40}, {""year"": 2026, ""month"": 5, ""search_volume"": 40}, {""year"": 2026, ""month"": 4, ""search_volume"": 40}, {""year"": 2026, ""month"": 3, ""search_volume"": 50}, {""year"": 2026, ""month"": 2, ""search_volume"": 50}, {""year"": 2026, ""month"": 1, ""search_volume"": 70}, {""year"": 2025, ""month"": 12, ""search_volume"": 70}, {""year"": 2025, ""month"": 11, ""search_volume"": 70}, {""year"": 2025, ""month"": 10, ""search_volume"": 70}, {""year"": 2025, ""month"": 9, ""search_volume"": 40}, {""year"": 2025, ""month"": 8, ""search_volume"": 70}]"
C2,casque tv thomson,50,0.09,USD_DOCUMENTED,parent,True,,,,,"casque TV générique, filaire et sans fil mélangés",dataforseo_labs/google/keyword_suggestions/live,2026-09-03T13:38:19.594647+00:00,2026-09-03-test-decouverte-couplee/raw/10-c2-labs.json.gz,"[{""year"": 2026, ""month"": 7, ""search_volume"": 50}, {""year"": 2026, ""month"": 6, ""search_volume"": 50}, {""year"": 2026, ""month"": 5, ""search_volume"": 50}, {""year"": 2026, ""month"": 4, ""search_volume"": 50}, {""year"": 2026, ""month"": 3, ""search_volume"": 50}, {""year"": 2026, ""month"": 2, ""search_volume"": 40}, {""year"": 2026, ""month"": 1, ""search_volume"": 70}, {""year"": 2025, ""month"": 12, ""search_volume"": 90}, {""year"": 2025, ""month"": 11, ""search_volume"": 50}, {""year"": 2025, ""month"": 10, ""search_volume"": 90}, {""year"": 2025, ""month"": 9, ""search_volume"": 30}, {""year"": 2025, ""month"": 8, ""search_volume"": 40}]"
C2,son tv et casque en même temps samsung,50,,USD_DOCUMENTED,parent,True,,,,,"casque TV générique, filaire et sans fil mélangés",dataforseo_labs/google/keyword_suggestions/live,2026-09-03T13:38:19.594647+00:00,2026-09-03-test-decouverte-couplee/raw/10-c2-labs.json.gz,"[{""year"": 2026, ""month"": 7, ""search_volume"": 30}, {""year"": 2026, ""month"": 6, ""search_volume"": 40}, {""year"": 2026, ""month"": 5, ""search_volume"": 40}, {""year"": 2026, ""month"": 4, ""search_volume"": 40}, {""year"": 2026, ""month"": 3, ""search_volume"": 40}, {""year"": 2026, ""month"": 2, ""search_volume"": 50}, {""year"": 2026, ""month"": 1, ""search_volume"": 70}, {""year"": 2025, ""month"": 12, ""search_volume"": 70}, {""year"": 2025, ""month"": 11, ""search_volume"": 70}, {""year"": 2025, ""month"": 10, ""search_volume"": 50}, {""year"": 2025, ""month"": 9, ""search_volume"": 70}, {""year"": 2025, ""month"": 8, ""search_volume"": 40}]"
C2,casque tv filaire 6m,50,0.28,USD_DOCUMENTED,incompatible,False,,,,,"autre technologie, accessoire ou besoin auditif spécifique",dataforseo_labs/google/keyword_suggestions/live,2026-09-03T13:38:19.594647+00:00,2026-09-03-test-decouverte-couplee/raw/10-c2-labs.json.gz,"[{""year"": 2026, ""month"": 7, ""search_volume"": 30}, {""year"": 2026, ""month"": 6, ""search_volume"": 40}, {""year"": 2026, ""month"": 5, ""search_volume"": 50}, {""year"": 2026, ""month"": 4, ""search_volume"": 30}, {""year"": 2026, ""month"": 3, ""search_volume"": 30}, {""year"": 2026, ""month"": 2, ""search_volume"": 40}, {""year"": 2026, ""month"": 1, ""search_volume"": 70}, {""year"": 2025, ""month"": 12, ""search_volume"": 70}, {""year"": 2025, ""month"": 11, ""search_volume"": 50}, {""year"": 2025, ""month"": 10, ""search_volume"": 50}, {""year"": 2025, ""month"": 9, ""search_volume"": 40}, {""year"": 2025, ""month"": 8, ""search_volume"": 40}]"
C2,casque sans fil tv pas cher,50,0.11,USD_DOCUMENTED,core,False,G0016,0,G0021,0,casque TV sans fil compatible avec kit émetteur,keywords_data/google_ads/search_volume/live,2026-09-03T14:41:41.614360+00:00,2026-09-03-qualification-9-produits-pur/raw/20-controls-2.json.gz,"[{""year"": 2026, ""month"": 7, ""search_volume"": 20}, {""year"": 2026, ""month"": 6, ""search_volume"": 20}, {""year"": 2026, ""month"": 5, ""search_volume"": 20}, {""year"": 2026, ""month"": 4, ""search_volume"": 10}, {""year"": 2026, ""month"": 3, ""search_volume"": 70}, {""year"": 2026, ""month"": 2, ""search_volume"": 70}, {""year"": 2026, ""month"": 1, ""search_volume"": 50}, {""year"": 2025, ""month"": 12, ""search_volume"": 90}, {""year"": 2025, ""month"": 11, ""search_volume"": 110}, {""year"": 2025, ""month"": 10, ""search_volume"": 70}, {""year"": 2025, ""month"": 9, ""search_volume"": 70}, {""year"": 2025, ""month"": 8, ""search_volume"": 20}]"
C2,casque tv sans fil conforama,50,0.04,USD_DOCUMENTED,core,True,,,,,casque TV sans fil compatible avec kit émetteur,keywords_data/google_ads/search_volume/live,2026-09-03T14:41:41.614360+00:00,2026-09-03-qualification-9-produits-pur/raw/20-controls-2.json.gz,"[{""year"": 2026, ""month"": 7, ""search_volume"": 20}, {""year"": 2026, ""month"": 6, ""search_volume"": 30}, {""year"": 2026, ""month"": 5, ""search_volume"": 40}, {""year"": 2026, ""month"": 4, ""search_volume"": 40}, {""year"": 2026, ""month"": 3, ""search_volume"": 40}, {""year"": 2026, ""month"": 2, ""search_volume"": 70}, {""year"": 2026, ""month"": 1, ""search_volume"": 70}, {""year"": 2025, ""month"": 12, ""search_volume"": 90}, {""year"": 2025, ""month"": 11, ""search_volume"": 70}, {""year"": 2025, ""month"": 10, ""search_volume"": 40}, {""year"": 2025, ""month"": 9, ""search_volume"": 30}, {""year"": 2025, ""month"": 8, ""search_volume"": 20}]"
C2,casque audio pour tv samsung,50,0.19,USD_DOCUMENTED,parent,True,,,,,"casque TV générique, filaire et sans fil mélangés",dataforseo_labs/google/keyword_suggestions/live,2026-09-03T13:38:19.594647+00:00,2026-09-03-test-decouverte-couplee/raw/10-c2-labs.json.gz,"[{""year"": 2026, ""month"": 7, ""search_volume"": 10}, {""year"": 2026, ""month"": 6, ""search_volume"": 30}, {""year"": 2026, ""month"": 5, ""search_volume"": 20}, {""year"": 2026, ""month"": 4, ""search_volume"": 30}, {""year"": 2026, ""month"": 3, ""search_volume"": 40}, {""year"": 2026, ""month"": 2, ""search_volume"": 40}, {""year"": 2026, ""month"": 1, ""search_volume"": 40}, {""year"": 2025, ""month"": 12, ""search_volume"": 110}, {""year"": 2025, ""month"": 11, ""search_volume"": 110}, {""year"": 2025, ""month"": 10, ""search_volume"": 40}, {""year"": 2025, ""month"": 9, ""search_volume"": 30}, {""year"": 2025, ""month"": 8, ""search_volume"": 50}]"
C2,branchement casque sans fil sur tv,50,0.09,USD_DOCUMENTED,information,False,,,,,"usage/SAV/risque, hors demande achat directe",dataforseo_labs/google/keyword_suggestions/live,2026-09-03T13:38:19.594647+00:00,2026-09-03-test-decouverte-couplee/raw/10-c2-labs.json.gz,"[{""year"": 2026, ""month"": 7, ""search_volume"": 30}, {""year"": 2026, ""month"": 6, ""search_volume"": 50}, {""year"": 2026, ""month"": 5, ""search_volume"": 40}, {""year"": 2026, ""month"": 4, ""search_volume"": 30}, {""year"": 2026, ""month"": 3, ""search_volume"": 50}, {""year"": 2026, ""month"": 2, ""search_volume"": 20}, {""year"": 2026, ""month"": 1, ""search_volume"": 70}, {""year"": 2025, ""month"": 12, ""search_volume"": 90}, {""year"": 2025, ""month"": 11, ""search_volume"": 50}, {""year"": 2025, ""month"": 10, ""search_volume"": 70}, {""year"": 2025, ""month"": 9, ""search_volume"": 70}, {""year"": 2025, ""month"": 8, ""search_volume"": 70}]"
C2,prise casque tv lg,50,0.18,USD_DOCUMENTED,parent,True,,,,,"casque TV générique, filaire et sans fil mélangés",dataforseo_labs/google/keyword_suggestions/live,2026-09-03T13:38:19.594647+00:00,2026-09-03-test-decouverte-couplee/raw/10-c2-labs.json.gz,"[{""year"": 2026, ""month"": 7, ""search_volume"": 30}, {""year"": 2026, ""month"": 6, ""search_volume"": 40}, {""year"": 2026, ""month"": 5, ""search_volume"": 30}, {""year"": 2026, ""month"": 4, ""search_volume"": 40}, {""year"": 2026, ""month"": 3, ""search_volume"": 40}, {""year"": 2026, ""month"": 2, ""search_volume"": 40}, {""year"": 2026, ""month"": 1, ""search_volume"": 90}, {""year"": 2025, ""month"": 12, ""search_volume"": 90}, {""year"": 2025, ""month"": 11, ""search_volume"": 50}, {""year"": 2025, ""month"": 10, ""search_volume"": 70}, {""year"": 2025, ""month"": 9, ""search_volume"": 30}, {""year"": 2025, ""month"": 8, ""search_volume"": 50}]"
C2,casque audio sans fil pour tv darty,50,0.17,USD_DOCUMENTED,core,True,,,,,casque TV sans fil compatible avec kit émetteur,keywords_data/google_ads/search_volume/live,2026-09-03T14:41:41.614360+00:00,2026-09-03-qualification-9-produits-pur/raw/20-controls-2.json.gz,"[{""year"": 2026, ""month"": 7, ""search_volume"": 40}, {""year"": 2026, ""month"": 6, ""search_volume"": 40}, {""year"": 2026, ""month"": 5, ""search_volume"": 30}, {""year"": 2026, ""month"": 4, ""search_volume"": 50}, {""year"": 2026, ""month"": 3, ""search_volume"": 40}, {""year"": 2026, ""month"": 2, ""search_volume"": 40}, {""year"": 2026, ""month"": 1, ""search_volume"": 70}, {""year"": 2025, ""month"": 12, ""search_volume"": 70}, {""year"": 2025, ""month"": 11, ""search_volume"": 70}, {""year"": 2025, ""month"": 10, ""search_volume"": 50}, {""year"": 2025, ""month"": 9, ""search_volume"": 40}, {""year"": 2025, ""month"": 8, ""search_volume"": 20}]"
C2,brancher un casque audio sur tv,50,0.16,USD_DOCUMENTED,information,False,,,,,"usage/SAV/risque, hors demande achat directe",dataforseo_labs/google/keyword_suggestions/live,2026-09-03T13:38:19.594647+00:00,2026-09-03-test-decouverte-couplee/raw/10-c2-labs.json.gz,"[{""year"": 2026, ""month"": 7, ""search_volume"": 30}, {""year"": 2026, ""month"": 6, ""search_volume"": 20}, {""year"": 2026, ""month"": 5, ""search_volume"": 20}, {""year"": 2026, ""month"": 4, ""search_volume"": 20}, {""year"": 2026, ""month"": 3, ""search_volume"": 20}, {""year"": 2026, ""month"": 2, ""search_volume"": 40}, {""year"": 2026, ""month"": 1, ""search_volume"": 70}, {""year"": 2025, ""month"": 12, ""search_volume"": 110}, {""year"": 2025, ""month"": 11, ""search_volume"": 90}, {""year"": 2025, ""month"": 10, ""search_volume"": 70}, {""year"": 2025, ""month"": 9, ""search_volume"": 50}, {""year"": 2025, ""month"": 8, ""search_volume"": 50}]"
C2,darty casque tv,50,0.09,USD_DOCUMENTED,parent,True,,,,,"casque TV générique, filaire et sans fil mélangés",dataforseo_labs/google/keyword_suggestions/live,2026-09-03T13:38:19.594647+00:00,2026-09-03-test-decouverte-couplee/raw/10-c2-labs.json.gz,"[{""year"": 2026, ""month"": 7, ""search_volume"": 40}, {""year"": 2026, ""month"": 6, ""search_volume"": 40}, {""year"": 2026, ""month"": 5, ""search_volume"": 40}, {""year"": 2026, ""month"": 4, ""search_volume"": 30}, {""year"": 2026, ""month"": 3, ""search_volume"": 40}, {""year"": 2026, ""month"": 2, ""search_volume"": 50}, {""year"": 2026, ""month"": 1, ""search_volume"": 70}, {""year"": 2025, ""month"": 12, ""search_volume"": 110}, {""year"": 2025, ""month"": 11, ""search_volume"": 90}, {""year"": 2025, ""month"": 10, ""search_volume"": 50}, {""year"": 2025, ""month"": 9, ""search_volume"": 70}, {""year"": 2025, ""month"": 8, ""search_volume"": 50}]"
C2,comparatif casque audio tv sans fil,50,0.63,USD_DOCUMENTED,core,False,G0017,0,G0022,0,casque TV sans fil compatible avec kit émetteur,keywords_data/google_ads/search_volume/live,2026-09-03T14:41:41.614360+00:00,2026-09-03-qualification-9-produits-pur/raw/20-controls-2.json.gz,"[{""year"": 2026, ""month"": 7, ""search_volume"": 40}, {""year"": 2026, ""month"": 6, ""search_volume"": 50}, {""year"": 2026, ""month"": 5, ""search_volume"": 40}, {""year"": 2026, ""month"": 4, ""search_volume"": 40}, {""year"": 2026, ""month"": 3, ""search_volume"": 50}, {""year"": 2026, ""month"": 2, ""search_volume"": 20}, {""year"": 2026, ""month"": 1, ""search_volume"": 50}, {""year"": 2025, ""month"": 12, ""search_volume"": 50}, {""year"": 2025, ""month"": 11, ""search_volume"": 70}, {""year"": 2025, ""month"": 10, ""search_volume"": 50}, {""year"": 2025, ""month"": 9, ""search_volume"": 50}, {""year"": 2025, ""month"": 8, ""search_volume"": 30}]"
C2,brancher casque audio sur tv,50,0.16,USD_DOCUMENTED,information,False,,,,,"usage/SAV/risque, hors demande achat directe",dataforseo_labs/google/keyword_suggestions/live,2026-09-03T13:38:19.594647+00:00,2026-09-03-test-decouverte-couplee/raw/10-c2-labs.json.gz,"[{""year"": 2026, ""month"": 7, ""search_volume"": 30}, {""year"": 2026, ""month"": 6, ""search_volume"": 20}, {""year"": 2026, ""month"": 5, ""search_volume"": 20}, {""year"": 2026, ""month"": 4, ""search_volume"": 20}, {""year"": 2026, ""month"": 3, ""search_volume"": 20}, {""year"": 2026, ""month"": 2, ""search_volume"": 40}, {""year"": 2026, ""month"": 1, ""search_volume"": 70}, {""year"": 2025, ""month"": 12, ""search_volume"": 110}, {""year"": 2025, ""month"": 11, ""search_volume"": 90}, {""year"": 2025, ""month"": 10, ""search_volume"": 70}, {""year"": 2025, ""month"": 9, ""search_volume"": 50}, {""year"": 2025, ""month"": 8, ""search_volume"": 50}]"
C2,branchement casque audio sur tv,50,0.16,USD_DOCUMENTED,information,False,,,,,"usage/SAV/risque, hors demande achat directe",dataforseo_labs/google/keyword_suggestions/live,2026-09-03T13:38:19.594647+00:00,2026-09-03-test-decouverte-couplee/raw/10-c2-labs.json.gz,"[{""year"": 2026, ""month"": 7, ""search_volume"": 30}, {""year"": 2026, ""month"": 6, ""search_volume"": 20}, {""year"": 2026, ""month"": 5, ""search_volume"": 20}, {""year"": 2026, ""month"": 4, ""search_volume"": 20}, {""year"": 2026, ""month"": 3, ""search_volume"": 20}, {""year"": 2026, ""month"": 2, ""search_volume"": 40}, {""year"": 2026, ""month"": 1, ""search_volume"": 70}, {""year"": 2025, ""month"": 12, ""search_volume"": 110}, {""year"": 2025, ""month"": 11, ""search_volume"": 90}, {""year"": 2025, ""month"": 10, ""search_volume"": 70}, {""year"": 2025, ""month"": 9, ""search_volume"": 50}, {""year"": 2025, ""month"": 8, ""search_volume"": 50}]"
C2,casque ecouteur tv sans fil,50,0.23,USD_DOCUMENTED,core,False,G0012,0,G0015,0,casque TV sans fil compatible avec kit émetteur,keywords_data/google_ads/search_volume/live,2026-09-03T14:41:41.614360+00:00,2026-09-03-qualification-9-produits-pur/raw/20-controls-2.json.gz,"[{""year"": 2026, ""month"": 7, ""search_volume"": 30}, {""year"": 2026, ""month"": 6, ""search_volume"": 30}, {""year"": 2026, ""month"": 5, ""search_volume"": 40}, {""year"": 2026, ""month"": 4, ""search_volume"": 20}, {""year"": 2026, ""month"": 3, ""search_volume"": 40}, {""year"": 2026, ""month"": 2, ""search_volume"": 30}, {""year"": 2026, ""month"": 1, ""search_volume"": 40}, {""year"": 2025, ""month"": 12, ""search_volume"": 90}, {""year"": 2025, ""month"": 11, ""search_volume"": 90}, {""year"": 2025, ""month"": 10, ""search_volume"": 70}, {""year"": 2025, ""month"": 9, ""search_volume"": 70}, {""year"": 2025, ""month"": 8, ""search_volume"": 50}]"
C2,casque audio television sans fil comparatif,50,0.63,USD_DOCUMENTED,core,False,G0017,0,G0022,0,casque TV sans fil compatible avec kit émetteur,keywords_data/google_ads/search_volume/live,2026-09-03T14:41:45.663971+00:00,2026-09-03-qualification-9-produits-pur/raw/20-controls-3.json.gz,"[{""year"": 2026, ""month"": 7, ""search_volume"": 40}, {""year"": 2026, ""month"": 6, ""search_volume"": 50}, {""year"": 2026, ""month"": 5, ""search_volume"": 40}, {""year"": 2026, ""month"": 4, ""search_volume"": 40}, {""year"": 2026, ""month"": 3, ""search_volume"": 50}, {""year"": 2026, ""month"": 2, ""search_volume"": 20}, {""year"": 2026, ""month"": 1, ""search_volume"": 50}, {""year"": 2025, ""month"": 12, ""search_volume"": 50}, {""year"": 2025, ""month"": 11, ""search_volume"": 70}, {""year"": 2025, ""month"": 10, ""search_volume"": 50}, {""year"": 2025, ""month"": 9, ""search_volume"": 50}, {""year"": 2025, ""month"": 8, ""search_volume"": 30}]"
C2,casque sony television,50,0.16,USD_DOCUMENTED,parent,True,,,,,"casque TV générique, filaire et sans fil mélangés",dataforseo_labs/google/keyword_suggestions/live,2026-09-03T14:36:31.280584+00:00,2026-09-03-qualification-9-produits-pur/raw/10-C2-labs-1.json.gz,"[{""year"": 2026, ""month"": 7, ""search_volume"": 20}, {""year"": 2026, ""month"": 6, ""search_volume"": 40}, {""year"": 2026, ""month"": 5, ""search_volume"": 40}, {""year"": 2026, ""month"": 4, ""search_volume"": 20}, {""year"": 2026, ""month"": 3, ""search_volume"": 30}, {""year"": 2026, ""month"": 2, ""search_volume"": 30}, {""year"": 2026, ""month"": 1, ""search_volume"": 70}, {""year"": 2025, ""month"": 12, ""search_volume"": 90}, {""year"": 2025, ""month"": 11, ""search_volume"": 90}, {""year"": 2025, ""month"": 10, ""search_volume"": 70}, {""year"": 2025, ""month"": 9, ""search_volume"": 30}, {""year"": 2025, ""month"": 8, ""search_volume"": 50}]"
C2,casque audio tv filaire,40,0.22,USD_DOCUMENTED,incompatible,False,,,,,"autre technologie, accessoire ou besoin auditif spécifique",dataforseo_labs/google/keyword_suggestions/live,2026-09-03T13:38:19.594647+00:00,2026-09-03-test-decouverte-couplee/raw/10-c2-labs.json.gz,"[{""year"": 2026, ""month"": 7, ""search_volume"": 10}, {""year"": 2026, ""month"": 6, ""search_volume"": 10}, {""year"": 2026, ""month"": 5, ""search_volume"": 40}, {""year"": 2026, ""month"": 4, ""search_volume"": 20}, {""year"": 2026, ""month"": 3, ""search_volume"": 30}, {""year"": 2026, ""month"": 2, ""search_volume"": 30}, {""year"": 2026, ""month"": 1, ""search_volume"": 40}, {""year"": 2025, ""month"": 12, ""search_volume"": 50}, {""year"": 2025, ""month"": 11, ""search_volume"": 50}, {""year"": 2025, ""month"": 10, ""search_volume"": 50}, {""year"": 2025, ""month"": 9, ""search_volume"": 50}, {""year"": 2025, ""month"": 8, ""search_volume"": 40}]"
C2,casque tv sans fil philips darty,40,0.07,USD_DOCUMENTED,core,True,,,,,casque TV sans fil compatible avec kit émetteur,keywords_data/google_ads/search_volume/live,2026-09-03T14:41:41.614360+00:00,2026-09-03-qualification-9-produits-pur/raw/20-controls-2.json.gz,"[{""year"": 2026, ""month"": 7, ""search_volume"": 30}, {""year"": 2026, ""month"": 6, ""search_volume"": 30}, {""year"": 2026, ""month"": 5, ""search_volume"": 40}, {""year"": 2026, ""month"": 4, ""search_volume"": 40}, {""year"": 2026, ""month"": 3, ""search_volume"": 50}, {""year"": 2026, ""month"": 2, ""search_volume"": 40}, {""year"": 2026, ""month"": 1, ""search_volume"": 50}, {""year"": 2025, ""month"": 12, ""search_volume"": 50}, {""year"": 2025, ""month"": 11, ""search_volume"": 40}, {""year"": 2025, ""month"": 10, ""search_volume"": 30}, {""year"": 2025, ""month"": 9, ""search_volume"": 30}, {""year"": 2025, ""month"": 8, ""search_volume"": 20}]"
C2,meilleur casque tv sans-fil les numériques,40,0.84,USD_DOCUMENTED,parent,True,,,,,"casque TV générique, filaire et sans fil mélangés",dataforseo_labs/google/keyword_suggestions/live,2026-09-03T13:38:19.594647+00:00,2026-09-03-test-decouverte-couplee/raw/10-c2-labs.json.gz,"[{""year"": 2026, ""month"": 7, ""search_volume"": 20}, {""year"": 2026, ""month"": 6, ""search_volume"": 30}, {""year"": 2026, ""month"": 5, ""search_volume"": 20}, {""year"": 2026, ""month"": 4, ""search_volume"": 20}, {""year"": 2026, ""month"": 3, ""search_volume"": 40}, {""year"": 2026, ""month"": 2, ""search_volume"": 40}, {""year"": 2026, ""month"": 1, ""search_volume"": 50}, {""year"": 2025, ""month"": 12, ""search_volume"": 70}, {""year"": 2025, ""month"": 11, ""search_volume"": 70}, {""year"": 2025, ""month"": 10, ""search_volume"": 50}, {""year"": 2025, ""month"": 9, ""search_volume"": 40}, {""year"": 2025, ""month"": 8, ""search_volume"": 40}]"
C2,casque tv sennheiser rs 5200 boulanger,40,0.28,USD_DOCUMENTED,parent,True,,,,,"casque TV générique, filaire et sans fil mélangés",dataforseo_labs/google/keyword_suggestions/live,2026-09-03T13:38:19.594647+00:00,2026-09-03-test-decouverte-couplee/raw/10-c2-labs.json.gz,"[{""year"": 2026, ""month"": 7, ""search_volume"": 50}, {""year"": 2026, ""month"": 6, ""search_volume"": 30}, {""year"": 2026, ""month"": 5, ""search_volume"": 20}, {""year"": 2026, ""month"": 4, ""search_volume"": 30}, {""year"": 2026, ""month"": 3, ""search_volume"": 50}, {""year"": 2026, ""month"": 2, ""search_volume"": 50}, {""year"": 2026, ""month"": 1, ""search_volume"": 70}, {""year"": 2025, ""month"": 12, ""search_volume"": 50}, {""year"": 2025, ""month"": 11, ""search_volume"": 40}, {""year"": 2025, ""month"": 10, ""search_volume"": 20}, {""year"": 2025, ""month"": 9, ""search_volume"": 10}, {""year"": 2025, ""month"": 8, ""search_volume"": 30}]"
C2,casque tv sans fil auchan,40,0.18,USD_DOCUMENTED,core,True,,,,,casque TV sans fil compatible avec kit émetteur,keywords_data/google_ads/search_volume/live,2026-09-03T14:41:41.614360+00:00,2026-09-03-qualification-9-produits-pur/raw/20-controls-2.json.gz,"[{""year"": 2026, ""month"": 7, ""search_volume"": 30}, {""year"": 2026, ""month"": 6, ""search_volume"": 40}, {""year"": 2026, ""month"": 5, ""search_volume"": 10}, {""year"": 2026, ""month"": 4, ""search_volume"": 90}, {""year"": 2026, ""month"": 3, ""search_volume"": 30}, {""year"": 2026, ""month"": 2, ""search_volume"": 40}, {""year"": 2026, ""month"": 1, ""search_volume"": 40}, {""year"": 2025, ""month"": 12, ""search_volume"": 70}, {""year"": 2025, ""month"": 11, ""search_volume"": 70}, {""year"": 2025, ""month"": 10, ""search_volume"": 40}, {""year"": 2025, ""month"": 9, ""search_volume"": 30}, {""year"": 2025, ""month"": 8, ""search_volume"": 50}]"
C2,adaptateur bluetooth tv pour casque,40,0.18,USD_DOCUMENTED,incompatible,False,,,,,"autre technologie, accessoire ou besoin auditif spécifique",dataforseo_labs/google/keyword_suggestions/live,2026-09-03T13:38:19.594647+00:00,2026-09-03-test-decouverte-couplee/raw/10-c2-labs.json.gz,"[{""year"": 2026, ""month"": 7, ""search_volume"": 20}, {""year"": 2026, ""month"": 6, ""search_volume"": 20}, {""year"": 2026, ""month"": 5, ""search_volume"": 20}, {""year"": 2026, ""month"": 4, ""search_volume"": 40}, {""year"": 2026, ""month"": 3, ""search_volume"": 40}, {""year"": 2026, ""month"": 2, ""search_volume"": 30}, {""year"": 2026, ""month"": 1, ""search_volume"": 50}, {""year"": 2025, ""month"": 12, ""search_volume"": 90}, {""year"": 2025, ""month"": 11, ""search_volume"": 50}, {""year"": 2025, ""month"": 10, ""search_volume"": 50}, {""year"": 2025, ""month"": 9, ""search_volume"": 30}, {""year"": 2025, ""month"": 8, ""search_volume"": 20}]"
C2,linkster casque tv sans fil,40,0.14,USD_DOCUMENTED,core,True,,,,,casque TV sans fil compatible avec kit émetteur,keywords_data/google_ads/search_volume/live,2026-09-03T14:41:41.614360+00:00,2026-09-03-qualification-9-produits-pur/raw/20-controls-2.json.gz,"[{""year"": 2026, ""month"": 7, ""search_volume"": 20}, {""year"": 2026, ""month"": 6, ""search_volume"": 20}, {""year"": 2026, ""month"": 5, ""search_volume"": 30}, {""year"": 2026, ""month"": 4, ""search_volume"": 50}, {""year"": 2026, ""month"": 3, ""search_volume"": 30}, {""year"": 2026, ""month"": 2, ""search_volume"": 50}, {""year"": 2026, ""month"": 1, ""search_volume"": 90}, {""year"": 2025, ""month"": 12, ""search_volume"": 70}, {""year"": 2025, ""month"": 11, ""search_volume"": 50}, {""year"": 2025, ""month"": 10, ""search_volume"": 20}, {""year"": 2025, ""month"": 9, ""search_volume"": 20}, {""year"": 2025, ""month"": 8, ""search_volume"": 50}]"
C2,branchement casque sans fil sur tv samsung,40,,USD_DOCUMENTED,information,True,,,,,"usage/SAV/risque, hors demande achat directe",dataforseo_labs/google/keyword_suggestions/live,2026-09-03T13:38:19.594647+00:00,2026-09-03-test-decouverte-couplee/raw/10-c2-labs.json.gz,"[{""year"": 2026, ""month"": 7, ""search_volume"": 30}, {""year"": 2026, ""month"": 6, ""search_volume"": 30}, {""year"": 2026, ""month"": 5, ""search_volume"": 30}, {""year"": 2026, ""month"": 4, ""search_volume"": 30}, {""year"": 2026, ""month"": 3, ""search_volume"": 40}, {""year"": 2026, ""month"": 2, ""search_volume"": 40}, {""year"": 2026, ""month"": 1, ""search_volume"": 90}, {""year"": 2025, ""month"": 12, ""search_volume"": 70}, {""year"": 2025, ""month"": 11, ""search_volume"": 20}, {""year"": 2025, ""month"": 10, ""search_volume"": 20}, {""year"": 2025, ""month"": 9, ""search_volume"": 20}, {""year"": 2025, ""month"": 8, ""search_volume"": 30}]"
C2,meilleur casque audio sans fil pour tv,40,0.43,USD_DOCUMENTED,core,False,G0018,40,G0023,40,casque TV sans fil compatible avec kit émetteur,keywords_data/google_ads/search_volume/live,2026-09-03T14:41:41.614360+00:00,2026-09-03-qualification-9-produits-pur/raw/20-controls-2.json.gz,"[{""year"": 2026, ""month"": 7, ""search_volume"": 30}, {""year"": 2026, ""month"": 6, ""search_volume"": 30}, {""year"": 2026, ""month"": 5, ""search_volume"": 40}, {""year"": 2026, ""month"": 4, ""search_volume"": 20}, {""year"": 2026, ""month"": 3, ""search_volume"": 40}, {""year"": 2026, ""month"": 2, ""search_volume"": 40}, {""year"": 2026, ""month"": 1, ""search_volume"": 70}, {""year"": 2025, ""month"": 12, ""search_volume"": 110}, {""year"": 2025, ""month"": 11, ""search_volume"": 70}, {""year"": 2025, ""month"": 10, ""search_volume"": 20}, {""year"": 2025, ""month"": 9, ""search_volume"": 30}, {""year"": 2025, ""month"": 8, ""search_volume"": 20}]"
C2,casque tv sennheiser rs 165,40,,USD_DOCUMENTED,parent,True,,,,,"casque TV générique, filaire et sans fil mélangés",dataforseo_labs/google/keyword_suggestions/live,2026-09-03T13:38:19.594647+00:00,2026-09-03-test-decouverte-couplee/raw/10-c2-labs.json.gz,"[{""year"": 2026, ""month"": 7, ""search_volume"": 10}, {""year"": 2026, ""month"": 6, ""search_volume"": 20}, {""year"": 2026, ""month"": 5, ""search_volume"": 10}, {""year"": 2026, ""month"": 4, ""search_volume"": 10}, {""year"": 2026, ""month"": 3, ""search_volume"": 10}, {""year"": 2026, ""month"": 2, ""search_volume"": 40}, {""year"": 2026, ""month"": 1, ""search_volume"": 70}, {""year"": 2025, ""month"": 12, ""search_volume"": 70}, {""year"": 2025, ""month"": 11, ""search_volume"": 90}, {""year"": 2025, ""month"": 10, ""search_volume"": 40}, {""year"": 2025, ""month"": 9, ""search_volume"": 40}, {""year"": 2025, ""month"": 8, ""search_volume"": 20}]"
C2,brancher casque sans fil sur tv samsung,40,,USD_DOCUMENTED,information,True,,,,,"usage/SAV/risque, hors demande achat directe",dataforseo_labs/google/keyword_suggestions/live,2026-09-03T13:38:19.594647+00:00,2026-09-03-test-decouverte-couplee/raw/10-c2-labs.json.gz,"[{""year"": 2026, ""month"": 7, ""search_volume"": 30}, {""year"": 2026, ""month"": 6, ""search_volume"": 30}, {""year"": 2026, ""month"": 5, ""search_volume"": 30}, {""year"": 2026, ""month"": 4, ""search_volume"": 30}, {""year"": 2026, ""month"": 3, ""search_volume"": 40}, {""year"": 2026, ""month"": 2, ""search_volume"": 40}, {""year"": 2026, ""month"": 1, ""search_volume"": 90}, {""year"": 2025, ""month"": 12, ""search_volume"": 70}, {""year"": 2025, ""month"": 11, ""search_volume"": 20}, {""year"": 2025, ""month"": 10, ""search_volume"": 20}, {""year"": 2025, ""month"": 9, ""search_volume"": 20}, {""year"": 2025, ""month"": 8, ""search_volume"": 30}]"
C2,prise casque tv philips ne fonctionne pas,40,,USD_DOCUMENTED,information,True,,,,,"usage/SAV/risque, hors demande achat directe",dataforseo_labs/google/keyword_suggestions/live,2026-09-03T13:38:19.594647+00:00,2026-09-03-test-decouverte-couplee/raw/10-c2-labs.json.gz,"[{""year"": 2026, ""month"": 7, ""search_volume"": 20}, {""year"": 2026, ""month"": 6, ""search_volume"": 30}, {""year"": 2026, ""month"": 5, ""search_volume"": 30}, {""year"": 2026, ""month"": 4, ""search_volume"": 50}, {""year"": 2026, ""month"": 3, ""search_volume"": 40}, {""year"": 2026, ""month"": 2, ""search_volume"": 40}, {""year"": 2026, ""month"": 1, ""search_volume"": 40}, {""year"": 2025, ""month"": 12, ""search_volume"": 50}, {""year"": 2025, ""month"": 11, ""search_volume"": 40}, {""year"": 2025, ""month"": 10, ""search_volume"": 30}, {""year"": 2025, ""month"": 9, ""search_volume"": 30}, {""year"": 2025, ""month"": 8, ""search_volume"": 30}]"
C2,casque audio duo sans fil pour tv,40,0.22,USD_DOCUMENTED,conditional,False,,,G0026,40,double casque ou entrée audio USB non confirmée pour le kit simple,keywords_data/google_ads/search_volume/live,2026-09-03T14:41:41.614360+00:00,2026-09-03-qualification-9-produits-pur/raw/20-controls-2.json.gz,"[{""year"": 2026, ""month"": 7, ""search_volume"": 30}, {""year"": 2026, ""month"": 6, ""search_volume"": 20}, {""year"": 2026, ""month"": 5, ""search_volume"": 20}, {""year"": 2026, ""month"": 4, ""search_volume"": 30}, {""year"": 2026, ""month"": 3, ""search_volume"": 20}, {""year"": 2026, ""month"": 2, ""search_volume"": 30}, {""year"": 2026, ""month"": 1, ""search_volume"": 50}, {""year"": 2025, ""month"": 12, ""search_volume"": 110}, {""year"": 2025, ""month"": 11, ""search_volume"": 70}, {""year"": 2025, ""month"": 10, ""search_volume"": 40}, {""year"": 2025, ""month"": 9, ""search_volume"": 30}, {""year"": 2025, ""month"": 8, ""search_volume"": 20}]"
C2,comment connecter un casque bluetooth sur tv samsung,40,,USD_DOCUMENTED,information,True,,,,,"usage/SAV/risque, hors demande achat directe",dataforseo_labs/google/keyword_suggestions/live,2026-09-03T13:38:19.594647+00:00,2026-09-03-test-decouverte-couplee/raw/10-c2-labs.json.gz,"[{""year"": 2026, ""month"": 7, ""search_volume"": 30}, {""year"": 2026, ""month"": 6, ""search_volume"": 40}, {""year"": 2026, ""month"": 5, ""search_volume"": 40}, {""year"": 2026, ""month"": 4, ""search_volume"": 30}, {""year"": 2026, ""month"": 3, ""search_volume"": 40}, {""year"": 2026, ""month"": 2, ""search_volume"": 40}, {""year"": 2026, ""month"": 1, ""search_volume"": 70}, {""year"": 2025, ""month"": 12, ""search_volume"": 90}, {""year"": 2025, ""month"": 11, ""search_volume"": 50}, {""year"": 2025, ""month"": 10, ""search_volume"": 50}, {""year"": 2025, ""month"": 9, ""search_volume"": 50}, {""year"": 2025, ""month"": 8, ""search_volume"": 40}]"
C2,auchan casque sans fil tv,40,0.18,USD_DOCUMENTED,core,True,,,,,casque TV sans fil compatible avec kit émetteur,keywords_data/google_ads/search_volume/live,2026-09-03T14:41:41.614360+00:00,2026-09-03-qualification-9-produits-pur/raw/20-controls-2.json.gz,"[{""year"": 2026, ""month"": 7, ""search_volume"": 30}, {""year"": 2026, ""month"": 6, ""search_volume"": 40}, {""year"": 2026, ""month"": 5, ""search_volume"": 10}, {""year"": 2026, ""month"": 4, ""search_volume"": 90}, {""year"": 2026, ""month"": 3, ""search_volume"": 30}, {""year"": 2026, ""month"": 2, ""search_volume"": 40}, {""year"": 2026, ""month"": 1, ""search_volume"": 40}, {""year"": 2025, ""month"": 12, ""search_volume"": 70}, {""year"": 2025, ""month"": 11, ""search_volume"": 70}, {""year"": 2025, ""month"": 10, ""search_volume"": 40}, {""year"": 2025, ""month"": 9, ""search_volume"": 30}, {""year"": 2025, ""month"": 8, ""search_volume"": 50}]"
C2,casque audio double sans fil pour tv,40,0.3,USD_DOCUMENTED,conditional,False,,,G0027,40,double casque ou entrée audio USB non confirmée pour le kit simple,keywords_data/google_ads/search_volume/live,2026-09-03T14:41:41.614360+00:00,2026-09-03-qualification-9-produits-pur/raw/20-controls-2.json.gz,"[{""year"": 2026, ""month"": 7, ""search_volume"": 30}, {""year"": 2026, ""month"": 6, ""search_volume"": 20}, {""year"": 2026, ""month"": 5, ""search_volume"": 20}, {""year"": 2026, ""month"": 4, ""search_volume"": 20}, {""year"": 2026, ""month"": 3, ""search_volume"": 30}, {""year"": 2026, ""month"": 2, ""search_volume"": 20}, {""year"": 2026, ""month"": 1, ""search_volume"": 50}, {""year"": 2025, ""month"": 12, ""search_volume"": 50}, {""year"": 2025, ""month"": 11, ""search_volume"": 50}, {""year"": 2025, ""month"": 10, ""search_volume"": 70}, {""year"": 2025, ""month"": 9, ""search_volume"": 40}, {""year"": 2025, ""month"": 8, ""search_volume"": 20}]"
C2,double casque tv sans fil bluetooth,40,0.15,USD_DOCUMENTED,conditional,False,,,G0028,40,double casque ou entrée audio USB non confirmée pour le kit simple,keywords_data/google_ads/search_volume/live,2026-09-03T14:41:41.614360+00:00,2026-09-03-qualification-9-produits-pur/raw/20-controls-2.json.gz,"[{""year"": 2026, ""month"": 7, ""search_volume"": 30}, {""year"": 2026, ""month"": 6, ""search_volume"": 20}, {""year"": 2026, ""month"": 5, ""search_volume"": 30}, {""year"": 2026, ""month"": 4, ""search_volume"": 30}, {""year"": 2026, ""month"": 3, ""search_volume"": 20}, {""year"": 2026, ""month"": 2, ""search_volume"": 20}, {""year"": 2026, ""month"": 1, ""search_volume"": 50}, {""year"": 2025, ""month"": 12, ""search_volume"": 50}, {""year"": 2025, ""month"": 11, ""search_volume"": 50}, {""year"": 2025, ""month"": 10, ""search_volume"": 40}, {""year"": 2025, ""month"": 9, ""search_volume"": 50}, {""year"": 2025, ""month"": 8, ""search_volume"": 50}]"
C2,double casque audio sans fil pour tv,40,0.3,USD_DOCUMENTED,conditional,False,,,G0027,0,double casque ou entrée audio USB non confirmée pour le kit simple,keywords_data/google_ads/search_volume/live,2026-09-03T14:41:41.614360+00:00,2026-09-03-qualification-9-produits-pur/raw/20-controls-2.json.gz,"[{""year"": 2026, ""month"": 7, ""search_volume"": 30}, {""year"": 2026, ""month"": 6, ""search_volume"": 20}, {""year"": 2026, ""month"": 5, ""search_volume"": 20}, {""year"": 2026, ""month"": 4, ""search_volume"": 20}, {""year"": 2026, ""month"": 3, ""search_volume"": 30}, {""year"": 2026, ""month"": 2, ""search_volume"": 20}, {""year"": 2026, ""month"": 1, ""search_volume"": 50}, {""year"": 2025, ""month"": 12, ""search_volume"": 50}, {""year"": 2025, ""month"": 11, ""search_volume"": 50}, {""year"": 2025, ""month"": 10, ""search_volume"": 70}, {""year"": 2025, ""month"": 9, ""search_volume"": 40}, {""year"": 2025, ""month"": 8, ""search_volume"": 20}]"
C2,comment brancher un casque filaire sur tv lg,40,0.35,USD_DOCUMENTED,information,True,,,,,"usage/SAV/risque, hors demande achat directe",dataforseo_labs/google/keyword_suggestions/live,2026-09-03T13:38:19.594647+00:00,2026-09-03-test-decouverte-couplee/raw/10-c2-labs.json.gz,"[{""year"": 2026, ""month"": 7, ""search_volume"": 50}, {""year"": 2026, ""month"": 6, ""search_volume"": 40}, {""year"": 2026, ""month"": 5, ""search_volume"": 20}, {""year"": 2026, ""month"": 4, ""search_volume"": 30}, {""year"": 2026, ""month"": 3, ""search_volume"": 40}, {""year"": 2026, ""month"": 2, ""search_volume"": 40}, {""year"": 2026, ""month"": 1, ""search_volume"": 70}, {""year"": 2025, ""month"": 12, ""search_volume"": 70}, {""year"": 2025, ""month"": 11, ""search_volume"": 50}, {""year"": 2025, ""month"": 10, ""search_volume"": 40}, {""year"": 2025, ""month"": 9, ""search_volume"": 40}, {""year"": 2025, ""month"": 8, ""search_volume"": 30}]"
C2,casque tv sans fil sony carrefour,40,0.16,USD_DOCUMENTED,core,True,,,,,casque TV sans fil compatible avec kit émetteur,keywords_data/google_ads/search_volume/live,2026-09-03T14:41:41.614360+00:00,2026-09-03-qualification-9-produits-pur/raw/20-controls-2.json.gz,"[{""year"": 2026, ""month"": 7, ""search_volume"": 30}, {""year"": 2026, ""month"": 6, ""search_volume"": 20}, {""year"": 2026, ""month"": 5, ""search_volume"": 20}, {""year"": 2026, ""month"": 4, ""search_volume"": 20}, {""year"": 2026, ""month"": 3, ""search_volume"": 20}, {""year"": 2026, ""month"": 2, ""search_volume"": 30}, {""year"": 2026, ""month"": 1, ""search_volume"": 50}, {""year"": 2025, ""month"": 12, ""search_volume"": 70}, {""year"": 2025, ""month"": 11, ""search_volume"": 70}, {""year"": 2025, ""month"": 10, ""search_volume"": 50}, {""year"": 2025, ""month"": 9, ""search_volume"": 40}, {""year"": 2025, ""month"": 8, ""search_volume"": 30}]"
C2,casque tv sans fil action,40,0.06,USD_DOCUMENTED,core,True,,,,,casque TV sans fil compatible avec kit émetteur,keywords_data/google_ads/search_volume/live,2026-09-03T14:41:41.614360+00:00,2026-09-03-qualification-9-produits-pur/raw/20-controls-2.json.gz,"[{""year"": 2026, ""month"": 7, ""search_volume"": 10}, {""year"": 2026, ""month"": 6, ""search_volume"": 40}, {""year"": 2026, ""month"": 5, ""search_volume"": 20}, {""year"": 2026, ""month"": 4, ""search_volume"": 20}, {""year"": 2026, ""month"": 3, ""search_volume"": 40}, {""year"": 2026, ""month"": 2, ""search_volume"": 40}, {""year"": 2026, ""month"": 1, ""search_volume"": 30}, {""year"": 2025, ""month"": 12, ""search_volume"": 40}, {""year"": 2025, ""month"": 11, ""search_volume"": 50}, {""year"": 2025, ""month"": 10, ""search_volume"": 50}, {""year"": 2025, ""month"": 9, ""search_volume"": 50}, {""year"": 2025, ""month"": 8, ""search_volume"": 40}]"
C2,casque audio tv sans fil double,40,0.3,USD_DOCUMENTED,conditional,False,,,G0027,0,double casque ou entrée audio USB non confirmée pour le kit simple,keywords_data/google_ads/search_volume/live,2026-09-03T14:41:41.614360+00:00,2026-09-03-qualification-9-produits-pur/raw/20-controls-2.json.gz,"[{""year"": 2026, ""month"": 7, ""search_volume"": 30}, {""year"": 2026, ""month"": 6, ""search_volume"": 20}, {""year"": 2026, ""month"": 5, ""search_volume"": 20}, {""year"": 2026, ""month"": 4, ""search_volume"": 20}, {""year"": 2026, ""month"": 3, ""search_volume"": 30}, {""year"": 2026, ""month"": 2, ""search_volume"": 20}, {""year"": 2026, ""month"": 1, ""search_volume"": 50}, {""year"": 2025, ""month"": 12, ""search_volume"": 50}, {""year"": 2025, ""month"": 11, ""search_volume"": 50}, {""year"": 2025, ""month"": 10, ""search_volume"": 70}, {""year"": 2025, ""month"": 9, ""search_volume"": 40}, {""year"": 2025, ""month"": 8, ""search_volume"": 20}]"
C2,casque d'écoute tv,40,0.38,USD_DOCUMENTED,parent,False,,,,,"casque TV générique, filaire et sans fil mélangés",dataforseo_labs/google/keyword_suggestions/live,2026-09-03T13:38:19.594647+00:00,2026-09-03-test-decouverte-couplee/raw/10-c2-labs.json.gz,"[{""year"": 2026, ""month"": 7, ""search_volume"": 40}, {""year"": 2026, ""month"": 6, ""search_volume"": 30}, {""year"": 2026, ""month"": 5, ""search_volume"": 50}, {""year"": 2026, ""month"": 4, ""search_volume"": 30}, {""year"": 2026, ""month"": 3, ""search_volume"": 30}, {""year"": 2026, ""month"": 2, ""search_volume"": 40}, {""year"": 2026, ""month"": 1, ""search_volume"": 30}, {""year"": 2025, ""month"": 12, ""search_volume"": 50}, {""year"": 2025, ""month"": 11, ""search_volume"": 50}, {""year"": 2025, ""month"": 10, ""search_volume"": 50}, {""year"": 2025, ""month"": 9, ""search_volume"": 40}, {""year"": 2025, ""month"": 8, ""search_volume"": 40}]"
C2,casque audio tv bluetooth,40,0.45,USD_DOCUMENTED,core,False,G0006,0,G0008,0,casque TV sans fil compatible avec kit émetteur,keywords_data/google_ads/search_volume/live,2026-09-03T14:41:41.614360+00:00,2026-09-03-qualification-9-produits-pur/raw/20-controls-2.json.gz,"[{""year"": 2026, ""month"": 7, ""search_volume"": 30}, {""year"": 2026, ""month"": 6, ""search_volume"": 30}, {""year"": 2026, ""month"": 5, ""search_volume"": 40}, {""year"": 2026, ""month"": 4, ""search_volume"": 30}, {""year"": 2026, ""month"": 3, ""search_volume"": 40}, {""year"": 2026, ""month"": 2, ""search_volume"": 40}, {""year"": 2026, ""month"": 1, ""search_volume"": 40}, {""year"": 2025, ""month"": 12, ""search_volume"": 70}, {""year"": 2025, ""month"": 11, ""search_volume"": 50}, {""year"": 2025, ""month"": 10, ""search_volume"": 30}, {""year"": 2025, ""month"": 9, ""search_volume"": 40}, {""year"": 2025, ""month"": 8, ""search_volume"": 50}]"
C2,casque d'ecoute tv,40,0.38,USD_DOCUMENTED,parent,False,,,,,"casque TV générique, filaire et sans fil mélangés",dataforseo_labs/google/keyword_suggestions/live,2026-09-03T13:38:19.594647+00:00,2026-09-03-test-decouverte-couplee/raw/10-c2-labs.json.gz,"[{""year"": 2026, ""month"": 7, ""search_volume"": 40}, {""year"": 2026, ""month"": 6, ""search_volume"": 30}, {""year"": 2026, ""month"": 5, ""search_volume"": 50}, {""year"": 2026, ""month"": 4, ""search_volume"": 30}, {""year"": 2026, ""month"": 3, ""search_volume"": 30}, {""year"": 2026, ""month"": 2, ""search_volume"": 40}, {""year"": 2026, ""month"": 1, ""search_volume"": 30}, {""year"": 2025, ""month"": 12, ""search_volume"": 50}, {""year"": 2025, ""month"": 11, ""search_volume"": 50}, {""year"": 2025, ""month"": 10, ""search_volume"": 50}, {""year"": 2025, ""month"": 9, ""search_volume"": 40}, {""year"": 2025, ""month"": 8, ""search_volume"": 40}]"
C2,casque tv bose,40,0.22,USD_DOCUMENTED,parent,True,,,,,"casque TV générique, filaire et sans fil mélangés",dataforseo_labs/google/keyword_suggestions/live,2026-09-03T13:38:19.594647+00:00,2026-09-03-test-decouverte-couplee/raw/10-c2-labs.json.gz,"[{""year"": 2026, ""month"": 7, ""search_volume"": 20}, {""year"": 2026, ""month"": 6, ""search_volume"": 20}, {""year"": 2026, ""month"": 5, ""search_volume"": 20}, {""year"": 2026, ""month"": 4, ""search_volume"": 20}, {""year"": 2026, ""month"": 3, ""search_volume"": 20}, {""year"": 2026, ""month"": 2, ""search_volume"": 30}, {""year"": 2026, ""month"": 1, ""search_volume"": 50}, {""year"": 2025, ""month"": 12, ""search_volume"": 140}, {""year"": 2025, ""month"": 11, ""search_volume"": 90}, {""year"": 2025, ""month"": 10, ""search_volume"": 50}, {""year"": 2025, ""month"": 9, ""search_volume"": 30}, {""year"": 2025, ""month"": 8, ""search_volume"": 20}]"
C2,meilleur casque audio sans fil tv,40,0.43,USD_DOCUMENTED,core,False,G0018,0,G0023,0,casque TV sans fil compatible avec kit émetteur,keywords_data/google_ads/search_volume/live,2026-09-03T14:41:41.614360+00:00,2026-09-03-qualification-9-produits-pur/raw/20-controls-2.json.gz,"[{""year"": 2026, ""month"": 7, ""search_volume"": 30}, {""year"": 2026, ""month"": 6, ""search_volume"": 30}, {""year"": 2026, ""month"": 5, ""search_volume"": 40}, {""year"": 2026, ""month"": 4, ""search_volume"": 20}, {""year"": 2026, ""month"": 3, ""search_volume"": 40}, {""year"": 2026, ""month"": 2, ""search_volume"": 40}, {""year"": 2026, ""month"": 1, ""search_volume"": 70}, {""year"": 2025, ""month"": 12, ""search_volume"": 110}, {""year"": 2025, ""month"": 11, ""search_volume"": 70}, {""year"": 2025, ""month"": 10, ""search_volume"": 20}, {""year"": 2025, ""month"": 9, ""search_volume"": 30}, {""year"": 2025, ""month"": 8, ""search_volume"": 20}]"
C2,casque audio sans fil pour tv philips,40,0.16,USD_DOCUMENTED,core,True,,,,,casque TV sans fil compatible avec kit émetteur,keywords_data/google_ads/search_volume/live,2026-09-03T14:41:41.614360+00:00,2026-09-03-qualification-9-produits-pur/raw/20-controls-2.json.gz,"[{""year"": 2026, ""month"": 7, ""search_volume"": 30}, {""year"": 2026, ""month"": 6, ""search_volume"": 30}, {""year"": 2026, ""month"": 5, ""search_volume"": 20}, {""year"": 2026, ""month"": 4, ""search_volume"": 30}, {""year"": 2026, ""month"": 3, ""search_volume"": 30}, {""year"": 2026, ""month"": 2, ""search_volume"": 30}, {""year"": 2026, ""month"": 1, ""search_volume"": 50}, {""year"": 2025, ""month"": 12, ""search_volume"": 90}, {""year"": 2025, ""month"": 11, ""search_volume"": 50}, {""year"": 2025, ""month"": 10, ""search_volume"": 50}, {""year"": 2025, ""month"": 9, ""search_volume"": 30}, {""year"": 2025, ""month"": 8, ""search_volume"": 30}]"
C2,casque infrarouge pour tv,40,0.28,USD_DOCUMENTED,incompatible,False,,,,,"autre technologie, accessoire ou besoin auditif spécifique",dataforseo_labs/google/keyword_suggestions/live,2026-09-03T13:38:19.594647+00:00,2026-09-03-test-decouverte-couplee/raw/10-c2-labs.json.gz,"[{""year"": 2026, ""month"": 7, ""search_volume"": 20}, {""year"": 2026, ""month"": 6, ""search_volume"": 40}, {""year"": 2026, ""month"": 5, ""search_volume"": 30}, {""year"": 2026, ""month"": 4, ""search_volume"": 30}, {""year"": 2026, ""month"": 3, ""search_volume"": 50}, {""year"": 2026, ""month"": 2, ""search_volume"": 40}, {""year"": 2026, ""month"": 1, ""search_volume"": 50}, {""year"": 2025, ""month"": 12, ""search_volume"": 90}, {""year"": 2025, ""month"": 11, ""search_volume"": 70}, {""year"": 2025, ""month"": 10, ""search_volume"": 50}, {""year"": 2025, ""month"": 9, ""search_volume"": 40}, {""year"": 2025, ""month"": 8, ""search_volume"": 30}]"
C2,comment brancher un casque sur tv samsung 4k,40,,USD_DOCUMENTED,information,True,,,,,"usage/SAV/risque, hors demande achat directe",dataforseo_labs/google/keyword_suggestions/live,2026-09-03T13:38:19.594647+00:00,2026-09-03-test-decouverte-couplee/raw/10-c2-labs.json.gz,"[{""year"": 2026, ""month"": 7, ""search_volume"": 70}, {""year"": 2026, ""month"": 6, ""search_volume"": 50}, {""year"": 2026, ""month"": 5, ""search_volume"": 30}, {""year"": 2026, ""month"": 4, ""search_volume"": 40}, {""year"": 2026, ""month"": 3, ""search_volume"": 40}, {""year"": 2026, ""month"": 2, ""search_volume"": 50}, {""year"": 2026, ""month"": 1, ""search_volume"": 70}, {""year"": 2025, ""month"": 12, ""search_volume"": 70}, {""year"": 2025, ""month"": 11, ""search_volume"": 40}, {""year"": 2025, ""month"": 10, ""search_volume"": 40}, {""year"": 2025, ""month"": 9, ""search_volume"": 30}, {""year"": 2025, ""month"": 8, ""search_volume"": 20}]"
C2,adaptateur bluetooth tv casque,40,0.18,USD_DOCUMENTED,incompatible,False,,,,,"autre technologie, accessoire ou besoin auditif spécifique",dataforseo_labs/google/keyword_suggestions/live,2026-09-03T13:38:19.594647+00:00,2026-09-03-test-decouverte-couplee/raw/10-c2-labs.json.gz,"[{""year"": 2026, ""month"": 7, ""search_volume"": 20}, {""year"": 2026, ""month"": 6, ""search_volume"": 20}, {""year"": 2026, ""month"": 5, ""search_volume"": 20}, {""year"": 2026, ""month"": 4, ""search_volume"": 40}, {""year"": 2026, ""month"": 3, ""search_volume"": 40}, {""year"": 2026, ""month"": 2, ""search_volume"": 30}, {""year"": 2026, ""month"": 1, ""search_volume"": 50}, {""year"": 2025, ""month"": 12, ""search_volume"": 90}, {""year"": 2025, ""month"": 11, ""search_volume"": 50}, {""year"": 2025, ""month"": 10, ""search_volume"": 50}, {""year"": 2025, ""month"": 9, ""search_volume"": 30}, {""year"": 2025, ""month"": 8, ""search_volume"": 20}]"
C2,meilleur casque tv sans fil les numériques,40,0.84,USD_DOCUMENTED,core,True,,,,,casque TV sans fil compatible avec kit émetteur,keywords_data/google_ads/search_volume/live,2026-09-03T14:41:41.614360+00:00,2026-09-03-qualification-9-produits-pur/raw/20-controls-2.json.gz,"[{""year"": 2026, ""month"": 7, ""search_volume"": 20}, {""year"": 2026, ""month"": 6, ""search_volume"": 30}, {""year"": 2026, ""month"": 5, ""search_volume"": 20}, {""year"": 2026, ""month"": 4, ""search_volume"": 20}, {""year"": 2026, ""month"": 3, ""search_volume"": 40}, {""year"": 2026, ""month"": 2, ""search_volume"": 40}, {""year"": 2026, ""month"": 1, ""search_volume"": 50}, {""year"": 2025, ""month"": 12, ""search_volume"": 70}, {""year"": 2025, ""month"": 11, ""search_volume"": 70}, {""year"": 2025, ""month"": 10, ""search_volume"": 50}, {""year"": 2025, ""month"": 9, ""search_volume"": 40}, {""year"": 2025, ""month"": 8, ""search_volume"": 40}]"
C2,meilleur casque audio tv sans fil,40,0.43,USD_DOCUMENTED,core,False,G0018,0,G0023,0,casque TV sans fil compatible avec kit émetteur,keywords_data/google_ads/search_volume/live,2026-09-03T14:41:41.614360+00:00,2026-09-03-qualification-9-produits-pur/raw/20-controls-2.json.gz,"[{""year"": 2026, ""month"": 7, ""search_volume"": 30}, {""year"": 2026, ""month"": 6, ""search_volume"": 30}, {""year"": 2026, ""month"": 5, ""search_volume"": 40}, {""year"": 2026, ""month"": 4, ""search_volume"": 20}, {""year"": 2026, ""month"": 3, ""search_volume"": 40}, {""year"": 2026, ""month"": 2, ""search_volume"": 40}, {""year"": 2026, ""month"": 1, ""search_volume"": 70}, {""year"": 2025, ""month"": 12, ""search_volume"": 110}, {""year"": 2025, ""month"": 11, ""search_volume"": 70}, {""year"": 2025, ""month"": 10, ""search_volume"": 20}, {""year"": 2025, ""month"": 9, ""search_volume"": 30}, {""year"": 2025, ""month"": 8, ""search_volume"": 20}]"
C2,meilleur casque tv sans fil les numeriques,40,0.84,USD_DOCUMENTED,core,True,,,,,casque TV sans fil compatible avec kit émetteur,keywords_data/google_ads/search_volume/live,2026-09-03T14:41:41.614360+00:00,2026-09-03-qualification-9-produits-pur/raw/20-controls-2.json.gz,"[{""year"": 2026, ""month"": 7, ""search_volume"": 20}, {""year"": 2026, ""month"": 6, ""search_volume"": 30}, {""year"": 2026, ""month"": 5, ""search_volume"": 20}, {""year"": 2026, ""month"": 4, ""search_volume"": 20}, {""year"": 2026, ""month"": 3, ""search_volume"": 40}, {""year"": 2026, ""month"": 2, ""search_volume"": 40}, {""year"": 2026, ""month"": 1, ""search_volume"": 50}, {""year"": 2025, ""month"": 12, ""search_volume"": 70}, {""year"": 2025, ""month"": 11, ""search_volume"": 70}, {""year"": 2025, ""month"": 10, ""search_volume"": 50}, {""year"": 2025, ""month"": 9, ""search_volume"": 40}, {""year"": 2025, ""month"": 8, ""search_volume"": 40}]"
C2,comment brancher un casque sans fil sur tv philips,40,,USD_DOCUMENTED,information,True,,,,,"usage/SAV/risque, hors demande achat directe",dataforseo_labs/google/keyword_suggestions/live,2026-09-03T13:38:19.594647+00:00,2026-09-03-test-decouverte-couplee/raw/10-c2-labs.json.gz,"[{""year"": 2026, ""month"": 7, ""search_volume"": 20}, {""year"": 2026, ""month"": 6, ""search_volume"": 40}, {""year"": 2026, ""month"": 5, ""search_volume"": 30}, {""year"": 2026, ""month"": 4, ""search_volume"": 30}, {""year"": 2026, ""month"": 3, ""search_volume"": 20}, {""year"": 2026, ""month"": 2, ""search_volume"": 20}, {""year"": 2026, ""month"": 1, ""search_volume"": 30}, {""year"": 2025, ""month"": 12, ""search_volume"": 70}, {""year"": 2025, ""month"": 11, ""search_volume"": 40}, {""year"": 2025, ""month"": 10, ""search_volume"": 40}, {""year"": 2025, ""month"": 9, ""search_volume"": 50}, {""year"": 2025, ""month"": 8, ""search_volume"": 50}]"
C2,comment brancher un casque sennheiser sur tv samsung,40,0.02,USD_DOCUMENTED,information,True,,,,,"usage/SAV/risque, hors demande achat directe",dataforseo_labs/google/keyword_suggestions/live,2026-09-03T13:38:19.594647+00:00,2026-09-03-test-decouverte-couplee/raw/10-c2-labs.json.gz,"[{""year"": 2026, ""month"": 7, ""search_volume"": 40}, {""year"": 2026, ""month"": 6, ""search_volume"": 30}, {""year"": 2026, ""month"": 5, ""search_volume"": 20}, {""year"": 2026, ""month"": 4, ""search_volume"": 30}, {""year"": 2026, ""month"": 3, ""search_volume"": 40}, {""year"": 2026, ""month"": 2, ""search_volume"": 40}, {""year"": 2026, ""month"": 1, ""search_volume"": 70}, {""year"": 2025, ""month"": 12, ""search_volume"": 70}, {""year"": 2025, ""month"": 11, ""search_volume"": 50}, {""year"": 2025, ""month"": 10, ""search_volume"": 30}, {""year"": 2025, ""month"": 9, ""search_volume"": 20}, {""year"": 2025, ""month"": 8, ""search_volume"": 10}]"
C2,brancher un casque sur tv samsung,40,0.05,USD_DOCUMENTED,information,True,,,,,"usage/SAV/risque, hors demande achat directe",dataforseo_labs/google/keyword_suggestions/live,2026-09-03T13:38:19.594647+00:00,2026-09-03-test-decouverte-couplee/raw/10-c2-labs.json.gz,"[{""year"": 2026, ""month"": 7, ""search_volume"": 30}, {""year"": 2026, ""month"": 6, ""search_volume"": 30}, {""year"": 2026, ""month"": 5, ""search_volume"": 20}, {""year"": 2026, ""month"": 4, ""search_volume"": 20}, {""year"": 2026, ""month"": 3, ""search_volume"": 40}, {""year"": 2026, ""month"": 2, ""search_volume"": 40}, {""year"": 2026, ""month"": 1, ""search_volume"": 70}, {""year"": 2025, ""month"": 12, ""search_volume"": 70}, {""year"": 2025, ""month"": 11, ""search_volume"": 50}, {""year"": 2025, ""month"": 10, ""search_volume"": 40}, {""year"": 2025, ""month"": 9, ""search_volume"": 30}, {""year"": 2025, ""month"": 8, ""search_volume"": 30}]"
C2,casque sans fil tv auchan,40,0.18,USD_DOCUMENTED,core,True,,,,,casque TV sans fil compatible avec kit émetteur,keywords_data/google_ads/search_volume/live,2026-09-03T14:41:41.614360+00:00,2026-09-03-qualification-9-produits-pur/raw/20-controls-2.json.gz,"[{""year"": 2026, ""month"": 7, ""search_volume"": 30}, {""year"": 2026, ""month"": 6, ""search_volume"": 40}, {""year"": 2026, ""month"": 5, ""search_volume"": 10}, {""year"": 2026, ""month"": 4, ""search_volume"": 90}, {""year"": 2026, ""month"": 3, ""search_volume"": 30}, {""year"": 2026, ""month"": 2, ""search_volume"": 40}, {""year"": 2026, ""month"": 1, ""search_volume"": 40}, {""year"": 2025, ""month"": 12, ""search_volume"": 70}, {""year"": 2025, ""month"": 11, ""search_volume"": 70}, {""year"": 2025, ""month"": 10, ""search_volume"": 40}, {""year"": 2025, ""month"": 9, ""search_volume"": 30}, {""year"": 2025, ""month"": 8, ""search_volume"": 50}]"
C2,casque tv electro depot,40,0.15,USD_DOCUMENTED,parent,True,,,,,"casque TV générique, filaire et sans fil mélangés",dataforseo_labs/google/keyword_suggestions/live,2026-09-03T13:38:19.594647+00:00,2026-09-03-test-decouverte-couplee/raw/10-c2-labs.json.gz,"[{""year"": 2026, ""month"": 7, ""search_volume"": 20}, {""year"": 2026, ""month"": 6, ""search_volume"": 20}, {""year"": 2026, ""month"": 5, ""search_volume"": 20}, {""year"": 2026, ""month"": 4, ""search_volume"": 20}, {""year"": 2026, ""month"": 3, ""search_volume"": 30}, {""year"": 2026, ""month"": 2, ""search_volume"": 30}, {""year"": 2026, ""month"": 1, ""search_volume"": 40}, {""year"": 2025, ""month"": 12, ""search_volume"": 110}, {""year"": 2025, ""month"": 11, ""search_volume"": 50}, {""year"": 2025, ""month"": 10, ""search_volume"": 40}, {""year"": 2025, ""month"": 9, ""search_volume"": 50}, {""year"": 2025, ""month"": 8, ""search_volume"": 30}]"
C2,branchement casque sur tv samsung,40,0.05,USD_DOCUMENTED,information,True,,,,,"usage/SAV/risque, hors demande achat directe",dataforseo_labs/google/keyword_suggestions/live,2026-09-03T13:38:19.594647+00:00,2026-09-03-test-decouverte-couplee/raw/10-c2-labs.json.gz,"[{""year"": 2026, ""month"": 7, ""search_volume"": 30}, {""year"": 2026, ""month"": 6, ""search_volume"": 30}, {""year"": 2026, ""month"": 5, ""search_volume"": 20}, {""year"": 2026, ""month"": 4, ""search_volume"": 20}, {""year"": 2026, ""month"": 3, ""search_volume"": 40}, {""year"": 2026, ""month"": 2, ""search_volume"": 40}, {""year"": 2026, ""month"": 1, ""search_volume"": 70}, {""year"": 2025, ""month"": 12, ""search_volume"": 70}, {""year"": 2025, ""month"": 11, ""search_volume"": 50}, {""year"": 2025, ""month"": 10, ""search_volume"": 40}, {""year"": 2025, ""month"": 9, ""search_volume"": 30}, {""year"": 2025, ""month"": 8, ""search_volume"": 30}]"
C2,casque tv sans fil linkster mode d'emploi,40,0.05,USD_DOCUMENTED,information,True,,,,,"usage/SAV/risque, hors demande achat directe",dataforseo_labs/google/keyword_suggestions/live,2026-09-03T13:38:19.594647+00:00,2026-09-03-test-decouverte-couplee/raw/10-c2-labs.json.gz,"[{""year"": 2026, ""month"": 7, ""search_volume"": 40}, {""year"": 2026, ""month"": 6, ""search_volume"": 40}, {""year"": 2026, ""month"": 5, ""search_volume"": 50}, {""year"": 2026, ""month"": 4, ""search_volume"": 40}, {""year"": 2026, ""month"": 3, ""search_volume"": 30}, {""year"": 2026, ""month"": 2, ""search_volume"": 50}, {""year"": 2026, ""month"": 1, ""search_volume"": 50}, {""year"": 2025, ""month"": 12, ""search_volume"": 70}, {""year"": 2025, ""month"": 11, ""search_volume"": 40}, {""year"": 2025, ""month"": 10, ""search_volume"": 40}, {""year"": 2025, ""month"": 9, ""search_volume"": 20}, {""year"": 2025, ""month"": 8, ""search_volume"": 50}]"
C2,casque amplificateur de son tv,40,0.07,USD_DOCUMENTED,incompatible,False,,,,,"autre technologie, accessoire ou besoin auditif spécifique",dataforseo_labs/google/keyword_suggestions/live,2026-09-03T13:38:19.594647+00:00,2026-09-03-test-decouverte-couplee/raw/10-c2-labs.json.gz,"[{""year"": 2026, ""month"": 7, ""search_volume"": 10}, {""year"": 2026, ""month"": 6, ""search_volume"": 10}, {""year"": 2026, ""month"": 5, ""search_volume"": 30}, {""year"": 2026, ""month"": 4, ""search_volume"": 20}, {""year"": 2026, ""month"": 3, ""search_volume"": 30}, {""year"": 2026, ""month"": 2, ""search_volume"": 30}, {""year"": 2026, ""month"": 1, ""search_volume"": 70}, {""year"": 2025, ""month"": 12, ""search_volume"": 70}, {""year"": 2025, ""month"": 11, ""search_volume"": 40}, {""year"": 2025, ""month"": 10, ""search_volume"": 40}, {""year"": 2025, ""month"": 9, ""search_volume"": 50}, {""year"": 2025, ""month"": 8, ""search_volume"": 20}]"
C2,casque infrarouge tv,40,0.28,USD_DOCUMENTED,incompatible,False,,,,,"autre technologie, accessoire ou besoin auditif spécifique",dataforseo_labs/google/keyword_suggestions/live,2026-09-03T13:38:19.594647+00:00,2026-09-03-test-decouverte-couplee/raw/10-c2-labs.json.gz,"[{""year"": 2026, ""month"": 7, ""search_volume"": 20}, {""year"": 2026, ""month"": 6, ""search_volume"": 40}, {""year"": 2026, ""month"": 5, ""search_volume"": 30}, {""year"": 2026, ""month"": 4, ""search_volume"": 30}, {""year"": 2026, ""month"": 3, ""search_volume"": 50}, {""year"": 2026, ""month"": 2, ""search_volume"": 40}, {""year"": 2026, ""month"": 1, ""search_volume"": 50}, {""year"": 2025, ""month"": 12, ""search_volume"": 90}, {""year"": 2025, ""month"": 11, ""search_volume"": 70}, {""year"": 2025, ""month"": 10, ""search_volume"": 50}, {""year"": 2025, ""month"": 9, ""search_volume"": 40}, {""year"": 2025, ""month"": 8, ""search_volume"": 30}]"
C2,comment brancher un casque audio avec fil sur tv samsung,40,,USD_DOCUMENTED,information,True,,,,,"usage/SAV/risque, hors demande achat directe",dataforseo_labs/google/keyword_suggestions/live,2026-09-03T13:38:19.594647+00:00,2026-09-03-test-decouverte-couplee/raw/10-c2-labs.json.gz,"[{""year"": 2026, ""month"": 7, ""search_volume"": 20}, {""year"": 2026, ""month"": 6, ""search_volume"": 20}, {""year"": 2026, ""month"": 5, ""search_volume"": 20}, {""year"": 2026, ""month"": 4, ""search_volume"": 20}, {""year"": 2026, ""month"": 3, ""search_volume"": 30}, {""year"": 2026, ""month"": 2, ""search_volume"": 20}, {""year"": 2026, ""month"": 1, ""search_volume"": 30}, {""year"": 2025, ""month"": 12, ""search_volume"": 50}, {""year"": 2025, ""month"": 11, ""search_volume"": 50}, {""year"": 2025, ""month"": 10, ""search_volume"": 70}, {""year"": 2025, ""month"": 9, ""search_volume"": 40}, {""year"": 2025, ""month"": 8, ""search_volume"": 40}]"
C2,casque tv sans fil sennheiser darty,40,0.18,USD_DOCUMENTED,core,True,,,,,casque TV sans fil compatible avec kit émetteur,keywords_data/google_ads/search_volume/live,2026-09-03T14:41:41.614360+00:00,2026-09-03-qualification-9-produits-pur/raw/20-controls-2.json.gz,"[{""year"": 2026, ""month"": 7, ""search_volume"": 20}, {""year"": 2026, ""month"": 6, ""search_volume"": 30}, {""year"": 2026, ""month"": 5, ""search_volume"": 30}, {""year"": 2026, ""month"": 4, ""search_volume"": 30}, {""year"": 2026, ""month"": 3, ""search_volume"": 30}, {""year"": 2026, ""month"": 2, ""search_volume"": 50}, {""year"": 2026, ""month"": 1, ""search_volume"": 70}, {""year"": 2025, ""month"": 12, ""search_volume"": 70}, {""year"": 2025, ""month"": 11, ""search_volume"": 50}, {""year"": 2025, ""month"": 10, ""search_volume"": 30}, {""year"": 2025, ""month"": 9, ""search_volume"": 30}, {""year"": 2025, ""month"": 8, ""search_volume"": 40}]"
C2,casque pour regarder la tv,40,0.43,USD_DOCUMENTED,parent,False,,,,,"casque TV générique, filaire et sans fil mélangés",dataforseo_labs/google/keyword_suggestions/live,2026-09-03T14:36:32.619705+00:00,2026-09-03-qualification-9-produits-pur/raw/10-C2-labs-3.json.gz,"[{""year"": 2026, ""month"": 7, ""search_volume"": 20}, {""year"": 2026, ""month"": 6, ""search_volume"": 20}, {""year"": 2026, ""month"": 5, ""search_volume"": 20}, {""year"": 2026, ""month"": 4, ""search_volume"": 20}, {""year"": 2026, ""month"": 3, ""search_volume"": 30}, {""year"": 2026, ""month"": 2, ""search_volume"": 30}, {""year"": 2026, ""month"": 1, ""search_volume"": 40}, {""year"": 2025, ""month"": 12, ""search_volume"": 70}, {""year"": 2025, ""month"": 11, ""search_volume"": 90}, {""year"": 2025, ""month"": 10, ""search_volume"": 40}, {""year"": 2025, ""month"": 9, ""search_volume"": 20}, {""year"": 2025, ""month"": 8, ""search_volume"": 20}]"
C2,casque audio sans fil tv duo,40,0.22,USD_DOCUMENTED,conditional,False,,,G0026,0,double casque ou entrée audio USB non confirmée pour le kit simple,keywords_data/google_ads/search_volume/live,2026-09-03T14:41:41.614360+00:00,2026-09-03-qualification-9-produits-pur/raw/20-controls-2.json.gz,"[{""year"": 2026, ""month"": 7, ""search_volume"": 30}, {""year"": 2026, ""month"": 6, ""search_volume"": 20}, {""year"": 2026, ""month"": 5, ""search_volume"": 20}, {""year"": 2026, ""month"": 4, ""search_volume"": 30}, {""year"": 2026, ""month"": 3, ""search_volume"": 20}, {""year"": 2026, ""month"": 2, ""search_volume"": 30}, {""year"": 2026, ""month"": 1, ""search_volume"": 50}, {""year"": 2025, ""month"": 12, ""search_volume"": 110}, {""year"": 2025, ""month"": 11, ""search_volume"": 70}, {""year"": 2025, ""month"": 10, ""search_volume"": 40}, {""year"": 2025, ""month"": 9, ""search_volume"": 30}, {""year"": 2025, ""month"": 8, ""search_volume"": 20}]"
C2,casque audio tv philips sans fil,40,0.16,USD_DOCUMENTED,core,True,,,,,casque TV sans fil compatible avec kit émetteur,keywords_data/google_ads/search_volume/live,2026-09-03T14:41:41.614360+00:00,2026-09-03-qualification-9-produits-pur/raw/20-controls-2.json.gz,"[{""year"": 2026, ""month"": 7, ""search_volume"": 30}, {""year"": 2026, ""month"": 6, ""search_volume"": 30}, {""year"": 2026, ""month"": 5, ""search_volume"": 20}, {""year"": 2026, ""month"": 4, ""search_volume"": 30}, {""year"": 2026, ""month"": 3, ""search_volume"": 30}, {""year"": 2026, ""month"": 2, ""search_volume"": 30}, {""year"": 2026, ""month"": 1, ""search_volume"": 50}, {""year"": 2025, ""month"": 12, ""search_volume"": 90}, {""year"": 2025, ""month"": 11, ""search_volume"": 50}, {""year"": 2025, ""month"": 10, ""search_volume"": 50}, {""year"": 2025, ""month"": 9, ""search_volume"": 30}, {""year"": 2025, ""month"": 8, ""search_volume"": 30}]"
C2,casque audio wifi pour tv,40,0.17,USD_DOCUMENTED,incompatible,False,,,,,"autre technologie, accessoire ou besoin auditif spécifique",dataforseo_labs/google/keyword_suggestions/live,2026-09-03T13:38:19.594647+00:00,2026-09-03-test-decouverte-couplee/raw/10-c2-labs.json.gz,"[{""year"": 2026, ""month"": 7, ""search_volume"": 20}, {""year"": 2026, ""month"": 6, ""search_volume"": 20}, {""year"": 2026, ""month"": 5, ""search_volume"": 20}, {""year"": 2026, ""month"": 4, ""search_volume"": 30}, {""year"": 2026, ""month"": 3, ""search_volume"": 20}, {""year"": 2026, ""month"": 2, ""search_volume"": 40}, {""year"": 2026, ""month"": 1, ""search_volume"": 70}, {""year"": 2025, ""month"": 12, ""search_volume"": 90}, {""year"": 2025, ""month"": 11, ""search_volume"": 70}, {""year"": 2025, ""month"": 10, ""search_volume"": 70}, {""year"": 2025, ""month"": 9, ""search_volume"": 30}, {""year"": 2025, ""month"": 8, ""search_volume"": 30}]"
C2,adaptateur bluetooth tv casque sans fil,40,0.11,USD_DOCUMENTED,incompatible,False,,,,,"autre technologie, accessoire ou besoin auditif spécifique",dataforseo_labs/google/keyword_suggestions/live,2026-09-03T13:38:19.594647+00:00,2026-09-03-test-decouverte-couplee/raw/10-c2-labs.json.gz,"[{""year"": 2026, ""month"": 7, ""search_volume"": 10}, {""year"": 2026, ""month"": 6, ""search_volume"": 10}, {""year"": 2026, ""month"": 5, ""search_volume"": 30}, {""year"": 2026, ""month"": 4, ""search_volume"": 30}, {""year"": 2026, ""month"": 3, ""search_volume"": 40}, {""year"": 2026, ""month"": 2, ""search_volume"": 50}, {""year"": 2026, ""month"": 1, ""search_volume"": 70}, {""year"": 2025, ""month"": 12, ""search_volume"": 110}, {""year"": 2025, ""month"": 11, ""search_volume"": 50}, {""year"": 2025, ""month"": 10, ""search_volume"": 30}, {""year"": 2025, ""month"": 9, ""search_volume"": 40}, {""year"": 2025, ""month"": 8, ""search_volume"": 20}]"
C2,casque tv senior sans fil,40,0.38,USD_DOCUMENTED,core,False,G0014,0,G0019,0,casque TV sans fil compatible avec kit émetteur,keywords_data/google_ads/search_volume/live,2026-09-03T14:41:41.614360+00:00,2026-09-03-qualification-9-produits-pur/raw/20-controls-2.json.gz,"[{""year"": 2026, ""month"": 7, ""search_volume"": 20}, {""year"": 2026, ""month"": 6, ""search_volume"": 20}, {""year"": 2026, ""month"": 5, ""search_volume"": 40}, {""year"": 2026, ""month"": 4, ""search_volume"": 20}, {""year"": 2026, ""month"": 3, ""search_volume"": 40}, {""year"": 2026, ""month"": 2, ""search_volume"": 30}, {""year"": 2026, ""month"": 1, ""search_volume"": 50}, {""year"": 2025, ""month"": 12, ""search_volume"": 50}, {""year"": 2025, ""month"": 11, ""search_volume"": 90}, {""year"": 2025, ""month"": 10, ""search_volume"": 50}, {""year"": 2025, ""month"": 9, ""search_volume"": 30}, {""year"": 2025, ""month"": 8, ""search_volume"": 20}]"
C2,comment connecter un casque bluetooth sur tv,40,0.02,USD_DOCUMENTED,information,False,,,,,"usage/SAV/risque, hors demande achat directe",dataforseo_labs/google/keyword_suggestions/live,2026-09-03T13:38:19.594647+00:00,2026-09-03-test-decouverte-couplee/raw/10-c2-labs.json.gz,"[{""year"": 2026, ""month"": 7, ""search_volume"": 30}, {""year"": 2026, ""month"": 6, ""search_volume"": 40}, {""year"": 2026, ""month"": 5, ""search_volume"": 40}, {""year"": 2026, ""month"": 4, ""search_volume"": 30}, {""year"": 2026, ""month"": 3, ""search_volume"": 30}, {""year"": 2026, ""month"": 2, ""search_volume"": 30}, {""year"": 2026, ""month"": 1, ""search_volume"": 50}, {""year"": 2025, ""month"": 12, ""search_volume"": 50}, {""year"": 2025, ""month"": 11, ""search_volume"": 40}, {""year"": 2025, ""month"": 10, ""search_volume"": 20}, {""year"": 2025, ""month"": 9, ""search_volume"": 30}, {""year"": 2025, ""month"": 8, ""search_volume"": 40}]"
C2,casque optique tv,40,0.24,USD_DOCUMENTED,parent,False,,,,,"casque TV générique, filaire et sans fil mélangés",dataforseo_labs/google/keyword_suggestions/live,2026-09-03T13:38:19.594647+00:00,2026-09-03-test-decouverte-couplee/raw/10-c2-labs.json.gz,"[{""year"": 2026, ""month"": 7, ""search_volume"": 10}, {""year"": 2026, ""month"": 6, ""search_volume"": 20}, {""year"": 2026, ""month"": 5, ""search_volume"": 30}, {""year"": 2026, ""month"": 4, ""search_volume"": 20}, {""year"": 2026, ""month"": 3, ""search_volume"": 30}, {""year"": 2026, ""month"": 2, ""search_volume"": 30}, {""year"": 2026, ""month"": 1, ""search_volume"": 50}, {""year"": 2025, ""month"": 12, ""search_volume"": 50}, {""year"": 2025, ""month"": 11, ""search_volume"": 70}, {""year"": 2025, ""month"": 10, ""search_volume"": 40}, {""year"": 2025, ""month"": 9, ""search_volume"": 40}, {""year"": 2025, ""month"": 8, ""search_volume"": 40}]"
C2,casque tv senior,40,0.36,USD_DOCUMENTED,parent,False,,,,,"casque TV générique, filaire et sans fil mélangés",dataforseo_labs/google/keyword_suggestions/live,2026-09-03T13:38:19.594647+00:00,2026-09-03-test-decouverte-couplee/raw/10-c2-labs.json.gz,"[{""year"": 2026, ""month"": 7, ""search_volume"": 20}, {""year"": 2026, ""month"": 6, ""search_volume"": 10}, {""year"": 2026, ""month"": 5, ""search_volume"": 20}, {""year"": 2026, ""month"": 4, ""search_volume"": 20}, {""year"": 2026, ""month"": 3, ""search_volume"": 20}, {""year"": 2026, ""month"": 2, ""search_volume"": 40}, {""year"": 2026, ""month"": 1, ""search_volume"": 50}, {""year"": 2025, ""month"": 12, ""search_volume"": 70}, {""year"": 2025, ""month"": 11, ""search_volume"": 90}, {""year"": 2025, ""month"": 10, ""search_volume"": 50}, {""year"": 2025, ""month"": 9, ""search_volume"": 10}, {""year"": 2025, ""month"": 8, ""search_volume"": 30}]"
C2,casque tv infrarouge,40,0.28,USD_DOCUMENTED,incompatible,False,,,,,"autre technologie, accessoire ou besoin auditif spécifique",dataforseo_labs/google/keyword_suggestions/live,2026-09-03T13:38:19.594647+00:00,2026-09-03-test-decouverte-couplee/raw/10-c2-labs.json.gz,"[{""year"": 2026, ""month"": 7, ""search_volume"": 20}, {""year"": 2026, ""month"": 6, ""search_volume"": 40}, {""year"": 2026, ""month"": 5, ""search_volume"": 30}, {""year"": 2026, ""month"": 4, ""search_volume"": 30}, {""year"": 2026, ""month"": 3, ""search_volume"": 50}, {""year"": 2026, ""month"": 2, ""search_volume"": 40}, {""year"": 2026, ""month"": 1, ""search_volume"": 50}, {""year"": 2025, ""month"": 12, ""search_volume"": 90}, {""year"": 2025, ""month"": 11, ""search_volume"": 70}, {""year"": 2025, ""month"": 10, ""search_volume"": 50}, {""year"": 2025, ""month"": 9, ""search_volume"": 40}, {""year"": 2025, ""month"": 8, ""search_volume"": 30}]"
C2,casque tv sans fil qui ne coupe pas le son,40,0.25,USD_DOCUMENTED,core,False,G0019,40,G0024,40,casque TV sans fil compatible avec kit émetteur,keywords_data/google_ads/search_volume/live,2026-09-03T14:41:41.614360+00:00,2026-09-03-qualification-9-produits-pur/raw/20-controls-2.json.gz,"[{""year"": 2026, ""month"": 7, ""search_volume"": 40}, {""year"": 2026, ""month"": 6, ""search_volume"": 30}, {""year"": 2026, ""month"": 5, ""search_volume"": 30}, {""year"": 2026, ""month"": 4, ""search_volume"": 30}, {""year"": 2026, ""month"": 3, ""search_volume"": 30}, {""year"": 2026, ""month"": 2, ""search_volume"": 70}, {""year"": 2026, ""month"": 1, ""search_volume"": 50}, {""year"": 2025, ""month"": 12, ""search_volume"": 50}, {""year"": 2025, ""month"": 11, ""search_volume"": 70}, {""year"": 2025, ""month"": 10, ""search_volume"": 50}, {""year"": 2025, ""month"": 9, ""search_volume"": 20}, {""year"": 2025, ""month"": 8, ""search_volume"": 20}]"
C2,casque tv sans fil sennheiser rs 5200,40,0.48,USD_DOCUMENTED,core,True,,,,,casque TV sans fil compatible avec kit émetteur,keywords_data/google_ads/search_volume/live,2026-09-03T14:41:41.614360+00:00,2026-09-03-qualification-9-produits-pur/raw/20-controls-2.json.gz,"[{""year"": 2026, ""month"": 7, ""search_volume"": 20}, {""year"": 2026, ""month"": 6, ""search_volume"": 30}, {""year"": 2026, ""month"": 5, ""search_volume"": 40}, {""year"": 2026, ""month"": 4, ""search_volume"": 40}, {""year"": 2026, ""month"": 3, ""search_volume"": 30}, {""year"": 2026, ""month"": 2, ""search_volume"": 40}, {""year"": 2026, ""month"": 1, ""search_volume"": 90}, {""year"": 2025, ""month"": 12, ""search_volume"": 70}, {""year"": 2025, ""month"": 11, ""search_volume"": 50}, {""year"": 2025, ""month"": 10, ""search_volume"": 40}, {""year"": 2025, ""month"": 9, ""search_volume"": 50}, {""year"": 2025, ""month"": 8, ""search_volume"": 20}]"
C2,casque tv jbl,40,0.6,USD_DOCUMENTED,parent,True,,,,,"casque TV générique, filaire et sans fil mélangés",dataforseo_labs/google/keyword_suggestions/live,2026-09-03T13:38:19.594647+00:00,2026-09-03-test-decouverte-couplee/raw/10-c2-labs.json.gz,"[{""year"": 2026, ""month"": 7, ""search_volume"": 10}, {""year"": 2026, ""month"": 6, ""search_volume"": 20}, {""year"": 2026, ""month"": 5, ""search_volume"": 20}, {""year"": 2026, ""month"": 4, ""search_volume"": 20}, {""year"": 2026, ""month"": 3, ""search_volume"": 30}, {""year"": 2026, ""month"": 2, ""search_volume"": 20}, {""year"": 2026, ""month"": 1, ""search_volume"": 50}, {""year"": 2025, ""month"": 12, ""search_volume"": 140}, {""year"": 2025, ""month"": 11, ""search_volume"": 70}, {""year"": 2025, ""month"": 10, ""search_volume"": 30}, {""year"": 2025, ""month"": 9, ""search_volume"": 30}, {""year"": 2025, ""month"": 8, ""search_volume"": 40}]"
C2,casque audio tv sans fil duo,40,0.22,USD_DOCUMENTED,conditional,False,,,G0026,0,double casque ou entrée audio USB non confirmée pour le kit simple,keywords_data/google_ads/search_volume/live,2026-09-03T14:41:41.614360+00:00,2026-09-03-qualification-9-produits-pur/raw/20-controls-2.json.gz,"[{""year"": 2026, ""month"": 7, ""search_volume"": 30}, {""year"": 2026, ""month"": 6, ""search_volume"": 20}, {""year"": 2026, ""month"": 5, ""search_volume"": 20}, {""year"": 2026, ""month"": 4, ""search_volume"": 30}, {""year"": 2026, ""month"": 3, ""search_volume"": 20}, {""year"": 2026, ""month"": 2, ""search_volume"": 30}, {""year"": 2026, ""month"": 1, ""search_volume"": 50}, {""year"": 2025, ""month"": 12, ""search_volume"": 110}, {""year"": 2025, ""month"": 11, ""search_volume"": 70}, {""year"": 2025, ""month"": 10, ""search_volume"": 40}, {""year"": 2025, ""month"": 9, ""search_volume"": 30}, {""year"": 2025, ""month"": 8, ""search_volume"": 20}]"
C2,casque tv sans fil avec station de recharge,40,0.37,USD_DOCUMENTED,core,False,G0020,40,G0025,40,casque TV sans fil compatible avec kit émetteur,keywords_data/google_ads/search_volume/live,2026-09-03T14:41:41.614360+00:00,2026-09-03-qualification-9-produits-pur/raw/20-controls-2.json.gz,"[{""year"": 2026, ""month"": 7, ""search_volume"": 30}, {""year"": 2026, ""month"": 6, ""search_volume"": 30}, {""year"": 2026, ""month"": 5, ""search_volume"": 20}, {""year"": 2026, ""month"": 4, ""search_volume"": 10}, {""year"": 2026, ""month"": 3, ""search_volume"": 40}, {""year"": 2026, ""month"": 2, ""search_volume"": 20}, {""year"": 2026, ""month"": 1, ""search_volume"": 90}, {""year"": 2025, ""month"": 12, ""search_volume"": 50}, {""year"": 2025, ""month"": 11, ""search_volume"": 50}, {""year"": 2025, ""month"": 10, ""search_volume"": 50}, {""year"": 2025, ""month"": 9, ""search_volume"": 20}, {""year"": 2025, ""month"": 8, ""search_volume"": 10}]"
C2,casque tv sennheiser set 880,40,0.47,USD_DOCUMENTED,parent,True,,,,,"casque TV générique, filaire et sans fil mélangés",dataforseo_labs/google/keyword_suggestions/live,2026-09-03T13:38:19.594647+00:00,2026-09-03-test-decouverte-couplee/raw/10-c2-labs.json.gz,"[{""year"": 2026, ""month"": 7, ""search_volume"": 10}, {""year"": 2026, ""month"": 6, ""search_volume"": 20}, {""year"": 2026, ""month"": 5, ""search_volume"": 10}, {""year"": 2026, ""month"": 4, ""search_volume"": 10}, {""year"": 2026, ""month"": 3, ""search_volume"": 40}, {""year"": 2026, ""month"": 2, ""search_volume"": 40}, {""year"": 2026, ""month"": 1, ""search_volume"": 70}, {""year"": 2025, ""month"": 12, ""search_volume"": 70}, {""year"": 2025, ""month"": 11, ""search_volume"": 70}, {""year"": 2025, ""month"": 10, ""search_volume"": 30}, {""year"": 2025, ""month"": 9, ""search_volume"": 20}, {""year"": 2025, ""month"": 8, ""search_volume"": 30}]"
C2,brancher casque sur tv samsung,40,0.05,USD_DOCUMENTED,information,True,,,,,"usage/SAV/risque, hors demande achat directe",dataforseo_labs/google/keyword_suggestions/live,2026-09-03T13:38:19.594647+00:00,2026-09-03-test-decouverte-couplee/raw/10-c2-labs.json.gz,"[{""year"": 2026, ""month"": 7, ""search_volume"": 30}, {""year"": 2026, ""month"": 6, ""search_volume"": 30}, {""year"": 2026, ""month"": 5, ""search_volume"": 20}, {""year"": 2026, ""month"": 4, ""search_volume"": 20}, {""year"": 2026, ""month"": 3, ""search_volume"": 40}, {""year"": 2026, ""month"": 2, ""search_volume"": 40}, {""year"": 2026, ""month"": 1, ""search_volume"": 70}, {""year"": 2025, ""month"": 12, ""search_volume"": 70}, {""year"": 2025, ""month"": 11, ""search_volume"": 50}, {""year"": 2025, ""month"": 10, ""search_volume"": 40}, {""year"": 2025, ""month"": 9, ""search_volume"": 30}, {""year"": 2025, ""month"": 8, ""search_volume"": 30}]"
C2,auchan casque tv sans fil,40,0.18,USD_DOCUMENTED,core,True,,,,,casque TV sans fil compatible avec kit émetteur,keywords_data/google_ads/search_volume/live,2026-09-03T14:41:41.614360+00:00,2026-09-03-qualification-9-produits-pur/raw/20-controls-2.json.gz,"[{""year"": 2026, ""month"": 7, ""search_volume"": 30}, {""year"": 2026, ""month"": 6, ""search_volume"": 40}, {""year"": 2026, ""month"": 5, ""search_volume"": 10}, {""year"": 2026, ""month"": 4, ""search_volume"": 90}, {""year"": 2026, ""month"": 3, ""search_volume"": 30}, {""year"": 2026, ""month"": 2, ""search_volume"": 40}, {""year"": 2026, ""month"": 1, ""search_volume"": 40}, {""year"": 2025, ""month"": 12, ""search_volume"": 70}, {""year"": 2025, ""month"": 11, ""search_volume"": 70}, {""year"": 2025, ""month"": 10, ""search_volume"": 40}, {""year"": 2025, ""month"": 9, ""search_volume"": 30}, {""year"": 2025, ""month"": 8, ""search_volume"": 50}]"
C2,casque tv sans fil thomson mode d'emploi,40,,USD_DOCUMENTED,information,True,,,,,"usage/SAV/risque, hors demande achat directe",dataforseo_labs/google/keyword_suggestions/live,2026-09-03T13:38:19.594647+00:00,2026-09-03-test-decouverte-couplee/raw/10-c2-labs.json.gz,"[{""year"": 2026, ""month"": 7, ""search_volume"": 30}, {""year"": 2026, ""month"": 6, ""search_volume"": 20}, {""year"": 2026, ""month"": 5, ""search_volume"": 20}, {""year"": 2026, ""month"": 4, ""search_volume"": 30}, {""year"": 2026, ""month"": 3, ""search_volume"": 30}, {""year"": 2026, ""month"": 2, ""search_volume"": 40}, {""year"": 2026, ""month"": 1, ""search_volume"": 50}, {""year"": 2025, ""month"": 12, ""search_volume"": 50}, {""year"": 2025, ""month"": 11, ""search_volume"": 50}, {""year"": 2025, ""month"": 10, ""search_volume"": 50}, {""year"": 2025, ""month"": 9, ""search_volume"": 30}, {""year"": 2025, ""month"": 8, ""search_volume"": 40}]"
C2,casque pour tv samsung sans fil,40,0.31,USD_DOCUMENTED,core,True,,,,,casque TV sans fil compatible avec kit émetteur,keywords_data/google_ads/search_volume/live,2026-09-03T14:41:41.614360+00:00,2026-09-03-qualification-9-produits-pur/raw/20-controls-2.json.gz,"[{""year"": 2026, ""month"": 7, ""search_volume"": 50}, {""year"": 2026, ""month"": 6, ""search_volume"": 50}, {""year"": 2026, ""month"": 5, ""search_volume"": 50}, {""year"": 2026, ""month"": 4, ""search_volume"": 40}, {""year"": 2026, ""month"": 3, ""search_volume"": 40}, {""year"": 2026, ""month"": 2, ""search_volume"": 40}, {""year"": 2026, ""month"": 1, ""search_volume"": 40}, {""year"": 2025, ""month"": 12, ""search_volume"": 70}, {""year"": 2025, ""month"": 11, ""search_volume"": 30}, {""year"": 2025, ""month"": 10, ""search_volume"": 50}, {""year"": 2025, ""month"": 9, ""search_volume"": 20}, {""year"": 2025, ""month"": 8, ""search_volume"": 30}]"
C2,casque d'écoute télévision,40,0.38,USD_DOCUMENTED,parent,False,,,,,"casque TV générique, filaire et sans fil mélangés",dataforseo_labs/google/keyword_suggestions/live,2026-09-03T14:36:31.018349+00:00,2026-09-03-qualification-9-produits-pur/raw/10-C2-labs-0.json.gz,"[{""year"": 2026, ""month"": 7, ""search_volume"": 40}, {""year"": 2026, ""month"": 6, ""search_volume"": 30}, {""year"": 2026, ""month"": 5, ""search_volume"": 50}, {""year"": 2026, ""month"": 4, ""search_volume"": 30}, {""year"": 2026, ""month"": 3, ""search_volume"": 30}, {""year"": 2026, ""month"": 2, ""search_volume"": 40}, {""year"": 2026, ""month"": 1, ""search_volume"": 30}, {""year"": 2025, ""month"": 12, ""search_volume"": 50}, {""year"": 2025, ""month"": 11, ""search_volume"": 50}, {""year"": 2025, ""month"": 10, ""search_volume"": 50}, {""year"": 2025, ""month"": 9, ""search_volume"": 40}, {""year"": 2025, ""month"": 8, ""search_volume"": 40}]"
C2,casque pour regarder la télévision,40,0.43,USD_DOCUMENTED,parent,False,,,,,"casque TV générique, filaire et sans fil mélangés",dataforseo_labs/google/keyword_suggestions/live,2026-09-03T14:36:31.018349+00:00,2026-09-03-qualification-9-produits-pur/raw/10-C2-labs-0.json.gz,"[{""year"": 2026, ""month"": 7, ""search_volume"": 20}, {""year"": 2026, ""month"": 6, ""search_volume"": 20}, {""year"": 2026, ""month"": 5, ""search_volume"": 20}, {""year"": 2026, ""month"": 4, ""search_volume"": 20}, {""year"": 2026, ""month"": 3, ""search_volume"": 30}, {""year"": 2026, ""month"": 2, ""search_volume"": 30}, {""year"": 2026, ""month"": 1, ""search_volume"": 40}, {""year"": 2025, ""month"": 12, ""search_volume"": 70}, {""year"": 2025, ""month"": 11, ""search_volume"": 90}, {""year"": 2025, ""month"": 10, ""search_volume"": 40}, {""year"": 2025, ""month"": 9, ""search_volume"": 20}, {""year"": 2025, ""month"": 8, ""search_volume"": 20}]"
C2,quel est le meilleur casque pour écouter la télévision,40,0.31,USD_DOCUMENTED,parent,False,,,,,"casque TV générique, filaire et sans fil mélangés",dataforseo_labs/google/keyword_suggestions/live,2026-09-03T14:36:31.018349+00:00,2026-09-03-qualification-9-produits-pur/raw/10-C2-labs-0.json.gz,"[{""year"": 2026, ""month"": 7, ""search_volume"": 20}, {""year"": 2026, ""month"": 6, ""search_volume"": 10}, {""year"": 2026, ""month"": 5, ""search_volume"": 30}, {""year"": 2026, ""month"": 4, ""search_volume"": 20}, {""year"": 2026, ""month"": 3, ""search_volume"": 30}, {""year"": 2026, ""month"": 2, ""search_volume"": 40}, {""year"": 2026, ""month"": 1, ""search_volume"": 50}, {""year"": 2025, ""month"": 12, ""search_volume"": 70}, {""year"": 2025, ""month"": 11, ""search_volume"": 70}, {""year"": 2025, ""month"": 10, ""search_volume"": 50}, {""year"": 2025, ""month"": 9, ""search_volume"": 50}, {""year"": 2025, ""month"": 8, ""search_volume"": 50}]"
C2,casque d'écoute television,40,0.38,USD_DOCUMENTED,parent,False,,,,,"casque TV générique, filaire et sans fil mélangés",dataforseo_labs/google/keyword_suggestions/live,2026-09-03T14:36:31.280584+00:00,2026-09-03-qualification-9-produits-pur/raw/10-C2-labs-1.json.gz,"[{""year"": 2026, ""month"": 7, ""search_volume"": 40}, {""year"": 2026, ""month"": 6, ""search_volume"": 30}, {""year"": 2026, ""month"": 5, ""search_volume"": 50}, {""year"": 2026, ""month"": 4, ""search_volume"": 30}, {""year"": 2026, ""month"": 3, ""search_volume"": 30}, {""year"": 2026, ""month"": 2, ""search_volume"": 40}, {""year"": 2026, ""month"": 1, ""search_volume"": 30}, {""year"": 2025, ""month"": 12, ""search_volume"": 50}, {""year"": 2025, ""month"": 11, ""search_volume"": 50}, {""year"": 2025, ""month"": 10, ""search_volume"": 50}, {""year"": 2025, ""month"": 9, ""search_volume"": 40}, {""year"": 2025, ""month"": 8, ""search_volume"": 40}]"
C2,casque tv sans fil sennheiser boulanger,30,0.2,USD_DOCUMENTED,core,True,,,,,casque TV sans fil compatible avec kit émetteur,keywords_data/google_ads/search_volume/live,2026-09-03T14:41:41.614360+00:00,2026-09-03-qualification-9-produits-pur/raw/20-controls-2.json.gz,"[{""year"": 2026, ""month"": 7, ""search_volume"": 20}, {""year"": 2026, ""month"": 6, ""search_volume"": 20}, {""year"": 2026, ""month"": 5, ""search_volume"": 20}, {""year"": 2026, ""month"": 4, ""search_volume"": 30}, {""year"": 2026, ""month"": 3, ""search_volume"": 30}, {""year"": 2026, ""month"": 2, ""search_volume"": 20}, {""year"": 2026, ""month"": 1, ""search_volume"": 40}, {""year"": 2025, ""month"": 12, ""search_volume"": 30}, {""year"": 2025, ""month"": 11, ""search_volume"": 40}, {""year"": 2025, ""month"": 10, ""search_volume"": 50}, {""year"": 2025, ""month"": 9, ""search_volume"": 40}, {""year"": 2025, ""month"": 8, ""search_volume"": 40}]"
C2,carrefour casque tv,30,,USD_DOCUMENTED,parent,True,,,,,"casque TV générique, filaire et sans fil mélangés",dataforseo_labs/google/keyword_suggestions/live,2026-09-03T13:38:19.594647+00:00,2026-09-03-test-decouverte-couplee/raw/10-c2-labs.json.gz,"[{""year"": 2026, ""month"": 7, ""search_volume"": 20}, {""year"": 2026, ""month"": 6, ""search_volume"": 20}, {""year"": 2026, ""month"": 5, ""search_volume"": 20}, {""year"": 2026, ""month"": 4, ""search_volume"": 20}, {""year"": 2026, ""month"": 3, ""search_volume"": 30}, {""year"": 2026, ""month"": 2, ""search_volume"": 20}, {""year"": 2026, ""month"": 1, ""search_volume"": 30}, {""year"": 2025, ""month"": 12, ""search_volume"": 40}, {""year"": 2025, ""month"": 11, ""search_volume"": 40}, {""year"": 2025, ""month"": 10, ""search_volume"": 30}, {""year"": 2025, ""month"": 9, ""search_volume"": 30}, {""year"": 2025, ""month"": 8, ""search_volume"": 20}]"
C2,meilleur casque audio tv,30,0.43,USD_DOCUMENTED,parent,False,,,,,"casque TV générique, filaire et sans fil mélangés",dataforseo_labs/google/keyword_suggestions/live,2026-09-03T13:38:19.594647+00:00,2026-09-03-test-decouverte-couplee/raw/10-c2-labs.json.gz,"[{""year"": 2026, ""month"": 7, ""search_volume"": 10}, {""year"": 2026, ""month"": 6, ""search_volume"": 10}, {""year"": 2026, ""month"": 5, ""search_volume"": 20}, {""year"": 2026, ""month"": 4, ""search_volume"": 20}, {""year"": 2026, ""month"": 3, ""search_volume"": 40}, {""year"": 2026, ""month"": 2, ""search_volume"": 20}, {""year"": 2026, ""month"": 1, ""search_volume"": 50}, {""year"": 2025, ""month"": 12, ""search_volume"": 70}, {""year"": 2025, ""month"": 11, ""search_volume"": 50}, {""year"": 2025, ""month"": 10, ""search_volume"": 40}, {""year"": 2025, ""month"": 9, ""search_volume"": 30}, {""year"": 2025, ""month"": 8, ""search_volume"": 20}]"
C2,casque tv sans fil test,30,0.53,USD_DOCUMENTED,core,False,G0021,30,G0029,30,casque TV sans fil compatible avec kit émetteur,keywords_data/google_ads/search_volume/live,2026-09-03T14:41:41.614360+00:00,2026-09-03-qualification-9-produits-pur/raw/20-controls-2.json.gz,"[{""year"": 2026, ""month"": 7, ""search_volume"": 10}, {""year"": 2026, ""month"": 6, ""search_volume"": 20}, {""year"": 2026, ""month"": 5, ""search_volume"": 20}, {""year"": 2026, ""month"": 4, ""search_volume"": 20}, {""year"": 2026, ""month"": 3, ""search_volume"": 20}, {""year"": 2026, ""month"": 2, ""search_volume"": 50}, {""year"": 2026, ""month"": 1, ""search_volume"": 50}, {""year"": 2025, ""month"": 12, ""search_volume"": 90}, {""year"": 2025, ""month"": 11, ""search_volume"": 40}, {""year"": 2025, ""month"": 10, ""search_volume"": 30}, {""year"": 2025, ""month"": 9, ""search_volume"": 20}, {""year"": 2025, ""month"": 8, ""search_volume"": 20}]"
C2,comment brancher un casque sans fil sur tv hisense,30,0.02,USD_DOCUMENTED,information,True,,,,,"usage/SAV/risque, hors demande achat directe",dataforseo_labs/google/keyword_suggestions/live,2026-09-03T13:38:19.594647+00:00,2026-09-03-test-decouverte-couplee/raw/10-c2-labs.json.gz,"[{""year"": 2026, ""month"": 7, ""search_volume"": 10}, {""year"": 2026, ""month"": 6, ""search_volume"": 20}, {""year"": 2026, ""month"": 5, ""search_volume"": 10}, {""year"": 2026, ""month"": 4, ""search_volume"": 30}, {""year"": 2026, ""month"": 3, ""search_volume"": 20}, {""year"": 2026, ""month"": 2, ""search_volume"": 20}, {""year"": 2026, ""month"": 1, ""search_volume"": 30}, {""year"": 2025, ""month"": 12, ""search_volume"": 50}, {""year"": 2025, ""month"": 11, ""search_volume"": 30}, {""year"": 2025, ""month"": 10, ""search_volume"": 20}, {""year"": 2025, ""month"": 9, ""search_volume"": 20}, {""year"": 2025, ""month"": 8, ""search_volume"": 20}]"
C2,casque tv sans fil sony darty,30,0.08,USD_DOCUMENTED,core,True,,,,,casque TV sans fil compatible avec kit émetteur,keywords_data/google_ads/search_volume/live,2026-09-03T14:41:41.614360+00:00,2026-09-03-qualification-9-produits-pur/raw/20-controls-2.json.gz,"[{""year"": 2026, ""month"": 7, ""search_volume"": 30}, {""year"": 2026, ""month"": 6, ""search_volume"": 20}, {""year"": 2026, ""month"": 5, ""search_volume"": 30}, {""year"": 2026, ""month"": 4, ""search_volume"": 10}, {""year"": 2026, ""month"": 3, ""search_volume"": 20}, {""year"": 2026, ""month"": 2, ""search_volume"": 30}, {""year"": 2026, ""month"": 1, ""search_volume"": 30}, {""year"": 2025, ""month"": 12, ""search_volume"": 50}, {""year"": 2025, ""month"": 11, ""search_volume"": 40}, {""year"": 2025, ""month"": 10, ""search_volume"": 40}, {""year"": 2025, ""month"": 9, ""search_volume"": 20}, {""year"": 2025, ""month"": 8, ""search_volume"": 30}]"
C2,casque bluetooth tv philips,30,0.38,USD_DOCUMENTED,core,True,,,,,casque TV sans fil compatible avec kit émetteur,keywords_data/google_ads/search_volume/live,2026-09-03T14:41:41.614360+00:00,2026-09-03-qualification-9-produits-pur/raw/20-controls-2.json.gz,"[{""year"": 2026, ""month"": 7, ""search_volume"": 20}, {""year"": 2026, ""month"": 6, ""search_volume"": 20}, {""year"": 2026, ""month"": 5, ""search_volume"": 10}, {""year"": 2026, ""month"": 4, ""search_volume"": 40}, {""year"": 2026, ""month"": 3, ""search_volume"": 30}, {""year"": 2026, ""month"": 2, ""search_volume"": 20}, {""year"": 2026, ""month"": 1, ""search_volume"": 30}, {""year"": 2025, ""month"": 12, ""search_volume"": 70}, {""year"": 2025, ""month"": 11, ""search_volume"": 30}, {""year"": 2025, ""month"": 10, ""search_volume"": 20}, {""year"": 2025, ""month"": 9, ""search_volume"": 30}, {""year"": 2025, ""month"": 8, ""search_volume"": 30}]"
C2,casque tv sans fil cgv,30,0.26,USD_DOCUMENTED,core,True,,,,,casque TV sans fil compatible avec kit émetteur,keywords_data/google_ads/search_volume/live,2026-09-03T14:41:41.614360+00:00,2026-09-03-qualification-9-produits-pur/raw/20-controls-2.json.gz,"[{""year"": 2026, ""month"": 7, ""search_volume"": 30}, {""year"": 2026, ""month"": 6, ""search_volume"": 20}, {""year"": 2026, ""month"": 5, ""search_volume"": 20}, {""year"": 2026, ""month"": 4, ""search_volume"": 20}, {""year"": 2026, ""month"": 3, ""search_volume"": 40}, {""year"": 2026, ""month"": 2, ""search_volume"": 40}, {""year"": 2026, ""month"": 1, ""search_volume"": 30}, {""year"": 2025, ""month"": 12, ""search_volume"": 50}, {""year"": 2025, ""month"": 11, ""search_volume"": 50}, {""year"": 2025, ""month"": 10, ""search_volume"": 30}, {""year"": 2025, ""month"": 9, ""search_volume"": 20}, {""year"": 2025, ""month"": 8, ""search_volume"": 30}]"
C2,casque bluetooth pour tv philips,30,0.38,USD_DOCUMENTED,core,True,,,,,casque TV sans fil compatible avec kit émetteur,keywords_data/google_ads/search_volume/live,2026-09-03T14:41:41.614360+00:00,2026-09-03-qualification-9-produits-pur/raw/20-controls-2.json.gz,"[{""year"": 2026, ""month"": 7, ""search_volume"": 20}, {""year"": 2026, ""month"": 6, ""search_volume"": 20}, {""year"": 2026, ""month"": 5, ""search_volume"": 10}, {""year"": 2026, ""month"": 4, ""search_volume"": 40}, {""year"": 2026, ""month"": 3, ""search_volume"": 30}, {""year"": 2026, ""month"": 2, ""search_volume"": 20}, {""year"": 2026, ""month"": 1, ""search_volume"": 30}, {""year"": 2025, ""month"": 12, ""search_volume"": 70}, {""year"": 2025, ""month"": 11, ""search_volume"": 30}, {""year"": 2025, ""month"": 10, ""search_volume"": 20}, {""year"": 2025, ""month"": 9, ""search_volume"": 30}, {""year"": 2025, ""month"": 8, ""search_volume"": 30}]"
C2,casque hifi sans fil tv,30,0.22,USD_DOCUMENTED,core,False,G0022,30,G0030,30,casque TV sans fil compatible avec kit émetteur,keywords_data/google_ads/search_volume/live,2026-09-03T14:41:41.614360+00:00,2026-09-03-qualification-9-produits-pur/raw/20-controls-2.json.gz,"[{""year"": 2026, ""month"": 7, ""search_volume"": 10}, {""year"": 2026, ""month"": 6, ""search_volume"": 30}, {""year"": 2026, ""month"": 5, ""search_volume"": 20}, {""year"": 2026, ""month"": 4, ""search_volume"": 10}, {""year"": 2026, ""month"": 3, ""search_volume"": 20}, {""year"": 2026, ""month"": 2, ""search_volume"": 30}, {""year"": 2026, ""month"": 1, ""search_volume"": 40}, {""year"": 2025, ""month"": 12, ""search_volume"": 90}, {""year"": 2025, ""month"": 11, ""search_volume"": 40}, {""year"": 2025, ""month"": 10, ""search_volume"": 20}, {""year"": 2025, ""month"": 9, ""search_volume"": 20}, {""year"": 2025, ""month"": 8, ""search_volume"": 30}]"
C2,casque duo tv sans fil darty,30,0.48,USD_DOCUMENTED,conditional,True,,,,,double casque ou entrée audio USB non confirmée pour le kit simple,keywords_data/google_ads/search_volume/live,2026-09-03T14:41:41.614360+00:00,2026-09-03-qualification-9-produits-pur/raw/20-controls-2.json.gz,"[{""year"": 2026, ""month"": 7, ""search_volume"": 20}, {""year"": 2026, ""month"": 6, ""search_volume"": 10}, {""year"": 2026, ""month"": 5, ""search_volume"": 20}, {""year"": 2026, ""month"": 4, ""search_volume"": 20}, {""year"": 2026, ""month"": 3, ""search_volume"": 20}, {""year"": 2026, ""month"": 2, ""search_volume"": 30}, {""year"": 2026, ""month"": 1, ""search_volume"": 20}, {""year"": 2025, ""month"": 12, ""search_volume"": 50}, {""year"": 2025, ""month"": 11, ""search_volume"": 50}, {""year"": 2025, ""month"": 10, ""search_volume"": 50}, {""year"": 2025, ""month"": 9, ""search_volume"": 20}, {""year"": 2025, ""month"": 8, ""search_volume"": 30}]"
C2,connecter casque bluetooth tv lg,30,,USD_DOCUMENTED,information,True,,,,,"usage/SAV/risque, hors demande achat directe",dataforseo_labs/google/keyword_suggestions/live,2026-09-03T13:38:19.594647+00:00,2026-09-03-test-decouverte-couplee/raw/10-c2-labs.json.gz,"[{""year"": 2026, ""month"": 7, ""search_volume"": 20}, {""year"": 2026, ""month"": 6, ""search_volume"": 40}, {""year"": 2026, ""month"": 5, ""search_volume"": 30}, {""year"": 2026, ""month"": 4, ""search_volume"": 20}, {""year"": 2026, ""month"": 3, ""search_volume"": 30}, {""year"": 2026, ""month"": 2, ""search_volume"": 30}, {""year"": 2026, ""month"": 1, ""search_volume"": 40}, {""year"": 2025, ""month"": 12, ""search_volume"": 40}, {""year"": 2025, ""month"": 11, ""search_volume"": 40}, {""year"": 2025, ""month"": 10, ""search_volume"": 20}, {""year"": 2025, ""month"": 9, ""search_volume"": 40}, {""year"": 2025, ""month"": 8, ""search_volume"": 30}]"
C2,casque audio malentendant tv,30,0.33,USD_DOCUMENTED,incompatible,False,,,,,"autre technologie, accessoire ou besoin auditif spécifique",dataforseo_labs/google/keyword_suggestions/live,2026-09-03T13:38:19.594647+00:00,2026-09-03-test-decouverte-couplee/raw/10-c2-labs.json.gz,"[{""year"": 2026, ""month"": 7, ""search_volume"": 20}, {""year"": 2026, ""month"": 6, ""search_volume"": 20}, {""year"": 2026, ""month"": 5, ""search_volume"": 30}, {""year"": 2026, ""month"": 4, ""search_volume"": 10}, {""year"": 2026, ""month"": 3, ""search_volume"": 30}, {""year"": 2026, ""month"": 2, ""search_volume"": 30}, {""year"": 2026, ""month"": 1, ""search_volume"": 50}, {""year"": 2025, ""month"": 12, ""search_volume"": 50}, {""year"": 2025, ""month"": 11, ""search_volume"": 50}, {""year"": 2025, ""month"": 10, ""search_volume"": 50}, {""year"": 2025, ""month"": 9, ""search_volume"": 50}, {""year"": 2025, ""month"": 8, ""search_volume"": 30}]"
C2,meilleur casque sans fil pour tv lg,30,0.45,USD_DOCUMENTED,core,True,,,,,casque TV sans fil compatible avec kit émetteur,keywords_data/google_ads/search_volume/live,2026-09-03T14:41:41.614360+00:00,2026-09-03-qualification-9-produits-pur/raw/20-controls-2.json.gz,"[{""year"": 2026, ""month"": 7, ""search_volume"": 20}, {""year"": 2026, ""month"": 6, ""search_volume"": 20}, {""year"": 2026, ""month"": 5, ""search_volume"": 10}, {""year"": 2026, ""month"": 4, ""search_volume"": 10}, {""year"": 2026, ""month"": 3, ""search_volume"": 20}, {""year"": 2026, ""month"": 2, ""search_volume"": 40}, {""year"": 2026, ""month"": 1, ""search_volume"": 40}, {""year"": 2025, ""month"": 12, ""search_volume"": 40}, {""year"": 2025, ""month"": 11, ""search_volume"": 50}, {""year"": 2025, ""month"": 10, ""search_volume"": 50}, {""year"": 2025, ""month"": 9, ""search_volume"": 30}, {""year"": 2025, ""month"": 8, ""search_volume"": 70}]"
C2,casque tv prise optique,30,0.24,USD_DOCUMENTED,parent,False,,,,,"casque TV générique, filaire et sans fil mélangés",dataforseo_labs/google/keyword_suggestions/live,2026-09-03T13:38:19.594647+00:00,2026-09-03-test-decouverte-couplee/raw/10-c2-labs.json.gz,"[{""year"": 2026, ""month"": 7, ""search_volume"": 20}, {""year"": 2026, ""month"": 6, ""search_volume"": 20}, {""year"": 2026, ""month"": 5, ""search_volume"": 30}, {""year"": 2026, ""month"": 4, ""search_volume"": 10}, {""year"": 2026, ""month"": 3, ""search_volume"": 20}, {""year"": 2026, ""month"": 2, ""search_volume"": 20}, {""year"": 2026, ""month"": 1, ""search_volume"": 50}, {""year"": 2025, ""month"": 12, ""search_volume"": 20}, {""year"": 2025, ""month"": 11, ""search_volume"": 50}, {""year"": 2025, ""month"": 10, ""search_volume"": 20}, {""year"": 2025, ""month"": 9, ""search_volume"": 20}, {""year"": 2025, ""month"": 8, ""search_volume"": 40}]"
C2,quel casque tv sans fil choisir,30,0.38,USD_DOCUMENTED,core,False,G0023,30,G0031,30,casque TV sans fil compatible avec kit émetteur,keywords_data/google_ads/search_volume/live,2026-09-03T14:41:41.614360+00:00,2026-09-03-qualification-9-produits-pur/raw/20-controls-2.json.gz,"[{""year"": 2026, ""month"": 7, ""search_volume"": 20}, {""year"": 2026, ""month"": 6, ""search_volume"": 20}, {""year"": 2026, ""month"": 5, ""search_volume"": 70}, {""year"": 2026, ""month"": 4, ""search_volume"": 10}, {""year"": 2026, ""month"": 3, ""search_volume"": 10}, {""year"": 2026, ""month"": 2, ""search_volume"": 30}, {""year"": 2026, ""month"": 1, ""search_volume"": 20}, {""year"": 2025, ""month"": 12, ""search_volume"": 30}, {""year"": 2025, ""month"": 11, ""search_volume"": 40}, {""year"": 2025, ""month"": 10, ""search_volume"": 20}, {""year"": 2025, ""month"": 9, ""search_volume"": 20}, {""year"": 2025, ""month"": 8, ""search_volume"": 10}]"
C2,connecter casque sur tv sony bravia,30,,USD_DOCUMENTED,information,True,,,,,"usage/SAV/risque, hors demande achat directe",dataforseo_labs/google/keyword_suggestions/live,2026-09-03T13:38:19.594647+00:00,2026-09-03-test-decouverte-couplee/raw/10-c2-labs.json.gz,"[{""year"": 2026, ""month"": 7, ""search_volume"": 10}, {""year"": 2026, ""month"": 6, ""search_volume"": 10}, {""year"": 2026, ""month"": 5, ""search_volume"": 20}, {""year"": 2026, ""month"": 4, ""search_volume"": 10}, {""year"": 2026, ""month"": 3, ""search_volume"": 30}, {""year"": 2026, ""month"": 2, ""search_volume"": 10}, {""year"": 2026, ""month"": 1, ""search_volume"": 30}, {""year"": 2025, ""month"": 12, ""search_volume"": 50}, {""year"": 2025, ""month"": 11, ""search_volume"": 40}, {""year"": 2025, ""month"": 10, ""search_volume"": 30}, {""year"": 2025, ""month"": 9, ""search_volume"": 30}, {""year"": 2025, ""month"": 8, ""search_volume"": 40}]"
C2,comparatif casque tv,30,0.24,USD_DOCUMENTED,parent,False,,,,,"casque TV générique, filaire et sans fil mélangés",dataforseo_labs/google/keyword_suggestions/live,2026-09-03T13:38:19.594647+00:00,2026-09-03-test-decouverte-couplee/raw/10-c2-labs.json.gz,"[{""year"": 2026, ""month"": 7, ""search_volume"": 20}, {""year"": 2026, ""month"": 6, ""search_volume"": 10}, {""year"": 2026, ""month"": 5, ""search_volume"": 20}, {""year"": 2026, ""month"": 4, ""search_volume"": 10}, {""year"": 2026, ""month"": 3, ""search_volume"": 20}, {""year"": 2026, ""month"": 2, ""search_volume"": 20}, {""year"": 2026, ""month"": 1, ""search_volume"": 40}, {""year"": 2025, ""month"": 12, ""search_volume"": 70}, {""year"": 2025, ""month"": 11, ""search_volume"": 90}, {""year"": 2025, ""month"": 10, ""search_volume"": 20}, {""year"": 2025, ""month"": 9, ""search_volume"": 30}, {""year"": 2025, ""month"": 8, ""search_volume"": 20}]"
C2,casque tv hifi sans fil,30,0.22,USD_DOCUMENTED,core,False,G0022,0,G0030,0,casque TV sans fil compatible avec kit émetteur,keywords_data/google_ads/search_volume/live,2026-09-03T14:41:41.614360+00:00,2026-09-03-qualification-9-produits-pur/raw/20-controls-2.json.gz,"[{""year"": 2026, ""month"": 7, ""search_volume"": 10}, {""year"": 2026, ""month"": 6, ""search_volume"": 30}, {""year"": 2026, ""month"": 5, ""search_volume"": 20}, {""year"": 2026, ""month"": 4, ""search_volume"": 10}, {""year"": 2026, ""month"": 3, ""search_volume"": 20}, {""year"": 2026, ""month"": 2, ""search_volume"": 30}, {""year"": 2026, ""month"": 1, ""search_volume"": 40}, {""year"": 2025, ""month"": 12, ""search_volume"": 90}, {""year"": 2025, ""month"": 11, ""search_volume"": 40}, {""year"": 2025, ""month"": 10, ""search_volume"": 20}, {""year"": 2025, ""month"": 9, ""search_volume"": 20}, {""year"": 2025, ""month"": 8, ""search_volume"": 30}]"
C2,rallonge pour casque audio tv,30,0.25,USD_DOCUMENTED,incompatible,False,,,,,"autre technologie, accessoire ou besoin auditif spécifique",dataforseo_labs/google/keyword_suggestions/live,2026-09-03T13:38:19.594647+00:00,2026-09-03-test-decouverte-couplee/raw/10-c2-labs.json.gz,"[{""year"": 2026, ""month"": 7, ""search_volume"": 10}, {""year"": 2026, ""month"": 6, ""search_volume"": 20}, {""year"": 2026, ""month"": 5, ""search_volume"": 20}, {""year"": 2026, ""month"": 4, ""search_volume"": 10}, {""year"": 2026, ""month"": 3, ""search_volume"": 30}, {""year"": 2026, ""month"": 2, ""search_volume"": 10}, {""year"": 2026, ""month"": 1, ""search_volume"": 20}, {""year"": 2025, ""month"": 12, ""search_volume"": 20}, {""year"": 2025, ""month"": 11, ""search_volume"": 40}, {""year"": 2025, ""month"": 10, ""search_volume"": 30}, {""year"": 2025, ""month"": 9, ""search_volume"": 40}, {""year"": 2025, ""month"": 8, ""search_volume"": 50}]"
C2,casque audio sans fil pour tv sennheiser,30,0.25,USD_DOCUMENTED,core,True,,,,,casque TV sans fil compatible avec kit émetteur,keywords_data/google_ads/search_volume/live,2026-09-03T14:41:41.614360+00:00,2026-09-03-qualification-9-produits-pur/raw/20-controls-2.json.gz,"[{""year"": 2026, ""month"": 7, ""search_volume"": 20}, {""year"": 2026, ""month"": 6, ""search_volume"": 20}, {""year"": 2026, ""month"": 5, ""search_volume"": 30}, {""year"": 2026, ""month"": 4, ""search_volume"": 20}, {""year"": 2026, ""month"": 3, ""search_volume"": 20}, {""year"": 2026, ""month"": 2, ""search_volume"": 40}, {""year"": 2026, ""month"": 1, ""search_volume"": 50}, {""year"": 2025, ""month"": 12, ""search_volume"": 50}, {""year"": 2025, ""month"": 11, ""search_volume"": 50}, {""year"": 2025, ""month"": 10, ""search_volume"": 40}, {""year"": 2025, ""month"": 9, ""search_volume"": 30}, {""year"": 2025, ""month"": 8, ""search_volume"": 20}]"
C2,casque audio tv pour malentendant,30,0.33,USD_DOCUMENTED,incompatible,False,,,,,"autre technologie, accessoire ou besoin auditif spécifique",dataforseo_labs/google/keyword_suggestions/live,2026-09-03T13:38:19.594647+00:00,2026-09-03-test-decouverte-couplee/raw/10-c2-labs.json.gz,"[{""year"": 2026, ""month"": 7, ""search_volume"": 20}, {""year"": 2026, ""month"": 6, ""search_volume"": 20}, {""year"": 2026, ""month"": 5, ""search_volume"": 30}, {""year"": 2026, ""month"": 4, ""search_volume"": 10}, {""year"": 2026, ""month"": 3, ""search_volume"": 30}, {""year"": 2026, ""month"": 2, ""search_volume"": 30}, {""year"": 2026, ""month"": 1, ""search_volume"": 50}, {""year"": 2025, ""month"": 12, ""search_volume"": 50}, {""year"": 2025, ""month"": 11, ""search_volume"": 50}, {""year"": 2025, ""month"": 10, ""search_volume"": 50}, {""year"": 2025, ""month"": 9, ""search_volume"": 50}, {""year"": 2025, ""month"": 8, ""search_volume"": 30}]"
C2,tv avec casque bluetooth,30,0.43,USD_DOCUMENTED,core,False,G0004,0,G0004,0,casque TV sans fil compatible avec kit émetteur,keywords_data/google_ads/search_volume/live,2026-09-03T14:41:41.614360+00:00,2026-09-03-qualification-9-produits-pur/raw/20-controls-2.json.gz,"[{""year"": 2026, ""month"": 7, ""search_volume"": 20}, {""year"": 2026, ""month"": 6, ""search_volume"": 20}, {""year"": 2026, ""month"": 5, ""search_volume"": 30}, {""year"": 2026, ""month"": 4, ""search_volume"": 20}, {""year"": 2026, ""month"": 3, ""search_volume"": 20}, {""year"": 2026, ""month"": 2, ""search_volume"": 30}, {""year"": 2026, ""month"": 1, ""search_volume"": 40}, {""year"": 2025, ""month"": 12, ""search_volume"": 40}, {""year"": 2025, ""month"": 11, ""search_volume"": 50}, {""year"": 2025, ""month"": 10, ""search_volume"": 30}, {""year"": 2025, ""month"": 9, ""search_volume"": 30}, {""year"": 2025, ""month"": 8, ""search_volume"": 50}]"
C2,casque audio sans fil tv sony,30,0.19,USD_DOCUMENTED,core,True,,,,,casque TV sans fil compatible avec kit émetteur,keywords_data/google_ads/search_volume/live,2026-09-03T14:41:41.614360+00:00,2026-09-03-qualification-9-produits-pur/raw/20-controls-2.json.gz,"[{""year"": 2026, ""month"": 7, ""search_volume"": 10}, {""year"": 2026, ""month"": 6, ""search_volume"": 40}, {""year"": 2026, ""month"": 5, ""search_volume"": 20}, {""year"": 2026, ""month"": 4, ""search_volume"": 30}, {""year"": 2026, ""month"": 3, ""search_volume"": 30}, {""year"": 2026, ""month"": 2, ""search_volume"": 10}, {""year"": 2026, ""month"": 1, ""search_volume"": 30}, {""year"": 2025, ""month"": 12, ""search_volume"": 70}, {""year"": 2025, ""month"": 11, ""search_volume"": 50}, {""year"": 2025, ""month"": 10, ""search_volume"": 20}, {""year"": 2025, ""month"": 9, ""search_volume"": 40}, {""year"": 2025, ""month"": 8, ""search_volume"": 20}]"
C2,ma tv samsung ne détecté pas mon casque bluetooth,30,,USD_DOCUMENTED,core,True,,,,,casque TV sans fil compatible avec kit émetteur,keywords_data/google_ads/search_volume/live,2026-09-03T14:41:41.614360+00:00,2026-09-03-qualification-9-produits-pur/raw/20-controls-2.json.gz,"[{""year"": 2026, ""month"": 7, ""search_volume"": 10}, {""year"": 2026, ""month"": 6, ""search_volume"": 10}, {""year"": 2026, ""month"": 5, ""search_volume"": 10}, {""year"": 2026, ""month"": 4, ""search_volume"": 10}, {""year"": 2026, ""month"": 3, ""search_volume"": 20}, {""year"": 2026, ""month"": 2, ""search_volume"": 30}, {""year"": 2026, ""month"": 1, ""search_volume"": 50}, {""year"": 2025, ""month"": 12, ""search_volume"": 70}, {""year"": 2025, ""month"": 11, ""search_volume"": 30}, {""year"": 2025, ""month"": 10, ""search_volume"": 20}, {""year"": 2025, ""month"": 9, ""search_volume"": 20}, {""year"": 2025, ""month"": 8, ""search_volume"": 40}]"
C2,leclerc casque tv sans fil,30,0.19,USD_DOCUMENTED,core,True,,,,,casque TV sans fil compatible avec kit émetteur,keywords_data/google_ads/search_volume/live,2026-09-03T14:41:41.614360+00:00,2026-09-03-qualification-9-produits-pur/raw/20-controls-2.json.gz,"[{""year"": 2026, ""month"": 7, ""search_volume"": 20}, {""year"": 2026, ""month"": 6, ""search_volume"": 10}, {""year"": 2026, ""month"": 5, ""search_volume"": 20}, {""year"": 2026, ""month"": 4, ""search_volume"": 20}, {""year"": 2026, ""month"": 3, ""search_volume"": 20}, {""year"": 2026, ""month"": 2, ""search_volume"": 20}, {""year"": 2026, ""month"": 1, ""search_volume"": 20}, {""year"": 2025, ""month"": 12, ""search_volume"": 70}, {""year"": 2025, ""month"": 11, ""search_volume"": 40}, {""year"": 2025, ""month"": 10, ""search_volume"": 20}, {""year"": 2025, ""month"": 9, ""search_volume"": 20}, {""year"": 2025, ""month"": 8, ""search_volume"": 20}]"
C2,casque tv sennheiser rs 275,30,0.89,USD_DOCUMENTED,parent,True,,,,,"casque TV générique, filaire et sans fil mélangés",dataforseo_labs/google/keyword_suggestions/live,2026-09-03T13:38:19.594647+00:00,2026-09-03-test-decouverte-couplee/raw/10-c2-labs.json.gz,"[{""year"": 2026, ""month"": 7, ""search_volume"": 40}, {""year"": 2026, ""month"": 6, ""search_volume"": 70}, {""year"": 2026, ""month"": 5, ""search_volume"": 50}, {""year"": 2026, ""month"": 4, ""search_volume"": 110}, {""year"": 2026, ""month"": 3, ""search_volume"": 70}, {""year"": 2026, ""month"": 2, ""search_volume"": 0}, {""year"": 2026, ""month"": 1, ""search_volume"": 0}, {""year"": 2025, ""month"": 12, ""search_volume"": 0}, {""year"": 2025, ""month"": 11, ""search_volume"": 0}, {""year"": 2025, ""month"": 10, ""search_volume"": 0}, {""year"": 2025, ""month"": 9, ""search_volume"": 0}, {""year"": 2025, ""month"": 8, ""search_volume"": 0}]"
C2,casque audio tv samsung,30,0.21,USD_DOCUMENTED,parent,True,,,,,"casque TV générique, filaire et sans fil mélangés",dataforseo_labs/google/keyword_suggestions/live,2026-09-03T13:38:19.594647+00:00,2026-09-03-test-decouverte-couplee/raw/10-c2-labs.json.gz,"[{""year"": 2026, ""month"": 7, ""search_volume"": 20}, {""year"": 2026, ""month"": 6, ""search_volume"": 10}, {""year"": 2026, ""month"": 5, ""search_volume"": 20}, {""year"": 2026, ""month"": 4, ""search_volume"": 10}, {""year"": 2026, ""month"": 3, ""search_volume"": 20}, {""year"": 2026, ""month"": 2, ""search_volume"": 30}, {""year"": 2026, ""month"": 1, ""search_volume"": 50}, {""year"": 2025, ""month"": 12, ""search_volume"": 50}, {""year"": 2025, ""month"": 11, ""search_volume"": 40}, {""year"": 2025, ""month"": 10, ""search_volume"": 30}, {""year"": 2025, ""month"": 9, ""search_volume"": 20}, {""year"": 2025, ""month"": 8, ""search_volume"": 20}]"
C2,casque tv sans fil haut de gamme,30,0.44,USD_DOCUMENTED,core,False,G0024,30,G0032,30,casque TV sans fil compatible avec kit émetteur,keywords_data/google_ads/search_volume/live,2026-09-03T14:41:41.614360+00:00,2026-09-03-qualification-9-produits-pur/raw/20-controls-2.json.gz,"[{""year"": 2026, ""month"": 7, ""search_volume"": 40}, {""year"": 2026, ""month"": 6, ""search_volume"": 50}, {""year"": 2026, ""month"": 5, ""search_volume"": 70}, {""year"": 2026, ""month"": 4, ""search_volume"": 40}, {""year"": 2026, ""month"": 3, ""search_volume"": 30}, {""year"": 2026, ""month"": 2, ""search_volume"": 10}, {""year"": 2026, ""month"": 1, ""search_volume"": 20}, {""year"": 2025, ""month"": 12, ""search_volume"": 10}, {""year"": 2025, ""month"": 11, ""search_volume"": 30}, {""year"": 2025, ""month"": 10, ""search_volume"": 10}, {""year"": 2025, ""month"": 9, ""search_volume"": 10}, {""year"": 2025, ""month"": 8, ""search_volume"": 10}]"
C2,casque tv sans bluetooth,30,0.1,USD_DOCUMENTED,core,False,G0025,30,G0033,30,casque TV sans fil compatible avec kit émetteur,keywords_data/google_ads/search_volume/live,2026-09-03T14:41:41.614360+00:00,2026-09-03-qualification-9-produits-pur/raw/20-controls-2.json.gz,"[{""year"": 2026, ""month"": 7, ""search_volume"": 30}, {""year"": 2026, ""month"": 6, ""search_volume"": 30}, {""year"": 2026, ""month"": 5, ""search_volume"": 30}, {""year"": 2026, ""month"": 4, ""search_volume"": 20}, {""year"": 2026, ""month"": 3, ""search_volume"": 30}, {""year"": 2026, ""month"": 2, ""search_volume"": 20}, {""year"": 2026, ""month"": 1, ""search_volume"": 30}, {""year"": 2025, ""month"": 12, ""search_volume"": 70}, {""year"": 2025, ""month"": 11, ""search_volume"": 50}, {""year"": 2025, ""month"": 10, ""search_volume"": 40}, {""year"": 2025, ""month"": 9, ""search_volume"": 20}, {""year"": 2025, ""month"": 8, ""search_volume"": 10}]"
C2,casque d'écoute tv sans fil,30,0.24,USD_DOCUMENTED,core,False,G0026,30,G0034,30,casque TV sans fil compatible avec kit émetteur,keywords_data/google_ads/search_volume/live,2026-09-03T14:41:41.614360+00:00,2026-09-03-qualification-9-produits-pur/raw/20-controls-2.json.gz,"[{""year"": 2026, ""month"": 7, ""search_volume"": 20}, {""year"": 2026, ""month"": 6, ""search_volume"": 20}, {""year"": 2026, ""month"": 5, ""search_volume"": 20}, {""year"": 2026, ""month"": 4, ""search_volume"": 40}, {""year"": 2026, ""month"": 3, ""search_volume"": 30}, {""year"": 2026, ""month"": 2, ""search_volume"": 20}, {""year"": 2026, ""month"": 1, ""search_volume"": 30}, {""year"": 2025, ""month"": 12, ""search_volume"": 50}, {""year"": 2025, ""month"": 11, ""search_volume"": 40}, {""year"": 2025, ""month"": 10, ""search_volume"": 40}, {""year"": 2025, ""month"": 9, ""search_volume"": 40}, {""year"": 2025, ""month"": 8, ""search_volume"": 30}]"
C2,casque pour tv sans bluetooth,30,0.16,USD_DOCUMENTED,core,False,G0025,0,G0033,0,casque TV sans fil compatible avec kit émetteur,keywords_data/google_ads/search_volume/live,2026-09-03T14:41:41.614360+00:00,2026-09-03-qualification-9-produits-pur/raw/20-controls-2.json.gz,"[{""year"": 2026, ""month"": 7, ""search_volume"": 10}, {""year"": 2026, ""month"": 6, ""search_volume"": 20}, {""year"": 2026, ""month"": 5, ""search_volume"": 20}, {""year"": 2026, ""month"": 4, ""search_volume"": 20}, {""year"": 2026, ""month"": 3, ""search_volume"": 20}, {""year"": 2026, ""month"": 2, ""search_volume"": 30}, {""year"": 2026, ""month"": 1, ""search_volume"": 40}, {""year"": 2025, ""month"": 12, ""search_volume"": 70}, {""year"": 2025, ""month"": 11, ""search_volume"": 70}, {""year"": 2025, ""month"": 10, ""search_volume"": 40}, {""year"": 2025, ""month"": 9, ""search_volume"": 20}, {""year"": 2025, ""month"": 8, ""search_volume"": 20}]"
C2,meilleur casque audio pour tv,30,0.56,USD_DOCUMENTED,parent,False,,,,,"casque TV générique, filaire et sans fil mélangés",dataforseo_labs/google/keyword_suggestions/live,2026-09-03T13:38:19.594647+00:00,2026-09-03-test-decouverte-couplee/raw/10-c2-labs.json.gz,"[{""year"": 2026, ""month"": 7, ""search_volume"": 20}, {""year"": 2026, ""month"": 6, ""search_volume"": 10}, {""year"": 2026, ""month"": 5, ""search_volume"": 30}, {""year"": 2026, ""month"": 4, ""search_volume"": 30}, {""year"": 2026, ""month"": 3, ""search_volume"": 30}, {""year"": 2026, ""month"": 2, ""search_volume"": 20}, {""year"": 2026, ""month"": 1, ""search_volume"": 30}, {""year"": 2025, ""month"": 12, ""search_volume"": 40}, {""year"": 2025, ""month"": 11, ""search_volume"": 50}, {""year"": 2025, ""month"": 10, ""search_volume"": 30}, {""year"": 2025, ""month"": 9, ""search_volume"": 10}, {""year"": 2025, ""month"": 8, ""search_volume"": 10}]"
C2,casque tv stéthoscopique sans fil,30,0.36,USD_DOCUMENTED,incompatible,False,,,,,"autre technologie, accessoire ou besoin auditif spécifique",dataforseo_labs/google/keyword_suggestions/live,2026-09-03T13:38:19.594647+00:00,2026-09-03-test-decouverte-couplee/raw/10-c2-labs.json.gz,"[{""year"": 2026, ""month"": 7, ""search_volume"": 10}, {""year"": 2026, ""month"": 6, ""search_volume"": 30}, {""year"": 2026, ""month"": 5, ""search_volume"": 20}, {""year"": 2026, ""month"": 4, ""search_volume"": 20}, {""year"": 2026, ""month"": 3, ""search_volume"": 20}, {""year"": 2026, ""month"": 2, ""search_volume"": 20}, {""year"": 2026, ""month"": 1, ""search_volume"": 30}, {""year"": 2025, ""month"": 12, ""search_volume"": 40}, {""year"": 2025, ""month"": 11, ""search_volume"": 30}, {""year"": 2025, ""month"": 10, ""search_volume"": 20}, {""year"": 2025, ""month"": 9, ""search_volume"": 30}, {""year"": 2025, ""month"": 8, ""search_volume"": 30}]"
C2,brancher un casque bluetooth sur tv,30,0.07,USD_DOCUMENTED,information,False,,,,,"usage/SAV/risque, hors demande achat directe",dataforseo_labs/google/keyword_suggestions/live,2026-09-03T13:38:19.594647+00:00,2026-09-03-test-decouverte-couplee/raw/10-c2-labs.json.gz,"[{""year"": 2026, ""month"": 7, ""search_volume"": 20}, {""year"": 2026, ""month"": 6, ""search_volume"": 10}, {""year"": 2026, ""month"": 5, ""search_volume"": 20}, {""year"": 2026, ""month"": 4, ""search_volume"": 10}, {""year"": 2026, ""month"": 3, ""search_volume"": 10}, {""year"": 2026, ""month"": 2, ""search_volume"": 20}, {""year"": 2026, ""month"": 1, ""search_volume"": 30}, {""year"": 2025, ""month"": 12, ""search_volume"": 70}, {""year"": 2025, ""month"": 11, ""search_volume"": 30}, {""year"": 2025, ""month"": 10, ""search_volume"": 40}, {""year"": 2025, ""month"": 9, ""search_volume"": 30}, {""year"": 2025, ""month"": 8, ""search_volume"": 40}]"
C2,double casque tv,30,0.29,USD_DOCUMENTED,parent,False,,,,,"casque TV générique, filaire et sans fil mélangés",dataforseo_labs/google/keyword_suggestions/live,2026-09-03T13:38:19.594647+00:00,2026-09-03-test-decouverte-couplee/raw/10-c2-labs.json.gz,"[{""year"": 2026, ""month"": 7, ""search_volume"": 30}, {""year"": 2026, ""month"": 6, ""search_volume"": 10}, {""year"": 2026, ""month"": 5, ""search_volume"": 10}, {""year"": 2026, ""month"": 4, ""search_volume"": 20}, {""year"": 2026, ""month"": 3, ""search_volume"": 10}, {""year"": 2026, ""month"": 2, ""search_volume"": 10}, {""year"": 2026, ""month"": 1, ""search_volume"": 40}, {""year"": 2025, ""month"": 12, ""search_volume"": 40}, {""year"": 2025, ""month"": 11, ""search_volume"": 40}, {""year"": 2025, ""month"": 10, ""search_volume"": 40}, {""year"": 2025, ""month"": 9, ""search_volume"": 40}, {""year"": 2025, ""month"": 8, ""search_volume"": 10}]"
C2,meilleur casque tv bluetooth,30,0.23,USD_DOCUMENTED,core,False,G0011,0,G0014,0,casque TV sans fil compatible avec kit émetteur,keywords_data/google_ads/search_volume/live,2026-09-03T14:41:41.614360+00:00,2026-09-03-qualification-9-produits-pur/raw/20-controls-2.json.gz,"[{""year"": 2026, ""month"": 7, ""search_volume"": 20}, {""year"": 2026, ""month"": 6, ""search_volume"": 50}, {""year"": 2026, ""month"": 5, ""search_volume"": 30}, {""year"": 2026, ""month"": 4, ""search_volume"": 40}, {""year"": 2026, ""month"": 3, ""search_volume"": 20}, {""year"": 2026, ""month"": 2, ""search_volume"": 20}, {""year"": 2026, ""month"": 1, ""search_volume"": 30}, {""year"": 2025, ""month"": 12, ""search_volume"": 40}, {""year"": 2025, ""month"": 11, ""search_volume"": 40}, {""year"": 2025, ""month"": 10, ""search_volume"": 20}, {""year"": 2025, ""month"": 9, ""search_volume"": 10}, {""year"": 2025, ""month"": 8, ""search_volume"": 10}]"
C2,casque pour écouter la tv sans couper le son,30,0.11,USD_DOCUMENTED,parent,False,,,,,"casque TV générique, filaire et sans fil mélangés",dataforseo_labs/google/keyword_suggestions/live,2026-09-03T13:38:19.594647+00:00,2026-09-03-test-decouverte-couplee/raw/10-c2-labs.json.gz,"[{""year"": 2026, ""month"": 7, ""search_volume"": 10}, {""year"": 2026, ""month"": 6, ""search_volume"": 20}, {""year"": 2026, ""month"": 5, ""search_volume"": 20}, {""year"": 2026, ""month"": 4, ""search_volume"": 20}, {""year"": 2026, ""month"": 3, ""search_volume"": 20}, {""year"": 2026, ""month"": 2, ""search_volume"": 30}, {""year"": 2026, ""month"": 1, ""search_volume"": 30}, {""year"": 2025, ""month"": 12, ""search_volume"": 40}, {""year"": 2025, ""month"": 11, ""search_volume"": 50}, {""year"": 2025, ""month"": 10, ""search_volume"": 30}, {""year"": 2025, ""month"": 9, ""search_volume"": 20}, {""year"": 2025, ""month"": 8, ""search_volume"": 20}]"
C2,casque tv philips shd8850,30,0.38,USD_DOCUMENTED,parent,True,,,,,"casque TV générique, filaire et sans fil mélangés",dataforseo_labs/google/keyword_suggestions/live,2026-09-03T13:38:19.594647+00:00,2026-09-03-test-decouverte-couplee/raw/10-c2-labs.json.gz,"[{""year"": 2026, ""month"": 7, ""search_volume"": 20}, {""year"": 2026, ""month"": 6, ""search_volume"": 20}, {""year"": 2026, ""month"": 5, ""search_volume"": 10}, {""year"": 2026, ""month"": 4, ""search_volume"": 10}, {""year"": 2026, ""month"": 3, ""search_volume"": 30}, {""year"": 2026, ""month"": 2, ""search_volume"": 30}, {""year"": 2026, ""month"": 1, ""search_volume"": 50}, {""year"": 2025, ""month"": 12, ""search_volume"": 70}, {""year"": 2025, ""month"": 11, ""search_volume"": 70}, {""year"": 2025, ""month"": 10, ""search_volume"": 20}, {""year"": 2025, ""month"": 9, ""search_volume"": 40}, {""year"": 2025, ""month"": 8, ""search_volume"": 10}]"
C2,casque sans fil tv test,30,0.53,USD_DOCUMENTED,core,False,G0021,0,G0029,0,casque TV sans fil compatible avec kit émetteur,keywords_data/google_ads/search_volume/live,2026-09-03T14:41:41.614360+00:00,2026-09-03-qualification-9-produits-pur/raw/20-controls-2.json.gz,"[{""year"": 2026, ""month"": 7, ""search_volume"": 10}, {""year"": 2026, ""month"": 6, ""search_volume"": 20}, {""year"": 2026, ""month"": 5, ""search_volume"": 20}, {""year"": 2026, ""month"": 4, ""search_volume"": 20}, {""year"": 2026, ""month"": 3, ""search_volume"": 20}, {""year"": 2026, ""month"": 2, ""search_volume"": 50}, {""year"": 2026, ""month"": 1, ""search_volume"": 50}, {""year"": 2025, ""month"": 12, ""search_volume"": 90}, {""year"": 2025, ""month"": 11, ""search_volume"": 40}, {""year"": 2025, ""month"": 10, ""search_volume"": 30}, {""year"": 2025, ""month"": 9, ""search_volume"": 20}, {""year"": 2025, ""month"": 8, ""search_volume"": 20}]"
C2,ma tv samsung ne detecte pas mon casque bluetooth,30,,USD_DOCUMENTED,core,True,,,,,casque TV sans fil compatible avec kit émetteur,keywords_data/google_ads/search_volume/live,2026-09-03T14:41:41.614360+00:00,2026-09-03-qualification-9-produits-pur/raw/20-controls-2.json.gz,"[{""year"": 2026, ""month"": 7, ""search_volume"": 10}, {""year"": 2026, ""month"": 6, ""search_volume"": 10}, {""year"": 2026, ""month"": 5, ""search_volume"": 10}, {""year"": 2026, ""month"": 4, ""search_volume"": 10}, {""year"": 2026, ""month"": 3, ""search_volume"": 20}, {""year"": 2026, ""month"": 2, ""search_volume"": 30}, {""year"": 2026, ""month"": 1, ""search_volume"": 50}, {""year"": 2025, ""month"": 12, ""search_volume"": 70}, {""year"": 2025, ""month"": 11, ""search_volume"": 30}, {""year"": 2025, ""month"": 10, ""search_volume"": 20}, {""year"": 2025, ""month"": 9, ""search_volume"": 20}, {""year"": 2025, ""month"": 8, ""search_volume"": 40}]"
C2,casque tv philips shc5200,30,0.17,USD_DOCUMENTED,parent,True,,,,,"casque TV générique, filaire et sans fil mélangés",dataforseo_labs/google/keyword_suggestions/live,2026-09-03T13:38:19.594647+00:00,2026-09-03-test-decouverte-couplee/raw/10-c2-labs.json.gz,"[{""year"": 2026, ""month"": 7, ""search_volume"": 10}, {""year"": 2026, ""month"": 6, ""search_volume"": 10}, {""year"": 2026, ""month"": 5, ""search_volume"": 20}, {""year"": 2026, ""month"": 4, ""search_volume"": 20}, {""year"": 2026, ""month"": 3, ""search_volume"": 20}, {""year"": 2026, ""month"": 2, ""search_volume"": 30}, {""year"": 2026, ""month"": 1, ""search_volume"": 40}, {""year"": 2025, ""month"": 12, ""search_volume"": 50}, {""year"": 2025, ""month"": 11, ""search_volume"": 50}, {""year"": 2025, ""month"": 10, ""search_volume"": 30}, {""year"": 2025, ""month"": 9, ""search_volume"": 30}, {""year"": 2025, ""month"": 8, ""search_volume"": 10}]"
C2,adaptateur pour casque tv,30,0.11,USD_DOCUMENTED,incompatible,False,,,,,"autre technologie, accessoire ou besoin auditif spécifique",dataforseo_labs/google/keyword_suggestions/live,2026-09-03T13:38:19.594647+00:00,2026-09-03-test-decouverte-couplee/raw/10-c2-labs.json.gz,"[{""year"": 2026, ""month"": 7, ""search_volume"": 20}, {""year"": 2026, ""month"": 6, ""search_volume"": 10}, {""year"": 2026, ""month"": 5, ""search_volume"": 20}, {""year"": 2026, ""month"": 4, ""search_volume"": 30}, {""year"": 2026, ""month"": 3, ""search_volume"": 20}, {""year"": 2026, ""month"": 2, ""search_volume"": 20}, {""year"": 2026, ""month"": 1, ""search_volume"": 70}, {""year"": 2025, ""month"": 12, ""search_volume"": 70}, {""year"": 2025, ""month"": 11, ""search_volume"": 40}, {""year"": 2025, ""month"": 10, ""search_volume"": 30}, {""year"": 2025, ""month"": 9, ""search_volume"": 40}, {""year"": 2025, ""month"": 8, ""search_volume"": 30}]"
C2,casque tv sans fil numérique,30,0.18,USD_DOCUMENTED,core,False,G0027,30,G0035,30,casque TV sans fil compatible avec kit émetteur,keywords_data/google_ads/search_volume/live,2026-09-03T14:41:41.614360+00:00,2026-09-03-qualification-9-produits-pur/raw/20-controls-2.json.gz,"[{""year"": 2026, ""month"": 7, ""search_volume"": 10}, {""year"": 2026, ""month"": 6, ""search_volume"": 10}, {""year"": 2026, ""month"": 5, ""search_volume"": 10}, {""year"": 2026, ""month"": 4, ""search_volume"": 20}, {""year"": 2026, ""month"": 3, ""search_volume"": 20}, {""year"": 2026, ""month"": 2, ""search_volume"": 30}, {""year"": 2026, ""month"": 1, ""search_volume"": 20}, {""year"": 2025, ""month"": 12, ""search_volume"": 50}, {""year"": 2025, ""month"": 11, ""search_volume"": 40}, {""year"": 2025, ""month"": 10, ""search_volume"": 20}, {""year"": 2025, ""month"": 9, ""search_volume"": 30}, {""year"": 2025, ""month"": 8, ""search_volume"": 20}]"
C2,simolio double casque tv sans fil pour television,30,0.45,USD_DOCUMENTED,conditional,True,,,,,double casque ou entrée audio USB non confirmée pour le kit simple,keywords_data/google_ads/search_volume/live,2026-09-03T14:41:41.614360+00:00,2026-09-03-qualification-9-produits-pur/raw/20-controls-2.json.gz,"[{""year"": 2026, ""month"": 7, ""search_volume"": 40}, {""year"": 2026, ""month"": 6, ""search_volume"": 20}, {""year"": 2026, ""month"": 5, ""search_volume"": 20}, {""year"": 2026, ""month"": 4, ""search_volume"": 10}, {""year"": 2026, ""month"": 3, ""search_volume"": 40}, {""year"": 2026, ""month"": 2, ""search_volume"": 40}, {""year"": 2026, ""month"": 1, ""search_volume"": 70}, {""year"": 2025, ""month"": 12, ""search_volume"": 40}, {""year"": 2025, ""month"": 11, ""search_volume"": 30}, {""year"": 2025, ""month"": 10, ""search_volume"": 20}, {""year"": 2025, ""month"": 9, ""search_volume"": 70}, {""year"": 2025, ""month"": 8, ""search_volume"": 20}]"
C2,casque hifi sans fil pour tv,30,0.22,USD_DOCUMENTED,core,False,G0022,0,G0030,0,casque TV sans fil compatible avec kit émetteur,keywords_data/google_ads/search_volume/live,2026-09-03T14:41:41.614360+00:00,2026-09-03-qualification-9-produits-pur/raw/20-controls-2.json.gz,"[{""year"": 2026, ""month"": 7, ""search_volume"": 10}, {""year"": 2026, ""month"": 6, ""search_volume"": 30}, {""year"": 2026, ""month"": 5, ""search_volume"": 20}, {""year"": 2026, ""month"": 4, ""search_volume"": 10}, {""year"": 2026, ""month"": 3, ""search_volume"": 20}, {""year"": 2026, ""month"": 2, ""search_volume"": 30}, {""year"": 2026, ""month"": 1, ""search_volume"": 40}, {""year"": 2025, ""month"": 12, ""search_volume"": 90}, {""year"": 2025, ""month"": 11, ""search_volume"": 40}, {""year"": 2025, ""month"": 10, ""search_volume"": 20}, {""year"": 2025, ""month"": 9, ""search_volume"": 20}, {""year"": 2025, ""month"": 8, ""search_volume"": 30}]"
C2,casque tv avec fil long,30,0.22,USD_DOCUMENTED,incompatible,False,,,,,"autre technologie, accessoire ou besoin auditif spécifique",dataforseo_labs/google/keyword_suggestions/live,2026-09-03T13:38:19.594647+00:00,2026-09-03-test-decouverte-couplee/raw/10-c2-labs.json.gz,"[{""year"": 2026, ""month"": 7, ""search_volume"": 30}, {""year"": 2026, ""month"": 6, ""search_volume"": 50}, {""year"": 2026, ""month"": 5, ""search_volume"": 50}, {""year"": 2026, ""month"": 4, ""search_volume"": 30}, {""year"": 2026, ""month"": 3, ""search_volume"": 20}, {""year"": 2026, ""month"": 2, ""search_volume"": 30}, {""year"": 2026, ""month"": 1, ""search_volume"": 50}, {""year"": 2025, ""month"": 12, ""search_volume"": 40}, {""year"": 2025, ""month"": 11, ""search_volume"": 30}, {""year"": 2025, ""month"": 10, ""search_volume"": 20}, {""year"": 2025, ""month"": 9, ""search_volume"": 20}, {""year"": 2025, ""month"": 8, ""search_volume"": 20}]"
C2,casque tv bluetooth boulanger,30,0.41,USD_DOCUMENTED,core,True,,,,,casque TV sans fil compatible avec kit émetteur,keywords_data/google_ads/search_volume/live,2026-09-03T14:41:41.614360+00:00,2026-09-03-qualification-9-produits-pur/raw/20-controls-2.json.gz,"[{""year"": 2026, ""month"": 7, ""search_volume"": 10}, {""year"": 2026, ""month"": 6, ""search_volume"": 20}, {""year"": 2026, ""month"": 5, ""search_volume"": 20}, {""year"": 2026, ""month"": 4, ""search_volume"": 30}, {""year"": 2026, ""month"": 3, ""search_volume"": 30}, {""year"": 2026, ""month"": 2, ""search_volume"": 30}, {""year"": 2026, ""month"": 1, ""search_volume"": 40}, {""year"": 2025, ""month"": 12, ""search_volume"": 70}, {""year"": 2025, ""month"": 11, ""search_volume"": 70}, {""year"": 2025, ""month"": 10, ""search_volume"": 40}, {""year"": 2025, ""month"": 9, ""search_volume"": 20}, {""year"": 2025, ""month"": 8, ""search_volume"": 20}]"
C2,casque tv sans fil prise jack,30,0.23,USD_DOCUMENTED,core,False,G0028,30,G0036,30,casque TV sans fil compatible avec kit émetteur,keywords_data/google_ads/search_volume/live,2026-09-03T14:41:41.614360+00:00,2026-09-03-qualification-9-produits-pur/raw/20-controls-2.json.gz,"[{""year"": 2026, ""month"": 7, ""search_volume"": 10}, {""year"": 2026, ""month"": 6, ""search_volume"": 10}, {""year"": 2026, ""month"": 5, ""search_volume"": 10}, {""year"": 2026, ""month"": 4, ""search_volume"": 10}, {""year"": 2026, ""month"": 3, ""search_volume"": 30}, {""year"": 2026, ""month"": 2, ""search_volume"": 30}, {""year"": 2026, ""month"": 1, ""search_volume"": 20}, {""year"": 2025, ""month"": 12, ""search_volume"": 90}, {""year"": 2025, ""month"": 11, ""search_volume"": 70}, {""year"": 2025, ""month"": 10, ""search_volume"": 20}, {""year"": 2025, ""month"": 9, ""search_volume"": 20}, {""year"": 2025, ""month"": 8, ""search_volume"": 10}]"
C2,branchement casque audio sur tv samsung,30,,USD_DOCUMENTED,information,True,,,,,"usage/SAV/risque, hors demande achat directe",dataforseo_labs/google/keyword_suggestions/live,2026-09-03T13:38:19.594647+00:00,2026-09-03-test-decouverte-couplee/raw/10-c2-labs.json.gz,"[{""year"": 2026, ""month"": 7, ""search_volume"": 30}, {""year"": 2026, ""month"": 6, ""search_volume"": 30}, {""year"": 2026, ""month"": 5, ""search_volume"": 30}, {""year"": 2026, ""month"": 4, ""search_volume"": 20}, {""year"": 2026, ""month"": 3, ""search_volume"": 20}, {""year"": 2026, ""month"": 2, ""search_volume"": 30}, {""year"": 2026, ""month"": 1, ""search_volume"": 40}, {""year"": 2025, ""month"": 12, ""search_volume"": 30}, {""year"": 2025, ""month"": 11, ""search_volume"": 50}, {""year"": 2025, ""month"": 10, ""search_volume"": 30}, {""year"": 2025, ""month"": 9, ""search_volume"": 40}, {""year"": 2025, ""month"": 8, ""search_volume"": 30}]"
C2,casque audio tv malentendant,30,0.33,USD_DOCUMENTED,incompatible,False,,,,,"autre technologie, accessoire ou besoin auditif spécifique",dataforseo_labs/google/keyword_suggestions/live,2026-09-03T13:38:19.594647+00:00,2026-09-03-test-decouverte-couplee/raw/10-c2-labs.json.gz,"[{""year"": 2026, ""month"": 7, ""search_volume"": 20}, {""year"": 2026, ""month"": 6, ""search_volume"": 20}, {""year"": 2026, ""month"": 5, ""search_volume"": 30}, {""year"": 2026, ""month"": 4, ""search_volume"": 10}, {""year"": 2026, ""month"": 3, ""search_volume"": 30}, {""year"": 2026, ""month"": 2, ""search_volume"": 30}, {""year"": 2026, ""month"": 1, ""search_volume"": 50}, {""year"": 2025, ""month"": 12, ""search_volume"": 50}, {""year"": 2025, ""month"": 11, ""search_volume"": 50}, {""year"": 2025, ""month"": 10, ""search_volume"": 50}, {""year"": 2025, ""month"": 9, ""search_volume"": 50}, {""year"": 2025, ""month"": 8, ""search_volume"": 30}]"
C2,casque pour tv bluetooth,30,0.31,USD_DOCUMENTED,core,False,G0004,0,G0004,0,casque TV sans fil compatible avec kit émetteur,keywords_data/google_ads/search_volume/live,2026-09-03T14:41:41.614360+00:00,2026-09-03-qualification-9-produits-pur/raw/20-controls-2.json.gz,"[{""year"": 2026, ""month"": 7, ""search_volume"": 20}, {""year"": 2026, ""month"": 6, ""search_volume"": 20}, {""year"": 2026, ""month"": 5, ""search_volume"": 20}, {""year"": 2026, ""month"": 4, ""search_volume"": 30}, {""year"": 2026, ""month"": 3, ""search_volume"": 20}, {""year"": 2026, ""month"": 2, ""search_volume"": 20}, {""year"": 2026, ""month"": 1, ""search_volume"": 40}, {""year"": 2025, ""month"": 12, ""search_volume"": 70}, {""year"": 2025, ""month"": 11, ""search_volume"": 40}, {""year"": 2025, ""month"": 10, ""search_volume"": 20}, {""year"": 2025, ""month"": 9, ""search_volume"": 40}, {""year"": 2025, ""month"": 8, ""search_volume"": 40}]"
C2,quel casque sans fil tv choisir,30,0.38,USD_DOCUMENTED,core,False,G0023,0,G0031,0,casque TV sans fil compatible avec kit émetteur,keywords_data/google_ads/search_volume/live,2026-09-03T14:41:41.614360+00:00,2026-09-03-qualification-9-produits-pur/raw/20-controls-2.json.gz,"[{""year"": 2026, ""month"": 7, ""search_volume"": 20}, {""year"": 2026, ""month"": 6, ""search_volume"": 20}, {""year"": 2026, ""month"": 5, ""search_volume"": 70}, {""year"": 2026, ""month"": 4, ""search_volume"": 10}, {""year"": 2026, ""month"": 3, ""search_volume"": 10}, {""year"": 2026, ""month"": 2, ""search_volume"": 30}, {""year"": 2026, ""month"": 1, ""search_volume"": 20}, {""year"": 2025, ""month"": 12, ""search_volume"": 30}, {""year"": 2025, ""month"": 11, ""search_volume"": 40}, {""year"": 2025, ""month"": 10, ""search_volume"": 20}, {""year"": 2025, ""month"": 9, ""search_volume"": 20}, {""year"": 2025, ""month"": 8, ""search_volume"": 10}]"
C2,casque conduction osseuse pour tv,30,0.42,USD_DOCUMENTED,incompatible,False,,,,,"autre technologie, accessoire ou besoin auditif spécifique",dataforseo_labs/google/keyword_suggestions/live,2026-09-03T13:38:19.594647+00:00,2026-09-03-test-decouverte-couplee/raw/10-c2-labs.json.gz,"[{""year"": 2026, ""month"": 7, ""search_volume"": 20}, {""year"": 2026, ""month"": 6, ""search_volume"": 40}, {""year"": 2026, ""month"": 5, ""search_volume"": 10}, {""year"": 2026, ""month"": 4, ""search_volume"": 20}, {""year"": 2026, ""month"": 3, ""search_volume"": 30}, {""year"": 2026, ""month"": 2, ""search_volume"": 30}, {""year"": 2026, ""month"": 1, ""search_volume"": 30}, {""year"": 2025, ""month"": 12, ""search_volume"": 50}, {""year"": 2025, ""month"": 11, ""search_volume"": 50}, {""year"": 2025, ""month"": 10, ""search_volume"": 40}, {""year"": 2025, ""month"": 9, ""search_volume"": 20}, {""year"": 2025, ""month"": 8, ""search_volume"": 40}]"
C2,casque audio tv sans fil sennheiser,30,0.25,USD_DOCUMENTED,core,True,,,,,casque TV sans fil compatible avec kit émetteur,keywords_data/google_ads/search_volume/live,2026-09-03T14:41:41.614360+00:00,2026-09-03-qualification-9-produits-pur/raw/20-controls-2.json.gz,"[{""year"": 2026, ""month"": 7, ""search_volume"": 20}, {""year"": 2026, ""month"": 6, ""search_volume"": 20}, {""year"": 2026, ""month"": 5, ""search_volume"": 30}, {""year"": 2026, ""month"": 4, ""search_volume"": 20}, {""year"": 2026, ""month"": 3, ""search_volume"": 20}, {""year"": 2026, ""month"": 2, ""search_volume"": 40}, {""year"": 2026, ""month"": 1, ""search_volume"": 50}, {""year"": 2025, ""month"": 12, ""search_volume"": 50}, {""year"": 2025, ""month"": 11, ""search_volume"": 50}, {""year"": 2025, ""month"": 10, ""search_volume"": 40}, {""year"": 2025, ""month"": 9, ""search_volume"": 30}, {""year"": 2025, ""month"": 8, ""search_volume"": 20}]"
C2,comment connecter un casque bluetooth sur tv tcl,30,,USD_DOCUMENTED,information,True,,,,,"usage/SAV/risque, hors demande achat directe",dataforseo_labs/google/keyword_suggestions/live,2026-09-03T13:38:19.594647+00:00,2026-09-03-test-decouverte-couplee/raw/10-c2-labs.json.gz,"[{""year"": 2026, ""month"": 7, ""search_volume"": 20}, {""year"": 2026, ""month"": 6, ""search_volume"": 20}, {""year"": 2026, ""month"": 5, ""search_volume"": 20}, {""year"": 2026, ""month"": 4, ""search_volume"": 20}, {""year"": 2026, ""month"": 3, ""search_volume"": 20}, {""year"": 2026, ""month"": 2, ""search_volume"": 30}, {""year"": 2026, ""month"": 1, ""search_volume"": 30}, {""year"": 2025, ""month"": 12, ""search_volume"": 40}, {""year"": 2025, ""month"": 11, ""search_volume"": 30}, {""year"": 2025, ""month"": 10, ""search_volume"": 30}, {""year"": 2025, ""month"": 9, ""search_volume"": 20}, {""year"": 2025, ""month"": 8, ""search_volume"": 20}]"
C2,adaptateur casque tv,30,0.11,USD_DOCUMENTED,incompatible,False,,,,,"autre technologie, accessoire ou besoin auditif spécifique",dataforseo_labs/google/keyword_suggestions/live,2026-09-03T13:38:19.594647+00:00,2026-09-03-test-decouverte-couplee/raw/10-c2-labs.json.gz,"[{""year"": 2026, ""month"": 7, ""search_volume"": 20}, {""year"": 2026, ""month"": 6, ""search_volume"": 10}, {""year"": 2026, ""month"": 5, ""search_volume"": 20}, {""year"": 2026, ""month"": 4, ""search_volume"": 30}, {""year"": 2026, ""month"": 3, ""search_volume"": 20}, {""year"": 2026, ""month"": 2, ""search_volume"": 20}, {""year"": 2026, ""month"": 1, ""search_volume"": 70}, {""year"": 2025, ""month"": 12, ""search_volume"": 70}, {""year"": 2025, ""month"": 11, ""search_volume"": 40}, {""year"": 2025, ""month"": 10, ""search_volume"": 30}, {""year"": 2025, ""month"": 9, ""search_volume"": 40}, {""year"": 2025, ""month"": 8, ""search_volume"": 30}]"
C2,casque tv sans fil but,30,0.14,USD_DOCUMENTED,core,True,,,,,casque TV sans fil compatible avec kit émetteur,keywords_data/google_ads/search_volume/live,2026-09-03T14:41:41.614360+00:00,2026-09-03-qualification-9-produits-pur/raw/20-controls-2.json.gz,"[{""year"": 2026, ""month"": 7, ""search_volume"": 30}, {""year"": 2026, ""month"": 6, ""search_volume"": 20}, {""year"": 2026, ""month"": 5, ""search_volume"": 20}, {""year"": 2026, ""month"": 4, ""search_volume"": 10}, {""year"": 2026, ""month"": 3, ""search_volume"": 20}, {""year"": 2026, ""month"": 2, ""search_volume"": 40}, {""year"": 2026, ""month"": 1, ""search_volume"": 40}, {""year"": 2025, ""month"": 12, ""search_volume"": 50}, {""year"": 2025, ""month"": 11, ""search_volume"": 50}, {""year"": 2025, ""month"": 10, ""search_volume"": 20}, {""year"": 2025, ""month"": 9, ""search_volume"": 20}, {""year"": 2025, ""month"": 8, ""search_volume"": 20}]"
C2,ecouter tv casque sans couper son,30,0.11,USD_DOCUMENTED,parent,False,,,,,"casque TV générique, filaire et sans fil mélangés",dataforseo_labs/google/keyword_suggestions/live,2026-09-03T13:38:19.594647+00:00,2026-09-03-test-decouverte-couplee/raw/10-c2-labs.json.gz,"[{""year"": 2026, ""month"": 7, ""search_volume"": 10}, {""year"": 2026, ""month"": 6, ""search_volume"": 20}, {""year"": 2026, ""month"": 5, ""search_volume"": 20}, {""year"": 2026, ""month"": 4, ""search_volume"": 20}, {""year"": 2026, ""month"": 3, ""search_volume"": 20}, {""year"": 2026, ""month"": 2, ""search_volume"": 30}, {""year"": 2026, ""month"": 1, ""search_volume"": 30}, {""year"": 2025, ""month"": 12, ""search_volume"": 40}, {""year"": 2025, ""month"": 11, ""search_volume"": 50}, {""year"": 2025, ""month"": 10, ""search_volume"": 30}, {""year"": 2025, ""month"": 9, ""search_volume"": 20}, {""year"": 2025, ""month"": 8, ""search_volume"": 20}]"
C2,casque tv comparatif,30,0.24,USD_DOCUMENTED,parent,False,,,,,"casque TV générique, filaire et sans fil mélangés",dataforseo_labs/google/keyword_suggestions/live,2026-09-03T13:38:19.594647+00:00,2026-09-03-test-decouverte-couplee/raw/10-c2-labs.json.gz,"[{""year"": 2026, ""month"": 7, ""search_volume"": 20}, {""year"": 2026, ""month"": 6, ""search_volume"": 10}, {""year"": 2026, ""month"": 5, ""search_volume"": 20}, {""year"": 2026, ""month"": 4, ""search_volume"": 10}, {""year"": 2026, ""month"": 3, ""search_volume"": 20}, {""year"": 2026, ""month"": 2, ""search_volume"": 20}, {""year"": 2026, ""month"": 1, ""search_volume"": 40}, {""year"": 2025, ""month"": 12, ""search_volume"": 70}, {""year"": 2025, ""month"": 11, ""search_volume"": 90}, {""year"": 2025, ""month"": 10, ""search_volume"": 20}, {""year"": 2025, ""month"": 9, ""search_volume"": 30}, {""year"": 2025, ""month"": 8, ""search_volume"": 20}]"
C2,comment brancher un casque audio sur tv samsung,30,0.26,USD_DOCUMENTED,information,True,,,,,"usage/SAV/risque, hors demande achat directe",dataforseo_labs/google/keyword_suggestions/live,2026-09-03T13:38:19.594647+00:00,2026-09-03-test-decouverte-couplee/raw/10-c2-labs.json.gz,"[{""year"": 2026, ""month"": 7, ""search_volume"": 20}, {""year"": 2026, ""month"": 6, ""search_volume"": 30}, {""year"": 2026, ""month"": 5, ""search_volume"": 20}, {""year"": 2026, ""month"": 4, ""search_volume"": 40}, {""year"": 2026, ""month"": 3, ""search_volume"": 40}, {""year"": 2026, ""month"": 2, ""search_volume"": 30}, {""year"": 2026, ""month"": 1, ""search_volume"": 50}, {""year"": 2025, ""month"": 12, ""search_volume"": 50}, {""year"": 2025, ""month"": 11, ""search_volume"": 20}, {""year"": 2025, ""month"": 10, ""search_volume"": 30}, {""year"": 2025, ""month"": 9, ""search_volume"": 10}, {""year"": 2025, ""month"": 8, ""search_volume"": 10}]"
C2,casque tv malentendant sennheiser,30,0.39,USD_DOCUMENTED,incompatible,True,,,,,"autre technologie, accessoire ou besoin auditif spécifique",dataforseo_labs/google/keyword_suggestions/live,2026-09-03T13:38:19.594647+00:00,2026-09-03-test-decouverte-couplee/raw/10-c2-labs.json.gz,"[{""year"": 2026, ""month"": 7, ""search_volume"": 20}, {""year"": 2026, ""month"": 6, ""search_volume"": 40}, {""year"": 2026, ""month"": 5, ""search_volume"": 40}, {""year"": 2026, ""month"": 4, ""search_volume"": 30}, {""year"": 2026, ""month"": 3, ""search_volume"": 40}, {""year"": 2026, ""month"": 2, ""search_volume"": 10}, {""year"": 2026, ""month"": 1, ""search_volume"": 10}, {""year"": 2025, ""month"": 12, ""search_volume"": 50}, {""year"": 2025, ""month"": 11, ""search_volume"": 20}, {""year"": 2025, ""month"": 10, ""search_volume"": 20}, {""year"": 2025, ""month"": 9, ""search_volume"": 50}, {""year"": 2025, ""month"": 8, ""search_volume"": 20}]"
C2,casque tv cgv prelude 3 duo,30,0.18,USD_DOCUMENTED,parent,True,,,,,"casque TV générique, filaire et sans fil mélangés",dataforseo_labs/google/keyword_suggestions/live,2026-09-03T13:38:19.594647+00:00,2026-09-03-test-decouverte-couplee/raw/10-c2-labs.json.gz,"[{""year"": 2026, ""month"": 7, ""search_volume"": 10}, {""year"": 2026, ""month"": 6, ""search_volume"": 10}, {""year"": 2026, ""month"": 5, ""search_volume"": 10}, {""year"": 2026, ""month"": 4, ""search_volume"": 20}, {""year"": 2026, ""month"": 3, ""search_volume"": 10}, {""year"": 2026, ""month"": 2, ""search_volume"": 10}, {""year"": 2026, ""month"": 1, ""search_volume"": 30}, {""year"": 2025, ""month"": 12, ""search_volume"": 50}, {""year"": 2025, ""month"": 11, ""search_volume"": 50}, {""year"": 2025, ""month"": 10, ""search_volume"": 30}, {""year"": 2025, ""month"": 9, ""search_volume"": 110}, {""year"": 2025, ""month"": 8, ""search_volume"": 20}]"
C2,casque tv sans fil les numériques,30,0.18,USD_DOCUMENTED,core,True,,,,,casque TV sans fil compatible avec kit émetteur,keywords_data/google_ads/search_volume/live,2026-09-03T14:41:41.614360+00:00,2026-09-03-qualification-9-produits-pur/raw/20-controls-2.json.gz,"[{""year"": 2026, ""month"": 7, ""search_volume"": 10}, {""year"": 2026, ""month"": 6, ""search_volume"": 10}, {""year"": 2026, ""month"": 5, ""search_volume"": 10}, {""year"": 2026, ""month"": 4, ""search_volume"": 20}, {""year"": 2026, ""month"": 3, ""search_volume"": 20}, {""year"": 2026, ""month"": 2, ""search_volume"": 30}, {""year"": 2026, ""month"": 1, ""search_volume"": 20}, {""year"": 2025, ""month"": 12, ""search_volume"": 50}, {""year"": 2025, ""month"": 11, ""search_volume"": 40}, {""year"": 2025, ""month"": 10, ""search_volume"": 20}, {""year"": 2025, ""month"": 9, ""search_volume"": 30}, {""year"": 2025, ""month"": 8, ""search_volume"": 20}]"
C2,casque tv sennheiser pour malentendant,30,0.39,USD_DOCUMENTED,incompatible,True,,,,,"autre technologie, accessoire ou besoin auditif spécifique",dataforseo_labs/google/keyword_suggestions/live,2026-09-03T13:38:19.594647+00:00,2026-09-03-test-decouverte-couplee/raw/10-c2-labs.json.gz,"[{""year"": 2026, ""month"": 7, ""search_volume"": 20}, {""year"": 2026, ""month"": 6, ""search_volume"": 40}, {""year"": 2026, ""month"": 5, ""search_volume"": 40}, {""year"": 2026, ""month"": 4, ""search_volume"": 30}, {""year"": 2026, ""month"": 3, ""search_volume"": 40}, {""year"": 2026, ""month"": 2, ""search_volume"": 10}, {""year"": 2026, ""month"": 1, ""search_volume"": 10}, {""year"": 2025, ""month"": 12, ""search_volume"": 50}, {""year"": 2025, ""month"": 11, ""search_volume"": 20}, {""year"": 2025, ""month"": 10, ""search_volume"": 20}, {""year"": 2025, ""month"": 9, ""search_volume"": 50}, {""year"": 2025, ""month"": 8, ""search_volume"": 20}]"
C2,casque sans fil wifi pour tv,30,0.21,USD_DOCUMENTED,incompatible,False,,,,,"autre technologie, accessoire ou besoin auditif spécifique",dataforseo_labs/google/keyword_suggestions/live,2026-09-03T13:38:19.594647+00:00,2026-09-03-test-decouverte-couplee/raw/10-c2-labs.json.gz,"[{""year"": 2026, ""month"": 7, ""search_volume"": 10}, {""year"": 2026, ""month"": 6, ""search_volume"": 20}, {""year"": 2026, ""month"": 5, ""search_volume"": 20}, {""year"": 2026, ""month"": 4, ""search_volume"": 10}, {""year"": 2026, ""month"": 3, ""search_volume"": 20}, {""year"": 2026, ""month"": 2, ""search_volume"": 30}, {""year"": 2026, ""month"": 1, ""search_volume"": 20}, {""year"": 2025, ""month"": 12, ""search_volume"": 70}, {""year"": 2025, ""month"": 11, ""search_volume"": 30}, {""year"": 2025, ""month"": 10, ""search_volume"": 20}, {""year"": 2025, ""month"": 9, ""search_volume"": 30}, {""year"": 2025, ""month"": 8, ""search_volume"": 30}]"
C2,tv avec bluetooth pour casque,30,0.58,USD_DOCUMENTED,core,False,G0004,0,G0004,0,casque TV sans fil compatible avec kit émetteur,keywords_data/google_ads/search_volume/live,2026-09-03T14:41:41.614360+00:00,2026-09-03-qualification-9-produits-pur/raw/20-controls-2.json.gz,"[{""year"": 2026, ""month"": 7, ""search_volume"": 10}, {""year"": 2026, ""month"": 6, ""search_volume"": 10}, {""year"": 2026, ""month"": 5, ""search_volume"": 10}, {""year"": 2026, ""month"": 4, ""search_volume"": 20}, {""year"": 2026, ""month"": 3, ""search_volume"": 10}, {""year"": 2026, ""month"": 2, ""search_volume"": 30}, {""year"": 2026, ""month"": 1, ""search_volume"": 40}, {""year"": 2025, ""month"": 12, ""search_volume"": 50}, {""year"": 2025, ""month"": 11, ""search_volume"": 40}, {""year"": 2025, ""month"": 10, ""search_volume"": 20}, {""year"": 2025, ""month"": 9, ""search_volume"": 20}, {""year"": 2025, ""month"": 8, ""search_volume"": 20}]"
C2,ma tv samsung ne détecte pas mon casque bluetooth,30,,USD_DOCUMENTED,core,True,,,,,casque TV sans fil compatible avec kit émetteur,keywords_data/google_ads/search_volume/live,2026-09-03T14:41:41.614360+00:00,2026-09-03-qualification-9-produits-pur/raw/20-controls-2.json.gz,"[{""year"": 2026, ""month"": 7, ""search_volume"": 10}, {""year"": 2026, ""month"": 6, ""search_volume"": 10}, {""year"": 2026, ""month"": 5, ""search_volume"": 10}, {""year"": 2026, ""month"": 4, ""search_volume"": 10}, {""year"": 2026, ""month"": 3, ""search_volume"": 20}, {""year"": 2026, ""month"": 2, ""search_volume"": 30}, {""year"": 2026, ""month"": 1, ""search_volume"": 50}, {""year"": 2025, ""month"": 12, ""search_volume"": 70}, {""year"": 2025, ""month"": 11, ""search_volume"": 30}, {""year"": 2025, ""month"": 10, ""search_volume"": 20}, {""year"": 2025, ""month"": 9, ""search_volume"": 20}, {""year"": 2025, ""month"": 8, ""search_volume"": 40}]"
C2,amazon casque sans fil pour tv,30,0.21,USD_DOCUMENTED,core,True,,,,,casque TV sans fil compatible avec kit émetteur,keywords_data/google_ads/search_volume/live,2026-09-03T14:41:41.614360+00:00,2026-09-03-qualification-9-produits-pur/raw/20-controls-2.json.gz,"[{""year"": 2026, ""month"": 7, ""search_volume"": 10}, {""year"": 2026, ""month"": 6, ""search_volume"": 20}, {""year"": 2026, ""month"": 5, ""search_volume"": 10}, {""year"": 2026, ""month"": 4, ""search_volume"": 20}, {""year"": 2026, ""month"": 3, ""search_volume"": 20}, {""year"": 2026, ""month"": 2, ""search_volume"": 30}, {""year"": 2026, ""month"": 1, ""search_volume"": 40}, {""year"": 2025, ""month"": 12, ""search_volume"": 40}, {""year"": 2025, ""month"": 11, ""search_volume"": 30}, {""year"": 2025, ""month"": 10, ""search_volume"": 30}, {""year"": 2025, ""month"": 9, ""search_volume"": 30}, {""year"": 2025, ""month"": 8, ""search_volume"": 30}]"
C2,meilleur casque tv sans fil 2025,30,0.14,USD_DOCUMENTED,core,False,G0029,30,G0037,30,casque TV sans fil compatible avec kit émetteur,keywords_data/google_ads/search_volume/live,2026-09-03T14:41:41.614360+00:00,2026-09-03-qualification-9-produits-pur/raw/20-controls-2.json.gz,"[{""year"": 2026, ""month"": 7, ""search_volume"": 10}, {""year"": 2026, ""month"": 6, ""search_volume"": 10}, {""year"": 2026, ""month"": 5, ""search_volume"": 10}, {""year"": 2026, ""month"": 4, ""search_volume"": 10}, {""year"": 2026, ""month"": 3, ""search_volume"": 30}, {""year"": 2026, ""month"": 2, ""search_volume"": 50}, {""year"": 2026, ""month"": 1, ""search_volume"": 70}, {""year"": 2025, ""month"": 12, ""search_volume"": 110}, {""year"": 2025, ""month"": 11, ""search_volume"": 40}, {""year"": 2025, ""month"": 10, ""search_volume"": 30}, {""year"": 2025, ""month"": 9, ""search_volume"": 0}, {""year"": 2025, ""month"": 8, ""search_volume"": 0}]"
C2,casque tv stethoscopique sans fil,30,0.36,USD_DOCUMENTED,incompatible,False,,,,,"autre technologie, accessoire ou besoin auditif spécifique",dataforseo_labs/google/keyword_suggestions/live,2026-09-03T13:38:19.594647+00:00,2026-09-03-test-decouverte-couplee/raw/10-c2-labs.json.gz,"[{""year"": 2026, ""month"": 7, ""search_volume"": 10}, {""year"": 2026, ""month"": 6, ""search_volume"": 30}, {""year"": 2026, ""month"": 5, ""search_volume"": 20}, {""year"": 2026, ""month"": 4, ""search_volume"": 20}, {""year"": 2026, ""month"": 3, ""search_volume"": 20}, {""year"": 2026, ""month"": 2, ""search_volume"": 20}, {""year"": 2026, ""month"": 1, ""search_volume"": 30}, {""year"": 2025, ""month"": 12, ""search_volume"": 40}, {""year"": 2025, ""month"": 11, ""search_volume"": 30}, {""year"": 2025, ""month"": 10, ""search_volume"": 20}, {""year"": 2025, ""month"": 9, ""search_volume"": 30}, {""year"": 2025, ""month"": 8, ""search_volume"": 30}]"
C2,casque tv sennheiser rr 5200,30,0.56,USD_DOCUMENTED,parent,True,,,,,"casque TV générique, filaire et sans fil mélangés",dataforseo_labs/google/keyword_suggestions/live,2026-09-03T13:38:19.594647+00:00,2026-09-03-test-decouverte-couplee/raw/10-c2-labs.json.gz,"[{""year"": 2026, ""month"": 7, ""search_volume"": 10}, {""year"": 2026, ""month"": 6, ""search_volume"": 20}, {""year"": 2026, ""month"": 5, ""search_volume"": 20}, {""year"": 2026, ""month"": 4, ""search_volume"": 20}, {""year"": 2026, ""month"": 3, ""search_volume"": 20}, {""year"": 2026, ""month"": 2, ""search_volume"": 20}, {""year"": 2026, ""month"": 1, ""search_volume"": 70}, {""year"": 2025, ""month"": 12, ""search_volume"": 50}, {""year"": 2025, ""month"": 11, ""search_volume"": 40}, {""year"": 2025, ""month"": 10, ""search_volume"": 20}, {""year"": 2025, ""month"": 9, ""search_volume"": 30}, {""year"": 2025, ""month"": 8, ""search_volume"": 30}]"
C2,casque tv usb sans fil,30,0.26,USD_DOCUMENTED,conditional,False,,,G0040,30,double casque ou entrée audio USB non confirmée pour le kit simple,keywords_data/google_ads/search_volume/live,2026-09-03T14:41:41.614360+00:00,2026-09-03-qualification-9-produits-pur/raw/20-controls-2.json.gz,"[{""year"": 2026, ""month"": 7, ""search_volume"": 10}, {""year"": 2026, ""month"": 6, ""search_volume"": 20}, {""year"": 2026, ""month"": 5, ""search_volume"": 20}, {""year"": 2026, ""month"": 4, ""search_volume"": 20}, {""year"": 2026, ""month"": 3, ""search_volume"": 20}, {""year"": 2026, ""month"": 2, ""search_volume"": 40}, {""year"": 2026, ""month"": 1, ""search_volume"": 30}, {""year"": 2025, ""month"": 12, ""search_volume"": 70}, {""year"": 2025, ""month"": 11, ""search_volume"": 50}, {""year"": 2025, ""month"": 10, ""search_volume"": 50}, {""year"": 2025, ""month"": 9, ""search_volume"": 20}, {""year"": 2025, ""month"": 8, ""search_volume"": 20}]"
C2,casque virtuel pour regarder la tv,30,0.21,USD_DOCUMENTED,incompatible,False,,,,,"autre technologie, accessoire ou besoin auditif spécifique",dataforseo_labs/google/keyword_suggestions/live,2026-09-03T14:36:32.619705+00:00,2026-09-03-qualification-9-produits-pur/raw/10-C2-labs-3.json.gz,"[{""year"": 2026, ""month"": 7, ""search_volume"": 10}, {""year"": 2026, ""month"": 6, ""search_volume"": 10}, {""year"": 2026, ""month"": 5, ""search_volume"": 10}, {""year"": 2026, ""month"": 4, ""search_volume"": 10}, {""year"": 2026, ""month"": 3, ""search_volume"": 20}, {""year"": 2026, ""month"": 2, ""search_volume"": 20}, {""year"": 2026, ""month"": 1, ""search_volume"": 30}, {""year"": 2025, ""month"": 12, ""search_volume"": 50}, {""year"": 2025, ""month"": 11, ""search_volume"": 70}, {""year"": 2025, ""month"": 10, ""search_volume"": 40}, {""year"": 2025, ""month"": 9, ""search_volume"": 50}, {""year"": 2025, ""month"": 8, ""search_volume"": 20}]"
C2,casque audio sans fil pour tv samsung,30,0.17,USD_DOCUMENTED,core,True,,,,,casque TV sans fil compatible avec kit émetteur,keywords_data/google_ads/search_volume/live,2026-09-03T14:41:41.614360+00:00,2026-09-03-qualification-9-produits-pur/raw/20-controls-2.json.gz,"[{""year"": 2026, ""month"": 7, ""search_volume"": 20}, {""year"": 2026, ""month"": 6, ""search_volume"": 30}, {""year"": 2026, ""month"": 5, ""search_volume"": 20}, {""year"": 2026, ""month"": 4, ""search_volume"": 20}, {""year"": 2026, ""month"": 3, ""search_volume"": 20}, {""year"": 2026, ""month"": 2, ""search_volume"": 20}, {""year"": 2026, ""month"": 1, ""search_volume"": 30}, {""year"": 2025, ""month"": 12, ""search_volume"": 50}, {""year"": 2025, ""month"": 11, ""search_volume"": 30}, {""year"": 2025, ""month"": 10, ""search_volume"": 20}, {""year"": 2025, ""month"": 9, ""search_volume"": 30}, {""year"": 2025, ""month"": 8, ""search_volume"": 20}]"
C2,casque tv sans fil wifi,30,0.21,USD_DOCUMENTED,incompatible,False,,,,,"autre technologie, accessoire ou besoin auditif spécifique",dataforseo_labs/google/keyword_suggestions/live,2026-09-03T13:38:19.594647+00:00,2026-09-03-test-decouverte-couplee/raw/10-c2-labs.json.gz,"[{""year"": 2026, ""month"": 7, ""search_volume"": 10}, {""year"": 2026, ""month"": 6, ""search_volume"": 20}, {""year"": 2026, ""month"": 5, ""search_volume"": 20}, {""year"": 2026, ""month"": 4, ""search_volume"": 10}, {""year"": 2026, ""month"": 3, ""search_volume"": 20}, {""year"": 2026, ""month"": 2, ""search_volume"": 30}, {""year"": 2026, ""month"": 1, ""search_volume"": 20}, {""year"": 2025, ""month"": 12, ""search_volume"": 70}, {""year"": 2025, ""month"": 11, ""search_volume"": 30}, {""year"": 2025, ""month"": 10, ""search_volume"": 20}, {""year"": 2025, ""month"": 9, ""search_volume"": 30}, {""year"": 2025, ""month"": 8, ""search_volume"": 30}]"
C2,tv philips ambilight casque bluetooth,30,,USD_DOCUMENTED,core,True,,,,,casque TV sans fil compatible avec kit émetteur,keywords_data/google_ads/search_volume/live,2026-09-03T14:41:41.614360+00:00,2026-09-03-qualification-9-produits-pur/raw/20-controls-2.json.gz,"[{""year"": 2026, ""month"": 7, ""search_volume"": 20}, {""year"": 2026, ""month"": 6, ""search_volume"": 20}, {""year"": 2026, ""month"": 5, ""search_volume"": 30}, {""year"": 2026, ""month"": 4, ""search_volume"": 30}, {""year"": 2026, ""month"": 3, ""search_volume"": 30}, {""year"": 2026, ""month"": 2, ""search_volume"": 50}, {""year"": 2026, ""month"": 1, ""search_volume"": 70}, {""year"": 2025, ""month"": 12, ""search_volume"": 40}, {""year"": 2025, ""month"": 11, ""search_volume"": 10}, {""year"": 2025, ""month"": 10, ""search_volume"": 10}, {""year"": 2025, ""month"": 9, ""search_volume"": 10}, {""year"": 2025, ""month"": 8, ""search_volume"": 10}]"
C2,prise casque tv tcl,30,0.22,USD_DOCUMENTED,parent,True,,,,,"casque TV générique, filaire et sans fil mélangés",dataforseo_labs/google/keyword_suggestions/live,2026-09-03T13:38:19.594647+00:00,2026-09-03-test-decouverte-couplee/raw/10-c2-labs.json.gz,"[{""year"": 2026, ""month"": 7, ""search_volume"": 20}, {""year"": 2026, ""month"": 6, ""search_volume"": 20}, {""year"": 2026, ""month"": 5, ""search_volume"": 40}, {""year"": 2026, ""month"": 4, ""search_volume"": 20}, {""year"": 2026, ""month"": 3, ""search_volume"": 20}, {""year"": 2026, ""month"": 2, ""search_volume"": 40}, {""year"": 2026, ""month"": 1, ""search_volume"": 40}, {""year"": 2025, ""month"": 12, ""search_volume"": 70}, {""year"": 2025, ""month"": 11, ""search_volume"": 40}, {""year"": 2025, ""month"": 10, ""search_volume"": 40}, {""year"": 2025, ""month"": 9, ""search_volume"": 30}, {""year"": 2025, ""month"": 8, ""search_volume"": 20}]"
C2,test casque tv sans fil,30,0.53,USD_DOCUMENTED,core,False,G0021,0,G0029,0,casque TV sans fil compatible avec kit émetteur,keywords_data/google_ads/search_volume/live,2026-09-03T14:41:45.663971+00:00,2026-09-03-qualification-9-produits-pur/raw/20-controls-3.json.gz,"[{""year"": 2026, ""month"": 7, ""search_volume"": 10}, {""year"": 2026, ""month"": 6, ""search_volume"": 20}, {""year"": 2026, ""month"": 5, ""search_volume"": 20}, {""year"": 2026, ""month"": 4, ""search_volume"": 20}, {""year"": 2026, ""month"": 3, ""search_volume"": 20}, {""year"": 2026, ""month"": 2, ""search_volume"": 50}, {""year"": 2026, ""month"": 1, ""search_volume"": 50}, {""year"": 2025, ""month"": 12, ""search_volume"": 90}, {""year"": 2025, ""month"": 11, ""search_volume"": 40}, {""year"": 2025, ""month"": 10, ""search_volume"": 30}, {""year"": 2025, ""month"": 9, ""search_volume"": 20}, {""year"": 2025, ""month"": 8, ""search_volume"": 20}]"
C2,test casque sans fil tv,30,0.53,USD_DOCUMENTED,core,False,G0021,0,G0029,0,casque TV sans fil compatible avec kit émetteur,keywords_data/google_ads/search_volume/live,2026-09-03T14:41:45.663971+00:00,2026-09-03-qualification-9-produits-pur/raw/20-controls-3.json.gz,"[{""year"": 2026, ""month"": 7, ""search_volume"": 10}, {""year"": 2026, ""month"": 6, ""search_volume"": 20}, {""year"": 2026, ""month"": 5, ""search_volume"": 20}, {""year"": 2026, ""month"": 4, ""search_volume"": 20}, {""year"": 2026, ""month"": 3, ""search_volume"": 20}, {""year"": 2026, ""month"": 2, ""search_volume"": 50}, {""year"": 2026, ""month"": 1, ""search_volume"": 50}, {""year"": 2025, ""month"": 12, ""search_volume"": 90}, {""year"": 2025, ""month"": 11, ""search_volume"": 40}, {""year"": 2025, ""month"": 10, ""search_volume"": 30}, {""year"": 2025, ""month"": 9, ""search_volume"": 20}, {""year"": 2025, ""month"": 8, ""search_volume"": 20}]"
C2,casque tv muse,30,0.09,USD_DOCUMENTED,parent,True,,,,,"casque TV générique, filaire et sans fil mélangés",dataforseo_labs/google/keyword_suggestions/live,2026-09-03T13:38:19.594647+00:00,2026-09-03-test-decouverte-couplee/raw/10-c2-labs.json.gz,"[{""year"": 2026, ""month"": 7, ""search_volume"": 10}, {""year"": 2026, ""month"": 6, ""search_volume"": 20}, {""year"": 2026, ""month"": 5, ""search_volume"": 20}, {""year"": 2026, ""month"": 4, ""search_volume"": 20}, {""year"": 2026, ""month"": 3, ""search_volume"": 30}, {""year"": 2026, ""month"": 2, ""search_volume"": 40}, {""year"": 2026, ""month"": 1, ""search_volume"": 40}, {""year"": 2025, ""month"": 12, ""search_volume"": 90}, {""year"": 2025, ""month"": 11, ""search_volume"": 40}, {""year"": 2025, ""month"": 10, ""search_volume"": 20}, {""year"": 2025, ""month"": 9, ""search_volume"": 20}, {""year"": 2025, ""month"": 8, ""search_volume"": 20}]"
C2,comment installer un casque bluetooth sur tv,30,0.05,USD_DOCUMENTED,information,False,,,,,"usage/SAV/risque, hors demande achat directe",dataforseo_labs/google/keyword_suggestions/live,2026-09-03T13:38:19.594647+00:00,2026-09-03-test-decouverte-couplee/raw/10-c2-labs.json.gz,"[{""year"": 2026, ""month"": 7, ""search_volume"": 10}, {""year"": 2026, ""month"": 6, ""search_volume"": 10}, {""year"": 2026, ""month"": 5, ""search_volume"": 20}, {""year"": 2026, ""month"": 4, ""search_volume"": 10}, {""year"": 2026, ""month"": 3, ""search_volume"": 20}, {""year"": 2026, ""month"": 2, ""search_volume"": 20}, {""year"": 2026, ""month"": 1, ""search_volume"": 40}, {""year"": 2025, ""month"": 12, ""search_volume"": 50}, {""year"": 2025, ""month"": 11, ""search_volume"": 50}, {""year"": 2025, ""month"": 10, ""search_volume"": 30}, {""year"": 2025, ""month"": 9, ""search_volume"": 30}, {""year"": 2025, ""month"": 8, ""search_volume"": 20}]"
C2,casque tv carrefour,30,,USD_DOCUMENTED,parent,True,,,,,"casque TV générique, filaire et sans fil mélangés",dataforseo_labs/google/keyword_suggestions/live,2026-09-03T13:38:19.594647+00:00,2026-09-03-test-decouverte-couplee/raw/10-c2-labs.json.gz,"[{""year"": 2026, ""month"": 7, ""search_volume"": 20}, {""year"": 2026, ""month"": 6, ""search_volume"": 20}, {""year"": 2026, ""month"": 5, ""search_volume"": 20}, {""year"": 2026, ""month"": 4, ""search_volume"": 20}, {""year"": 2026, ""month"": 3, ""search_volume"": 30}, {""year"": 2026, ""month"": 2, ""search_volume"": 20}, {""year"": 2026, ""month"": 1, ""search_volume"": 30}, {""year"": 2025, ""month"": 12, ""search_volume"": 40}, {""year"": 2025, ""month"": 11, ""search_volume"": 40}, {""year"": 2025, ""month"": 10, ""search_volume"": 30}, {""year"": 2025, ""month"": 9, ""search_volume"": 30}, {""year"": 2025, ""month"": 8, ""search_volume"": 20}]"
C2,casque tv sans fil meliconi,30,0.07,USD_DOCUMENTED,core,True,,,,,casque TV sans fil compatible avec kit émetteur,keywords_data/google_ads/search_volume/live,2026-09-03T14:41:45.663971+00:00,2026-09-03-qualification-9-produits-pur/raw/20-controls-3.json.gz,"[{""year"": 2026, ""month"": 7, ""search_volume"": 20}, {""year"": 2026, ""month"": 6, ""search_volume"": 20}, {""year"": 2026, ""month"": 5, ""search_volume"": 20}, {""year"": 2026, ""month"": 4, ""search_volume"": 20}, {""year"": 2026, ""month"": 3, ""search_volume"": 30}, {""year"": 2026, ""month"": 2, ""search_volume"": 30}, {""year"": 2026, ""month"": 1, ""search_volume"": 30}, {""year"": 2025, ""month"": 12, ""search_volume"": 40}, {""year"": 2025, ""month"": 11, ""search_volume"": 40}, {""year"": 2025, ""month"": 10, ""search_volume"": 20}, {""year"": 2025, ""month"": 9, ""search_volume"": 20}, {""year"": 2025, ""month"": 8, ""search_volume"": 10}]"
C2,casque audio sans fil tv samsung,30,0.17,USD_DOCUMENTED,core,True,,,,,casque TV sans fil compatible avec kit émetteur,keywords_data/google_ads/search_volume/live,2026-09-03T14:41:45.663971+00:00,2026-09-03-qualification-9-produits-pur/raw/20-controls-3.json.gz,"[{""year"": 2026, ""month"": 7, ""search_volume"": 20}, {""year"": 2026, ""month"": 6, ""search_volume"": 30}, {""year"": 2026, ""month"": 5, ""search_volume"": 20}, {""year"": 2026, ""month"": 4, ""search_volume"": 20}, {""year"": 2026, ""month"": 3, ""search_volume"": 20}, {""year"": 2026, ""month"": 2, ""search_volume"": 20}, {""year"": 2026, ""month"": 1, ""search_volume"": 30}, {""year"": 2025, ""month"": 12, ""search_volume"": 50}, {""year"": 2025, ""month"": 11, ""search_volume"": 30}, {""year"": 2025, ""month"": 10, ""search_volume"": 20}, {""year"": 2025, ""month"": 9, ""search_volume"": 30}, {""year"": 2025, ""month"": 8, ""search_volume"": 20}]"
C2,sennheiser casque tv malentendant,30,0.39,USD_DOCUMENTED,incompatible,True,,,,,"autre technologie, accessoire ou besoin auditif spécifique",dataforseo_labs/google/keyword_suggestions/live,2026-09-03T13:38:19.594647+00:00,2026-09-03-test-decouverte-couplee/raw/10-c2-labs.json.gz,"[{""year"": 2026, ""month"": 7, ""search_volume"": 20}, {""year"": 2026, ""month"": 6, ""search_volume"": 40}, {""year"": 2026, ""month"": 5, ""search_volume"": 40}, {""year"": 2026, ""month"": 4, ""search_volume"": 30}, {""year"": 2026, ""month"": 3, ""search_volume"": 40}, {""year"": 2026, ""month"": 2, ""search_volume"": 10}, {""year"": 2026, ""month"": 1, ""search_volume"": 10}, {""year"": 2025, ""month"": 12, ""search_volume"": 50}, {""year"": 2025, ""month"": 11, ""search_volume"": 20}, {""year"": 2025, ""month"": 10, ""search_volume"": 20}, {""year"": 2025, ""month"": 9, ""search_volume"": 50}, {""year"": 2025, ""month"": 8, ""search_volume"": 20}]"
C2,meilleur casque tv sans fil moins de 100 euros,30,0.24,USD_DOCUMENTED,core,False,G0030,30,G0038,30,casque TV sans fil compatible avec kit émetteur,keywords_data/google_ads/search_volume/live,2026-09-03T14:41:45.663971+00:00,2026-09-03-qualification-9-produits-pur/raw/20-controls-3.json.gz,"[{""year"": 2026, ""month"": 7, ""search_volume"": 20}, {""year"": 2026, ""month"": 6, ""search_volume"": 20}, {""year"": 2026, ""month"": 5, ""search_volume"": 20}, {""year"": 2026, ""month"": 4, ""search_volume"": 10}, {""year"": 2026, ""month"": 3, ""search_volume"": 40}, {""year"": 2026, ""month"": 2, ""search_volume"": 50}, {""year"": 2026, ""month"": 1, ""search_volume"": 70}, {""year"": 2025, ""month"": 12, ""search_volume"": 40}, {""year"": 2025, ""month"": 11, ""search_volume"": 40}, {""year"": 2025, ""month"": 10, ""search_volume"": 20}, {""year"": 2025, ""month"": 9, ""search_volume"": 40}, {""year"": 2025, ""month"": 8, ""search_volume"": 20}]"
C2,casque audio tv sans fil sony,30,0.19,USD_DOCUMENTED,core,True,,,,,casque TV sans fil compatible avec kit émetteur,keywords_data/google_ads/search_volume/live,2026-09-03T14:41:45.663971+00:00,2026-09-03-qualification-9-produits-pur/raw/20-controls-3.json.gz,"[{""year"": 2026, ""month"": 7, ""search_volume"": 10}, {""year"": 2026, ""month"": 6, ""search_volume"": 40}, {""year"": 2026, ""month"": 5, ""search_volume"": 20}, {""year"": 2026, ""month"": 4, ""search_volume"": 30}, {""year"": 2026, ""month"": 3, ""search_volume"": 30}, {""year"": 2026, ""month"": 2, ""search_volume"": 10}, {""year"": 2026, ""month"": 1, ""search_volume"": 30}, {""year"": 2025, ""month"": 12, ""search_volume"": 70}, {""year"": 2025, ""month"": 11, ""search_volume"": 50}, {""year"": 2025, ""month"": 10, ""search_volume"": 20}, {""year"": 2025, ""month"": 9, ""search_volume"": 40}, {""year"": 2025, ""month"": 8, ""search_volume"": 20}]"
C2,casque tv amazon,30,0.05,USD_DOCUMENTED,parent,True,,,,,"casque TV générique, filaire et sans fil mélangés",dataforseo_labs/google/keyword_suggestions/live,2026-09-03T13:38:19.594647+00:00,2026-09-03-test-decouverte-couplee/raw/10-c2-labs.json.gz,"[{""year"": 2026, ""month"": 7, ""search_volume"": 10}, {""year"": 2026, ""month"": 6, ""search_volume"": 10}, {""year"": 2026, ""month"": 5, ""search_volume"": 20}, {""year"": 2026, ""month"": 4, ""search_volume"": 20}, {""year"": 2026, ""month"": 3, ""search_volume"": 40}, {""year"": 2026, ""month"": 2, ""search_volume"": 30}, {""year"": 2026, ""month"": 1, ""search_volume"": 30}, {""year"": 2025, ""month"": 12, ""search_volume"": 50}, {""year"": 2025, ""month"": 11, ""search_volume"": 40}, {""year"": 2025, ""month"": 10, ""search_volume"": 70}, {""year"": 2025, ""month"": 9, ""search_volume"": 20}, {""year"": 2025, ""month"": 8, ""search_volume"": 20}]"
C2,casque tv sans fil samsung,30,0.25,USD_DOCUMENTED,core,True,,,,,casque TV sans fil compatible avec kit émetteur,keywords_data/google_ads/search_volume/live,2026-09-03T14:41:45.663971+00:00,2026-09-03-qualification-9-produits-pur/raw/20-controls-3.json.gz,"[{""year"": 2026, ""month"": 7, ""search_volume"": 20}, {""year"": 2026, ""month"": 6, ""search_volume"": 20}, {""year"": 2026, ""month"": 5, ""search_volume"": 20}, {""year"": 2026, ""month"": 4, ""search_volume"": 20}, {""year"": 2026, ""month"": 3, ""search_volume"": 40}, {""year"": 2026, ""month"": 2, ""search_volume"": 20}, {""year"": 2026, ""month"": 1, ""search_volume"": 20}, {""year"": 2025, ""month"": 12, ""search_volume"": 30}, {""year"": 2025, ""month"": 11, ""search_volume"": 40}, {""year"": 2025, ""month"": 10, ""search_volume"": 20}, {""year"": 2025, ""month"": 9, ""search_volume"": 20}, {""year"": 2025, ""month"": 8, ""search_volume"": 40}]"
C2,casque sans fil tv hifi,30,0.22,USD_DOCUMENTED,core,False,G0022,0,G0030,0,casque TV sans fil compatible avec kit émetteur,keywords_data/google_ads/search_volume/live,2026-09-03T14:41:45.663971+00:00,2026-09-03-qualification-9-produits-pur/raw/20-controls-3.json.gz,"[{""year"": 2026, ""month"": 7, ""search_volume"": 10}, {""year"": 2026, ""month"": 6, ""search_volume"": 30}, {""year"": 2026, ""month"": 5, ""search_volume"": 20}, {""year"": 2026, ""month"": 4, ""search_volume"": 10}, {""year"": 2026, ""month"": 3, ""search_volume"": 20}, {""year"": 2026, ""month"": 2, ""search_volume"": 30}, {""year"": 2026, ""month"": 1, ""search_volume"": 40}, {""year"": 2025, ""month"": 12, ""search_volume"": 90}, {""year"": 2025, ""month"": 11, ""search_volume"": 40}, {""year"": 2025, ""month"": 10, ""search_volume"": 20}, {""year"": 2025, ""month"": 9, ""search_volume"": 20}, {""year"": 2025, ""month"": 8, ""search_volume"": 30}]"
C2,brancher casque audio sur tv samsung,30,,USD_DOCUMENTED,information,True,,,,,"usage/SAV/risque, hors demande achat directe",dataforseo_labs/google/keyword_suggestions/live,2026-09-03T13:38:19.594647+00:00,2026-09-03-test-decouverte-couplee/raw/10-c2-labs.json.gz,"[{""year"": 2026, ""month"": 7, ""search_volume"": 30}, {""year"": 2026, ""month"": 6, ""search_volume"": 30}, {""year"": 2026, ""month"": 5, ""search_volume"": 30}, {""year"": 2026, ""month"": 4, ""search_volume"": 20}, {""year"": 2026, ""month"": 3, ""search_volume"": 20}, {""year"": 2026, ""month"": 2, ""search_volume"": 30}, {""year"": 2026, ""month"": 1, ""search_volume"": 40}, {""year"": 2025, ""month"": 12, ""search_volume"": 30}, {""year"": 2025, ""month"": 11, ""search_volume"": 50}, {""year"": 2025, ""month"": 10, ""search_volume"": 30}, {""year"": 2025, ""month"": 9, ""search_volume"": 40}, {""year"": 2025, ""month"": 8, ""search_volume"": 30}]"
C2,casque tv conduction osseuse,30,0.26,USD_DOCUMENTED,incompatible,False,,,,,"autre technologie, accessoire ou besoin auditif spécifique",dataforseo_labs/google/keyword_suggestions/live,2026-09-03T13:38:19.594647+00:00,2026-09-03-test-decouverte-couplee/raw/10-c2-labs.json.gz,"[{""year"": 2026, ""month"": 7, ""search_volume"": 10}, {""year"": 2026, ""month"": 6, ""search_volume"": 20}, {""year"": 2026, ""month"": 5, ""search_volume"": 20}, {""year"": 2026, ""month"": 4, ""search_volume"": 20}, {""year"": 2026, ""month"": 3, ""search_volume"": 10}, {""year"": 2026, ""month"": 2, ""search_volume"": 10}, {""year"": 2026, ""month"": 1, ""search_volume"": 40}, {""year"": 2025, ""month"": 12, ""search_volume"": 50}, {""year"": 2025, ""month"": 11, ""search_volume"": 50}, {""year"": 2025, ""month"": 10, ""search_volume"": 20}, {""year"": 2025, ""month"": 9, ""search_volume"": 30}, {""year"": 2025, ""month"": 8, ""search_volume"": 30}]"
C2,casque bluetooth avec tv,30,0.43,USD_DOCUMENTED,core,False,G0004,0,G0004,0,casque TV sans fil compatible avec kit émetteur,keywords_data/google_ads/search_volume/live,2026-09-03T14:41:45.663971+00:00,2026-09-03-qualification-9-produits-pur/raw/20-controls-3.json.gz,"[{""year"": 2026, ""month"": 7, ""search_volume"": 20}, {""year"": 2026, ""month"": 6, ""search_volume"": 20}, {""year"": 2026, ""month"": 5, ""search_volume"": 30}, {""year"": 2026, ""month"": 4, ""search_volume"": 20}, {""year"": 2026, ""month"": 3, ""search_volume"": 20}, {""year"": 2026, ""month"": 2, ""search_volume"": 30}, {""year"": 2026, ""month"": 1, ""search_volume"": 40}, {""year"": 2025, ""month"": 12, ""search_volume"": 40}, {""year"": 2025, ""month"": 11, ""search_volume"": 50}, {""year"": 2025, ""month"": 10, ""search_volume"": 30}, {""year"": 2025, ""month"": 9, ""search_volume"": 30}, {""year"": 2025, ""month"": 8, ""search_volume"": 50}]"
C2,casque tv sans fil jbl,30,0.27,USD_DOCUMENTED,core,True,,,,,casque TV sans fil compatible avec kit émetteur,keywords_data/google_ads/search_volume/live,2026-09-03T14:41:45.663971+00:00,2026-09-03-qualification-9-produits-pur/raw/20-controls-3.json.gz,"[{""year"": 2026, ""month"": 7, ""search_volume"": 10}, {""year"": 2026, ""month"": 6, ""search_volume"": 10}, {""year"": 2026, ""month"": 5, ""search_volume"": 10}, {""year"": 2026, ""month"": 4, ""search_volume"": 10}, {""year"": 2026, ""month"": 3, ""search_volume"": 30}, {""year"": 2026, ""month"": 2, ""search_volume"": 20}, {""year"": 2026, ""month"": 1, ""search_volume"": 40}, {""year"": 2025, ""month"": 12, ""search_volume"": 90}, {""year"": 2025, ""month"": 11, ""search_volume"": 50}, {""year"": 2025, ""month"": 10, ""search_volume"": 20}, {""year"": 2025, ""month"": 9, ""search_volume"": 20}, {""year"": 2025, ""month"": 8, ""search_volume"": 10}]"
C2,connecter casque bluetooth tv l g,30,,USD_DOCUMENTED,information,False,,,,,"usage/SAV/risque, hors demande achat directe",dataforseo_labs/google/keyword_suggestions/live,2026-09-03T13:38:19.594647+00:00,2026-09-03-test-decouverte-couplee/raw/10-c2-labs.json.gz,"[{""year"": 2026, ""month"": 7, ""search_volume"": 20}, {""year"": 2026, ""month"": 6, ""search_volume"": 40}, {""year"": 2026, ""month"": 5, ""search_volume"": 30}, {""year"": 2026, ""month"": 4, ""search_volume"": 20}, {""year"": 2026, ""month"": 3, ""search_volume"": 30}, {""year"": 2026, ""month"": 2, ""search_volume"": 30}, {""year"": 2026, ""month"": 1, ""search_volume"": 40}, {""year"": 2025, ""month"": 12, ""search_volume"": 40}, {""year"": 2025, ""month"": 11, ""search_volume"": 40}, {""year"": 2025, ""month"": 10, ""search_volume"": 20}, {""year"": 2025, ""month"": 9, ""search_volume"": 40}, {""year"": 2025, ""month"": 8, ""search_volume"": 30}]"
C2,casque tv sans fil les numeriques,30,0.18,USD_DOCUMENTED,core,True,,,,,casque TV sans fil compatible avec kit émetteur,keywords_data/google_ads/search_volume/live,2026-09-03T14:41:45.663971+00:00,2026-09-03-qualification-9-produits-pur/raw/20-controls-3.json.gz,"[{""year"": 2026, ""month"": 7, ""search_volume"": 10}, {""year"": 2026, ""month"": 6, ""search_volume"": 10}, {""year"": 2026, ""month"": 5, ""search_volume"": 10}, {""year"": 2026, ""month"": 4, ""search_volume"": 20}, {""year"": 2026, ""month"": 3, ""search_volume"": 20}, {""year"": 2026, ""month"": 2, ""search_volume"": 30}, {""year"": 2026, ""month"": 1, ""search_volume"": 20}, {""year"": 2025, ""month"": 12, ""search_volume"": 50}, {""year"": 2025, ""month"": 11, ""search_volume"": 40}, {""year"": 2025, ""month"": 10, ""search_volume"": 20}, {""year"": 2025, ""month"": 9, ""search_volume"": 30}, {""year"": 2025, ""month"": 8, ""search_volume"": 20}]"
C2,casque sans fil usb pour tv,30,0.26,USD_DOCUMENTED,conditional,False,,,G0040,0,double casque ou entrée audio USB non confirmée pour le kit simple,keywords_data/google_ads/search_volume/live,2026-09-03T14:41:45.663971+00:00,2026-09-03-qualification-9-produits-pur/raw/20-controls-3.json.gz,"[{""year"": 2026, ""month"": 7, ""search_volume"": 10}, {""year"": 2026, ""month"": 6, ""search_volume"": 20}, {""year"": 2026, ""month"": 5, ""search_volume"": 20}, {""year"": 2026, ""month"": 4, ""search_volume"": 20}, {""year"": 2026, ""month"": 3, ""search_volume"": 20}, {""year"": 2026, ""month"": 2, ""search_volume"": 40}, {""year"": 2026, ""month"": 1, ""search_volume"": 30}, {""year"": 2025, ""month"": 12, ""search_volume"": 70}, {""year"": 2025, ""month"": 11, ""search_volume"": 50}, {""year"": 2025, ""month"": 10, ""search_volume"": 50}, {""year"": 2025, ""month"": 9, ""search_volume"": 20}, {""year"": 2025, ""month"": 8, ""search_volume"": 20}]"
C2,casque sans fil pour regarder la télévision,30,0.61,USD_DOCUMENTED,core,False,G0031,30,G0039,30,casque TV sans fil compatible avec kit émetteur,keywords_data/google_ads/search_volume/live,2026-09-03T14:41:45.663971+00:00,2026-09-03-qualification-9-produits-pur/raw/20-controls-3.json.gz,"[{""year"": 2026, ""month"": 7, ""search_volume"": 10}, {""year"": 2026, ""month"": 6, ""search_volume"": 20}, {""year"": 2026, ""month"": 5, ""search_volume"": 10}, {""year"": 2026, ""month"": 4, ""search_volume"": 10}, {""year"": 2026, ""month"": 3, ""search_volume"": 10}, {""year"": 2026, ""month"": 2, ""search_volume"": 20}, {""year"": 2026, ""month"": 1, ""search_volume"": 20}, {""year"": 2025, ""month"": 12, ""search_volume"": 50}, {""year"": 2025, ""month"": 11, ""search_volume"": 70}, {""year"": 2025, ""month"": 10, ""search_volume"": 20}, {""year"": 2025, ""month"": 9, ""search_volume"": 50}, {""year"": 2025, ""month"": 8, ""search_volume"": 20}]"
C2,casque télévision sans fil but,30,0.14,USD_DOCUMENTED,core,True,,,,,casque TV sans fil compatible avec kit émetteur,keywords_data/google_ads/search_volume/live,2026-09-03T14:41:45.663971+00:00,2026-09-03-qualification-9-produits-pur/raw/20-controls-3.json.gz,"[{""year"": 2026, ""month"": 7, ""search_volume"": 30}, {""year"": 2026, ""month"": 6, ""search_volume"": 20}, {""year"": 2026, ""month"": 5, ""search_volume"": 20}, {""year"": 2026, ""month"": 4, ""search_volume"": 10}, {""year"": 2026, ""month"": 3, ""search_volume"": 20}, {""year"": 2026, ""month"": 2, ""search_volume"": 40}, {""year"": 2026, ""month"": 1, ""search_volume"": 40}, {""year"": 2025, ""month"": 12, ""search_volume"": 50}, {""year"": 2025, ""month"": 11, ""search_volume"": 50}, {""year"": 2025, ""month"": 10, ""search_volume"": 20}, {""year"": 2025, ""month"": 9, ""search_volume"": 20}, {""year"": 2025, ""month"": 8, ""search_volume"": 20}]"
C2,casque d'écoute télévision sans fil,30,0.24,USD_DOCUMENTED,core,False,G0026,0,G0034,0,casque TV sans fil compatible avec kit émetteur,keywords_data/google_ads/search_volume/live,2026-09-03T14:41:45.663971+00:00,2026-09-03-qualification-9-produits-pur/raw/20-controls-3.json.gz,"[{""year"": 2026, ""month"": 7, ""search_volume"": 20}, {""year"": 2026, ""month"": 6, ""search_volume"": 20}, {""year"": 2026, ""month"": 5, ""search_volume"": 20}, {""year"": 2026, ""month"": 4, ""search_volume"": 40}, {""year"": 2026, ""month"": 3, ""search_volume"": 30}, {""year"": 2026, ""month"": 2, ""search_volume"": 20}, {""year"": 2026, ""month"": 1, ""search_volume"": 30}, {""year"": 2025, ""month"": 12, ""search_volume"": 50}, {""year"": 2025, ""month"": 11, ""search_volume"": 40}, {""year"": 2025, ""month"": 10, ""search_volume"": 40}, {""year"": 2025, ""month"": 9, ""search_volume"": 40}, {""year"": 2025, ""month"": 8, ""search_volume"": 30}]"
C2,casque sans fil pour regarder la television,30,0.61,USD_DOCUMENTED,core,False,G0031,0,G0039,0,casque TV sans fil compatible avec kit émetteur,keywords_data/google_ads/search_volume/live,2026-09-03T14:41:45.663971+00:00,2026-09-03-qualification-9-produits-pur/raw/20-controls-3.json.gz,"[{""year"": 2026, ""month"": 7, ""search_volume"": 10}, {""year"": 2026, ""month"": 6, ""search_volume"": 20}, {""year"": 2026, ""month"": 5, ""search_volume"": 10}, {""year"": 2026, ""month"": 4, ""search_volume"": 10}, {""year"": 2026, ""month"": 3, ""search_volume"": 10}, {""year"": 2026, ""month"": 2, ""search_volume"": 20}, {""year"": 2026, ""month"": 1, ""search_volume"": 20}, {""year"": 2025, ""month"": 12, ""search_volume"": 50}, {""year"": 2025, ""month"": 11, ""search_volume"": 70}, {""year"": 2025, ""month"": 10, ""search_volume"": 20}, {""year"": 2025, ""month"": 9, ""search_volume"": 50}, {""year"": 2025, ""month"": 8, ""search_volume"": 20}]"
C2,casque bluetooth avec television,30,0.43,USD_DOCUMENTED,core,False,G0004,0,G0004,0,casque TV sans fil compatible avec kit émetteur,keywords_data/google_ads/search_volume/live,2026-09-03T14:41:45.663971+00:00,2026-09-03-qualification-9-produits-pur/raw/20-controls-3.json.gz,"[{""year"": 2026, ""month"": 7, ""search_volume"": 20}, {""year"": 2026, ""month"": 6, ""search_volume"": 20}, {""year"": 2026, ""month"": 5, ""search_volume"": 30}, {""year"": 2026, ""month"": 4, ""search_volume"": 20}, {""year"": 2026, ""month"": 3, ""search_volume"": 20}, {""year"": 2026, ""month"": 2, ""search_volume"": 30}, {""year"": 2026, ""month"": 1, ""search_volume"": 40}, {""year"": 2025, ""month"": 12, ""search_volume"": 40}, {""year"": 2025, ""month"": 11, ""search_volume"": 50}, {""year"": 2025, ""month"": 10, ""search_volume"": 30}, {""year"": 2025, ""month"": 9, ""search_volume"": 30}, {""year"": 2025, ""month"": 8, ""search_volume"": 50}]"
C2,casque conduction osseuse television,30,0.43,USD_DOCUMENTED,incompatible,False,,,,,"autre technologie, accessoire ou besoin auditif spécifique",dataforseo_labs/google/keyword_suggestions/live,2026-09-03T14:36:31.280584+00:00,2026-09-03-qualification-9-produits-pur/raw/10-C2-labs-1.json.gz,"[{""year"": 2026, ""month"": 7, ""search_volume"": 20}, {""year"": 2026, ""month"": 6, ""search_volume"": 10}, {""year"": 2026, ""month"": 5, ""search_volume"": 10}, {""year"": 2026, ""month"": 4, ""search_volume"": 30}, {""year"": 2026, ""month"": 3, ""search_volume"": 30}, {""year"": 2026, ""month"": 2, ""search_volume"": 30}, {""year"": 2026, ""month"": 1, ""search_volume"": 40}, {""year"": 2025, ""month"": 12, ""search_volume"": 50}, {""year"": 2025, ""month"": 11, ""search_volume"": 40}, {""year"": 2025, ""month"": 10, ""search_volume"": 20}, {""year"": 2025, ""month"": 9, ""search_volume"": 10}, {""year"": 2025, ""month"": 8, ""search_volume"": 30}]"
C2,meilleur casque audio television,30,0.43,USD_DOCUMENTED,parent,False,,,,,"casque TV générique, filaire et sans fil mélangés",dataforseo_labs/google/keyword_suggestions/live,2026-09-03T14:36:31.280584+00:00,2026-09-03-qualification-9-produits-pur/raw/10-C2-labs-1.json.gz,"[{""year"": 2026, ""month"": 7, ""search_volume"": 10}, {""year"": 2026, ""month"": 6, ""search_volume"": 10}, {""year"": 2026, ""month"": 5, ""search_volume"": 20}, {""year"": 2026, ""month"": 4, ""search_volume"": 20}, {""year"": 2026, ""month"": 3, ""search_volume"": 40}, {""year"": 2026, ""month"": 2, ""search_volume"": 20}, {""year"": 2026, ""month"": 1, ""search_volume"": 50}, {""year"": 2025, ""month"": 12, ""search_volume"": 70}, {""year"": 2025, ""month"": 11, ""search_volume"": 50}, {""year"": 2025, ""month"": 10, ""search_volume"": 40}, {""year"": 2025, ""month"": 9, ""search_volume"": 30}, {""year"": 2025, ""month"": 8, ""search_volume"": 20}]"
C2,meilleur casque audio pour television,30,0.56,USD_DOCUMENTED,parent,False,,,,,"casque TV générique, filaire et sans fil mélangés",dataforseo_labs/google/keyword_suggestions/live,2026-09-03T14:36:31.280584+00:00,2026-09-03-qualification-9-produits-pur/raw/10-C2-labs-1.json.gz,"[{""year"": 2026, ""month"": 7, ""search_volume"": 20}, {""year"": 2026, ""month"": 6, ""search_volume"": 10}, {""year"": 2026, ""month"": 5, ""search_volume"": 30}, {""year"": 2026, ""month"": 4, ""search_volume"": 30}, {""year"": 2026, ""month"": 3, ""search_volume"": 30}, {""year"": 2026, ""month"": 2, ""search_volume"": 20}, {""year"": 2026, ""month"": 1, ""search_volume"": 30}, {""year"": 2025, ""month"": 12, ""search_volume"": 40}, {""year"": 2025, ""month"": 11, ""search_volume"": 50}, {""year"": 2025, ""month"": 10, ""search_volume"": 30}, {""year"": 2025, ""month"": 9, ""search_volume"": 10}, {""year"": 2025, ""month"": 8, ""search_volume"": 10}]"
C2,comment brancher un casque tv sans fil,20,0.02,USD_DOCUMENTED,information,False,,,,,"usage/SAV/risque, hors demande achat directe",dataforseo_labs/google/keyword_suggestions/live,2026-09-03T13:38:19.594647+00:00,2026-09-03-test-decouverte-couplee/raw/10-c2-labs.json.gz,"[{""year"": 2026, ""month"": 7, ""search_volume"": 20}, {""year"": 2026, ""month"": 6, ""search_volume"": 30}, {""year"": 2026, ""month"": 5, ""search_volume"": 10}, {""year"": 2026, ""month"": 4, ""search_volume"": 10}, {""year"": 2026, ""month"": 3, ""search_volume"": 30}, {""year"": 2026, ""month"": 2, ""search_volume"": 10}, {""year"": 2026, ""month"": 1, ""search_volume"": 20}, {""year"": 2025, ""month"": 12, ""search_volume"": 50}, {""year"": 2025, ""month"": 11, ""search_volume"": 30}, {""year"": 2025, ""month"": 10, ""search_volume"": 20}, {""year"": 2025, ""month"": 9, ""search_volume"": 20}, {""year"": 2025, ""month"": 8, ""search_volume"": 10}]"
C2,casque tv sans fil philips duo,20,0.1,USD_DOCUMENTED,conditional,True,,,,,double casque ou entrée audio USB non confirmée pour le kit simple,keywords_data/google_ads/search_volume/live,2026-09-03T14:41:45.663971+00:00,2026-09-03-qualification-9-produits-pur/raw/20-controls-3.json.gz,"[{""year"": 2026, ""month"": 7, ""search_volume"": 10}, {""year"": 2026, ""month"": 6, ""search_volume"": 10}, {""year"": 2026, ""month"": 5, ""search_volume"": 10}, {""year"": 2026, ""month"": 4, ""search_volume"": 10}, {""year"": 2026, ""month"": 3, ""search_volume"": 10}, {""year"": 2026, ""month"": 2, ""search_volume"": 20}, {""year"": 2026, ""month"": 1, ""search_volume"": 30}, {""year"": 2025, ""month"": 12, ""search_volume"": 30}, {""year"": 2025, ""month"": 11, ""search_volume"": 30}, {""year"": 2025, ""month"": 10, ""search_volume"": 20}, {""year"": 2025, ""month"": 9, ""search_volume"": 10}, {""year"": 2025, ""month"": 8, ""search_volume"": 10}]"
C2,2 casque tv sans fil,20,0.45,USD_DOCUMENTED,core,False,G0032,20,G0041,20,casque TV sans fil compatible avec kit émetteur,keywords_data/google_ads/search_volume/live,2026-09-03T14:41:45.663971+00:00,2026-09-03-qualification-9-produits-pur/raw/20-controls-3.json.gz,"[{""year"": 2026, ""month"": 7, ""search_volume"": 10}, {""year"": 2026, ""month"": 6, ""search_volume"": 10}, {""year"": 2026, ""month"": 5, ""search_volume"": 20}, {""year"": 2026, ""month"": 4, ""search_volume"": 20}, {""year"": 2026, ""month"": 3, ""search_volume"": 20}, {""year"": 2026, ""month"": 2, ""search_volume"": 40}, {""year"": 2026, ""month"": 1, ""search_volume"": 30}, {""year"": 2025, ""month"": 12, ""search_volume"": 50}, {""year"": 2025, ""month"": 11, ""search_volume"": 40}, {""year"": 2025, ""month"": 10, ""search_volume"": 10}, {""year"": 2025, ""month"": 9, ""search_volume"": 20}, {""year"": 2025, ""month"": 8, ""search_volume"": 10}]"
C2,prise casque tv hisense,20,,USD_DOCUMENTED,parent,True,,,,,"casque TV générique, filaire et sans fil mélangés",dataforseo_labs/google/keyword_suggestions/live,2026-09-03T13:38:19.594647+00:00,2026-09-03-test-decouverte-couplee/raw/10-c2-labs.json.gz,"[{""year"": 2026, ""month"": 7, ""search_volume"": 10}, {""year"": 2026, ""month"": 6, ""search_volume"": 10}, {""year"": 2026, ""month"": 5, ""search_volume"": 10}, {""year"": 2026, ""month"": 4, ""search_volume"": 10}, {""year"": 2026, ""month"": 3, ""search_volume"": 10}, {""year"": 2026, ""month"": 2, ""search_volume"": 10}, {""year"": 2026, ""month"": 1, ""search_volume"": 20}, {""year"": 2025, ""month"": 12, ""search_volume"": 30}, {""year"": 2025, ""month"": 11, ""search_volume"": 20}, {""year"": 2025, ""month"": 10, ""search_volume"": 20}, {""year"": 2025, ""month"": 9, ""search_volume"": 10}, {""year"": 2025, ""month"": 8, ""search_volume"": 10}]"
C2,casque bose tv,20,0.62,USD_DOCUMENTED,parent,True,,,,,"casque TV générique, filaire et sans fil mélangés",dataforseo_labs/google/keyword_suggestions/live,2026-09-03T13:38:19.594647+00:00,2026-09-03-test-decouverte-couplee/raw/10-c2-labs.json.gz,"[{""year"": 2026, ""month"": 7, ""search_volume"": 10}, {""year"": 2026, ""month"": 6, ""search_volume"": 10}, {""year"": 2026, ""month"": 5, ""search_volume"": 10}, {""year"": 2026, ""month"": 4, ""search_volume"": 10}, {""year"": 2026, ""month"": 3, ""search_volume"": 10}, {""year"": 2026, ""month"": 2, ""search_volume"": 10}, {""year"": 2026, ""month"": 1, ""search_volume"": 20}, {""year"": 2025, ""month"": 12, ""search_volume"": 30}, {""year"": 2025, ""month"": 11, ""search_volume"": 30}, {""year"": 2025, ""month"": 10, ""search_volume"": 10}, {""year"": 2025, ""month"": 9, ""search_volume"": 10}, {""year"": 2025, ""month"": 8, ""search_volume"": 20}]"
C2,écouter tv avec casque bluetooth sans couper son,20,0.21,USD_DOCUMENTED,core,False,G0033,20,G0042,20,casque TV sans fil compatible avec kit émetteur,keywords_data/google_ads/search_volume/live,2026-09-03T14:41:45.663971+00:00,2026-09-03-qualification-9-produits-pur/raw/20-controls-3.json.gz,"[{""year"": 2026, ""month"": 7, ""search_volume"": 10}, {""year"": 2026, ""month"": 6, ""search_volume"": 10}, {""year"": 2026, ""month"": 5, ""search_volume"": 10}, {""year"": 2026, ""month"": 4, ""search_volume"": 20}, {""year"": 2026, ""month"": 3, ""search_volume"": 10}, {""year"": 2026, ""month"": 2, ""search_volume"": 20}, {""year"": 2026, ""month"": 1, ""search_volume"": 30}, {""year"": 2025, ""month"": 12, ""search_volume"": 30}, {""year"": 2025, ""month"": 11, ""search_volume"": 20}, {""year"": 2025, ""month"": 10, ""search_volume"": 20}, {""year"": 2025, ""month"": 9, ""search_volume"": 10}, {""year"": 2025, ""month"": 8, ""search_volume"": 20}]"
C2,thomson casque sans fil tv whp3001bk,20,0.11,USD_DOCUMENTED,core,True,,,,,casque TV sans fil compatible avec kit émetteur,keywords_data/google_ads/search_volume/live,2026-09-03T14:41:45.663971+00:00,2026-09-03-qualification-9-produits-pur/raw/20-controls-3.json.gz,"[{""year"": 2026, ""month"": 7, ""search_volume"": 20}, {""year"": 2026, ""month"": 6, ""search_volume"": 10}, {""year"": 2026, ""month"": 5, ""search_volume"": 10}, {""year"": 2026, ""month"": 4, ""search_volume"": 20}, {""year"": 2026, ""month"": 3, ""search_volume"": 10}, {""year"": 2026, ""month"": 2, ""search_volume"": 20}, {""year"": 2026, ""month"": 1, ""search_volume"": 20}, {""year"": 2025, ""month"": 12, ""search_volume"": 30}, {""year"": 2025, ""month"": 11, ""search_volume"": 40}, {""year"": 2025, ""month"": 10, ""search_volume"": 30}, {""year"": 2025, ""month"": 9, ""search_volume"": 10}, {""year"": 2025, ""month"": 8, ""search_volume"": 40}]"
C2,casque jbl pour tv,20,0.17,USD_DOCUMENTED,parent,True,,,,,"casque TV générique, filaire et sans fil mélangés",dataforseo_labs/google/keyword_suggestions/live,2026-09-03T13:38:19.594647+00:00,2026-09-03-test-decouverte-couplee/raw/10-c2-labs.json.gz,"[{""year"": 2026, ""month"": 7, ""search_volume"": 10}, {""year"": 2026, ""month"": 6, ""search_volume"": 10}, {""year"": 2026, ""month"": 5, ""search_volume"": 10}, {""year"": 2026, ""month"": 4, ""search_volume"": 10}, {""year"": 2026, ""month"": 3, ""search_volume"": 20}, {""year"": 2026, ""month"": 2, ""search_volume"": 10}, {""year"": 2026, ""month"": 1, ""search_volume"": 20}, {""year"": 2025, ""month"": 12, ""search_volume"": 50}, {""year"": 2025, ""month"": 11, ""search_volume"": 30}, {""year"": 2025, ""month"": 10, ""search_volume"": 20}, {""year"": 2025, ""month"": 9, ""search_volume"": 10}, {""year"": 2025, ""month"": 8, ""search_volume"": 10}]"
C2,casque sans fil tv avis,20,0.46,USD_DOCUMENTED,core,False,G0034,20,G0043,20,casque TV sans fil compatible avec kit émetteur,keywords_data/google_ads/search_volume/live,2026-09-03T14:41:45.663971+00:00,2026-09-03-qualification-9-produits-pur/raw/20-controls-3.json.gz,"[{""year"": 2026, ""month"": 7, ""search_volume"": 10}, {""year"": 2026, ""month"": 6, ""search_volume"": 10}, {""year"": 2026, ""month"": 5, ""search_volume"": 10}, {""year"": 2026, ""month"": 4, ""search_volume"": 10}, {""year"": 2026, ""month"": 3, ""search_volume"": 10}, {""year"": 2026, ""month"": 2, ""search_volume"": 10}, {""year"": 2026, ""month"": 1, ""search_volume"": 30}, {""year"": 2025, ""month"": 12, ""search_volume"": 50}, {""year"": 2025, ""month"": 11, ""search_volume"": 50}, {""year"": 2025, ""month"": 10, ""search_volume"": 10}, {""year"": 2025, ""month"": 9, ""search_volume"": 10}, {""year"": 2025, ""month"": 8, ""search_volume"": 10}]"
C2,casque tv dolby atmos,20,0.45,USD_DOCUMENTED,parent,False,,,,,"casque TV générique, filaire et sans fil mélangés",dataforseo_labs/google/keyword_suggestions/live,2026-09-03T13:38:19.594647+00:00,2026-09-03-test-decouverte-couplee/raw/10-c2-labs.json.gz,"[{""year"": 2026, ""month"": 7, ""search_volume"": 10}, {""year"": 2026, ""month"": 6, ""search_volume"": 10}, {""year"": 2026, ""month"": 5, ""search_volume"": 20}, {""year"": 2026, ""month"": 4, ""search_volume"": 10}, {""year"": 2026, ""month"": 3, ""search_volume"": 10}, {""year"": 2026, ""month"": 2, ""search_volume"": 20}, {""year"": 2026, ""month"": 1, ""search_volume"": 20}, {""year"": 2025, ""month"": 12, ""search_volume"": 50}, {""year"": 2025, ""month"": 11, ""search_volume"": 30}, {""year"": 2025, ""month"": 10, ""search_volume"": 20}, {""year"": 2025, ""month"": 9, ""search_volume"": 20}, {""year"": 2025, ""month"": 8, ""search_volume"": 10}]"
C2,casque siemens set 842 tv,20,0.23,USD_DOCUMENTED,parent,True,,,,,"casque TV générique, filaire et sans fil mélangés",dataforseo_labs/google/keyword_suggestions/live,2026-09-03T13:38:19.594647+00:00,2026-09-03-test-decouverte-couplee/raw/10-c2-labs.json.gz,"[{""year"": 2026, ""month"": 7, ""search_volume"": 10}, {""year"": 2026, ""month"": 6, ""search_volume"": 10}, {""year"": 2026, ""month"": 5, ""search_volume"": 10}, {""year"": 2026, ""month"": 4, ""search_volume"": 10}, {""year"": 2026, ""month"": 3, ""search_volume"": 20}, {""year"": 2026, ""month"": 2, ""search_volume"": 10}, {""year"": 2026, ""month"": 1, ""search_volume"": 20}, {""year"": 2025, ""month"": 12, ""search_volume"": 20}, {""year"": 2025, ""month"": 11, ""search_volume"": 30}, {""year"": 2025, ""month"": 10, ""search_volume"": 20}, {""year"": 2025, ""month"": 9, ""search_volume"": 10}, {""year"": 2025, ""month"": 8, ""search_volume"": 30}]"
C2,chrome casque tv,20,0.21,USD_DOCUMENTED,parent,False,,,,,"casque TV générique, filaire et sans fil mélangés",dataforseo_labs/google/keyword_suggestions/live,2026-09-03T13:38:19.594647+00:00,2026-09-03-test-decouverte-couplee/raw/10-c2-labs.json.gz,"[{""year"": 2026, ""month"": 7, ""search_volume"": 20}, {""year"": 2026, ""month"": 6, ""search_volume"": 10}, {""year"": 2026, ""month"": 5, ""search_volume"": 40}, {""year"": 2026, ""month"": 4, ""search_volume"": 10}, {""year"": 2026, ""month"": 3, ""search_volume"": 20}, {""year"": 2026, ""month"": 2, ""search_volume"": 10}, {""year"": 2026, ""month"": 1, ""search_volume"": 10}, {""year"": 2025, ""month"": 12, ""search_volume"": 30}, {""year"": 2025, ""month"": 11, ""search_volume"": 20}, {""year"": 2025, ""month"": 10, ""search_volume"": 20}, {""year"": 2025, ""month"": 9, ""search_volume"": 30}, {""year"": 2025, ""month"": 8, ""search_volume"": 20}]"
C2,solde casque tv sans fil,20,0.13,USD_DOCUMENTED,core,False,G0035,20,G0044,20,casque TV sans fil compatible avec kit émetteur,keywords_data/google_ads/search_volume/live,2026-09-03T14:41:45.663971+00:00,2026-09-03-qualification-9-produits-pur/raw/20-controls-3.json.gz,"[{""year"": 2026, ""month"": 7, ""search_volume"": 40}, {""year"": 2026, ""month"": 6, ""search_volume"": 30}, {""year"": 2026, ""month"": 5, ""search_volume"": 10}, {""year"": 2026, ""month"": 4, ""search_volume"": 0}, {""year"": 2026, ""month"": 3, ""search_volume"": 10}, {""year"": 2026, ""month"": 2, ""search_volume"": 10}, {""year"": 2026, ""month"": 1, ""search_volume"": 140}, {""year"": 2025, ""month"": 12, ""search_volume"": 10}, {""year"": 2025, ""month"": 11, ""search_volume"": 10}, {""year"": 2025, ""month"": 10, ""search_volume"": 10}, {""year"": 2025, ""month"": 9, ""search_volume"": 10}, {""year"": 2025, ""month"": 8, ""search_volume"": 10}]"
C2,casque tv intra auriculaire sans fil,20,0.28,USD_DOCUMENTED,incompatible,False,,,,,"autre technologie, accessoire ou besoin auditif spécifique",dataforseo_labs/google/keyword_suggestions/live,2026-09-03T13:38:19.594647+00:00,2026-09-03-test-decouverte-couplee/raw/10-c2-labs.json.gz,"[{""year"": 2026, ""month"": 7, ""search_volume"": 20}, {""year"": 2026, ""month"": 6, ""search_volume"": 20}, {""year"": 2026, ""month"": 5, ""search_volume"": 10}, {""year"": 2026, ""month"": 4, ""search_volume"": 10}, {""year"": 2026, ""month"": 3, ""search_volume"": 20}, {""year"": 2026, ""month"": 2, ""search_volume"": 10}, {""year"": 2026, ""month"": 1, ""search_volume"": 20}, {""year"": 2025, ""month"": 12, ""search_volume"": 30}, {""year"": 2025, ""month"": 11, ""search_volume"": 30}, {""year"": 2025, ""month"": 10, ""search_volume"": 20}, {""year"": 2025, ""month"": 9, ""search_volume"": 20}, {""year"": 2025, ""month"": 8, ""search_volume"": 20}]"
C2,casque réalité virtuelle tv,20,0.02,USD_DOCUMENTED,incompatible,False,,,,,"autre technologie, accessoire ou besoin auditif spécifique",dataforseo_labs/google/keyword_suggestions/live,2026-09-03T13:38:19.594647+00:00,2026-09-03-test-decouverte-couplee/raw/10-c2-labs.json.gz,"[{""year"": 2026, ""month"": 7, ""search_volume"": 10}, {""year"": 2026, ""month"": 6, ""search_volume"": 10}, {""year"": 2026, ""month"": 5, ""search_volume"": 40}, {""year"": 2026, ""month"": 4, ""search_volume"": 20}, {""year"": 2026, ""month"": 3, ""search_volume"": 70}, {""year"": 2026, ""month"": 2, ""search_volume"": 70}, {""year"": 2026, ""month"": 1, ""search_volume"": 10}, {""year"": 2025, ""month"": 12, ""search_volume"": 10}, {""year"": 2025, ""month"": 11, ""search_volume"": 10}, {""year"": 2025, ""month"": 10, ""search_volume"": 10}, {""year"": 2025, ""month"": 9, ""search_volume"": 20}, {""year"": 2025, ""month"": 8, ""search_volume"": 30}]"
C2,amplifon casque tv,20,1.68,USD_DOCUMENTED,parent,True,,,,,"casque TV générique, filaire et sans fil mélangés",dataforseo_labs/google/keyword_suggestions/live,2026-09-03T13:38:19.594647+00:00,2026-09-03-test-decouverte-couplee/raw/10-c2-labs.json.gz,"[{""year"": 2026, ""month"": 7, ""search_volume"": 20}, {""year"": 2026, ""month"": 6, ""search_volume"": 10}, {""year"": 2026, ""month"": 5, ""search_volume"": 10}, {""year"": 2026, ""month"": 4, ""search_volume"": 20}, {""year"": 2026, ""month"": 3, ""search_volume"": 20}, {""year"": 2026, ""month"": 2, ""search_volume"": 20}, {""year"": 2026, ""month"": 1, ""search_volume"": 40}, {""year"": 2025, ""month"": 12, ""search_volume"": 30}, {""year"": 2025, ""month"": 11, ""search_volume"": 50}, {""year"": 2025, ""month"": 10, ""search_volume"": 20}, {""year"": 2025, ""month"": 9, ""search_volume"": 20}, {""year"": 2025, ""month"": 8, ""search_volume"": 40}]"
C2,casque tv sans fil sony mdr rf895rk,20,0.36,USD_DOCUMENTED,core,True,,,,,casque TV sans fil compatible avec kit émetteur,keywords_data/google_ads/search_volume/live,2026-09-03T14:41:45.663971+00:00,2026-09-03-qualification-9-produits-pur/raw/20-controls-3.json.gz,"[{""year"": 2026, ""month"": 7, ""search_volume"": 10}, {""year"": 2026, ""month"": 6, ""search_volume"": 20}, {""year"": 2026, ""month"": 5, ""search_volume"": 10}, {""year"": 2026, ""month"": 4, ""search_volume"": 10}, {""year"": 2026, ""month"": 3, ""search_volume"": 20}, {""year"": 2026, ""month"": 2, ""search_volume"": 10}, {""year"": 2026, ""month"": 1, ""search_volume"": 20}, {""year"": 2025, ""month"": 12, ""search_volume"": 20}, {""year"": 2025, ""month"": 11, ""search_volume"": 20}, {""year"": 2025, ""month"": 10, ""search_volume"": 20}, {""year"": 2025, ""month"": 9, ""search_volume"": 10}, {""year"": 2025, ""month"": 8, ""search_volume"": 10}]"
C2,casque tv sans fil philips carrefour,20,0.02,USD_DOCUMENTED,core,True,,,,,casque TV sans fil compatible avec kit émetteur,keywords_data/google_ads/search_volume/live,2026-09-03T14:41:45.663971+00:00,2026-09-03-qualification-9-produits-pur/raw/20-controls-3.json.gz,"[{""year"": 2026, ""month"": 7, ""search_volume"": 10}, {""year"": 2026, ""month"": 6, ""search_volume"": 10}, {""year"": 2026, ""month"": 5, ""search_volume"": 10}, {""year"": 2026, ""month"": 4, ""search_volume"": 10}, {""year"": 2026, ""month"": 3, ""search_volume"": 20}, {""year"": 2026, ""month"": 2, ""search_volume"": 20}, {""year"": 2026, ""month"": 1, ""search_volume"": 30}, {""year"": 2025, ""month"": 12, ""search_volume"": 30}, {""year"": 2025, ""month"": 11, ""search_volume"": 30}, {""year"": 2025, ""month"": 10, ""search_volume"": 20}, {""year"": 2025, ""month"": 9, ""search_volume"": 20}, {""year"": 2025, ""month"": 8, ""search_volume"": 20}]"
C2,sortie casque tv samsung,20,,USD_DOCUMENTED,parent,True,,,,,"casque TV générique, filaire et sans fil mélangés",dataforseo_labs/google/keyword_suggestions/live,2026-09-03T13:38:19.594647+00:00,2026-09-03-test-decouverte-couplee/raw/10-c2-labs.json.gz,"[{""year"": 2026, ""month"": 7, ""search_volume"": 10}, {""year"": 2026, ""month"": 6, ""search_volume"": 10}, {""year"": 2026, ""month"": 5, ""search_volume"": 10}, {""year"": 2026, ""month"": 4, ""search_volume"": 10}, {""year"": 2026, ""month"": 3, ""search_volume"": 10}, {""year"": 2026, ""month"": 2, ""search_volume"": 10}, {""year"": 2026, ""month"": 1, ""search_volume"": 10}, {""year"": 2025, ""month"": 12, ""search_volume"": 30}, {""year"": 2025, ""month"": 11, ""search_volume"": 30}, {""year"": 2025, ""month"": 10, ""search_volume"": 20}, {""year"": 2025, ""month"": 9, ""search_volume"": 20}, {""year"": 2025, ""month"": 8, ""search_volume"": 20}]"
C2,double casque bluetooth pour tv,20,0.25,USD_DOCUMENTED,conditional,False,,,G0048,20,double casque ou entrée audio USB non confirmée pour le kit simple,keywords_data/google_ads/search_volume/live,2026-09-03T14:41:45.663971+00:00,2026-09-03-qualification-9-produits-pur/raw/20-controls-3.json.gz,"[{""year"": 2026, ""month"": 7, ""search_volume"": 20}, {""year"": 2026, ""month"": 6, ""search_volume"": 20}, {""year"": 2026, ""month"": 5, ""search_volume"": 20}, {""year"": 2026, ""month"": 4, ""search_volume"": 30}, {""year"": 2026, ""month"": 3, ""search_volume"": 10}, {""year"": 2026, ""month"": 2, ""search_volume"": 20}, {""year"": 2026, ""month"": 1, ""search_volume"": 40}, {""year"": 2025, ""month"": 12, ""search_volume"": 40}, {""year"": 2025, ""month"": 11, ""search_volume"": 40}, {""year"": 2025, ""month"": 10, ""search_volume"": 20}, {""year"": 2025, ""month"": 9, ""search_volume"": 20}, {""year"": 2025, ""month"": 8, ""search_volume"": 20}]"
C2,casque tv sans fil avec prise usb,20,0.17,USD_DOCUMENTED,conditional,False,,,G0049,20,double casque ou entrée audio USB non confirmée pour le kit simple,keywords_data/google_ads/search_volume/live,2026-09-03T14:41:45.663971+00:00,2026-09-03-qualification-9-produits-pur/raw/20-controls-3.json.gz,"[{""year"": 2026, ""month"": 7, ""search_volume"": 10}, {""year"": 2026, ""month"": 6, ""search_volume"": 10}, {""year"": 2026, ""month"": 5, ""search_volume"": 10}, {""year"": 2026, ""month"": 4, ""search_volume"": 10}, {""year"": 2026, ""month"": 3, ""search_volume"": 20}, {""year"": 2026, ""month"": 2, ""search_volume"": 10}, {""year"": 2026, ""month"": 1, ""search_volume"": 20}, {""year"": 2025, ""month"": 12, ""search_volume"": 30}, {""year"": 2025, ""month"": 11, ""search_volume"": 20}, {""year"": 2025, ""month"": 10, ""search_volume"": 10}, {""year"": 2025, ""month"": 9, ""search_volume"": 40}, {""year"": 2025, ""month"": 8, ""search_volume"": 0}]"
C2,casque sans fil pour tv samsung sans bluetooth,20,0.08,USD_DOCUMENTED,core,True,,,,,casque TV sans fil compatible avec kit émetteur,keywords_data/google_ads/search_volume/live,2026-09-03T14:41:45.663971+00:00,2026-09-03-qualification-9-produits-pur/raw/20-controls-3.json.gz,"[{""year"": 2026, ""month"": 7, ""search_volume"": 20}, {""year"": 2026, ""month"": 6, ""search_volume"": 10}, {""year"": 2026, ""month"": 5, ""search_volume"": 10}, {""year"": 2026, ""month"": 4, ""search_volume"": 10}, {""year"": 2026, ""month"": 3, ""search_volume"": 20}, {""year"": 2026, ""month"": 2, ""search_volume"": 10}, {""year"": 2026, ""month"": 1, ""search_volume"": 30}, {""year"": 2025, ""month"": 12, ""search_volume"": 20}, {""year"": 2025, ""month"": 11, ""search_volume"": 10}, {""year"": 2025, ""month"": 10, ""search_volume"": 30}, {""year"": 2025, ""month"": 9, ""search_volume"": 20}, {""year"": 2025, ""month"": 8, ""search_volume"": 10}]"
C2,casque bluetooth pour regarder la tv,20,0.16,USD_DOCUMENTED,core,False,G0036,20,G0045,20,casque TV sans fil compatible avec kit émetteur,keywords_data/google_ads/search_volume/live,2026-09-03T14:41:45.663971+00:00,2026-09-03-qualification-9-produits-pur/raw/20-controls-3.json.gz,"[{""year"": 2026, ""month"": 7, ""search_volume"": 10}, {""year"": 2026, ""month"": 6, ""search_volume"": 10}, {""year"": 2026, ""month"": 5, ""search_volume"": 10}, {""year"": 2026, ""month"": 4, ""search_volume"": 10}, {""year"": 2026, ""month"": 3, ""search_volume"": 10}, {""year"": 2026, ""month"": 2, ""search_volume"": 10}, {""year"": 2026, ""month"": 1, ""search_volume"": 30}, {""year"": 2025, ""month"": 12, ""search_volume"": 50}, {""year"": 2025, ""month"": 11, ""search_volume"": 20}, {""year"": 2025, ""month"": 10, ""search_volume"": 30}, {""year"": 2025, ""month"": 9, ""search_volume"": 10}, {""year"": 2025, ""month"": 8, ""search_volume"": 20}]"
C2,meilleur casque tv optique,20,2.74,USD_DOCUMENTED,parent,False,,,,,"casque TV générique, filaire et sans fil mélangés",dataforseo_labs/google/keyword_suggestions/live,2026-09-03T13:38:19.594647+00:00,2026-09-03-test-decouverte-couplee/raw/10-c2-labs.json.gz,"[{""year"": 2026, ""month"": 7, ""search_volume"": 10}, {""year"": 2026, ""month"": 6, ""search_volume"": 20}, {""year"": 2026, ""month"": 5, ""search_volume"": 10}, {""year"": 2026, ""month"": 4, ""search_volume"": 10}, {""year"": 2026, ""month"": 3, ""search_volume"": 10}, {""year"": 2026, ""month"": 2, ""search_volume"": 20}, {""year"": 2026, ""month"": 1, ""search_volume"": 20}, {""year"": 2025, ""month"": 12, ""search_volume"": 30}, {""year"": 2025, ""month"": 11, ""search_volume"": 40}, {""year"": 2025, ""month"": 10, ""search_volume"": 20}, {""year"": 2025, ""month"": 9, ""search_volume"": 20}, {""year"": 2025, ""month"": 8, ""search_volume"": 40}]"
C2,avantree casque tv sans fil,20,0.48,USD_DOCUMENTED,core,True,,,,,casque TV sans fil compatible avec kit émetteur,keywords_data/google_ads/search_volume/live,2026-09-03T14:41:45.663971+00:00,2026-09-03-qualification-9-produits-pur/raw/20-controls-3.json.gz,"[{""year"": 2026, ""month"": 7, ""search_volume"": 10}, {""year"": 2026, ""month"": 6, ""search_volume"": 10}, {""year"": 2026, ""month"": 5, ""search_volume"": 10}, {""year"": 2026, ""month"": 4, ""search_volume"": 20}, {""year"": 2026, ""month"": 3, ""search_volume"": 20}, {""year"": 2026, ""month"": 2, ""search_volume"": 20}, {""year"": 2026, ""month"": 1, ""search_volume"": 40}, {""year"": 2025, ""month"": 12, ""search_volume"": 40}, {""year"": 2025, ""month"": 11, ""search_volume"": 30}, {""year"": 2025, ""month"": 10, ""search_volume"": 30}, {""year"": 2025, ""month"": 9, ""search_volume"": 30}, {""year"": 2025, ""month"": 8, ""search_volume"": 20}]"
C2,casque bluetooth decodeur tv orange,20,,USD_DOCUMENTED,core,True,,,,,casque TV sans fil compatible avec kit émetteur,keywords_data/google_ads/search_volume/live,2026-09-03T14:41:45.663971+00:00,2026-09-03-qualification-9-produits-pur/raw/20-controls-3.json.gz,"[{""year"": 2026, ""month"": 7, ""search_volume"": 10}, {""year"": 2026, ""month"": 6, ""search_volume"": 10}, {""year"": 2026, ""month"": 5, ""search_volume"": 30}, {""year"": 2026, ""month"": 4, ""search_volume"": 10}, {""year"": 2026, ""month"": 3, ""search_volume"": 20}, {""year"": 2026, ""month"": 2, ""search_volume"": 30}, {""year"": 2026, ""month"": 1, ""search_volume"": 30}, {""year"": 2025, ""month"": 12, ""search_volume"": 30}, {""year"": 2025, ""month"": 11, ""search_volume"": 20}, {""year"": 2025, ""month"": 10, ""search_volume"": 10}, {""year"": 2025, ""month"": 9, ""search_volume"": 10}, {""year"": 2025, ""month"": 8, ""search_volume"": 10}]"
C2,casque tv sans fil optique,20,0.39,USD_DOCUMENTED,core,False,G0037,20,G0046,20,casque TV sans fil compatible avec kit émetteur,keywords_data/google_ads/search_volume/live,2026-09-03T14:41:45.663971+00:00,2026-09-03-qualification-9-produits-pur/raw/20-controls-3.json.gz,"[{""year"": 2026, ""month"": 7, ""search_volume"": 10}, {""year"": 2026, ""month"": 6, ""search_volume"": 10}, {""year"": 2026, ""month"": 5, ""search_volume"": 10}, {""year"": 2026, ""month"": 4, ""search_volume"": 10}, {""year"": 2026, ""month"": 3, ""search_volume"": 20}, {""year"": 2026, ""month"": 2, ""search_volume"": 30}, {""year"": 2026, ""month"": 1, ""search_volume"": 30}, {""year"": 2025, ""month"": 12, ""search_volume"": 50}, {""year"": 2025, ""month"": 11, ""search_volume"": 40}, {""year"": 2025, ""month"": 10, ""search_volume"": 20}, {""year"": 2025, ""month"": 9, ""search_volume"": 20}, {""year"": 2025, ""month"": 8, ""search_volume"": 20}]"
C2,casque tv sans fil audika,20,0.55,USD_DOCUMENTED,core,True,,,,,casque TV sans fil compatible avec kit émetteur,keywords_data/google_ads/search_volume/live,2026-09-03T14:41:45.663971+00:00,2026-09-03-qualification-9-produits-pur/raw/20-controls-3.json.gz,"[{""year"": 2026, ""month"": 7, ""search_volume"": 10}, {""year"": 2026, ""month"": 6, ""search_volume"": 10}, {""year"": 2026, ""month"": 5, ""search_volume"": 20}, {""year"": 2026, ""month"": 4, ""search_volume"": 20}, {""year"": 2026, ""month"": 3, ""search_volume"": 20}, {""year"": 2026, ""month"": 2, ""search_volume"": 30}, {""year"": 2026, ""month"": 1, ""search_volume"": 40}, {""year"": 2025, ""month"": 12, ""search_volume"": 50}, {""year"": 2025, ""month"": 11, ""search_volume"": 40}, {""year"": 2025, ""month"": 10, ""search_volume"": 20}, {""year"": 2025, ""month"": 9, ""search_volume"": 20}, {""year"": 2025, ""month"": 8, ""search_volume"": 20}]"
C2,casque sans fil tv action,20,0.15,USD_DOCUMENTED,core,True,,,,,casque TV sans fil compatible avec kit émetteur,keywords_data/google_ads/search_volume/live,2026-09-03T14:41:45.663971+00:00,2026-09-03-qualification-9-produits-pur/raw/20-controls-3.json.gz,"[{""year"": 2026, ""month"": 7, ""search_volume"": 30}, {""year"": 2026, ""month"": 6, ""search_volume"": 20}, {""year"": 2026, ""month"": 5, ""search_volume"": 20}, {""year"": 2026, ""month"": 4, ""search_volume"": 10}, {""year"": 2026, ""month"": 3, ""search_volume"": 10}, {""year"": 2026, ""month"": 2, ""search_volume"": 20}, {""year"": 2026, ""month"": 1, ""search_volume"": 20}, {""year"": 2025, ""month"": 12, ""search_volume"": 20}, {""year"": 2025, ""month"": 11, ""search_volume"": 30}, {""year"": 2025, ""month"": 10, ""search_volume"": 0}, {""year"": 2025, ""month"": 9, ""search_volume"": 0}, {""year"": 2025, ""month"": 8, ""search_volume"": 0}]"
C2,casque d'écoute pour tv,20,0.42,USD_DOCUMENTED,parent,False,,,,,"casque TV générique, filaire et sans fil mélangés",dataforseo_labs/google/keyword_suggestions/live,2026-09-03T13:38:19.594647+00:00,2026-09-03-test-decouverte-couplee/raw/10-c2-labs.json.gz,"[{""year"": 2026, ""month"": 7, ""search_volume"": 10}, {""year"": 2026, ""month"": 6, ""search_volume"": 10}, {""year"": 2026, ""month"": 5, ""search_volume"": 10}, {""year"": 2026, ""month"": 4, ""search_volume"": 10}, {""year"": 2026, ""month"": 3, ""search_volume"": 20}, {""year"": 2026, ""month"": 2, ""search_volume"": 10}, {""year"": 2026, ""month"": 1, ""search_volume"": 10}, {""year"": 2025, ""month"": 12, ""search_volume"": 50}, {""year"": 2025, ""month"": 11, ""search_volume"": 30}, {""year"": 2025, ""month"": 10, ""search_volume"": 10}, {""year"": 2025, ""month"": 9, ""search_volume"": 20}, {""year"": 2025, ""month"": 8, ""search_volume"": 20}]"
C2,connecter 2 casque bluetooth sur tv lg,20,,USD_DOCUMENTED,information,True,,,,,"usage/SAV/risque, hors demande achat directe",dataforseo_labs/google/keyword_suggestions/live,2026-09-03T13:38:19.594647+00:00,2026-09-03-test-decouverte-couplee/raw/10-c2-labs.json.gz,"[{""year"": 2026, ""month"": 7, ""search_volume"": 10}, {""year"": 2026, ""month"": 6, ""search_volume"": 10}, {""year"": 2026, ""month"": 5, ""search_volume"": 10}, {""year"": 2026, ""month"": 4, ""search_volume"": 20}, {""year"": 2026, ""month"": 3, ""search_volume"": 20}, {""year"": 2026, ""month"": 2, ""search_volume"": 40}, {""year"": 2026, ""month"": 1, ""search_volume"": 40}, {""year"": 2025, ""month"": 12, ""search_volume"": 30}, {""year"": 2025, ""month"": 11, ""search_volume"": 30}, {""year"": 2025, ""month"": 10, ""search_volume"": 20}, {""year"": 2025, ""month"": 9, ""search_volume"": 20}, {""year"": 2025, ""month"": 8, ""search_volume"": 20}]"
C2,casque audio tv darty,20,0.04,USD_DOCUMENTED,parent,True,,,,,"casque TV générique, filaire et sans fil mélangés",dataforseo_labs/google/keyword_suggestions/live,2026-09-03T13:38:19.594647+00:00,2026-09-03-test-decouverte-couplee/raw/10-c2-labs.json.gz,"[{""year"": 2026, ""month"": 7, ""search_volume"": 10}, {""year"": 2026, ""month"": 6, ""search_volume"": 20}, {""year"": 2026, ""month"": 5, ""search_volume"": 10}, {""year"": 2026, ""month"": 4, ""search_volume"": 10}, {""year"": 2026, ""month"": 3, ""search_volume"": 20}, {""year"": 2026, ""month"": 2, ""search_volume"": 10}, {""year"": 2026, ""month"": 1, ""search_volume"": 30}, {""year"": 2025, ""month"": 12, ""search_volume"": 40}, {""year"": 2025, ""month"": 11, ""search_volume"": 50}, {""year"": 2025, ""month"": 10, ""search_volume"": 30}, {""year"": 2025, ""month"": 9, ""search_volume"": 30}, {""year"": 2025, ""month"": 8, ""search_volume"": 20}]"
C2,casque tv sans fil lidl,20,0.09,USD_DOCUMENTED,core,True,,,,,casque TV sans fil compatible avec kit émetteur,keywords_data/google_ads/search_volume/live,2026-09-03T14:41:45.663971+00:00,2026-09-03-qualification-9-produits-pur/raw/20-controls-3.json.gz,"[{""year"": 2026, ""month"": 7, ""search_volume"": 10}, {""year"": 2026, ""month"": 6, ""search_volume"": 10}, {""year"": 2026, ""month"": 5, ""search_volume"": 10}, {""year"": 2026, ""month"": 4, ""search_volume"": 10}, {""year"": 2026, ""month"": 3, ""search_volume"": 10}, {""year"": 2026, ""month"": 2, ""search_volume"": 10}, {""year"": 2026, ""month"": 1, ""search_volume"": 30}, {""year"": 2025, ""month"": 12, ""search_volume"": 40}, {""year"": 2025, ""month"": 11, ""search_volume"": 40}, {""year"": 2025, ""month"": 10, ""search_volume"": 30}, {""year"": 2025, ""month"": 9, ""search_volume"": 30}, {""year"": 2025, ""month"": 8, ""search_volume"": 30}]"
C2,cgv casque tv mode d'emploi,20,,USD_DOCUMENTED,information,True,,,,,"usage/SAV/risque, hors demande achat directe",dataforseo_labs/google/keyword_suggestions/live,2026-09-03T13:38:19.594647+00:00,2026-09-03-test-decouverte-couplee/raw/10-c2-labs.json.gz,"[{""year"": 2026, ""month"": 7, ""search_volume"": 10}, {""year"": 2026, ""month"": 6, ""search_volume"": 20}, {""year"": 2026, ""month"": 5, ""search_volume"": 10}, {""year"": 2026, ""month"": 4, ""search_volume"": 10}, {""year"": 2026, ""month"": 3, ""search_volume"": 10}, {""year"": 2026, ""month"": 2, ""search_volume"": 10}, {""year"": 2026, ""month"": 1, ""search_volume"": 40}, {""year"": 2025, ""month"": 12, ""search_volume"": 30}, {""year"": 2025, ""month"": 11, ""search_volume"": 30}, {""year"": 2025, ""month"": 10, ""search_volume"": 20}, {""year"": 2025, ""month"": 9, ""search_volume"": 20}, {""year"": 2025, ""month"": 8, ""search_volume"": 30}]"
C2,casque sans fil pour tv lg,20,0.21,USD_DOCUMENTED,core,True,,,,,casque TV sans fil compatible avec kit émetteur,keywords_data/google_ads/search_volume/live,2026-09-03T14:41:45.663971+00:00,2026-09-03-qualification-9-produits-pur/raw/20-controls-3.json.gz,"[{""year"": 2026, ""month"": 7, ""search_volume"": 10}, {""year"": 2026, ""month"": 6, ""search_volume"": 20}, {""year"": 2026, ""month"": 5, ""search_volume"": 10}, {""year"": 2026, ""month"": 4, ""search_volume"": 20}, {""year"": 2026, ""month"": 3, ""search_volume"": 20}, {""year"": 2026, ""month"": 2, ""search_volume"": 30}, {""year"": 2026, ""month"": 1, ""search_volume"": 20}, {""year"": 2025, ""month"": 12, ""search_volume"": 40}, {""year"": 2025, ""month"": 11, ""search_volume"": 30}, {""year"": 2025, ""month"": 10, ""search_volume"": 30}, {""year"": 2025, ""month"": 9, ""search_volume"": 20}, {""year"": 2025, ""month"": 8, ""search_volume"": 20}]"
C2,casque pour entendre la tv,20,1.32,USD_DOCUMENTED,parent,False,,,,,"casque TV générique, filaire et sans fil mélangés",dataforseo_labs/google/keyword_suggestions/live,2026-09-03T13:38:19.594647+00:00,2026-09-03-test-decouverte-couplee/raw/10-c2-labs.json.gz,"[{""year"": 2026, ""month"": 7, ""search_volume"": 10}, {""year"": 2026, ""month"": 6, ""search_volume"": 20}, {""year"": 2026, ""month"": 5, ""search_volume"": 20}, {""year"": 2026, ""month"": 4, ""search_volume"": 20}, {""year"": 2026, ""month"": 3, ""search_volume"": 10}, {""year"": 2026, ""month"": 2, ""search_volume"": 20}, {""year"": 2026, ""month"": 1, ""search_volume"": 20}, {""year"": 2025, ""month"": 12, ""search_volume"": 30}, {""year"": 2025, ""month"": 11, ""search_volume"": 30}, {""year"": 2025, ""month"": 10, ""search_volume"": 20}, {""year"": 2025, ""month"": 9, ""search_volume"": 20}, {""year"": 2025, ""month"": 8, ""search_volume"": 20}]"
C2,casque tv sans fil intra auriculaire,20,0.28,USD_DOCUMENTED,incompatible,False,,,,,"autre technologie, accessoire ou besoin auditif spécifique",dataforseo_labs/google/keyword_suggestions/live,2026-09-03T13:38:19.594647+00:00,2026-09-03-test-decouverte-couplee/raw/10-c2-labs.json.gz,"[{""year"": 2026, ""month"": 7, ""search_volume"": 20}, {""year"": 2026, ""month"": 6, ""search_volume"": 20}, {""year"": 2026, ""month"": 5, ""search_volume"": 10}, {""year"": 2026, ""month"": 4, ""search_volume"": 10}, {""year"": 2026, ""month"": 3, ""search_volume"": 20}, {""year"": 2026, ""month"": 2, ""search_volume"": 10}, {""year"": 2026, ""month"": 1, ""search_volume"": 20}, {""year"": 2025, ""month"": 12, ""search_volume"": 30}, {""year"": 2025, ""month"": 11, ""search_volume"": 30}, {""year"": 2025, ""month"": 10, ""search_volume"": 20}, {""year"": 2025, ""month"": 9, ""search_volume"": 20}, {""year"": 2025, ""month"": 8, ""search_volume"": 20}]"
C2,casque tv qui ne coupe pas le son,20,0.27,USD_DOCUMENTED,parent,False,,,,,"casque TV générique, filaire et sans fil mélangés",dataforseo_labs/google/keyword_suggestions/live,2026-09-03T13:38:19.594647+00:00,2026-09-03-test-decouverte-couplee/raw/10-c2-labs.json.gz,"[{""year"": 2026, ""month"": 7, ""search_volume"": 10}, {""year"": 2026, ""month"": 6, ""search_volume"": 20}, {""year"": 2026, ""month"": 5, ""search_volume"": 10}, {""year"": 2026, ""month"": 4, ""search_volume"": 10}, {""year"": 2026, ""month"": 3, ""search_volume"": 10}, {""year"": 2026, ""month"": 2, ""search_volume"": 10}, {""year"": 2026, ""month"": 1, ""search_volume"": 10}, {""year"": 2025, ""month"": 12, ""search_volume"": 20}, {""year"": 2025, ""month"": 11, ""search_volume"": 10}, {""year"": 2025, ""month"": 10, ""search_volume"": 30}, {""year"": 2025, ""month"": 9, ""search_volume"": 10}, {""year"": 2025, ""month"": 8, ""search_volume"": 20}]"
C2,casque audio tv sony,20,0.32,USD_DOCUMENTED,parent,True,,,,,"casque TV générique, filaire et sans fil mélangés",dataforseo_labs/google/keyword_suggestions/live,2026-09-03T13:38:19.594647+00:00,2026-09-03-test-decouverte-couplee/raw/10-c2-labs.json.gz,"[{""year"": 2026, ""month"": 7, ""search_volume"": 10}, {""year"": 2026, ""month"": 6, ""search_volume"": 20}, {""year"": 2026, ""month"": 5, ""search_volume"": 20}, {""year"": 2026, ""month"": 4, ""search_volume"": 20}, {""year"": 2026, ""month"": 3, ""search_volume"": 20}, {""year"": 2026, ""month"": 2, ""search_volume"": 20}, {""year"": 2026, ""month"": 1, ""search_volume"": 40}, {""year"": 2025, ""month"": 12, ""search_volume"": 40}, {""year"": 2025, ""month"": 11, ""search_volume"": 30}, {""year"": 2025, ""month"": 10, ""search_volume"": 20}, {""year"": 2025, ""month"": 9, ""search_volume"": 10}, {""year"": 2025, ""month"": 8, ""search_volume"": 20}]"
C2,casque sans fil lg tv,20,0.21,USD_DOCUMENTED,core,True,,,,,casque TV sans fil compatible avec kit émetteur,keywords_data/google_ads/search_volume/live,2026-09-03T14:41:45.663971+00:00,2026-09-03-qualification-9-produits-pur/raw/20-controls-3.json.gz,"[{""year"": 2026, ""month"": 7, ""search_volume"": 10}, {""year"": 2026, ""month"": 6, ""search_volume"": 20}, {""year"": 2026, ""month"": 5, ""search_volume"": 10}, {""year"": 2026, ""month"": 4, ""search_volume"": 20}, {""year"": 2026, ""month"": 3, ""search_volume"": 20}, {""year"": 2026, ""month"": 2, ""search_volume"": 30}, {""year"": 2026, ""month"": 1, ""search_volume"": 20}, {""year"": 2025, ""month"": 12, ""search_volume"": 40}, {""year"": 2025, ""month"": 11, ""search_volume"": 30}, {""year"": 2025, ""month"": 10, ""search_volume"": 30}, {""year"": 2025, ""month"": 9, ""search_volume"": 20}, {""year"": 2025, ""month"": 8, ""search_volume"": 20}]"
C2,casque tv sans fil cgv notice,20,0.07,USD_DOCUMENTED,information,True,,,,,"usage/SAV/risque, hors demande achat directe",dataforseo_labs/google/keyword_suggestions/live,2026-09-03T13:38:19.594647+00:00,2026-09-03-test-decouverte-couplee/raw/10-c2-labs.json.gz,"[{""year"": 2026, ""month"": 7, ""search_volume"": 10}, {""year"": 2026, ""month"": 6, ""search_volume"": 10}, {""year"": 2026, ""month"": 5, ""search_volume"": 10}, {""year"": 2026, ""month"": 4, ""search_volume"": 10}, {""year"": 2026, ""month"": 3, ""search_volume"": 10}, {""year"": 2026, ""month"": 2, ""search_volume"": 10}, {""year"": 2026, ""month"": 1, ""search_volume"": 20}, {""year"": 2025, ""month"": 12, ""search_volume"": 20}, {""year"": 2025, ""month"": 11, ""search_volume"": 10}, {""year"": 2025, ""month"": 10, ""search_volume"": 30}, {""year"": 2025, ""month"": 9, ""search_volume"": 30}, {""year"": 2025, ""month"": 8, ""search_volume"": 30}]"
C2,casque audio tv sans fil amazon,20,0.16,USD_DOCUMENTED,core,True,,,,,casque TV sans fil compatible avec kit émetteur,keywords_data/google_ads/search_volume/live,2026-09-03T14:41:45.663971+00:00,2026-09-03-qualification-9-produits-pur/raw/20-controls-3.json.gz,"[{""year"": 2026, ""month"": 7, ""search_volume"": 10}, {""year"": 2026, ""month"": 6, ""search_volume"": 10}, {""year"": 2026, ""month"": 5, ""search_volume"": 10}, {""year"": 2026, ""month"": 4, ""search_volume"": 10}, {""year"": 2026, ""month"": 3, ""search_volume"": 20}, {""year"": 2026, ""month"": 2, ""search_volume"": 10}, {""year"": 2026, ""month"": 1, ""search_volume"": 40}, {""year"": 2025, ""month"": 12, ""search_volume"": 10}, {""year"": 2025, ""month"": 11, ""search_volume"": 20}, {""year"": 2025, ""month"": 10, ""search_volume"": 30}, {""year"": 2025, ""month"": 9, ""search_volume"": 10}, {""year"": 2025, ""month"": 8, ""search_volume"": 10}]"
C2,electro depot casque tv sans fil,20,0.14,USD_DOCUMENTED,core,True,,,,,casque TV sans fil compatible avec kit émetteur,keywords_data/google_ads/search_volume/live,2026-09-03T14:41:45.663971+00:00,2026-09-03-qualification-9-produits-pur/raw/20-controls-3.json.gz,"[{""year"": 2026, ""month"": 7, ""search_volume"": 20}, {""year"": 2026, ""month"": 6, ""search_volume"": 10}, {""year"": 2026, ""month"": 5, ""search_volume"": 10}, {""year"": 2026, ""month"": 4, ""search_volume"": 20}, {""year"": 2026, ""month"": 3, ""search_volume"": 10}, {""year"": 2026, ""month"": 2, ""search_volume"": 30}, {""year"": 2026, ""month"": 1, ""search_volume"": 20}, {""year"": 2025, ""month"": 12, ""search_volume"": 30}, {""year"": 2025, ""month"": 11, ""search_volume"": 30}, {""year"": 2025, ""month"": 10, ""search_volume"": 30}, {""year"": 2025, ""month"": 9, ""search_volume"": 30}, {""year"": 2025, ""month"": 8, ""search_volume"": 40}]"
C2,avis casque tv sans fil,20,0.46,USD_DOCUMENTED,core,False,G0034,0,G0043,0,casque TV sans fil compatible avec kit émetteur,keywords_data/google_ads/search_volume/live,2026-09-03T14:41:45.663971+00:00,2026-09-03-qualification-9-produits-pur/raw/20-controls-3.json.gz,"[{""year"": 2026, ""month"": 7, ""search_volume"": 10}, {""year"": 2026, ""month"": 6, ""search_volume"": 10}, {""year"": 2026, ""month"": 5, ""search_volume"": 10}, {""year"": 2026, ""month"": 4, ""search_volume"": 10}, {""year"": 2026, ""month"": 3, ""search_volume"": 10}, {""year"": 2026, ""month"": 2, ""search_volume"": 10}, {""year"": 2026, ""month"": 1, ""search_volume"": 30}, {""year"": 2025, ""month"": 12, ""search_volume"": 50}, {""year"": 2025, ""month"": 11, ""search_volume"": 50}, {""year"": 2025, ""month"": 10, ""search_volume"": 10}, {""year"": 2025, ""month"": 9, ""search_volume"": 10}, {""year"": 2025, ""month"": 8, ""search_volume"": 10}]"
C2,casque usb sur tv,20,0.14,USD_DOCUMENTED,parent,False,,,,,"casque TV générique, filaire et sans fil mélangés",dataforseo_labs/google/keyword_suggestions/live,2026-09-03T13:38:19.594647+00:00,2026-09-03-test-decouverte-couplee/raw/10-c2-labs.json.gz,"[{""year"": 2026, ""month"": 7, ""search_volume"": 10}, {""year"": 2026, ""month"": 6, ""search_volume"": 10}, {""year"": 2026, ""month"": 5, ""search_volume"": 10}, {""year"": 2026, ""month"": 4, ""search_volume"": 10}, {""year"": 2026, ""month"": 3, ""search_volume"": 10}, {""year"": 2026, ""month"": 2, ""search_volume"": 10}, {""year"": 2026, ""month"": 1, ""search_volume"": 20}, {""year"": 2025, ""month"": 12, ""search_volume"": 20}, {""year"": 2025, ""month"": 11, ""search_volume"": 30}, {""year"": 2025, ""month"": 10, ""search_volume"": 30}, {""year"": 2025, ""month"": 9, ""search_volume"": 10}, {""year"": 2025, ""month"": 8, ""search_volume"": 20}]"
C2,casque sans fil tv sans bluetooth,20,0.23,USD_DOCUMENTED,core,False,G0010,0,G0013,0,casque TV sans fil compatible avec kit émetteur,keywords_data/google_ads/search_volume/live,2026-09-03T14:41:45.663971+00:00,2026-09-03-qualification-9-produits-pur/raw/20-controls-3.json.gz,"[{""year"": 2026, ""month"": 7, ""search_volume"": 10}, {""year"": 2026, ""month"": 6, ""search_volume"": 10}, {""year"": 2026, ""month"": 5, ""search_volume"": 10}, {""year"": 2026, ""month"": 4, ""search_volume"": 10}, {""year"": 2026, ""month"": 3, ""search_volume"": 20}, {""year"": 2026, ""month"": 2, ""search_volume"": 40}, {""year"": 2026, ""month"": 1, ""search_volume"": 30}, {""year"": 2025, ""month"": 12, ""search_volume"": 50}, {""year"": 2025, ""month"": 11, ""search_volume"": 20}, {""year"": 2025, ""month"": 10, ""search_volume"": 20}, {""year"": 2025, ""month"": 9, ""search_volume"": 20}, {""year"": 2025, ""month"": 8, ""search_volume"": 10}]"
C2,casque wifi pour tv samsung,20,0.14,USD_DOCUMENTED,incompatible,True,,,,,"autre technologie, accessoire ou besoin auditif spécifique",dataforseo_labs/google/keyword_suggestions/live,2026-09-03T13:38:19.594647+00:00,2026-09-03-test-decouverte-couplee/raw/10-c2-labs.json.gz,"[{""year"": 2026, ""month"": 7, ""search_volume"": 20}, {""year"": 2026, ""month"": 6, ""search_volume"": 10}, {""year"": 2026, ""month"": 5, ""search_volume"": 20}, {""year"": 2026, ""month"": 4, ""search_volume"": 10}, {""year"": 2026, ""month"": 3, ""search_volume"": 10}, {""year"": 2026, ""month"": 2, ""search_volume"": 10}, {""year"": 2026, ""month"": 1, ""search_volume"": 20}, {""year"": 2025, ""month"": 12, ""search_volume"": 40}, {""year"": 2025, ""month"": 11, ""search_volume"": 30}, {""year"": 2025, ""month"": 10, ""search_volume"": 30}, {""year"": 2025, ""month"": 9, ""search_volume"": 30}, {""year"": 2025, ""month"": 8, ""search_volume"": 30}]"
C2,casque sur tv lg,20,0.19,USD_DOCUMENTED,parent,True,,,,,"casque TV générique, filaire et sans fil mélangés",dataforseo_labs/google/keyword_suggestions/live,2026-09-03T13:38:19.594647+00:00,2026-09-03-test-decouverte-couplee/raw/10-c2-labs.json.gz,"[{""year"": 2026, ""month"": 7, ""search_volume"": 20}, {""year"": 2026, ""month"": 6, ""search_volume"": 10}, {""year"": 2026, ""month"": 5, ""search_volume"": 10}, {""year"": 2026, ""month"": 4, ""search_volume"": 10}, {""year"": 2026, ""month"": 3, ""search_volume"": 20}, {""year"": 2026, ""month"": 2, ""search_volume"": 20}, {""year"": 2026, ""month"": 1, ""search_volume"": 30}, {""year"": 2025, ""month"": 12, ""search_volume"": 40}, {""year"": 2025, ""month"": 11, ""search_volume"": 40}, {""year"": 2025, ""month"": 10, ""search_volume"": 20}, {""year"": 2025, ""month"": 9, ""search_volume"": 30}, {""year"": 2025, ""month"": 8, ""search_volume"": 20}]"
C2,casque de télévision sans fil,20,0.21,USD_DOCUMENTED,core,False,G0001,0,G0001,0,casque TV sans fil compatible avec kit émetteur,keywords_data/google_ads/search_volume/live,2026-09-03T14:41:45.663971+00:00,2026-09-03-qualification-9-produits-pur/raw/20-controls-3.json.gz,"[{""year"": 2026, ""month"": 7, ""search_volume"": 20}, {""year"": 2026, ""month"": 6, ""search_volume"": 20}, {""year"": 2026, ""month"": 5, ""search_volume"": 10}, {""year"": 2026, ""month"": 4, ""search_volume"": 20}, {""year"": 2026, ""month"": 3, ""search_volume"": 10}, {""year"": 2026, ""month"": 2, ""search_volume"": 30}, {""year"": 2026, ""month"": 1, ""search_volume"": 30}, {""year"": 2025, ""month"": 12, ""search_volume"": 40}, {""year"": 2025, ""month"": 11, ""search_volume"": 30}, {""year"": 2025, ""month"": 10, ""search_volume"": 20}, {""year"": 2025, ""month"": 9, ""search_volume"": 20}, {""year"": 2025, ""month"": 8, ""search_volume"": 30}]"
C2,casque d'écoute sans fil pour télévision,20,0.08,USD_DOCUMENTED,core,False,G0026,0,G0034,0,casque TV sans fil compatible avec kit émetteur,keywords_data/google_ads/search_volume/live,2026-09-03T14:41:45.663971+00:00,2026-09-03-qualification-9-produits-pur/raw/20-controls-3.json.gz,"[{""year"": 2026, ""month"": 7, ""search_volume"": 10}, {""year"": 2026, ""month"": 6, ""search_volume"": 10}, {""year"": 2026, ""month"": 5, ""search_volume"": 10}, {""year"": 2026, ""month"": 4, ""search_volume"": 10}, {""year"": 2026, ""month"": 3, ""search_volume"": 10}, {""year"": 2026, ""month"": 2, ""search_volume"": 40}, {""year"": 2026, ""month"": 1, ""search_volume"": 30}, {""year"": 2025, ""month"": 12, ""search_volume"": 40}, {""year"": 2025, ""month"": 11, ""search_volume"": 20}, {""year"": 2025, ""month"": 10, ""search_volume"": 40}, {""year"": 2025, ""month"": 9, ""search_volume"": 10}, {""year"": 2025, ""month"": 8, ""search_volume"": 10}]"
C2,casque d'écoute pour télévision,20,0.42,USD_DOCUMENTED,parent,False,,,,,"casque TV générique, filaire et sans fil mélangés",dataforseo_labs/google/keyword_suggestions/live,2026-09-03T14:36:31.018349+00:00,2026-09-03-qualification-9-produits-pur/raw/10-C2-labs-0.json.gz,"[{""year"": 2026, ""month"": 7, ""search_volume"": 10}, {""year"": 2026, ""month"": 6, ""search_volume"": 10}, {""year"": 2026, ""month"": 5, ""search_volume"": 10}, {""year"": 2026, ""month"": 4, ""search_volume"": 10}, {""year"": 2026, ""month"": 3, ""search_volume"": 20}, {""year"": 2026, ""month"": 2, ""search_volume"": 10}, {""year"": 2026, ""month"": 1, ""search_volume"": 10}, {""year"": 2025, ""month"": 12, ""search_volume"": 50}, {""year"": 2025, ""month"": 11, ""search_volume"": 30}, {""year"": 2025, ""month"": 10, ""search_volume"": 10}, {""year"": 2025, ""month"": 9, ""search_volume"": 20}, {""year"": 2025, ""month"": 8, ""search_volume"": 20}]"
C2,comment brancher un casque sur une télévision,20,,USD_DOCUMENTED,information,False,,,,,"usage/SAV/risque, hors demande achat directe",dataforseo_labs/google/keyword_suggestions/live,2026-09-03T14:36:31.018349+00:00,2026-09-03-qualification-9-produits-pur/raw/10-C2-labs-0.json.gz,"[{""year"": 2026, ""month"": 7, ""search_volume"": 20}, {""year"": 2026, ""month"": 6, ""search_volume"": 10}, {""year"": 2026, ""month"": 5, ""search_volume"": 20}, {""year"": 2026, ""month"": 4, ""search_volume"": 10}, {""year"": 2026, ""month"": 3, ""search_volume"": 10}, {""year"": 2026, ""month"": 2, ""search_volume"": 30}, {""year"": 2026, ""month"": 1, ""search_volume"": 20}, {""year"": 2025, ""month"": 12, ""search_volume"": 20}, {""year"": 2025, ""month"": 11, ""search_volume"": 30}, {""year"": 2025, ""month"": 10, ""search_volume"": 30}, {""year"": 2025, ""month"": 9, ""search_volume"": 20}, {""year"": 2025, ""month"": 8, ""search_volume"": 20}]"
C2,casque stéthoscopique sans fil pour télévision,20,0.29,USD_DOCUMENTED,incompatible,False,,,,,"autre technologie, accessoire ou besoin auditif spécifique",dataforseo_labs/google/keyword_suggestions/live,2026-09-03T14:36:31.018349+00:00,2026-09-03-qualification-9-produits-pur/raw/10-C2-labs-0.json.gz,"[{""year"": 2026, ""month"": 7, ""search_volume"": 10}, {""year"": 2026, ""month"": 6, ""search_volume"": 10}, {""year"": 2026, ""month"": 5, ""search_volume"": 20}, {""year"": 2026, ""month"": 4, ""search_volume"": 10}, {""year"": 2026, ""month"": 3, ""search_volume"": 10}, {""year"": 2026, ""month"": 2, ""search_volume"": 20}, {""year"": 2026, ""month"": 1, ""search_volume"": 20}, {""year"": 2025, ""month"": 12, ""search_volume"": 40}, {""year"": 2025, ""month"": 11, ""search_volume"": 20}, {""year"": 2025, ""month"": 10, ""search_volume"": 10}, {""year"": 2025, ""month"": 9, ""search_volume"": 10}, {""year"": 2025, ""month"": 8, ""search_volume"": 10}]"
C2,television casque bluetooth,20,0.04,USD_DOCUMENTED,core,False,G0004,0,G0004,0,casque TV sans fil compatible avec kit émetteur,keywords_data/google_ads/search_volume/live,2026-09-03T14:41:45.663971+00:00,2026-09-03-qualification-9-produits-pur/raw/20-controls-3.json.gz,"[{""year"": 2026, ""month"": 7, ""search_volume"": 10}, {""year"": 2026, ""month"": 6, ""search_volume"": 10}, {""year"": 2026, ""month"": 5, ""search_volume"": 10}, {""year"": 2026, ""month"": 4, ""search_volume"": 10}, {""year"": 2026, ""month"": 3, ""search_volume"": 10}, {""year"": 2026, ""month"": 2, ""search_volume"": 10}, {""year"": 2026, ""month"": 1, ""search_volume"": 20}, {""year"": 2025, ""month"": 12, ""search_volume"": 30}, {""year"": 2025, ""month"": 11, ""search_volume"": 40}, {""year"": 2025, ""month"": 10, ""search_volume"": 20}, {""year"": 2025, ""month"": 9, ""search_volume"": 20}, {""year"": 2025, ""month"": 8, ""search_volume"": 20}]"
C2,casque auditif pour television,20,0.69,USD_DOCUMENTED,incompatible,False,,,,,"autre technologie, accessoire ou besoin auditif spécifique",dataforseo_labs/google/keyword_suggestions/live,2026-09-03T14:36:31.280584+00:00,2026-09-03-qualification-9-produits-pur/raw/10-C2-labs-1.json.gz,"[{""year"": 2026, ""month"": 7, ""search_volume"": 20}, {""year"": 2026, ""month"": 6, ""search_volume"": 20}, {""year"": 2026, ""month"": 5, ""search_volume"": 10}, {""year"": 2026, ""month"": 4, ""search_volume"": 10}, {""year"": 2026, ""month"": 3, ""search_volume"": 10}, {""year"": 2026, ""month"": 2, ""search_volume"": 20}, {""year"": 2026, ""month"": 1, ""search_volume"": 10}, {""year"": 2025, ""month"": 12, ""search_volume"": 20}, {""year"": 2025, ""month"": 11, ""search_volume"": 20}, {""year"": 2025, ""month"": 10, ""search_volume"": 10}, {""year"": 2025, ""month"": 9, ""search_volume"": 10}, {""year"": 2025, ""month"": 8, ""search_volume"": 30}]"
C2,casque d'écoute sans fil pour television,20,0.08,USD_DOCUMENTED,core,False,G0026,0,G0034,0,casque TV sans fil compatible avec kit émetteur,keywords_data/google_ads/search_volume/live,2026-09-03T14:41:45.663971+00:00,2026-09-03-qualification-9-produits-pur/raw/20-controls-3.json.gz,"[{""year"": 2026, ""month"": 7, ""search_volume"": 10}, {""year"": 2026, ""month"": 6, ""search_volume"": 10}, {""year"": 2026, ""month"": 5, ""search_volume"": 10}, {""year"": 2026, ""month"": 4, ""search_volume"": 10}, {""year"": 2026, ""month"": 3, ""search_volume"": 10}, {""year"": 2026, ""month"": 2, ""search_volume"": 40}, {""year"": 2026, ""month"": 1, ""search_volume"": 30}, {""year"": 2025, ""month"": 12, ""search_volume"": 40}, {""year"": 2025, ""month"": 11, ""search_volume"": 20}, {""year"": 2025, ""month"": 10, ""search_volume"": 40}, {""year"": 2025, ""month"": 9, ""search_volume"": 10}, {""year"": 2025, ""month"": 8, ""search_volume"": 10}]"
C2,casque pour television lg,20,0.19,USD_DOCUMENTED,parent,True,,,,,"casque TV générique, filaire et sans fil mélangés",dataforseo_labs/google/keyword_suggestions/live,2026-09-03T14:36:31.280584+00:00,2026-09-03-qualification-9-produits-pur/raw/10-C2-labs-1.json.gz,"[{""year"": 2026, ""month"": 7, ""search_volume"": 20}, {""year"": 2026, ""month"": 6, ""search_volume"": 10}, {""year"": 2026, ""month"": 5, ""search_volume"": 10}, {""year"": 2026, ""month"": 4, ""search_volume"": 10}, {""year"": 2026, ""month"": 3, ""search_volume"": 20}, {""year"": 2026, ""month"": 2, ""search_volume"": 20}, {""year"": 2026, ""month"": 1, ""search_volume"": 30}, {""year"": 2025, ""month"": 12, ""search_volume"": 40}, {""year"": 2025, ""month"": 11, ""search_volume"": 40}, {""year"": 2025, ""month"": 10, ""search_volume"": 20}, {""year"": 2025, ""month"": 9, ""search_volume"": 30}, {""year"": 2025, ""month"": 8, ""search_volume"": 20}]"
C2,casque bose television,20,0.62,USD_DOCUMENTED,parent,True,,,,,"casque TV générique, filaire et sans fil mélangés",dataforseo_labs/google/keyword_suggestions/live,2026-09-03T14:36:31.280584+00:00,2026-09-03-qualification-9-produits-pur/raw/10-C2-labs-1.json.gz,"[{""year"": 2026, ""month"": 7, ""search_volume"": 10}, {""year"": 2026, ""month"": 6, ""search_volume"": 10}, {""year"": 2026, ""month"": 5, ""search_volume"": 10}, {""year"": 2026, ""month"": 4, ""search_volume"": 10}, {""year"": 2026, ""month"": 3, ""search_volume"": 10}, {""year"": 2026, ""month"": 2, ""search_volume"": 10}, {""year"": 2026, ""month"": 1, ""search_volume"": 20}, {""year"": 2025, ""month"": 12, ""search_volume"": 30}, {""year"": 2025, ""month"": 11, ""search_volume"": 30}, {""year"": 2025, ""month"": 10, ""search_volume"": 10}, {""year"": 2025, ""month"": 9, ""search_volume"": 10}, {""year"": 2025, ""month"": 8, ""search_volume"": 20}]"
C2,casque television sony,20,0.21,USD_DOCUMENTED,parent,True,,,,,"casque TV générique, filaire et sans fil mélangés",dataforseo_labs/google/keyword_suggestions/live,2026-09-03T14:36:31.280584+00:00,2026-09-03-qualification-9-produits-pur/raw/10-C2-labs-1.json.gz,"[{""year"": 2026, ""month"": 7, ""search_volume"": 10}, {""year"": 2026, ""month"": 6, ""search_volume"": 10}, {""year"": 2026, ""month"": 5, ""search_volume"": 20}, {""year"": 2026, ""month"": 4, ""search_volume"": 10}, {""year"": 2026, ""month"": 3, ""search_volume"": 10}, {""year"": 2026, ""month"": 2, ""search_volume"": 20}, {""year"": 2026, ""month"": 1, ""search_volume"": 20}, {""year"": 2025, ""month"": 12, ""search_volume"": 50}, {""year"": 2025, ""month"": 11, ""search_volume"": 50}, {""year"": 2025, ""month"": 10, ""search_volume"": 30}, {""year"": 2025, ""month"": 9, ""search_volume"": 30}, {""year"": 2025, ""month"": 8, ""search_volume"": 20}]"
C2,casque bose pour television,20,0.22,USD_DOCUMENTED,parent,True,,,,,"casque TV générique, filaire et sans fil mélangés",dataforseo_labs/google/keyword_suggestions/live,2026-09-03T14:36:31.280584+00:00,2026-09-03-qualification-9-produits-pur/raw/10-C2-labs-1.json.gz,"[{""year"": 2026, ""month"": 7, ""search_volume"": 10}, {""year"": 2026, ""month"": 6, ""search_volume"": 10}, {""year"": 2026, ""month"": 5, ""search_volume"": 10}, {""year"": 2026, ""month"": 4, ""search_volume"": 10}, {""year"": 2026, ""month"": 3, ""search_volume"": 10}, {""year"": 2026, ""month"": 2, ""search_volume"": 10}, {""year"": 2026, ""month"": 1, ""search_volume"": 20}, {""year"": 2025, ""month"": 12, ""search_volume"": 30}, {""year"": 2025, ""month"": 11, ""search_volume"": 40}, {""year"": 2025, ""month"": 10, ""search_volume"": 30}, {""year"": 2025, ""month"": 9, ""search_volume"": 10}, {""year"": 2025, ""month"": 8, ""search_volume"": 10}]"
C2,casque vr television,20,0.29,USD_DOCUMENTED,parent,False,,,,,"casque TV générique, filaire et sans fil mélangés",dataforseo_labs/google/keyword_suggestions/live,2026-09-03T14:36:31.280584+00:00,2026-09-03-qualification-9-produits-pur/raw/10-C2-labs-1.json.gz,"[{""year"": 2026, ""month"": 7, ""search_volume"": 10}, {""year"": 2026, ""month"": 6, ""search_volume"": 20}, {""year"": 2026, ""month"": 5, ""search_volume"": 10}, {""year"": 2026, ""month"": 4, ""search_volume"": 10}, {""year"": 2026, ""month"": 3, ""search_volume"": 10}, {""year"": 2026, ""month"": 2, ""search_volume"": 10}, {""year"": 2026, ""month"": 1, ""search_volume"": 20}, {""year"": 2025, ""month"": 12, ""search_volume"": 30}, {""year"": 2025, ""month"": 11, ""search_volume"": 40}, {""year"": 2025, ""month"": 10, ""search_volume"": 30}, {""year"": 2025, ""month"": 9, ""search_volume"": 10}, {""year"": 2025, ""month"": 8, ""search_volume"": 10}]"
C2,casque television sans fil sans couper le son,20,0.12,USD_DOCUMENTED,core,False,G0038,20,G0047,20,casque TV sans fil compatible avec kit émetteur,keywords_data/google_ads/search_volume/live,2026-09-03T14:41:45.663971+00:00,2026-09-03-qualification-9-produits-pur/raw/20-controls-3.json.gz,"[{""year"": 2026, ""month"": 7, ""search_volume"": 10}, {""year"": 2026, ""month"": 6, ""search_volume"": 10}, {""year"": 2026, ""month"": 5, ""search_volume"": 10}, {""year"": 2026, ""month"": 4, ""search_volume"": 10}, {""year"": 2026, ""month"": 3, ""search_volume"": 10}, {""year"": 2026, ""month"": 2, ""search_volume"": 20}, {""year"": 2026, ""month"": 1, ""search_volume"": 10}, {""year"": 2025, ""month"": 12, ""search_volume"": 30}, {""year"": 2025, ""month"": 11, ""search_volume"": 40}, {""year"": 2025, ""month"": 10, ""search_volume"": 20}, {""year"": 2025, ""month"": 9, ""search_volume"": 10}, {""year"": 2025, ""month"": 8, ""search_volume"": 10}]"
C2,casque auditif television,20,0.57,USD_DOCUMENTED,incompatible,False,,,,,"autre technologie, accessoire ou besoin auditif spécifique",dataforseo_labs/google/keyword_suggestions/live,2026-09-03T14:36:31.280584+00:00,2026-09-03-qualification-9-produits-pur/raw/10-C2-labs-1.json.gz,"[{""year"": 2026, ""month"": 7, ""search_volume"": 10}, {""year"": 2026, ""month"": 6, ""search_volume"": 10}, {""year"": 2026, ""month"": 5, ""search_volume"": 10}, {""year"": 2026, ""month"": 4, ""search_volume"": 10}, {""year"": 2026, ""month"": 3, ""search_volume"": 20}, {""year"": 2026, ""month"": 2, ""search_volume"": 20}, {""year"": 2026, ""month"": 1, ""search_volume"": 30}, {""year"": 2025, ""month"": 12, ""search_volume"": 30}, {""year"": 2025, ""month"": 11, ""search_volume"": 20}, {""year"": 2025, ""month"": 10, ""search_volume"": 30}, {""year"": 2025, ""month"": 9, ""search_volume"": 20}, {""year"": 2025, ""month"": 8, ""search_volume"": 20}]"
C2,casque jbl television,20,0.46,USD_DOCUMENTED,parent,True,,,,,"casque TV générique, filaire et sans fil mélangés",dataforseo_labs/google/keyword_suggestions/live,2026-09-03T14:36:31.280584+00:00,2026-09-03-qualification-9-produits-pur/raw/10-C2-labs-1.json.gz,"[{""year"": 2026, ""month"": 7, ""search_volume"": 10}, {""year"": 2026, ""month"": 6, ""search_volume"": 10}, {""year"": 2026, ""month"": 5, ""search_volume"": 10}, {""year"": 2026, ""month"": 4, ""search_volume"": 10}, {""year"": 2026, ""month"": 3, ""search_volume"": 10}, {""year"": 2026, ""month"": 2, ""search_volume"": 20}, {""year"": 2026, ""month"": 1, ""search_volume"": 30}, {""year"": 2025, ""month"": 12, ""search_volume"": 90}, {""year"": 2025, ""month"": 11, ""search_volume"": 30}, {""year"": 2025, ""month"": 10, ""search_volume"": 20}, {""year"": 2025, ""month"": 9, ""search_volume"": 10}, {""year"": 2025, ""month"": 8, ""search_volume"": 10}]"
C2,avis casque television sans fil,20,0.46,USD_DOCUMENTED,core,False,G0034,0,G0043,0,casque TV sans fil compatible avec kit émetteur,keywords_data/google_ads/search_volume/live,2026-09-03T14:41:45.663971+00:00,2026-09-03-qualification-9-produits-pur/raw/20-controls-3.json.gz,"[{""year"": 2026, ""month"": 7, ""search_volume"": 10}, {""year"": 2026, ""month"": 6, ""search_volume"": 10}, {""year"": 2026, ""month"": 5, ""search_volume"": 10}, {""year"": 2026, ""month"": 4, ""search_volume"": 10}, {""year"": 2026, ""month"": 3, ""search_volume"": 10}, {""year"": 2026, ""month"": 2, ""search_volume"": 10}, {""year"": 2026, ""month"": 1, ""search_volume"": 30}, {""year"": 2025, ""month"": 12, ""search_volume"": 50}, {""year"": 2025, ""month"": 11, ""search_volume"": 50}, {""year"": 2025, ""month"": 10, ""search_volume"": 10}, {""year"": 2025, ""month"": 9, ""search_volume"": 10}, {""year"": 2025, ""month"": 8, ""search_volume"": 10}]"
C2,casque d'écoute pour télévision sans fil,10,0.2,USD_DOCUMENTED,core,False,G0026,0,G0034,0,casque TV sans fil compatible avec kit émetteur,keywords_data/google_ads/search_volume/live,2026-09-03T14:41:45.663971+00:00,2026-09-03-qualification-9-produits-pur/raw/20-controls-3.json.gz,"[{""year"": 2026, ""month"": 7, ""search_volume"": 10}, {""year"": 2026, ""month"": 6, ""search_volume"": 10}, {""year"": 2026, ""month"": 5, ""search_volume"": 0}, {""year"": 2026, ""month"": 4, ""search_volume"": 10}, {""year"": 2026, ""month"": 3, ""search_volume"": 10}, {""year"": 2026, ""month"": 2, ""search_volume"": 10}, {""year"": 2026, ""month"": 1, ""search_volume"": 10}, {""year"": 2025, ""month"": 12, ""search_volume"": 10}, {""year"": 2025, ""month"": 11, ""search_volume"": 10}, {""year"": 2025, ""month"": 10, ""search_volume"": 10}, {""year"": 2025, ""month"": 9, ""search_volume"": 0}, {""year"": 2025, ""month"": 8, ""search_volume"": 0}]"
C2,casque d'écoute avec fil pour télévision,10,0.04,USD_DOCUMENTED,incompatible,False,,,,,"autre technologie, accessoire ou besoin auditif spécifique",dataforseo_labs/google/keyword_suggestions/live,2026-09-03T14:36:31.018349+00:00,2026-09-03-qualification-9-produits-pur/raw/10-C2-labs-0.json.gz,"[{""year"": 2026, ""month"": 7, ""search_volume"": 10}, {""year"": 2026, ""month"": 6, ""search_volume"": 0}, {""year"": 2026, ""month"": 5, ""search_volume"": 0}, {""year"": 2026, ""month"": 4, ""search_volume"": 0}, {""year"": 2026, ""month"": 3, ""search_volume"": 10}, {""year"": 2026, ""month"": 2, ""search_volume"": 10}, {""year"": 2026, ""month"": 1, ""search_volume"": 0}, {""year"": 2025, ""month"": 12, ""search_volume"": 10}, {""year"": 2025, ""month"": 11, ""search_volume"": 10}, {""year"": 2025, ""month"": 10, ""search_volume"": 0}, {""year"": 2025, ""month"": 9, ""search_volume"": 10}, {""year"": 2025, ""month"": 8, ""search_volume"": 10}]"
C2,quel casque audio choisir pour écouter la télévision,10,0.47,USD_DOCUMENTED,parent,False,,,,,"casque TV générique, filaire et sans fil mélangés",dataforseo_labs/google/keyword_suggestions/live,2026-09-03T14:36:31.018349+00:00,2026-09-03-qualification-9-produits-pur/raw/10-C2-labs-0.json.gz,"[{""year"": 2026, ""month"": 7, ""search_volume"": 10}, {""year"": 2026, ""month"": 6, ""search_volume"": 10}, {""year"": 2026, ""month"": 5, ""search_volume"": 10}, {""year"": 2026, ""month"": 4, ""search_volume"": 10}, {""year"": 2026, ""month"": 3, ""search_volume"": 10}, {""year"": 2026, ""month"": 2, ""search_volume"": 10}, {""year"": 2026, ""month"": 1, ""search_volume"": 20}, {""year"": 2025, ""month"": 12, ""search_volume"": 50}, {""year"": 2025, ""month"": 11, ""search_volume"": 20}, {""year"": 2025, ""month"": 10, ""search_volume"": 10}, {""year"": 2025, ""month"": 9, ""search_volume"": 10}, {""year"": 2025, ""month"": 8, ""search_volume"": 10}]"
C2,télévision avec casque audio,10,0.22,USD_DOCUMENTED,parent,False,,,,,"casque TV générique, filaire et sans fil mélangés",dataforseo_labs/google/keyword_suggestions/live,2026-09-03T14:36:31.018349+00:00,2026-09-03-qualification-9-produits-pur/raw/10-C2-labs-0.json.gz,"[{""year"": 2026, ""month"": 7, ""search_volume"": 10}, {""year"": 2026, ""month"": 6, ""search_volume"": 10}, {""year"": 2026, ""month"": 5, ""search_volume"": 10}, {""year"": 2026, ""month"": 4, ""search_volume"": 10}, {""year"": 2026, ""month"": 3, ""search_volume"": 10}, {""year"": 2026, ""month"": 2, ""search_volume"": 10}, {""year"": 2026, ""month"": 1, ""search_volume"": 10}, {""year"": 2025, ""month"": 12, ""search_volume"": 0}, {""year"": 2025, ""month"": 11, ""search_volume"": 0}, {""year"": 2025, ""month"": 10, ""search_volume"": 0}, {""year"": 2025, ""month"": 9, ""search_volume"": 0}, {""year"": 2025, ""month"": 8, ""search_volume"": 0}]"
C2,casque d'écoute sans fil pour télévision samsung,10,,USD_DOCUMENTED,core,True,,,,,casque TV sans fil compatible avec kit émetteur,keywords_data/google_ads/search_volume/live,2026-09-03T14:41:45.663971+00:00,2026-09-03-qualification-9-produits-pur/raw/20-controls-3.json.gz,"[{""year"": 2026, ""month"": 7, ""search_volume"": 0}, {""year"": 2026, ""month"": 6, ""search_volume"": 10}, {""year"": 2026, ""month"": 5, ""search_volume"": 10}, {""year"": 2026, ""month"": 4, ""search_volume"": 10}, {""year"": 2026, ""month"": 3, ""search_volume"": 0}, {""year"": 2026, ""month"": 2, ""search_volume"": 0}, {""year"": 2026, ""month"": 1, ""search_volume"": 10}, {""year"": 2025, ""month"": 12, ""search_volume"": 10}, {""year"": 2025, ""month"": 11, ""search_volume"": 10}, {""year"": 2025, ""month"": 10, ""search_volume"": 10}, {""year"": 2025, ""month"": 9, ""search_volume"": 10}, {""year"": 2025, ""month"": 8, ""search_volume"": 10}]"
C2,meilleur casque d'écoute pour télévision,10,,USD_DOCUMENTED,parent,False,,,,,"casque TV générique, filaire et sans fil mélangés",dataforseo_labs/google/keyword_suggestions/live,2026-09-03T14:36:31.018349+00:00,2026-09-03-qualification-9-produits-pur/raw/10-C2-labs-0.json.gz,"[{""year"": 2026, ""month"": 7, ""search_volume"": 0}, {""year"": 2026, ""month"": 6, ""search_volume"": 10}, {""year"": 2026, ""month"": 5, ""search_volume"": 0}, {""year"": 2026, ""month"": 4, ""search_volume"": 0}, {""year"": 2026, ""month"": 3, ""search_volume"": 0}, {""year"": 2026, ""month"": 2, ""search_volume"": 0}, {""year"": 2026, ""month"": 1, ""search_volume"": 0}, {""year"": 2025, ""month"": 12, ""search_volume"": 10}, {""year"": 2025, ""month"": 11, ""search_volume"": 0}, {""year"": 2025, ""month"": 10, ""search_volume"": 0}, {""year"": 2025, ""month"": 9, ""search_volume"": 0}, {""year"": 2025, ""month"": 8, ""search_volume"": 0}]"
C2,quel est le meilleur casque sans fil pour télévision,10,0.35,USD_DOCUMENTED,core,False,G0039,10,G0050,10,casque TV sans fil compatible avec kit émetteur,keywords_data/google_ads/search_volume/live,2026-09-03T14:41:45.663971+00:00,2026-09-03-qualification-9-produits-pur/raw/20-controls-3.json.gz,"[{""year"": 2026, ""month"": 7, ""search_volume"": 10}, {""year"": 2026, ""month"": 6, ""search_volume"": 10}, {""year"": 2026, ""month"": 5, ""search_volume"": 10}, {""year"": 2026, ""month"": 4, ""search_volume"": 10}, {""year"": 2026, ""month"": 3, ""search_volume"": 10}, {""year"": 2026, ""month"": 2, ""search_volume"": 10}, {""year"": 2026, ""month"": 1, ""search_volume"": 10}, {""year"": 2025, ""month"": 12, ""search_volume"": 10}, {""year"": 2025, ""month"": 11, ""search_volume"": 20}, {""year"": 2025, ""month"": 10, ""search_volume"": 10}, {""year"": 2025, ""month"": 9, ""search_volume"": 20}, {""year"": 2025, ""month"": 8, ""search_volume"": 10}]"
C2,meilleur casque d'écoute sans fil pour télévision sennheiser,10,,USD_DOCUMENTED,core,True,,,,,casque TV sans fil compatible avec kit émetteur,keywords_data/google_ads/search_volume/live,2026-09-03T14:41:45.663971+00:00,2026-09-03-qualification-9-produits-pur/raw/20-controls-3.json.gz,"[{""year"": 2026, ""month"": 7, ""search_volume"": 0}, {""year"": 2026, ""month"": 6, ""search_volume"": 10}, {""year"": 2026, ""month"": 5, ""search_volume"": 0}, {""year"": 2026, ""month"": 4, ""search_volume"": 0}, {""year"": 2026, ""month"": 3, ""search_volume"": 0}, {""year"": 2026, ""month"": 2, ""search_volume"": 10}, {""year"": 2026, ""month"": 1, ""search_volume"": 0}, {""year"": 2025, ""month"": 12, ""search_volume"": 0}, {""year"": 2025, ""month"": 11, ""search_volume"": 0}, {""year"": 2025, ""month"": 10, ""search_volume"": 0}, {""year"": 2025, ""month"": 9, ""search_volume"": 10}, {""year"": 2025, ""month"": 8, ""search_volume"": 0}]"
C2,casque audio sans fil pour écouter la télévision,10,0.2,USD_DOCUMENTED,core,False,G0040,10,G0051,10,casque TV sans fil compatible avec kit émetteur,keywords_data/google_ads/search_volume/live,2026-09-03T14:41:45.663971+00:00,2026-09-03-qualification-9-produits-pur/raw/20-controls-3.json.gz,"[{""year"": 2026, ""month"": 7, ""search_volume"": 10}, {""year"": 2026, ""month"": 6, ""search_volume"": 10}, {""year"": 2026, ""month"": 5, ""search_volume"": 10}, {""year"": 2026, ""month"": 4, ""search_volume"": 10}, {""year"": 2026, ""month"": 3, ""search_volume"": 10}, {""year"": 2026, ""month"": 2, ""search_volume"": 10}, {""year"": 2026, ""month"": 1, ""search_volume"": 10}, {""year"": 2025, ""month"": 12, ""search_volume"": 30}, {""year"": 2025, ""month"": 11, ""search_volume"": 20}, {""year"": 2025, ""month"": 10, ""search_volume"": 10}, {""year"": 2025, ""month"": 9, ""search_volume"": 10}, {""year"": 2025, ""month"": 8, ""search_volume"": 10}]"
C2,quel casque sans fil pour regarder la télévision,10,,USD_DOCUMENTED,core,False,G0041,10,G0052,10,casque TV sans fil compatible avec kit émetteur,keywords_data/google_ads/search_volume/live,2026-09-03T14:41:45.663971+00:00,2026-09-03-qualification-9-produits-pur/raw/20-controls-3.json.gz,"[{""year"": 2026, ""month"": 7, ""search_volume"": 0}, {""year"": 2026, ""month"": 6, ""search_volume"": 0}, {""year"": 2026, ""month"": 5, ""search_volume"": 10}, {""year"": 2026, ""month"": 4, ""search_volume"": 10}, {""year"": 2026, ""month"": 3, ""search_volume"": 10}, {""year"": 2026, ""month"": 2, ""search_volume"": 10}, {""year"": 2026, ""month"": 1, ""search_volume"": 10}, {""year"": 2025, ""month"": 12, ""search_volume"": 10}, {""year"": 2025, ""month"": 11, ""search_volume"": 10}, {""year"": 2025, ""month"": 10, ""search_volume"": 10}, {""year"": 2025, ""month"": 9, ""search_volume"": 10}, {""year"": 2025, ""month"": 8, ""search_volume"": 10}]"
C2,casque d'écoute sans fil pour télévision la source,10,,USD_DOCUMENTED,core,True,,,,,casque TV sans fil compatible avec kit émetteur,keywords_data/google_ads/search_volume/live,2026-09-03T14:41:45.663971+00:00,2026-09-03-qualification-9-produits-pur/raw/20-controls-3.json.gz,"[{""year"": 2026, ""month"": 7, ""search_volume"": 0}, {""year"": 2026, ""month"": 6, ""search_volume"": 0}, {""year"": 2026, ""month"": 5, ""search_volume"": 0}, {""year"": 2026, ""month"": 4, ""search_volume"": 0}, {""year"": 2026, ""month"": 3, ""search_volume"": 0}, {""year"": 2026, ""month"": 2, ""search_volume"": 0}, {""year"": 2026, ""month"": 1, ""search_volume"": 0}, {""year"": 2025, ""month"": 12, ""search_volume"": 0}, {""year"": 2025, ""month"": 11, ""search_volume"": 0}, {""year"": 2025, ""month"": 10, ""search_volume"": 10}, {""year"": 2025, ""month"": 9, ""search_volume"": 0}, {""year"": 2025, ""month"": 8, ""search_volume"": 0}]"
C2,casque d'écoute sans fil pour télévision en solde,10,,USD_DOCUMENTED,core,False,G0042,10,G0053,10,casque TV sans fil compatible avec kit émetteur,keywords_data/google_ads/search_volume/live,2026-09-03T14:41:45.663971+00:00,2026-09-03-qualification-9-produits-pur/raw/20-controls-3.json.gz,"[{""year"": 2026, ""month"": 7, ""search_volume"": 0}, {""year"": 2026, ""month"": 6, ""search_volume"": 10}, {""year"": 2026, ""month"": 5, ""search_volume"": 0}, {""year"": 2026, ""month"": 4, ""search_volume"": 10}, {""year"": 2026, ""month"": 3, ""search_volume"": 0}, {""year"": 2026, ""month"": 2, ""search_volume"": 0}, {""year"": 2026, ""month"": 1, ""search_volume"": 10}, {""year"": 2025, ""month"": 12, ""search_volume"": 10}, {""year"": 2025, ""month"": 11, ""search_volume"": 10}, {""year"": 2025, ""month"": 10, ""search_volume"": 0}, {""year"": 2025, ""month"": 9, ""search_volume"": 0}, {""year"": 2025, ""month"": 8, ""search_volume"": 10}]"
C2,casque d'écoute sans fil pour télévision bluetooth,10,,USD_DOCUMENTED,core,False,G0043,10,G0054,10,casque TV sans fil compatible avec kit émetteur,keywords_data/google_ads/search_volume/live,2026-09-03T14:41:45.663971+00:00,2026-09-03-qualification-9-produits-pur/raw/20-controls-3.json.gz,"[{""year"": 2026, ""month"": 7, ""search_volume"": 10}, {""year"": 2026, ""month"": 6, ""search_volume"": 10}, {""year"": 2026, ""month"": 5, ""search_volume"": 0}, {""year"": 2026, ""month"": 4, ""search_volume"": 0}, {""year"": 2026, ""month"": 3, ""search_volume"": 10}, {""year"": 2026, ""month"": 2, ""search_volume"": 10}, {""year"": 2026, ""month"": 1, ""search_volume"": 10}, {""year"": 2025, ""month"": 12, ""search_volume"": 0}, {""year"": 2025, ""month"": 11, ""search_volume"": 10}, {""year"": 2025, ""month"": 10, ""search_volume"": 10}, {""year"": 2025, ""month"": 9, ""search_volume"": 0}, {""year"": 2025, ""month"": 8, ""search_volume"": 0}]"
C2,casque d'écoute sans fil pour télévision sony,10,0.18,USD_DOCUMENTED,core,True,,,,,casque TV sans fil compatible avec kit émetteur,keywords_data/google_ads/search_volume/live,2026-09-03T14:41:45.663971+00:00,2026-09-03-qualification-9-produits-pur/raw/20-controls-3.json.gz,"[{""year"": 2026, ""month"": 7, ""search_volume"": 10}, {""year"": 2026, ""month"": 6, ""search_volume"": 0}, {""year"": 2026, ""month"": 5, ""search_volume"": 0}, {""year"": 2026, ""month"": 4, ""search_volume"": 0}, {""year"": 2026, ""month"": 3, ""search_volume"": 0}, {""year"": 2026, ""month"": 2, ""search_volume"": 0}, {""year"": 2026, ""month"": 1, ""search_volume"": 0}, {""year"": 2025, ""month"": 12, ""search_volume"": 0}, {""year"": 2025, ""month"": 11, ""search_volume"": 0}, {""year"": 2025, ""month"": 10, ""search_volume"": 0}, {""year"": 2025, ""month"": 9, ""search_volume"": 10}, {""year"": 2025, ""month"": 8, ""search_volume"": 0}]"
C2,casque d'écoute sans fil pour télévision sennheiser,10,0.09,USD_DOCUMENTED,core,True,,,,,casque TV sans fil compatible avec kit émetteur,keywords_data/google_ads/search_volume/live,2026-09-03T14:41:45.663971+00:00,2026-09-03-qualification-9-produits-pur/raw/20-controls-3.json.gz,"[{""year"": 2026, ""month"": 7, ""search_volume"": 10}, {""year"": 2026, ""month"": 6, ""search_volume"": 10}, {""year"": 2026, ""month"": 5, ""search_volume"": 0}, {""year"": 2026, ""month"": 4, ""search_volume"": 10}, {""year"": 2026, ""month"": 3, ""search_volume"": 10}, {""year"": 2026, ""month"": 2, ""search_volume"": 10}, {""year"": 2026, ""month"": 1, ""search_volume"": 0}, {""year"": 2025, ""month"": 12, ""search_volume"": 0}, {""year"": 2025, ""month"": 11, ""search_volume"": 10}, {""year"": 2025, ""month"": 10, ""search_volume"": 0}, {""year"": 2025, ""month"": 9, ""search_volume"": 0}, {""year"": 2025, ""month"": 8, ""search_volume"": 0}]"
C2,meilleur casque d'écoute sans fil pour télévision,10,,USD_DOCUMENTED,core,False,G0044,10,G0055,10,casque TV sans fil compatible avec kit émetteur,keywords_data/google_ads/search_volume/live,2026-09-03T14:41:45.663971+00:00,2026-09-03-qualification-9-produits-pur/raw/20-controls-3.json.gz,"[{""year"": 2026, ""month"": 7, ""search_volume"": 10}, {""year"": 2026, ""month"": 6, ""search_volume"": 10}, {""year"": 2026, ""month"": 5, ""search_volume"": 0}, {""year"": 2026, ""month"": 4, ""search_volume"": 10}, {""year"": 2026, ""month"": 3, ""search_volume"": 10}, {""year"": 2026, ""month"": 2, ""search_volume"": 10}, {""year"": 2026, ""month"": 1, ""search_volume"": 10}, {""year"": 2025, ""month"": 12, ""search_volume"": 10}, {""year"": 2025, ""month"": 11, ""search_volume"": 10}, {""year"": 2025, ""month"": 10, ""search_volume"": 10}, {""year"": 2025, ""month"": 9, ""search_volume"": 10}, {""year"": 2025, ""month"": 8, ""search_volume"": 10}]"
C2,casque d'écoute pour la télévision,10,0.48,USD_DOCUMENTED,parent,False,,,,,"casque TV générique, filaire et sans fil mélangés",dataforseo_labs/google/keyword_suggestions/live,2026-09-03T14:36:31.018349+00:00,2026-09-03-qualification-9-produits-pur/raw/10-C2-labs-0.json.gz,"[{""year"": 2026, ""month"": 7, ""search_volume"": 10}, {""year"": 2026, ""month"": 6, ""search_volume"": 10}, {""year"": 2026, ""month"": 5, ""search_volume"": 0}, {""year"": 2026, ""month"": 4, ""search_volume"": 10}, {""year"": 2026, ""month"": 3, ""search_volume"": 0}, {""year"": 2026, ""month"": 2, ""search_volume"": 10}, {""year"": 2026, ""month"": 1, ""search_volume"": 10}, {""year"": 2025, ""month"": 12, ""search_volume"": 10}, {""year"": 2025, ""month"": 11, ""search_volume"": 10}, {""year"": 2025, ""month"": 10, ""search_volume"": 10}, {""year"": 2025, ""month"": 9, ""search_volume"": 10}, {""year"": 2025, ""month"": 8, ""search_volume"": 0}]"
C2,meilleur casque d écoute sans fil pour télévision,10,,USD_DOCUMENTED,core,False,G0044,0,G0055,0,casque TV sans fil compatible avec kit émetteur,keywords_data/google_ads/search_volume/live,2026-09-03T14:41:45.663971+00:00,2026-09-03-qualification-9-produits-pur/raw/20-controls-3.json.gz,"[{""year"": 2026, ""month"": 7, ""search_volume"": 10}, {""year"": 2026, ""month"": 6, ""search_volume"": 10}, {""year"": 2026, ""month"": 5, ""search_volume"": 0}, {""year"": 2026, ""month"": 4, ""search_volume"": 10}, {""year"": 2026, ""month"": 3, ""search_volume"": 10}, {""year"": 2026, ""month"": 2, ""search_volume"": 10}, {""year"": 2026, ""month"": 1, ""search_volume"": 10}, {""year"": 2025, ""month"": 12, ""search_volume"": 10}, {""year"": 2025, ""month"": 11, ""search_volume"": 10}, {""year"": 2025, ""month"": 10, ""search_volume"": 10}, {""year"": 2025, ""month"": 9, ""search_volume"": 10}, {""year"": 2025, ""month"": 8, ""search_volume"": 10}]"
C2,casque pour television sans fil pas cher,10,,USD_DOCUMENTED,core,False,G0016,0,G0021,0,casque TV sans fil compatible avec kit émetteur,keywords_data/google_ads/search_volume/live,2026-09-03T14:41:45.663971+00:00,2026-09-03-qualification-9-produits-pur/raw/20-controls-3.json.gz,"[{""year"": 2026, ""month"": 7, ""search_volume"": 0}, {""year"": 2026, ""month"": 6, ""search_volume"": 10}, {""year"": 2026, ""month"": 5, ""search_volume"": 0}, {""year"": 2026, ""month"": 4, ""search_volume"": 0}, {""year"": 2026, ""month"": 3, ""search_volume"": 0}, {""year"": 2026, ""month"": 2, ""search_volume"": 0}, {""year"": 2026, ""month"": 1, ""search_volume"": 0}, {""year"": 2025, ""month"": 12, ""search_volume"": 0}, {""year"": 2025, ""month"": 11, ""search_volume"": 0}, {""year"": 2025, ""month"": 10, ""search_volume"": 10}, {""year"": 2025, ""month"": 9, ""search_volume"": 10}, {""year"": 2025, ""month"": 8, ""search_volume"": 0}]"
C2,casque tv sans fil pour television,10,,USD_DOCUMENTED,core,False,G0045,10,G0056,10,casque TV sans fil compatible avec kit émetteur,keywords_data/google_ads/search_volume/live,2026-09-03T14:41:45.663971+00:00,2026-09-03-qualification-9-produits-pur/raw/20-controls-3.json.gz,"[{""year"": 2026, ""month"": 7, ""search_volume"": 10}, {""year"": 2026, ""month"": 6, ""search_volume"": 10}, {""year"": 2026, ""month"": 5, ""search_volume"": 10}, {""year"": 2026, ""month"": 4, ""search_volume"": 10}, {""year"": 2026, ""month"": 3, ""search_volume"": 10}, {""year"": 2026, ""month"": 2, ""search_volume"": 10}, {""year"": 2026, ""month"": 1, ""search_volume"": 20}, {""year"": 2025, ""month"": 12, ""search_volume"": 10}, {""year"": 2025, ""month"": 11, ""search_volume"": 20}, {""year"": 2025, ""month"": 10, ""search_volume"": 10}, {""year"": 2025, ""month"": 9, ""search_volume"": 10}, {""year"": 2025, ""month"": 8, ""search_volume"": 10}]"
C2,casque television samsung,10,,USD_DOCUMENTED,parent,True,,,,,"casque TV générique, filaire et sans fil mélangés",dataforseo_labs/google/keyword_suggestions/live,2026-09-03T14:36:31.280584+00:00,2026-09-03-qualification-9-produits-pur/raw/10-C2-labs-1.json.gz,"[{""year"": 2026, ""month"": 7, ""search_volume"": 10}, {""year"": 2026, ""month"": 6, ""search_volume"": 10}, {""year"": 2026, ""month"": 5, ""search_volume"": 10}, {""year"": 2026, ""month"": 4, ""search_volume"": 10}, {""year"": 2026, ""month"": 3, ""search_volume"": 10}, {""year"": 2026, ""month"": 2, ""search_volume"": 10}, {""year"": 2026, ""month"": 1, ""search_volume"": 20}, {""year"": 2025, ""month"": 12, ""search_volume"": 20}, {""year"": 2025, ""month"": 11, ""search_volume"": 10}, {""year"": 2025, ""month"": 10, ""search_volume"": 10}, {""year"": 2025, ""month"": 9, ""search_volume"": 10}, {""year"": 2025, ""month"": 8, ""search_volume"": 10}]"
C2,casque audio sans fil television sennheiser,10,0.12,USD_DOCUMENTED,core,True,,,,,casque TV sans fil compatible avec kit émetteur,keywords_data/google_ads/search_volume/live,2026-09-03T14:41:45.663971+00:00,2026-09-03-qualification-9-produits-pur/raw/20-controls-3.json.gz,"[{""year"": 2026, ""month"": 7, ""search_volume"": 10}, {""year"": 2026, ""month"": 6, ""search_volume"": 0}, {""year"": 2026, ""month"": 5, ""search_volume"": 10}, {""year"": 2026, ""month"": 4, ""search_volume"": 0}, {""year"": 2026, ""month"": 3, ""search_volume"": 10}, {""year"": 2026, ""month"": 2, ""search_volume"": 10}, {""year"": 2026, ""month"": 1, ""search_volume"": 10}, {""year"": 2025, ""month"": 12, ""search_volume"": 20}, {""year"": 2025, ""month"": 11, ""search_volume"": 10}, {""year"": 2025, ""month"": 10, ""search_volume"": 20}, {""year"": 2025, ""month"": 9, ""search_volume"": 10}, {""year"": 2025, ""month"": 8, ""search_volume"": 10}]"
C2,casque audio sans fil pour ecouter la television,10,0.2,USD_DOCUMENTED,core,False,G0040,0,G0051,0,casque TV sans fil compatible avec kit émetteur,keywords_data/google_ads/search_volume/live,2026-09-03T14:41:45.663971+00:00,2026-09-03-qualification-9-produits-pur/raw/20-controls-3.json.gz,"[{""year"": 2026, ""month"": 7, ""search_volume"": 10}, {""year"": 2026, ""month"": 6, ""search_volume"": 10}, {""year"": 2026, ""month"": 5, ""search_volume"": 10}, {""year"": 2026, ""month"": 4, ""search_volume"": 10}, {""year"": 2026, ""month"": 3, ""search_volume"": 10}, {""year"": 2026, ""month"": 2, ""search_volume"": 10}, {""year"": 2026, ""month"": 1, ""search_volume"": 10}, {""year"": 2025, ""month"": 12, ""search_volume"": 30}, {""year"": 2025, ""month"": 11, ""search_volume"": 20}, {""year"": 2025, ""month"": 10, ""search_volume"": 10}, {""year"": 2025, ""month"": 9, ""search_volume"": 10}, {""year"": 2025, ""month"": 8, ""search_volume"": 10}]"
C2,casque television bose,10,,USD_DOCUMENTED,parent,True,,,,,"casque TV générique, filaire et sans fil mélangés",dataforseo_labs/google/keyword_suggestions/live,2026-09-03T14:36:31.280584+00:00,2026-09-03-qualification-9-produits-pur/raw/10-C2-labs-1.json.gz,"[{""year"": 2026, ""month"": 7, ""search_volume"": 0}, {""year"": 2026, ""month"": 6, ""search_volume"": 10}, {""year"": 2026, ""month"": 5, ""search_volume"": 10}, {""year"": 2026, ""month"": 4, ""search_volume"": 10}, {""year"": 2026, ""month"": 3, ""search_volume"": 10}, {""year"": 2026, ""month"": 2, ""search_volume"": 10}, {""year"": 2026, ""month"": 1, ""search_volume"": 10}, {""year"": 2025, ""month"": 12, ""search_volume"": 10}, {""year"": 2025, ""month"": 11, ""search_volume"": 10}, {""year"": 2025, ""month"": 10, ""search_volume"": 10}, {""year"": 2025, ""month"": 9, ""search_volume"": 10}, {""year"": 2025, ""month"": 8, ""search_volume"": 10}]"
C2,casque d'écoute sans fil television,10,,USD_DOCUMENTED,core,False,G0026,0,G0034,0,casque TV sans fil compatible avec kit émetteur,keywords_data/google_ads/search_volume/live,2026-09-03T14:41:45.663971+00:00,2026-09-03-qualification-9-produits-pur/raw/20-controls-3.json.gz,"[{""year"": 2026, ""month"": 7, ""search_volume"": 0}, {""year"": 2026, ""month"": 6, ""search_volume"": 10}, {""year"": 2026, ""month"": 5, ""search_volume"": 10}, {""year"": 2026, ""month"": 4, ""search_volume"": 0}, {""year"": 2026, ""month"": 3, ""search_volume"": 10}, {""year"": 2026, ""month"": 2, ""search_volume"": 10}, {""year"": 2026, ""month"": 1, ""search_volume"": 10}, {""year"": 2025, ""month"": 12, ""search_volume"": 10}, {""year"": 2025, ""month"": 11, ""search_volume"": 10}, {""year"": 2025, ""month"": 10, ""search_volume"": 10}, {""year"": 2025, ""month"": 9, ""search_volume"": 10}, {""year"": 2025, ""month"": 8, ""search_volume"": 10}]"
C2,casque sans fil television pas cher,10,,USD_DOCUMENTED,core,False,G0016,0,G0021,0,casque TV sans fil compatible avec kit émetteur,keywords_data/google_ads/search_volume/live,2026-09-03T14:41:45.663971+00:00,2026-09-03-qualification-9-produits-pur/raw/20-controls-3.json.gz,"[{""year"": 2026, ""month"": 7, ""search_volume"": 0}, {""year"": 2026, ""month"": 6, ""search_volume"": 0}, {""year"": 2026, ""month"": 5, ""search_volume"": 10}, {""year"": 2026, ""month"": 4, ""search_volume"": 10}, {""year"": 2026, ""month"": 3, ""search_volume"": 0}, {""year"": 2026, ""month"": 2, ""search_volume"": 0}, {""year"": 2026, ""month"": 1, ""search_volume"": 10}, {""year"": 2025, ""month"": 12, ""search_volume"": 10}, {""year"": 2025, ""month"": 11, ""search_volume"": 10}, {""year"": 2025, ""month"": 10, ""search_volume"": 10}, {""year"": 2025, ""month"": 9, ""search_volume"": 0}, {""year"": 2025, ""month"": 8, ""search_volume"": 0}]"
C2,casque ecouteur sans fil pour television,10,,USD_DOCUMENTED,core,False,G0012,0,G0015,0,casque TV sans fil compatible avec kit émetteur,keywords_data/google_ads/search_volume/live,2026-09-03T14:41:45.663971+00:00,2026-09-03-qualification-9-produits-pur/raw/20-controls-3.json.gz,"[{""year"": 2026, ""month"": 7, ""search_volume"": 0}, {""year"": 2026, ""month"": 6, ""search_volume"": 0}, {""year"": 2026, ""month"": 5, ""search_volume"": 0}, {""year"": 2026, ""month"": 4, ""search_volume"": 0}, {""year"": 2026, ""month"": 3, ""search_volume"": 0}, {""year"": 2026, ""month"": 2, ""search_volume"": 0}, {""year"": 2026, ""month"": 1, ""search_volume"": 0}, {""year"": 2025, ""month"": 12, ""search_volume"": 0}, {""year"": 2025, ""month"": 11, ""search_volume"": 10}, {""year"": 2025, ""month"": 10, ""search_volume"": 10}, {""year"": 2025, ""month"": 9, ""search_volume"": 0}, {""year"": 2025, ""month"": 8, ""search_volume"": 0}]"
C2,casque vr pour regarder la tv,10,0.17,USD_DOCUMENTED,parent,False,,,,,"casque TV générique, filaire et sans fil mélangés",dataforseo_labs/google/keyword_suggestions/live,2026-09-03T14:36:32.619705+00:00,2026-09-03-qualification-9-produits-pur/raw/10-C2-labs-3.json.gz,"[{""year"": 2026, ""month"": 7, ""search_volume"": 10}, {""year"": 2026, ""month"": 6, ""search_volume"": 0}, {""year"": 2026, ""month"": 5, ""search_volume"": 10}, {""year"": 2026, ""month"": 4, ""search_volume"": 0}, {""year"": 2026, ""month"": 3, ""search_volume"": 10}, {""year"": 2026, ""month"": 2, ""search_volume"": 0}, {""year"": 2026, ""month"": 1, ""search_volume"": 10}, {""year"": 2025, ""month"": 12, ""search_volume"": 10}, {""year"": 2025, ""month"": 11, ""search_volume"": 10}, {""year"": 2025, ""month"": 10, ""search_volume"": 10}, {""year"": 2025, ""month"": 9, ""search_volume"": 10}, {""year"": 2025, ""month"": 8, ""search_volume"": 10}]"
C2,quel casque choisir pour regarder la tv,10,0.19,USD_DOCUMENTED,parent,False,,,,,"casque TV générique, filaire et sans fil mélangés",dataforseo_labs/google/keyword_suggestions/live,2026-09-03T14:36:32.619705+00:00,2026-09-03-qualification-9-produits-pur/raw/10-C2-labs-3.json.gz,"[{""year"": 2026, ""month"": 7, ""search_volume"": 10}, {""year"": 2026, ""month"": 6, ""search_volume"": 10}, {""year"": 2026, ""month"": 5, ""search_volume"": 10}, {""year"": 2026, ""month"": 4, ""search_volume"": 10}, {""year"": 2026, ""month"": 3, ""search_volume"": 10}, {""year"": 2026, ""month"": 2, ""search_volume"": 10}, {""year"": 2026, ""month"": 1, ""search_volume"": 10}, {""year"": 2025, ""month"": 12, ""search_volume"": 20}, {""year"": 2025, ""month"": 11, ""search_volume"": 10}, {""year"": 2025, ""month"": 10, ""search_volume"": 10}, {""year"": 2025, ""month"": 9, ""search_volume"": 10}, {""year"": 2025, ""month"": 8, ""search_volume"": 10}]"
C2,quel casque pour regarder la tv,10,0.28,USD_DOCUMENTED,parent,False,,,,,"casque TV générique, filaire et sans fil mélangés",dataforseo_labs/google/keyword_suggestions/live,2026-09-03T14:36:32.619705+00:00,2026-09-03-qualification-9-produits-pur/raw/10-C2-labs-3.json.gz,"[{""year"": 2026, ""month"": 7, ""search_volume"": 10}, {""year"": 2026, ""month"": 6, ""search_volume"": 10}, {""year"": 2026, ""month"": 5, ""search_volume"": 10}, {""year"": 2026, ""month"": 4, ""search_volume"": 10}, {""year"": 2026, ""month"": 3, ""search_volume"": 10}, {""year"": 2026, ""month"": 2, ""search_volume"": 10}, {""year"": 2026, ""month"": 1, ""search_volume"": 10}, {""year"": 2025, ""month"": 12, ""search_volume"": 30}, {""year"": 2025, ""month"": 11, ""search_volume"": 20}, {""year"": 2025, ""month"": 10, ""search_volume"": 10}, {""year"": 2025, ""month"": 9, ""search_volume"": 10}, {""year"": 2025, ""month"": 8, ""search_volume"": 10}]"
C2,meilleur casque sans fil pour regarder la tv,10,0.36,USD_DOCUMENTED,core,False,G0046,10,G0057,10,casque TV sans fil compatible avec kit émetteur,keywords_data/google_ads/search_volume/live,2026-09-03T14:41:45.663971+00:00,2026-09-03-qualification-9-produits-pur/raw/20-controls-3.json.gz,"[{""year"": 2026, ""month"": 7, ""search_volume"": 10}, {""year"": 2026, ""month"": 6, ""search_volume"": 10}, {""year"": 2026, ""month"": 5, ""search_volume"": 10}, {""year"": 2026, ""month"": 4, ""search_volume"": 10}, {""year"": 2026, ""month"": 3, ""search_volume"": 10}, {""year"": 2026, ""month"": 2, ""search_volume"": 10}, {""year"": 2026, ""month"": 1, ""search_volume"": 10}, {""year"": 2025, ""month"": 12, ""search_volume"": 10}, {""year"": 2025, ""month"": 11, ""search_volume"": 10}, {""year"": 2025, ""month"": 10, ""search_volume"": 10}, {""year"": 2025, ""month"": 9, ""search_volume"": 0}, {""year"": 2025, ""month"": 8, ""search_volume"": 10}]"
C2,casque d'écoute sans fil pour télévision costco,0,,USD_DOCUMENTED,core,False,G0047,0,G0058,0,casque TV sans fil compatible avec kit émetteur,keywords_data/google_ads/search_volume/live,2026-09-03T14:41:45.663971+00:00,2026-09-03-qualification-9-produits-pur/raw/20-controls-3.json.gz,"[{""year"": 2026, ""month"": 7, ""search_volume"": 0}, {""year"": 2026, ""month"": 6, ""search_volume"": 0}, {""year"": 2026, ""month"": 5, ""search_volume"": 0}, {""year"": 2026, ""month"": 4, ""search_volume"": 0}, {""year"": 2026, ""month"": 3, ""search_volume"": 0}, {""year"": 2026, ""month"": 2, ""search_volume"": 0}, {""year"": 2026, ""month"": 1, ""search_volume"": 0}, {""year"": 2025, ""month"": 12, ""search_volume"": 0}, {""year"": 2025, ""month"": 11, ""search_volume"": 0}, {""year"": 2025, ""month"": 10, ""search_volume"": 0}, {""year"": 2025, ""month"": 9, ""search_volume"": 0}, {""year"": 2025, ""month"": 8, ""search_volume"": 0}]"
C2,casque d'écoute sans fil pour télévision best buy,0,,USD_DOCUMENTED,core,False,G0048,0,G0059,0,casque TV sans fil compatible avec kit émetteur,keywords_data/google_ads/search_volume/live,2026-09-03T14:41:45.663971+00:00,2026-09-03-qualification-9-produits-pur/raw/20-controls-3.json.gz,"[{""year"": 2026, ""month"": 7, ""search_volume"": 0}, {""year"": 2026, ""month"": 6, ""search_volume"": 0}, {""year"": 2026, ""month"": 5, ""search_volume"": 0}, {""year"": 2026, ""month"": 4, ""search_volume"": 0}, {""year"": 2026, ""month"": 3, ""search_volume"": 0}, {""year"": 2026, ""month"": 2, ""search_volume"": 0}, {""year"": 2026, ""month"": 1, ""search_volume"": 0}, {""year"": 2025, ""month"": 12, ""search_volume"": 0}, {""year"": 2025, ""month"": 11, ""search_volume"": 0}, {""year"": 2025, ""month"": 10, ""search_volume"": 0}, {""year"": 2025, ""month"": 9, ""search_volume"": 0}, {""year"": 2025, ""month"": 8, ""search_volume"": 0}]"
C2,casque d'écoute sans fil pour télévision bureau en gros,0,,USD_DOCUMENTED,core,False,G0049,0,G0060,0,casque TV sans fil compatible avec kit émetteur,keywords_data/google_ads/search_volume/live,2026-09-03T14:41:45.663971+00:00,2026-09-03-qualification-9-produits-pur/raw/20-controls-3.json.gz,"[{""year"": 2026, ""month"": 7, ""search_volume"": 0}, {""year"": 2026, ""month"": 6, ""search_volume"": 0}, {""year"": 2026, ""month"": 5, ""search_volume"": 0}, {""year"": 2026, ""month"": 4, ""search_volume"": 0}, {""year"": 2026, ""month"": 3, ""search_volume"": 0}, {""year"": 2026, ""month"": 2, ""search_volume"": 0}, {""year"": 2026, ""month"": 1, ""search_volume"": 0}, {""year"": 2025, ""month"": 12, ""search_volume"": 0}, {""year"": 2025, ""month"": 11, ""search_volume"": 0}, {""year"": 2025, ""month"": 10, ""search_volume"": 0}, {""year"": 2025, ""month"": 9, ""search_volume"": 0}, {""year"": 2025, ""month"": 8, ""search_volume"": 0}]"
C2,casque d'écoute sans fil pour télévision walmart,0,,USD_DOCUMENTED,core,True,,,,,casque TV sans fil compatible avec kit émetteur,keywords_data/google_ads/search_volume/live,2026-09-03T14:41:45.663971+00:00,2026-09-03-qualification-9-produits-pur/raw/20-controls-3.json.gz,"[{""year"": 2026, ""month"": 7, ""search_volume"": 0}, {""year"": 2026, ""month"": 6, ""search_volume"": 0}, {""year"": 2026, ""month"": 5, ""search_volume"": 0}, {""year"": 2026, ""month"": 4, ""search_volume"": 0}, {""year"": 2026, ""month"": 3, ""search_volume"": 0}, {""year"": 2026, ""month"": 2, ""search_volume"": 0}, {""year"": 2026, ""month"": 1, ""search_volume"": 0}, {""year"": 2025, ""month"": 12, ""search_volume"": 0}, {""year"": 2025, ""month"": 11, ""search_volume"": 0}, {""year"": 2025, ""month"": 10, ""search_volume"": 0}, {""year"": 2025, ""month"": 9, ""search_volume"": 0}, {""year"": 2025, ""month"": 8, ""search_volume"": 0}]"
C2,casque ecouteur sans fil pour télévision,,,USD_DOCUMENTED,core,False,G0012,0,G0015,0,casque TV sans fil compatible avec kit émetteur,keywords_data/google_ads/search_volume/live,2026-09-03T14:41:45.663971+00:00,2026-09-03-qualification-9-produits-pur/raw/20-controls-3.json.gz,[]
C2,télévision avec prise casque,,,USD_DOCUMENTED,parent,False,,,,,"casque TV générique, filaire et sans fil mélangés",dataforseo_labs/google/keyword_suggestions/live,2026-09-03T14:36:31.018349+00:00,2026-09-03-qualification-9-produits-pur/raw/10-C2-labs-0.json.gz,"[{""year"": 2026, ""month"": 5, ""search_volume"": 0}, {""year"": 2026, ""month"": 4, ""search_volume"": 0}, {""year"": 2026, ""month"": 3, ""search_volume"": 0}, {""year"": 2026, ""month"": 2, ""search_volume"": 0}, {""year"": 2026, ""month"": 1, ""search_volume"": 0}, {""year"": 2025, ""month"": 12, ""search_volume"": 0}, {""year"": 2025, ""month"": 11, ""search_volume"": 0}, {""year"": 2025, ""month"": 10, ""search_volume"": 0}, {""year"": 2025, ""month"": 9, ""search_volume"": 0}, {""year"": 2025, ""month"": 8, ""search_volume"": 0}, {""year"": 2025, ""month"": 7, ""search_volume"": 0}, {""year"": 2025, ""month"": 6, ""search_volume"": 0}]"
C2,casque wifi télévision,,,USD_DOCUMENTED,incompatible,False,,,,,"autre technologie, accessoire ou besoin auditif spécifique",dataforseo_labs/google/keyword_suggestions/live,2026-09-03T14:36:31.018349+00:00,2026-09-03-qualification-9-produits-pur/raw/10-C2-labs-0.json.gz,"[{""year"": 2026, ""month"": 5, ""search_volume"": 0}, {""year"": 2026, ""month"": 4, ""search_volume"": 0}, {""year"": 2026, ""month"": 3, ""search_volume"": 0}, {""year"": 2026, ""month"": 2, ""search_volume"": 0}, {""year"": 2026, ""month"": 1, ""search_volume"": 0}, {""year"": 2025, ""month"": 12, ""search_volume"": 0}, {""year"": 2025, ""month"": 11, ""search_volume"": 0}, {""year"": 2025, ""month"": 10, ""search_volume"": 0}, {""year"": 2025, ""month"": 9, ""search_volume"": 0}, {""year"": 2025, ""month"": 8, ""search_volume"": 0}, {""year"": 2025, ""month"": 7, ""search_volume"": 0}, {""year"": 2025, ""month"": 6, ""search_volume"": 0}]"
C2,casque pour télévision sennheiser,,,USD_DOCUMENTED,parent,True,,,,,"casque TV générique, filaire et sans fil mélangés",dataforseo_labs/google/keyword_suggestions/live,2026-09-03T14:36:31.018349+00:00,2026-09-03-qualification-9-produits-pur/raw/10-C2-labs-0.json.gz,"[{""year"": 2026, ""month"": 5, ""search_volume"": 0}, {""year"": 2026, ""month"": 4, ""search_volume"": 0}, {""year"": 2026, ""month"": 3, ""search_volume"": 0}, {""year"": 2026, ""month"": 2, ""search_volume"": 0}, {""year"": 2026, ""month"": 1, ""search_volume"": 0}, {""year"": 2025, ""month"": 12, ""search_volume"": 0}, {""year"": 2025, ""month"": 11, ""search_volume"": 0}, {""year"": 2025, ""month"": 10, ""search_volume"": 0}, {""year"": 2025, ""month"": 9, ""search_volume"": 0}, {""year"": 2025, ""month"": 8, ""search_volume"": 0}, {""year"": 2025, ""month"": 7, ""search_volume"": 0}, {""year"": 2025, ""month"": 6, ""search_volume"": 0}]"
C2,casque télévision samsung,,,USD_DOCUMENTED,parent,True,,,,,"casque TV générique, filaire et sans fil mélangés",dataforseo_labs/google/keyword_suggestions/live,2026-09-03T14:36:31.018349+00:00,2026-09-03-qualification-9-produits-pur/raw/10-C2-labs-0.json.gz,"[{""year"": 2026, ""month"": 5, ""search_volume"": 0}, {""year"": 2026, ""month"": 4, ""search_volume"": 0}, {""year"": 2026, ""month"": 3, ""search_volume"": 0}, {""year"": 2026, ""month"": 2, ""search_volume"": 0}, {""year"": 2026, ""month"": 1, ""search_volume"": 0}, {""year"": 2025, ""month"": 12, ""search_volume"": 0}, {""year"": 2025, ""month"": 11, ""search_volume"": 0}, {""year"": 2025, ""month"": 10, ""search_volume"": 0}, {""year"": 2025, ""month"": 9, ""search_volume"": 0}, {""year"": 2025, ""month"": 8, ""search_volume"": 0}, {""year"": 2025, ""month"": 7, ""search_volume"": 0}, {""year"": 2025, ""month"": 6, ""search_volume"": 0}]"
C2,casque télévision duo,,,USD_DOCUMENTED,parent,False,,,,,"casque TV générique, filaire et sans fil mélangés",dataforseo_labs/google/keyword_suggestions/live,2026-09-03T14:36:31.018349+00:00,2026-09-03-qualification-9-produits-pur/raw/10-C2-labs-0.json.gz,"[{""year"": 2026, ""month"": 5, ""search_volume"": 0}, {""year"": 2026, ""month"": 4, ""search_volume"": 0}, {""year"": 2026, ""month"": 3, ""search_volume"": 0}, {""year"": 2026, ""month"": 2, ""search_volume"": 0}, {""year"": 2026, ""month"": 1, ""search_volume"": 0}, {""year"": 2025, ""month"": 12, ""search_volume"": 0}, {""year"": 2025, ""month"": 11, ""search_volume"": 0}, {""year"": 2025, ""month"": 10, ""search_volume"": 0}, {""year"": 2025, ""month"": 9, ""search_volume"": 0}, {""year"": 2025, ""month"": 8, ""search_volume"": 0}, {""year"": 2025, ""month"": 7, ""search_volume"": 0}, {""year"": 2025, ""month"": 6, ""search_volume"": 0}]"
C2,casque télévision sans fil conforama,,,USD_DOCUMENTED,core,True,,,,,casque TV sans fil compatible avec kit émetteur,keywords_data/google_ads/search_volume/live,2026-09-03T14:41:45.663971+00:00,2026-09-03-qualification-9-produits-pur/raw/20-controls-3.json.gz,[]
C2,comment brancher un casque sans fil sur une télévision,,,USD_DOCUMENTED,information,False,,,,,"usage/SAV/risque, hors demande achat directe",dataforseo_labs/google/keyword_suggestions/live,2026-09-03T14:36:31.018349+00:00,2026-09-03-qualification-9-produits-pur/raw/10-C2-labs-0.json.gz,"[{""year"": 2026, ""month"": 5, ""search_volume"": 0}, {""year"": 2026, ""month"": 4, ""search_volume"": 0}, {""year"": 2026, ""month"": 3, ""search_volume"": 0}, {""year"": 2026, ""month"": 2, ""search_volume"": 0}, {""year"": 2026, ""month"": 1, ""search_volume"": 0}, {""year"": 2025, ""month"": 12, ""search_volume"": 0}, {""year"": 2025, ""month"": 11, ""search_volume"": 0}, {""year"": 2025, ""month"": 10, ""search_volume"": 0}, {""year"": 2025, ""month"": 9, ""search_volume"": 0}, {""year"": 2025, ""month"": 8, ""search_volume"": 0}, {""year"": 2025, ""month"": 7, ""search_volume"": 0}, {""year"": 2025, ""month"": 6, ""search_volume"": 0}]"
C2,sennheiser rs 120-w casque bluetooth pour la télévision,,,USD_DOCUMENTED,core,True,,,,,casque TV sans fil compatible avec kit émetteur,keywords_data/google_ads/search_volume/live,2026-09-03T14:41:45.663971+00:00,2026-09-03-qualification-9-produits-pur/raw/20-controls-3.json.gz,[]
C2,casque audio sans fil television pas cher,0,,USD_DOCUMENTED,core,False,G0050,0,G0061,0,casque TV sans fil compatible avec kit émetteur,keywords_data/google_ads/search_volume/live,2026-09-03T14:41:45.663971+00:00,2026-09-03-qualification-9-produits-pur/raw/20-controls-3.json.gz,"[{""year"": 2026, ""month"": 7, ""search_volume"": 0}, {""year"": 2026, ""month"": 6, ""search_volume"": 0}, {""year"": 2026, ""month"": 5, ""search_volume"": 0}, {""year"": 2026, ""month"": 4, ""search_volume"": 0}, {""year"": 2026, ""month"": 3, ""search_volume"": 0}, {""year"": 2026, ""month"": 2, ""search_volume"": 0}, {""year"": 2026, ""month"": 1, ""search_volume"": 0}, {""year"": 2025, ""month"": 12, ""search_volume"": 0}, {""year"": 2025, ""month"": 11, ""search_volume"": 0}, {""year"": 2025, ""month"": 10, ""search_volume"": 0}, {""year"": 2025, ""month"": 9, ""search_volume"": 0}, {""year"": 2025, ""month"": 8, ""search_volume"": 0}]"
C2,amazon casque television sans fil,,,USD_DOCUMENTED,core,True,,,,,casque TV sans fil compatible avec kit émetteur,keywords_data/google_ads/search_volume/live,2026-09-03T14:41:45.663971+00:00,2026-09-03-qualification-9-produits-pur/raw/20-controls-3.json.gz,[]
C2,meilleur casque bluetooth pour regarder la tv,,,USD_DOCUMENTED,core,False,G0051,,G0062,,casque TV sans fil compatible avec kit émetteur,keywords_data/google_ads/search_volume/live,2026-09-03T14:41:45.663971+00:00,2026-09-03-qualification-9-produits-pur/raw/20-controls-3.json.gz,[]
