candidate_id,keyword,volume,cpc,currency,scope,branded,core_group_id,counted_core_volume,group_id,counted_volume,exclusion_or_condition,endpoint,observed_at_utc,source,monthly_searches_json
C6,poêle en titane,4400,1.22,USD_DOCUMENTED,core,False,G0001,4400,G0001,4400,"poêle titane, composition à prouver",keywords_data/google_ads/search_volume/live,2026-09-03T14:41:45.663971+00:00,2026-09-03-qualification-9-produits-pur/raw/20-controls-3.json.gz,"[{""year"": 2026, ""month"": 7, ""search_volume"": 8100}, {""year"": 2026, ""month"": 6, ""search_volume"": 5400}, {""year"": 2026, ""month"": 5, ""search_volume"": 8100}, {""year"": 2026, ""month"": 4, ""search_volume"": 3600}, {""year"": 2026, ""month"": 3, ""search_volume"": 4400}, {""year"": 2026, ""month"": 2, ""search_volume"": 2400}, {""year"": 2026, ""month"": 1, ""search_volume"": 3600}, {""year"": 2025, ""month"": 12, ""search_volume"": 3600}, {""year"": 2025, ""month"": 11, ""search_volume"": 2400}, {""year"": 2025, ""month"": 10, ""search_volume"": 3600}, {""year"": 2025, ""month"": 9, ""search_volume"": 2400}, {""year"": 2025, ""month"": 8, ""search_volume"": 1000}]"
C6,poele en titane,4400,1.22,USD_DOCUMENTED,core,False,G0001,0,G0001,0,"poêle titane, composition à prouver",keywords_data/google_ads/search_volume/live,2026-09-03T14:41:45.663971+00:00,2026-09-03-qualification-9-produits-pur/raw/20-controls-3.json.gz,"[{""year"": 2026, ""month"": 7, ""search_volume"": 8100}, {""year"": 2026, ""month"": 6, ""search_volume"": 5400}, {""year"": 2026, ""month"": 5, ""search_volume"": 8100}, {""year"": 2026, ""month"": 4, ""search_volume"": 3600}, {""year"": 2026, ""month"": 3, ""search_volume"": 4400}, {""year"": 2026, ""month"": 2, ""search_volume"": 2400}, {""year"": 2026, ""month"": 1, ""search_volume"": 3600}, {""year"": 2025, ""month"": 12, ""search_volume"": 3600}, {""year"": 2025, ""month"": 11, ""search_volume"": 2400}, {""year"": 2025, ""month"": 10, ""search_volume"": 3600}, {""year"": 2025, ""month"": 9, ""search_volume"": 2400}, {""year"": 2025, ""month"": 8, ""search_volume"": 1000}]"
C6,poêle titane,2400,1.36,USD_DOCUMENTED,core,False,G0001,0,G0001,0,"poêle titane, composition à prouver",keywords_data/google_ads/search_volume/live,2026-09-03T14:41:45.663971+00:00,2026-09-03-qualification-9-produits-pur/raw/20-controls-3.json.gz,"[{""year"": 2026, ""month"": 7, ""search_volume"": 3600}, {""year"": 2026, ""month"": 6, ""search_volume"": 3600}, {""year"": 2026, ""month"": 5, ""search_volume"": 3600}, {""year"": 2026, ""month"": 4, ""search_volume"": 2400}, {""year"": 2026, ""month"": 3, ""search_volume"": 2900}, {""year"": 2026, ""month"": 2, ""search_volume"": 1900}, {""year"": 2026, ""month"": 1, ""search_volume"": 2900}, {""year"": 2025, ""month"": 12, ""search_volume"": 2400}, {""year"": 2025, ""month"": 11, ""search_volume"": 1600}, {""year"": 2025, ""month"": 10, ""search_volume"": 1900}, {""year"": 2025, ""month"": 9, ""search_volume"": 1600}, {""year"": 2025, ""month"": 8, ""search_volume"": 720}]"
C6,poele titane,2400,1.36,USD_DOCUMENTED,core,False,G0001,0,G0001,0,"poêle titane, composition à prouver",keywords_data/google_ads/search_volume/live,2026-09-03T14:41:45.663971+00:00,2026-09-03-qualification-9-produits-pur/raw/20-controls-3.json.gz,"[{""year"": 2026, ""month"": 7, ""search_volume"": 3600}, {""year"": 2026, ""month"": 6, ""search_volume"": 3600}, {""year"": 2026, ""month"": 5, ""search_volume"": 3600}, {""year"": 2026, ""month"": 4, ""search_volume"": 2400}, {""year"": 2026, ""month"": 3, ""search_volume"": 2900}, {""year"": 2026, ""month"": 2, ""search_volume"": 1900}, {""year"": 2026, ""month"": 1, ""search_volume"": 2900}, {""year"": 2025, ""month"": 12, ""search_volume"": 2400}, {""year"": 2025, ""month"": 11, ""search_volume"": 1600}, {""year"": 2025, ""month"": 10, ""search_volume"": 1900}, {""year"": 2025, ""month"": 9, ""search_volume"": 1600}, {""year"": 2025, ""month"": 8, ""search_volume"": 720}]"
C6,poele sans teflon,1000,0.97,USD_DOCUMENTED,parent,False,,,,,absence de PFAS/Téflon ne désigne pas le titane,keywords_data/google_ads/search_volume/live,2026-09-03T14:41:45.663971+00:00,2026-09-03-qualification-9-produits-pur/raw/20-controls-3.json.gz,"[{""year"": 2026, ""month"": 7, ""search_volume"": 480}, {""year"": 2026, ""month"": 6, ""search_volume"": 390}, {""year"": 2026, ""month"": 5, ""search_volume"": 720}, {""year"": 2026, ""month"": 4, ""search_volume"": 720}, {""year"": 2026, ""month"": 3, ""search_volume"": 1000}, {""year"": 2026, ""month"": 2, ""search_volume"": 1000}, {""year"": 2026, ""month"": 1, ""search_volume"": 1300}, {""year"": 2025, ""month"": 12, ""search_volume"": 1300}, {""year"": 2025, ""month"": 11, ""search_volume"": 1600}, {""year"": 2025, ""month"": 10, ""search_volume"": 1000}, {""year"": 2025, ""month"": 9, ""search_volume"": 1300}, {""year"": 2025, ""month"": 8, ""search_volume"": 1000}]"
C6,poêle en titane avis,880,1.03,USD_DOCUMENTED,core,False,G0002,880,G0002,880,"poêle titane, composition à prouver",keywords_data/google_ads/search_volume/live,2026-09-03T14:41:45.663971+00:00,2026-09-03-qualification-9-produits-pur/raw/20-controls-3.json.gz,"[{""year"": 2026, ""month"": 7, ""search_volume"": 1900}, {""year"": 2026, ""month"": 6, ""search_volume"": 1600}, {""year"": 2026, ""month"": 5, ""search_volume"": 1900}, {""year"": 2026, ""month"": 4, ""search_volume"": 880}, {""year"": 2026, ""month"": 3, ""search_volume"": 1000}, {""year"": 2026, ""month"": 2, ""search_volume"": 720}, {""year"": 2026, ""month"": 1, ""search_volume"": 880}, {""year"": 2025, ""month"": 12, ""search_volume"": 720}, {""year"": 2025, ""month"": 11, ""search_volume"": 260}, {""year"": 2025, ""month"": 10, ""search_volume"": 320}, {""year"": 2025, ""month"": 9, ""search_volume"": 260}, {""year"": 2025, ""month"": 8, ""search_volume"": 90}]"
C6,poele en titane avis,880,1.03,USD_DOCUMENTED,core,False,G0002,0,G0002,0,"poêle titane, composition à prouver",keywords_data/google_ads/search_volume/live,2026-09-03T14:41:45.663971+00:00,2026-09-03-qualification-9-produits-pur/raw/20-controls-3.json.gz,"[{""year"": 2026, ""month"": 7, ""search_volume"": 1900}, {""year"": 2026, ""month"": 6, ""search_volume"": 1600}, {""year"": 2026, ""month"": 5, ""search_volume"": 1900}, {""year"": 2026, ""month"": 4, ""search_volume"": 880}, {""year"": 2026, ""month"": 3, ""search_volume"": 1000}, {""year"": 2026, ""month"": 2, ""search_volume"": 720}, {""year"": 2026, ""month"": 1, ""search_volume"": 880}, {""year"": 2025, ""month"": 12, ""search_volume"": 720}, {""year"": 2025, ""month"": 11, ""search_volume"": 260}, {""year"": 2025, ""month"": 10, ""search_volume"": 320}, {""year"": 2025, ""month"": 9, ""search_volume"": 260}, {""year"": 2025, ""month"": 8, ""search_volume"": 90}]"
C6,poêle sans pfas,880,1.42,USD_DOCUMENTED,parent,False,,,,,absence de PFAS/Téflon ne désigne pas le titane,keywords_data/google_ads/search_volume/live,2026-09-03T14:07:59.780753+00:00,2026-09-03-test-decouverte-couplee/raw/43-c6-controls.json.gz,"[{""year"": 2026, ""month"": 7, ""search_volume"": 480}, {""year"": 2026, ""month"": 6, ""search_volume"": 480}, {""year"": 2026, ""month"": 5, ""search_volume"": 720}, {""year"": 2026, ""month"": 4, ""search_volume"": 880}, {""year"": 2026, ""month"": 3, ""search_volume"": 880}, {""year"": 2026, ""month"": 2, ""search_volume"": 880}, {""year"": 2026, ""month"": 1, ""search_volume"": 1000}, {""year"": 2025, ""month"": 12, ""search_volume"": 1000}, {""year"": 2025, ""month"": 11, ""search_volume"": 1300}, {""year"": 2025, ""month"": 10, ""search_volume"": 1000}, {""year"": 2025, ""month"": 9, ""search_volume"": 880}, {""year"": 2025, ""month"": 8, ""search_volume"": 720}]"
C6,poêle titane avis,720,1.25,USD_DOCUMENTED,core,False,G0002,0,G0002,0,"poêle titane, composition à prouver",keywords_data/google_ads/search_volume/live,2026-09-03T14:41:45.663971+00:00,2026-09-03-qualification-9-produits-pur/raw/20-controls-3.json.gz,"[{""year"": 2026, ""month"": 7, ""search_volume"": 1300}, {""year"": 2026, ""month"": 6, ""search_volume"": 1300}, {""year"": 2026, ""month"": 5, ""search_volume"": 1600}, {""year"": 2026, ""month"": 4, ""search_volume"": 720}, {""year"": 2026, ""month"": 3, ""search_volume"": 720}, {""year"": 2026, ""month"": 2, ""search_volume"": 590}, {""year"": 2026, ""month"": 1, ""search_volume"": 720}, {""year"": 2025, ""month"": 12, ""search_volume"": 480}, {""year"": 2025, ""month"": 11, ""search_volume"": 210}, {""year"": 2025, ""month"": 10, ""search_volume"": 170}, {""year"": 2025, ""month"": 9, ""search_volume"": 140}, {""year"": 2025, ""month"": 8, ""search_volume"": 70}]"
C6,poele titane avis,720,1.25,USD_DOCUMENTED,core,False,G0002,0,G0002,0,"poêle titane, composition à prouver",keywords_data/google_ads/search_volume/live,2026-09-03T14:41:45.663971+00:00,2026-09-03-qualification-9-produits-pur/raw/20-controls-3.json.gz,"[{""year"": 2026, ""month"": 7, ""search_volume"": 1300}, {""year"": 2026, ""month"": 6, ""search_volume"": 1300}, {""year"": 2026, ""month"": 5, ""search_volume"": 1600}, {""year"": 2026, ""month"": 4, ""search_volume"": 720}, {""year"": 2026, ""month"": 3, ""search_volume"": 720}, {""year"": 2026, ""month"": 2, ""search_volume"": 590}, {""year"": 2026, ""month"": 1, ""search_volume"": 720}, {""year"": 2025, ""month"": 12, ""search_volume"": 480}, {""year"": 2025, ""month"": 11, ""search_volume"": 210}, {""year"": 2025, ""month"": 10, ""search_volume"": 170}, {""year"": 2025, ""month"": 9, ""search_volume"": 140}, {""year"": 2025, ""month"": 8, ""search_volume"": 70}]"
C6,poêle en titane danger,480,0.97,USD_DOCUMENTED,information,False,,,,,"usage/SAV/risque, hors demande achat directe",dataforseo_labs/google/keyword_suggestions/live,2026-09-03T14:07:53.082991+00:00,2026-09-03-test-decouverte-couplee/raw/42-c6-labs.json.gz,"[{""year"": 2026, ""month"": 7, ""search_volume"": 1300}, {""year"": 2026, ""month"": 6, ""search_volume"": 880}, {""year"": 2026, ""month"": 5, ""search_volume"": 720}, {""year"": 2026, ""month"": 4, ""search_volume"": 480}, {""year"": 2026, ""month"": 3, ""search_volume"": 590}, {""year"": 2026, ""month"": 2, ""search_volume"": 320}, {""year"": 2026, ""month"": 1, ""search_volume"": 390}, {""year"": 2025, ""month"": 12, ""search_volume"": 260}, {""year"": 2025, ""month"": 11, ""search_volume"": 140}, {""year"": 2025, ""month"": 10, ""search_volume"": 210}, {""year"": 2025, ""month"": 9, ""search_volume"": 170}, {""year"": 2025, ""month"": 8, ""search_volume"": 110}]"
C6,poele en titane danger,480,0.97,USD_DOCUMENTED,information,False,,,,,"usage/SAV/risque, hors demande achat directe",dataforseo_labs/google/keyword_suggestions/live,2026-09-03T14:36:33.255199+00:00,2026-09-03-qualification-9-produits-pur/raw/10-C6-labs-1.json.gz,"[{""year"": 2026, ""month"": 7, ""search_volume"": 1300}, {""year"": 2026, ""month"": 6, ""search_volume"": 880}, {""year"": 2026, ""month"": 5, ""search_volume"": 720}, {""year"": 2026, ""month"": 4, ""search_volume"": 480}, {""year"": 2026, ""month"": 3, ""search_volume"": 590}, {""year"": 2026, ""month"": 2, ""search_volume"": 320}, {""year"": 2026, ""month"": 1, ""search_volume"": 390}, {""year"": 2025, ""month"": 12, ""search_volume"": 260}, {""year"": 2025, ""month"": 11, ""search_volume"": 140}, {""year"": 2025, ""month"": 10, ""search_volume"": 210}, {""year"": 2025, ""month"": 9, ""search_volume"": 170}, {""year"": 2025, ""month"": 8, ""search_volume"": 110}]"
C6,poêle céramique sans pfas,390,1.1,USD_DOCUMENTED,incompatible,False,,,,,"autre matière, revêtement ou usage que cuisson domestique titane",dataforseo_labs/google/keyword_suggestions/live,2026-09-03T14:36:33.664362+00:00,2026-09-03-qualification-9-produits-pur/raw/10-C6-labs-2.json.gz,"[{""year"": 2026, ""month"": 7, ""search_volume"": 320}, {""year"": 2026, ""month"": 6, ""search_volume"": 260}, {""year"": 2026, ""month"": 5, ""search_volume"": 390}, {""year"": 2026, ""month"": 4, ""search_volume"": 390}, {""year"": 2026, ""month"": 3, ""search_volume"": 390}, {""year"": 2026, ""month"": 2, ""search_volume"": 390}, {""year"": 2026, ""month"": 1, ""search_volume"": 480}, {""year"": 2025, ""month"": 12, ""search_volume"": 390}, {""year"": 2025, ""month"": 11, ""search_volume"": 390}, {""year"": 2025, ""month"": 10, ""search_volume"": 320}, {""year"": 2025, ""month"": 9, ""search_volume"": 320}, {""year"": 2025, ""month"": 8, ""search_volume"": 260}]"
C6,poele antiadhésive sans teflon,390,1.36,USD_DOCUMENTED,parent,False,,,,,absence de PFAS/Téflon ne désigne pas le titane,dataforseo_labs/google/keyword_suggestions/live,2026-09-03T14:36:34.185913+00:00,2026-09-03-qualification-9-produits-pur/raw/10-C6-labs-3.json.gz,"[{""year"": 2026, ""month"": 7, ""search_volume"": 140}, {""year"": 2026, ""month"": 6, ""search_volume"": 210}, {""year"": 2026, ""month"": 5, ""search_volume"": 260}, {""year"": 2026, ""month"": 4, ""search_volume"": 320}, {""year"": 2026, ""month"": 3, ""search_volume"": 320}, {""year"": 2026, ""month"": 2, ""search_volume"": 390}, {""year"": 2026, ""month"": 1, ""search_volume"": 480}, {""year"": 2025, ""month"": 12, ""search_volume"": 480}, {""year"": 2025, ""month"": 11, ""search_volume"": 720}, {""year"": 2025, ""month"": 10, ""search_volume"": 390}, {""year"": 2025, ""month"": 9, ""search_volume"": 480}, {""year"": 2025, ""month"": 8, ""search_volume"": 390}]"
C6,poêle titane martelé,320,1.38,USD_DOCUMENTED,core,False,G0003,320,G0003,320,"poêle titane, composition à prouver",keywords_data/google_ads/search_volume/live,2026-09-03T14:41:45.663971+00:00,2026-09-03-qualification-9-produits-pur/raw/20-controls-3.json.gz,"[{""year"": 2026, ""month"": 7, ""search_volume"": 320}, {""year"": 2026, ""month"": 6, ""search_volume"": 590}, {""year"": 2026, ""month"": 5, ""search_volume"": 590}, {""year"": 2026, ""month"": 4, ""search_volume"": 480}, {""year"": 2026, ""month"": 3, ""search_volume"": 590}, {""year"": 2026, ""month"": 2, ""search_volume"": 480}, {""year"": 2026, ""month"": 1, ""search_volume"": 320}, {""year"": 2025, ""month"": 12, ""search_volume"": 140}, {""year"": 2025, ""month"": 11, ""search_volume"": 40}, {""year"": 2025, ""month"": 10, ""search_volume"": 0}, {""year"": 2025, ""month"": 9, ""search_volume"": 0}, {""year"": 2025, ""month"": 8, ""search_volume"": 0}]"
C6,poêle en titane martelé,320,1.51,USD_DOCUMENTED,core,False,G0003,0,G0003,0,"poêle titane, composition à prouver",keywords_data/google_ads/search_volume/live,2026-09-03T14:41:45.663971+00:00,2026-09-03-qualification-9-produits-pur/raw/20-controls-3.json.gz,"[{""year"": 2026, ""month"": 7, ""search_volume"": 390}, {""year"": 2026, ""month"": 6, ""search_volume"": 480}, {""year"": 2026, ""month"": 5, ""search_volume"": 590}, {""year"": 2026, ""month"": 4, ""search_volume"": 320}, {""year"": 2026, ""month"": 3, ""search_volume"": 480}, {""year"": 2026, ""month"": 2, ""search_volume"": 480}, {""year"": 2026, ""month"": 1, ""search_volume"": 480}, {""year"": 2025, ""month"": 12, ""search_volume"": 170}, {""year"": 2025, ""month"": 11, ""search_volume"": 40}, {""year"": 2025, ""month"": 10, ""search_volume"": 20}, {""year"": 2025, ""month"": 9, ""search_volume"": 10}, {""year"": 2025, ""month"": 8, ""search_volume"": 0}]"
C6,poele en titane martelé,320,1.51,USD_DOCUMENTED,core,False,G0003,0,G0003,0,"poêle titane, composition à prouver",keywords_data/google_ads/search_volume/live,2026-09-03T14:41:45.663971+00:00,2026-09-03-qualification-9-produits-pur/raw/20-controls-3.json.gz,"[{""year"": 2026, ""month"": 7, ""search_volume"": 390}, {""year"": 2026, ""month"": 6, ""search_volume"": 480}, {""year"": 2026, ""month"": 5, ""search_volume"": 590}, {""year"": 2026, ""month"": 4, ""search_volume"": 320}, {""year"": 2026, ""month"": 3, ""search_volume"": 480}, {""year"": 2026, ""month"": 2, ""search_volume"": 480}, {""year"": 2026, ""month"": 1, ""search_volume"": 480}, {""year"": 2025, ""month"": 12, ""search_volume"": 170}, {""year"": 2025, ""month"": 11, ""search_volume"": 40}, {""year"": 2025, ""month"": 10, ""search_volume"": 20}, {""year"": 2025, ""month"": 9, ""search_volume"": 10}, {""year"": 2025, ""month"": 8, ""search_volume"": 0}]"
C6,poêle en titane ou inox,260,0.82,USD_DOCUMENTED,incompatible,False,,,,,"autre matière, revêtement ou usage que cuisson domestique titane",dataforseo_labs/google/keyword_suggestions/live,2026-09-03T14:07:53.082991+00:00,2026-09-03-test-decouverte-couplee/raw/42-c6-labs.json.gz,"[{""year"": 2026, ""month"": 7, ""search_volume"": 590}, {""year"": 2026, ""month"": 6, ""search_volume"": 480}, {""year"": 2026, ""month"": 5, ""search_volume"": 590}, {""year"": 2026, ""month"": 4, ""search_volume"": 320}, {""year"": 2026, ""month"": 3, ""search_volume"": 480}, {""year"": 2026, ""month"": 2, ""search_volume"": 260}, {""year"": 2026, ""month"": 1, ""search_volume"": 260}, {""year"": 2025, ""month"": 12, ""search_volume"": 140}, {""year"": 2025, ""month"": 11, ""search_volume"": 50}, {""year"": 2025, ""month"": 10, ""search_volume"": 20}, {""year"": 2025, ""month"": 9, ""search_volume"": 0}, {""year"": 2025, ""month"": 8, ""search_volume"": 0}]"
C6,poêle titane martelé avis,260,1.34,USD_DOCUMENTED,core,False,G0004,260,G0004,260,"poêle titane, composition à prouver",keywords_data/google_ads/search_volume/live,2026-09-03T14:41:45.663971+00:00,2026-09-03-qualification-9-produits-pur/raw/20-controls-3.json.gz,"[{""year"": 2026, ""month"": 7, ""search_volume"": 720}, {""year"": 2026, ""month"": 6, ""search_volume"": 880}, {""year"": 2026, ""month"": 5, ""search_volume"": 880}, {""year"": 2026, ""month"": 4, ""search_volume"": 320}, {""year"": 2026, ""month"": 3, ""search_volume"": 260}, {""year"": 2026, ""month"": 2, ""search_volume"": 90}, {""year"": 2026, ""month"": 1, ""search_volume"": 40}, {""year"": 2025, ""month"": 12, ""search_volume"": 0}, {""year"": 2025, ""month"": 11, ""search_volume"": 0}, {""year"": 2025, ""month"": 10, ""search_volume"": 0}, {""year"": 2025, ""month"": 9, ""search_volume"": 0}, {""year"": 2025, ""month"": 8, ""search_volume"": 0}]"
C6,meilleur poêle en titane,260,1.81,USD_DOCUMENTED,core,False,G0005,260,G0005,260,"poêle titane, composition à prouver",keywords_data/google_ads/search_volume/live,2026-09-03T14:41:45.663971+00:00,2026-09-03-qualification-9-produits-pur/raw/20-controls-3.json.gz,"[{""year"": 2026, ""month"": 7, ""search_volume"": 590}, {""year"": 2026, ""month"": 6, ""search_volume"": 590}, {""year"": 2026, ""month"": 5, ""search_volume"": 880}, {""year"": 2026, ""month"": 4, ""search_volume"": 390}, {""year"": 2026, ""month"": 3, ""search_volume"": 320}, {""year"": 2026, ""month"": 2, ""search_volume"": 210}, {""year"": 2026, ""month"": 1, ""search_volume"": 170}, {""year"": 2025, ""month"": 12, ""search_volume"": 70}, {""year"": 2025, ""month"": 11, ""search_volume"": 40}, {""year"": 2025, ""month"": 10, ""search_volume"": 0}, {""year"": 2025, ""month"": 9, ""search_volume"": 0}, {""year"": 2025, ""month"": 8, ""search_volume"": 0}]"
C6,meilleure poêle en titane,260,1.81,USD_DOCUMENTED,core,False,G0005,0,G0005,0,"poêle titane, composition à prouver",keywords_data/google_ads/search_volume/live,2026-09-03T14:41:45.663971+00:00,2026-09-03-qualification-9-produits-pur/raw/20-controls-3.json.gz,"[{""year"": 2026, ""month"": 7, ""search_volume"": 590}, {""year"": 2026, ""month"": 6, ""search_volume"": 590}, {""year"": 2026, ""month"": 5, ""search_volume"": 880}, {""year"": 2026, ""month"": 4, ""search_volume"": 390}, {""year"": 2026, ""month"": 3, ""search_volume"": 320}, {""year"": 2026, ""month"": 2, ""search_volume"": 210}, {""year"": 2026, ""month"": 1, ""search_volume"": 170}, {""year"": 2025, ""month"": 12, ""search_volume"": 70}, {""year"": 2025, ""month"": 11, ""search_volume"": 40}, {""year"": 2025, ""month"": 10, ""search_volume"": 0}, {""year"": 2025, ""month"": 9, ""search_volume"": 0}, {""year"": 2025, ""month"": 8, ""search_volume"": 0}]"
C6,poêle tefal sans pfas,260,0.57,USD_DOCUMENTED,parent,True,,,,,absence de PFAS/Téflon ne désigne pas le titane,dataforseo_labs/google/keyword_suggestions/live,2026-09-03T14:36:33.664362+00:00,2026-09-03-qualification-9-produits-pur/raw/10-C6-labs-2.json.gz,"[{""year"": 2026, ""month"": 7, ""search_volume"": 170}, {""year"": 2026, ""month"": 6, ""search_volume"": 140}, {""year"": 2026, ""month"": 5, ""search_volume"": 210}, {""year"": 2026, ""month"": 4, ""search_volume"": 210}, {""year"": 2026, ""month"": 3, ""search_volume"": 260}, {""year"": 2026, ""month"": 2, ""search_volume"": 260}, {""year"": 2026, ""month"": 1, ""search_volume"": 320}, {""year"": 2025, ""month"": 12, ""search_volume"": 320}, {""year"": 2025, ""month"": 11, ""search_volume"": 320}, {""year"": 2025, ""month"": 10, ""search_volume"": 210}, {""year"": 2025, ""month"": 9, ""search_volume"": 210}, {""year"": 2025, ""month"": 8, ""search_volume"": 170}]"
C6,poêle inox sans pfas,260,1.21,USD_DOCUMENTED,incompatible,False,,,,,"autre matière, revêtement ou usage que cuisson domestique titane",dataforseo_labs/google/keyword_suggestions/live,2026-09-03T14:36:33.664362+00:00,2026-09-03-qualification-9-produits-pur/raw/10-C6-labs-2.json.gz,"[{""year"": 2026, ""month"": 7, ""search_volume"": 170}, {""year"": 2026, ""month"": 6, ""search_volume"": 170}, {""year"": 2026, ""month"": 5, ""search_volume"": 320}, {""year"": 2026, ""month"": 4, ""search_volume"": 170}, {""year"": 2026, ""month"": 3, ""search_volume"": 210}, {""year"": 2026, ""month"": 2, ""search_volume"": 210}, {""year"": 2026, ""month"": 1, ""search_volume"": 390}, {""year"": 2025, ""month"": 12, ""search_volume"": 390}, {""year"": 2025, ""month"": 11, ""search_volume"": 480}, {""year"": 2025, ""month"": 10, ""search_volume"": 260}, {""year"": 2025, ""month"": 9, ""search_volume"": 320}, {""year"": 2025, ""month"": 8, ""search_volume"": 170}]"
C6,poêle anti adhésive sans pfas,210,1.07,USD_DOCUMENTED,parent,False,,,,,absence de PFAS/Téflon ne désigne pas le titane,dataforseo_labs/google/keyword_suggestions/live,2026-09-03T14:36:33.664362+00:00,2026-09-03-qualification-9-produits-pur/raw/10-C6-labs-2.json.gz,"[{""year"": 2026, ""month"": 7, ""search_volume"": 320}, {""year"": 2026, ""month"": 6, ""search_volume"": 210}, {""year"": 2026, ""month"": 5, ""search_volume"": 260}, {""year"": 2026, ""month"": 4, ""search_volume"": 260}, {""year"": 2026, ""month"": 3, ""search_volume"": 320}, {""year"": 2026, ""month"": 2, ""search_volume"": 210}, {""year"": 2026, ""month"": 1, ""search_volume"": 320}, {""year"": 2025, ""month"": 12, ""search_volume"": 140}, {""year"": 2025, ""month"": 11, ""search_volume"": 390}, {""year"": 2025, ""month"": 10, ""search_volume"": 110}, {""year"": 2025, ""month"": 9, ""search_volume"": 70}, {""year"": 2025, ""month"": 8, ""search_volume"": 90}]"
C6,poêle titane induction,170,1.53,USD_DOCUMENTED,core,False,G0006,170,G0006,170,"poêle titane, composition à prouver",keywords_data/google_ads/search_volume/live,2026-09-03T14:41:45.663971+00:00,2026-09-03-qualification-9-produits-pur/raw/20-controls-3.json.gz,"[{""year"": 2026, ""month"": 7, ""search_volume"": 210}, {""year"": 2026, ""month"": 6, ""search_volume"": 210}, {""year"": 2026, ""month"": 5, ""search_volume"": 260}, {""year"": 2026, ""month"": 4, ""search_volume"": 170}, {""year"": 2026, ""month"": 3, ""search_volume"": 170}, {""year"": 2026, ""month"": 2, ""search_volume"": 170}, {""year"": 2026, ""month"": 1, ""search_volume"": 260}, {""year"": 2025, ""month"": 12, ""search_volume"": 170}, {""year"": 2025, ""month"": 11, ""search_volume"": 70}, {""year"": 2025, ""month"": 10, ""search_volume"": 90}, {""year"": 2025, ""month"": 9, ""search_volume"": 70}, {""year"": 2025, ""month"": 8, ""search_volume"": 20}]"
C6,poele titane induction,170,1.53,USD_DOCUMENTED,core,False,G0006,0,G0006,0,"poêle titane, composition à prouver",keywords_data/google_ads/search_volume/live,2026-09-03T14:41:45.663971+00:00,2026-09-03-qualification-9-produits-pur/raw/20-controls-3.json.gz,"[{""year"": 2026, ""month"": 7, ""search_volume"": 210}, {""year"": 2026, ""month"": 6, ""search_volume"": 210}, {""year"": 2026, ""month"": 5, ""search_volume"": 260}, {""year"": 2026, ""month"": 4, ""search_volume"": 170}, {""year"": 2026, ""month"": 3, ""search_volume"": 170}, {""year"": 2026, ""month"": 2, ""search_volume"": 170}, {""year"": 2026, ""month"": 1, ""search_volume"": 260}, {""year"": 2025, ""month"": 12, ""search_volume"": 170}, {""year"": 2025, ""month"": 11, ""search_volume"": 70}, {""year"": 2025, ""month"": 10, ""search_volume"": 90}, {""year"": 2025, ""month"": 9, ""search_volume"": 70}, {""year"": 2025, ""month"": 8, ""search_volume"": 20}]"
C6,poêle sans pfas made in france,170,1.82,USD_DOCUMENTED,incompatible,False,,,,,"autre matière, revêtement ou usage que cuisson domestique titane",dataforseo_labs/google/keyword_suggestions/live,2026-09-03T14:36:33.664362+00:00,2026-09-03-qualification-9-produits-pur/raw/10-C6-labs-2.json.gz,"[{""year"": 2026, ""month"": 7, ""search_volume"": 170}, {""year"": 2026, ""month"": 6, ""search_volume"": 170}, {""year"": 2026, ""month"": 5, ""search_volume"": 390}, {""year"": 2026, ""month"": 4, ""search_volume"": 210}, {""year"": 2026, ""month"": 3, ""search_volume"": 320}, {""year"": 2026, ""month"": 2, ""search_volume"": 320}, {""year"": 2026, ""month"": 1, ""search_volume"": 90}, {""year"": 2025, ""month"": 12, ""search_volume"": 70}, {""year"": 2025, ""month"": 11, ""search_volume"": 110}, {""year"": 2025, ""month"": 10, ""search_volume"": 50}, {""year"": 2025, ""month"": 9, ""search_volume"": 40}, {""year"": 2025, ""month"": 8, ""search_volume"": 20}]"
C6,poêle sans pfas tefal,170,0.43,USD_DOCUMENTED,parent,True,,,,,absence de PFAS/Téflon ne désigne pas le titane,dataforseo_labs/google/keyword_suggestions/live,2026-09-03T14:36:33.664362+00:00,2026-09-03-qualification-9-produits-pur/raw/10-C6-labs-2.json.gz,"[{""year"": 2026, ""month"": 7, ""search_volume"": 90}, {""year"": 2026, ""month"": 6, ""search_volume"": 70}, {""year"": 2026, ""month"": 5, ""search_volume"": 110}, {""year"": 2026, ""month"": 4, ""search_volume"": 110}, {""year"": 2026, ""month"": 3, ""search_volume"": 140}, {""year"": 2026, ""month"": 2, ""search_volume"": 140}, {""year"": 2026, ""month"": 1, ""search_volume"": 170}, {""year"": 2025, ""month"": 12, ""search_volume"": 170}, {""year"": 2025, ""month"": 11, ""search_volume"": 210}, {""year"": 2025, ""month"": 10, ""search_volume"": 260}, {""year"": 2025, ""month"": 9, ""search_volume"": 210}, {""year"": 2025, ""month"": 8, ""search_volume"": 140}]"
C6,poêle sans pfas et pfoa,170,1.46,USD_DOCUMENTED,parent,False,,,,,absence de PFAS/Téflon ne désigne pas le titane,dataforseo_labs/google/keyword_suggestions/live,2026-09-03T14:36:33.664362+00:00,2026-09-03-qualification-9-produits-pur/raw/10-C6-labs-2.json.gz,"[{""year"": 2026, ""month"": 7, ""search_volume"": 210}, {""year"": 2026, ""month"": 6, ""search_volume"": 210}, {""year"": 2026, ""month"": 5, ""search_volume"": 320}, {""year"": 2026, ""month"": 4, ""search_volume"": 260}, {""year"": 2026, ""month"": 3, ""search_volume"": 260}, {""year"": 2026, ""month"": 2, ""search_volume"": 260}, {""year"": 2026, ""month"": 1, ""search_volume"": 320}, {""year"": 2025, ""month"": 12, ""search_volume"": 90}, {""year"": 2025, ""month"": 11, ""search_volume"": 70}, {""year"": 2025, ""month"": 10, ""search_volume"": 70}, {""year"": 2025, ""month"": 9, ""search_volume"": 70}, {""year"": 2025, ""month"": 8, ""search_volume"": 50}]"
C6,meilleure poêle sans pfas,170,0.81,USD_DOCUMENTED,parent,False,,,,,absence de PFAS/Téflon ne désigne pas le titane,dataforseo_labs/google/keyword_suggestions/live,2026-09-03T14:36:33.664362+00:00,2026-09-03-qualification-9-produits-pur/raw/10-C6-labs-2.json.gz,"[{""year"": 2026, ""month"": 7, ""search_volume"": 90}, {""year"": 2026, ""month"": 6, ""search_volume"": 110}, {""year"": 2026, ""month"": 5, ""search_volume"": 260}, {""year"": 2026, ""month"": 4, ""search_volume"": 210}, {""year"": 2026, ""month"": 3, ""search_volume"": 210}, {""year"": 2026, ""month"": 2, ""search_volume"": 170}, {""year"": 2026, ""month"": 1, ""search_volume"": 170}, {""year"": 2025, ""month"": 12, ""search_volume"": 210}, {""year"": 2025, ""month"": 11, ""search_volume"": 210}, {""year"": 2025, ""month"": 10, ""search_volume"": 170}, {""year"": 2025, ""month"": 9, ""search_volume"": 110}, {""year"": 2025, ""month"": 8, ""search_volume"": 50}]"
C6,quelle poêle sans pfas,170,0.77,USD_DOCUMENTED,parent,False,,,,,absence de PFAS/Téflon ne désigne pas le titane,dataforseo_labs/google/keyword_suggestions/live,2026-09-03T14:36:33.664362+00:00,2026-09-03-qualification-9-produits-pur/raw/10-C6-labs-2.json.gz,"[{""year"": 2026, ""month"": 7, ""search_volume"": 50}, {""year"": 2026, ""month"": 6, ""search_volume"": 50}, {""year"": 2026, ""month"": 5, ""search_volume"": 90}, {""year"": 2026, ""month"": 4, ""search_volume"": 170}, {""year"": 2026, ""month"": 3, ""search_volume"": 90}, {""year"": 2026, ""month"": 2, ""search_volume"": 140}, {""year"": 2026, ""month"": 1, ""search_volume"": 170}, {""year"": 2025, ""month"": 12, ""search_volume"": 210}, {""year"": 2025, ""month"": 11, ""search_volume"": 260}, {""year"": 2025, ""month"": 10, ""search_volume"": 260}, {""year"": 2025, ""month"": 9, ""search_volume"": 320}, {""year"": 2025, ""month"": 8, ""search_volume"": 260}]"
C6,poêle en titane induction,140,1.3,USD_DOCUMENTED,core,False,G0006,0,G0006,0,"poêle titane, composition à prouver",keywords_data/google_ads/search_volume/live,2026-09-03T14:41:45.663971+00:00,2026-09-03-qualification-9-produits-pur/raw/20-controls-3.json.gz,"[{""year"": 2026, ""month"": 7, ""search_volume"": 110}, {""year"": 2026, ""month"": 6, ""search_volume"": 90}, {""year"": 2026, ""month"": 5, ""search_volume"": 140}, {""year"": 2026, ""month"": 4, ""search_volume"": 70}, {""year"": 2026, ""month"": 3, ""search_volume"": 110}, {""year"": 2026, ""month"": 2, ""search_volume"": 110}, {""year"": 2026, ""month"": 1, ""search_volume"": 260}, {""year"": 2025, ""month"": 12, ""search_volume"": 390}, {""year"": 2025, ""month"": 11, ""search_volume"": 170}, {""year"": 2025, ""month"": 10, ""search_volume"": 110}, {""year"": 2025, ""month"": 9, ""search_volume"": 50}, {""year"": 2025, ""month"": 8, ""search_volume"": 0}]"
C6,poêle en titane prix,140,0.98,USD_DOCUMENTED,core,False,G0007,140,G0007,140,"poêle titane, composition à prouver",keywords_data/google_ads/search_volume/live,2026-09-03T14:41:45.663971+00:00,2026-09-03-qualification-9-produits-pur/raw/20-controls-3.json.gz,"[{""year"": 2026, ""month"": 7, ""search_volume"": 320}, {""year"": 2026, ""month"": 6, ""search_volume"": 260}, {""year"": 2026, ""month"": 5, ""search_volume"": 390}, {""year"": 2026, ""month"": 4, ""search_volume"": 170}, {""year"": 2026, ""month"": 3, ""search_volume"": 260}, {""year"": 2026, ""month"": 2, ""search_volume"": 110}, {""year"": 2026, ""month"": 1, ""search_volume"": 140}, {""year"": 2025, ""month"": 12, ""search_volume"": 90}, {""year"": 2025, ""month"": 11, ""search_volume"": 70}, {""year"": 2025, ""month"": 10, ""search_volume"": 30}, {""year"": 2025, ""month"": 9, ""search_volume"": 0}, {""year"": 2025, ""month"": 8, ""search_volume"": 0}]"
C6,poele en titane santé,140,0.94,USD_DOCUMENTED,information,False,,,,,"usage/SAV/risque, hors demande achat directe",dataforseo_labs/google/keyword_suggestions/live,2026-09-03T14:36:33.255199+00:00,2026-09-03-qualification-9-produits-pur/raw/10-C6-labs-1.json.gz,"[{""year"": 2026, ""month"": 7, ""search_volume"": 70}, {""year"": 2026, ""month"": 6, ""search_volume"": 170}, {""year"": 2026, ""month"": 5, ""search_volume"": 210}, {""year"": 2026, ""month"": 4, ""search_volume"": 70}, {""year"": 2026, ""month"": 3, ""search_volume"": 90}, {""year"": 2026, ""month"": 2, ""search_volume"": 70}, {""year"": 2026, ""month"": 1, ""search_volume"": 110}, {""year"": 2025, ""month"": 12, ""search_volume"": 170}, {""year"": 2025, ""month"": 11, ""search_volume"": 110}, {""year"": 2025, ""month"": 10, ""search_volume"": 260}, {""year"": 2025, ""month"": 9, ""search_volume"": 210}, {""year"": 2025, ""month"": 8, ""search_volume"": 110}]"
C6,poele titane santé,140,0.94,USD_DOCUMENTED,information,False,,,,,"usage/SAV/risque, hors demande achat directe",dataforseo_labs/google/keyword_suggestions/live,2026-09-03T14:36:33.000010+00:00,2026-09-03-qualification-9-produits-pur/raw/10-C6-labs-0.json.gz,"[{""year"": 2026, ""month"": 7, ""search_volume"": 70}, {""year"": 2026, ""month"": 6, ""search_volume"": 170}, {""year"": 2026, ""month"": 5, ""search_volume"": 210}, {""year"": 2026, ""month"": 4, ""search_volume"": 70}, {""year"": 2026, ""month"": 3, ""search_volume"": 90}, {""year"": 2026, ""month"": 2, ""search_volume"": 70}, {""year"": 2026, ""month"": 1, ""search_volume"": 110}, {""year"": 2025, ""month"": 12, ""search_volume"": 170}, {""year"": 2025, ""month"": 11, ""search_volume"": 110}, {""year"": 2025, ""month"": 10, ""search_volume"": 260}, {""year"": 2025, ""month"": 9, ""search_volume"": 210}, {""year"": 2025, ""month"": 8, ""search_volume"": 110}]"
C6,poêle titane ou inox,110,1.1,USD_DOCUMENTED,incompatible,False,,,,,"autre matière, revêtement ou usage que cuisson domestique titane",dataforseo_labs/google/keyword_suggestions/live,2026-09-03T14:07:53.082991+00:00,2026-09-03-test-decouverte-couplee/raw/42-c6-labs.json.gz,"[{""year"": 2026, ""month"": 7, ""search_volume"": 210}, {""year"": 2026, ""month"": 6, ""search_volume"": 170}, {""year"": 2026, ""month"": 5, ""search_volume"": 210}, {""year"": 2026, ""month"": 4, ""search_volume"": 140}, {""year"": 2026, ""month"": 3, ""search_volume"": 170}, {""year"": 2026, ""month"": 2, ""search_volume"": 110}, {""year"": 2026, ""month"": 1, ""search_volume"": 170}, {""year"": 2025, ""month"": 12, ""search_volume"": 90}, {""year"": 2025, ""month"": 11, ""search_volume"": 40}, {""year"": 2025, ""month"": 10, ""search_volume"": 0}, {""year"": 2025, ""month"": 9, ""search_volume"": 0}, {""year"": 2025, ""month"": 8, ""search_volume"": 0}]"
C6,poêle sans pfas céramique,110,1.12,USD_DOCUMENTED,incompatible,False,,,,,"autre matière, revêtement ou usage que cuisson domestique titane",dataforseo_labs/google/keyword_suggestions/live,2026-09-03T14:36:33.664362+00:00,2026-09-03-qualification-9-produits-pur/raw/10-C6-labs-2.json.gz,"[{""year"": 2026, ""month"": 7, ""search_volume"": 30}, {""year"": 2026, ""month"": 6, ""search_volume"": 50}, {""year"": 2026, ""month"": 5, ""search_volume"": 90}, {""year"": 2026, ""month"": 4, ""search_volume"": 140}, {""year"": 2026, ""month"": 3, ""search_volume"": 140}, {""year"": 2026, ""month"": 2, ""search_volume"": 140}, {""year"": 2026, ""month"": 1, ""search_volume"": 140}, {""year"": 2025, ""month"": 12, ""search_volume"": 140}, {""year"": 2025, ""month"": 11, ""search_volume"": 140}, {""year"": 2025, ""month"": 10, ""search_volume"": 110}, {""year"": 2025, ""month"": 9, ""search_volume"": 110}, {""year"": 2025, ""month"": 8, ""search_volume"": 90}]"
C6,poêle sans pfas ikea,110,0.64,USD_DOCUMENTED,parent,True,,,,,absence de PFAS/Téflon ne désigne pas le titane,dataforseo_labs/google/keyword_suggestions/live,2026-09-03T14:36:33.664362+00:00,2026-09-03-qualification-9-produits-pur/raw/10-C6-labs-2.json.gz,"[{""year"": 2026, ""month"": 7, ""search_volume"": 50}, {""year"": 2026, ""month"": 6, ""search_volume"": 50}, {""year"": 2026, ""month"": 5, ""search_volume"": 110}, {""year"": 2026, ""month"": 4, ""search_volume"": 110}, {""year"": 2026, ""month"": 3, ""search_volume"": 110}, {""year"": 2026, ""month"": 2, ""search_volume"": 90}, {""year"": 2026, ""month"": 1, ""search_volume"": 170}, {""year"": 2025, ""month"": 12, ""search_volume"": 110}, {""year"": 2025, ""month"": 11, ""search_volume"": 210}, {""year"": 2025, ""month"": 10, ""search_volume"": 140}, {""year"": 2025, ""month"": 9, ""search_volume"": 140}, {""year"": 2025, ""month"": 8, ""search_volume"": 110}]"
C6,poêle en céramique sans pfas,110,1.71,USD_DOCUMENTED,incompatible,False,,,,,"autre matière, revêtement ou usage que cuisson domestique titane",dataforseo_labs/google/keyword_suggestions/live,2026-09-03T14:36:33.664362+00:00,2026-09-03-qualification-9-produits-pur/raw/10-C6-labs-2.json.gz,"[{""year"": 2026, ""month"": 7, ""search_volume"": 70}, {""year"": 2026, ""month"": 6, ""search_volume"": 90}, {""year"": 2026, ""month"": 5, ""search_volume"": 140}, {""year"": 2026, ""month"": 4, ""search_volume"": 110}, {""year"": 2026, ""month"": 3, ""search_volume"": 90}, {""year"": 2026, ""month"": 2, ""search_volume"": 110}, {""year"": 2026, ""month"": 1, ""search_volume"": 110}, {""year"": 2025, ""month"": 12, ""search_volume"": 140}, {""year"": 2025, ""month"": 11, ""search_volume"": 110}, {""year"": 2025, ""month"": 10, ""search_volume"": 90}, {""year"": 2025, ""month"": 9, ""search_volume"": 140}, {""year"": 2025, ""month"": 8, ""search_volume"": 110}]"
C6,poêle sans pfas induction,110,1.03,USD_DOCUMENTED,parent,False,,,,,absence de PFAS/Téflon ne désigne pas le titane,dataforseo_labs/google/keyword_suggestions/live,2026-09-03T14:36:33.664362+00:00,2026-09-03-qualification-9-produits-pur/raw/10-C6-labs-2.json.gz,"[{""year"": 2026, ""month"": 7, ""search_volume"": 40}, {""year"": 2026, ""month"": 6, ""search_volume"": 40}, {""year"": 2026, ""month"": 5, ""search_volume"": 90}, {""year"": 2026, ""month"": 4, ""search_volume"": 110}, {""year"": 2026, ""month"": 3, ""search_volume"": 140}, {""year"": 2026, ""month"": 2, ""search_volume"": 170}, {""year"": 2026, ""month"": 1, ""search_volume"": 170}, {""year"": 2025, ""month"": 12, ""search_volume"": 170}, {""year"": 2025, ""month"": 11, ""search_volume"": 140}, {""year"": 2025, ""month"": 10, ""search_volume"": 170}, {""year"": 2025, ""month"": 9, ""search_volume"": 110}, {""year"": 2025, ""month"": 8, ""search_volume"": 140}]"
C6,poêle en titane le creuset,90,1.36,USD_DOCUMENTED,core,True,,,,,"poêle titane, composition à prouver",keywords_data/google_ads/search_volume/live,2026-09-03T14:41:45.663971+00:00,2026-09-03-qualification-9-produits-pur/raw/20-controls-3.json.gz,"[{""year"": 2026, ""month"": 7, ""search_volume"": 70}, {""year"": 2026, ""month"": 6, ""search_volume"": 110}, {""year"": 2026, ""month"": 5, ""search_volume"": 210}, {""year"": 2026, ""month"": 4, ""search_volume"": 170}, {""year"": 2026, ""month"": 3, ""search_volume"": 210}, {""year"": 2026, ""month"": 2, ""search_volume"": 140}, {""year"": 2026, ""month"": 1, ""search_volume"": 110}, {""year"": 2025, ""month"": 12, ""search_volume"": 40}, {""year"": 2025, ""month"": 11, ""search_volume"": 0}, {""year"": 2025, ""month"": 10, ""search_volume"": 0}, {""year"": 2025, ""month"": 9, ""search_volume"": 0}, {""year"": 2025, ""month"": 8, ""search_volume"": 0}]"
C6,poêle revêtement titane,90,1.48,USD_DOCUMENTED,incompatible,False,,,,,"autre matière, revêtement ou usage que cuisson domestique titane",dataforseo_labs/google/keyword_suggestions/live,2026-09-03T14:07:53.082991+00:00,2026-09-03-test-decouverte-couplee/raw/42-c6-labs.json.gz,"[{""year"": 2026, ""month"": 7, ""search_volume"": 90}, {""year"": 2026, ""month"": 6, ""search_volume"": 90}, {""year"": 2026, ""month"": 5, ""search_volume"": 90}, {""year"": 2026, ""month"": 4, ""search_volume"": 90}, {""year"": 2026, ""month"": 3, ""search_volume"": 90}, {""year"": 2026, ""month"": 2, ""search_volume"": 90}, {""year"": 2026, ""month"": 1, ""search_volume"": 140}, {""year"": 2025, ""month"": 12, ""search_volume"": 110}, {""year"": 2025, ""month"": 11, ""search_volume"": 140}, {""year"": 2025, ""month"": 10, ""search_volume"": 90}, {""year"": 2025, ""month"": 9, ""search_volume"": 50}, {""year"": 2025, ""month"": 8, ""search_volume"": 50}]"
C6,poêle en titane made in france,90,1.73,USD_DOCUMENTED,incompatible,False,,,,,"autre matière, revêtement ou usage que cuisson domestique titane",dataforseo_labs/google/keyword_suggestions/live,2026-09-03T14:07:53.082991+00:00,2026-09-03-test-decouverte-couplee/raw/42-c6-labs.json.gz,"[{""year"": 2026, ""month"": 7, ""search_volume"": 390}, {""year"": 2026, ""month"": 6, ""search_volume"": 320}, {""year"": 2026, ""month"": 5, ""search_volume"": 390}, {""year"": 2026, ""month"": 4, ""search_volume"": 50}, {""year"": 2026, ""month"": 3, ""search_volume"": 50}, {""year"": 2026, ""month"": 2, ""search_volume"": 0}, {""year"": 2026, ""month"": 1, ""search_volume"": 0}, {""year"": 2025, ""month"": 12, ""search_volume"": 0}, {""year"": 2025, ""month"": 11, ""search_volume"": 0}, {""year"": 2025, ""month"": 10, ""search_volume"": 0}, {""year"": 2025, ""month"": 9, ""search_volume"": 0}, {""year"": 2025, ""month"": 8, ""search_volume"": 0}]"
C6,poêle titane danger,90,1.23,USD_DOCUMENTED,information,False,,,,,"usage/SAV/risque, hors demande achat directe",dataforseo_labs/google/keyword_suggestions/live,2026-09-03T14:07:53.082991+00:00,2026-09-03-test-decouverte-couplee/raw/42-c6-labs.json.gz,"[{""year"": 2026, ""month"": 7, ""search_volume"": 90}, {""year"": 2026, ""month"": 6, ""search_volume"": 90}, {""year"": 2026, ""month"": 5, ""search_volume"": 140}, {""year"": 2026, ""month"": 4, ""search_volume"": 70}, {""year"": 2026, ""month"": 3, ""search_volume"": 110}, {""year"": 2026, ""month"": 2, ""search_volume"": 70}, {""year"": 2026, ""month"": 1, ""search_volume"": 90}, {""year"": 2025, ""month"": 12, ""search_volume"": 90}, {""year"": 2025, ""month"": 11, ""search_volume"": 50}, {""year"": 2025, ""month"": 10, ""search_volume"": 90}, {""year"": 2025, ""month"": 9, ""search_volume"": 70}, {""year"": 2025, ""month"": 8, ""search_volume"": 50}]"
C6,poêle en titane pur,90,1.55,USD_DOCUMENTED,core,False,G0008,90,G0008,90,"poêle titane, composition à prouver",keywords_data/google_ads/search_volume/live,2026-09-03T14:41:45.663971+00:00,2026-09-03-qualification-9-produits-pur/raw/20-controls-3.json.gz,"[{""year"": 2026, ""month"": 7, ""search_volume"": 210}, {""year"": 2026, ""month"": 6, ""search_volume"": 210}, {""year"": 2026, ""month"": 5, ""search_volume"": 170}, {""year"": 2026, ""month"": 4, ""search_volume"": 110}, {""year"": 2026, ""month"": 3, ""search_volume"": 140}, {""year"": 2026, ""month"": 2, ""search_volume"": 70}, {""year"": 2026, ""month"": 1, ""search_volume"": 70}, {""year"": 2025, ""month"": 12, ""search_volume"": 30}, {""year"": 2025, ""month"": 11, ""search_volume"": 0}, {""year"": 2025, ""month"": 10, ""search_volume"": 0}, {""year"": 2025, ""month"": 9, ""search_volume"": 0}, {""year"": 2025, ""month"": 8, ""search_volume"": 0}]"
C6,revetement titane poele,90,1.48,USD_DOCUMENTED,incompatible,False,,,,,"autre matière, revêtement ou usage que cuisson domestique titane",dataforseo_labs/google/keyword_suggestions/live,2026-09-03T14:36:33.000010+00:00,2026-09-03-qualification-9-produits-pur/raw/10-C6-labs-0.json.gz,"[{""year"": 2026, ""month"": 7, ""search_volume"": 90}, {""year"": 2026, ""month"": 6, ""search_volume"": 90}, {""year"": 2026, ""month"": 5, ""search_volume"": 90}, {""year"": 2026, ""month"": 4, ""search_volume"": 90}, {""year"": 2026, ""month"": 3, ""search_volume"": 90}, {""year"": 2026, ""month"": 2, ""search_volume"": 90}, {""year"": 2026, ""month"": 1, ""search_volume"": 140}, {""year"": 2025, ""month"": 12, ""search_volume"": 110}, {""year"": 2025, ""month"": 11, ""search_volume"": 140}, {""year"": 2025, ""month"": 10, ""search_volume"": 90}, {""year"": 2025, ""month"": 9, ""search_volume"": 50}, {""year"": 2025, ""month"": 8, ""search_volume"": 50}]"
C6,poele revetement titane,90,1.48,USD_DOCUMENTED,incompatible,False,,,,,"autre matière, revêtement ou usage que cuisson domestique titane",dataforseo_labs/google/keyword_suggestions/live,2026-09-03T14:36:33.000010+00:00,2026-09-03-qualification-9-produits-pur/raw/10-C6-labs-0.json.gz,"[{""year"": 2026, ""month"": 7, ""search_volume"": 90}, {""year"": 2026, ""month"": 6, ""search_volume"": 90}, {""year"": 2026, ""month"": 5, ""search_volume"": 90}, {""year"": 2026, ""month"": 4, ""search_volume"": 90}, {""year"": 2026, ""month"": 3, ""search_volume"": 90}, {""year"": 2026, ""month"": 2, ""search_volume"": 90}, {""year"": 2026, ""month"": 1, ""search_volume"": 140}, {""year"": 2025, ""month"": 12, ""search_volume"": 110}, {""year"": 2025, ""month"": 11, ""search_volume"": 140}, {""year"": 2025, ""month"": 10, ""search_volume"": 90}, {""year"": 2025, ""month"": 9, ""search_volume"": 50}, {""year"": 2025, ""month"": 8, ""search_volume"": 50}]"
C6,poele sans teflon induction,90,1.3,USD_DOCUMENTED,parent,False,,,,,absence de PFAS/Téflon ne désigne pas le titane,dataforseo_labs/google/keyword_suggestions/live,2026-09-03T14:36:34.185913+00:00,2026-09-03-qualification-9-produits-pur/raw/10-C6-labs-3.json.gz,"[{""year"": 2026, ""month"": 7, ""search_volume"": 30}, {""year"": 2026, ""month"": 6, ""search_volume"": 20}, {""year"": 2026, ""month"": 5, ""search_volume"": 30}, {""year"": 2026, ""month"": 4, ""search_volume"": 40}, {""year"": 2026, ""month"": 3, ""search_volume"": 50}, {""year"": 2026, ""month"": 2, ""search_volume"": 70}, {""year"": 2026, ""month"": 1, ""search_volume"": 140}, {""year"": 2025, ""month"": 12, ""search_volume"": 140}, {""year"": 2025, ""month"": 11, ""search_volume"": 170}, {""year"": 2025, ""month"": 10, ""search_volume"": 110}, {""year"": 2025, ""month"": 9, ""search_volume"": 90}, {""year"": 2025, ""month"": 8, ""search_volume"": 110}]"
C6,poele induction sans teflon,90,1.3,USD_DOCUMENTED,parent,False,,,,,absence de PFAS/Téflon ne désigne pas le titane,dataforseo_labs/google/keyword_suggestions/live,2026-09-03T14:36:34.185913+00:00,2026-09-03-qualification-9-produits-pur/raw/10-C6-labs-3.json.gz,"[{""year"": 2026, ""month"": 7, ""search_volume"": 30}, {""year"": 2026, ""month"": 6, ""search_volume"": 20}, {""year"": 2026, ""month"": 5, ""search_volume"": 30}, {""year"": 2026, ""month"": 4, ""search_volume"": 40}, {""year"": 2026, ""month"": 3, ""search_volume"": 50}, {""year"": 2026, ""month"": 2, ""search_volume"": 70}, {""year"": 2026, ""month"": 1, ""search_volume"": 140}, {""year"": 2025, ""month"": 12, ""search_volume"": 140}, {""year"": 2025, ""month"": 11, ""search_volume"": 170}, {""year"": 2025, ""month"": 10, ""search_volume"": 110}, {""year"": 2025, ""month"": 9, ""search_volume"": 90}, {""year"": 2025, ""month"": 8, ""search_volume"": 110}]"
C6,poele tefal sans teflon,70,0.76,USD_DOCUMENTED,parent,True,,,,,absence de PFAS/Téflon ne désigne pas le titane,dataforseo_labs/google/keyword_suggestions/live,2026-09-03T14:36:34.185913+00:00,2026-09-03-qualification-9-produits-pur/raw/10-C6-labs-3.json.gz,"[{""year"": 2026, ""month"": 7, ""search_volume"": 30}, {""year"": 2026, ""month"": 6, ""search_volume"": 30}, {""year"": 2026, ""month"": 5, ""search_volume"": 40}, {""year"": 2026, ""month"": 4, ""search_volume"": 50}, {""year"": 2026, ""month"": 3, ""search_volume"": 40}, {""year"": 2026, ""month"": 2, ""search_volume"": 50}, {""year"": 2026, ""month"": 1, ""search_volume"": 90}, {""year"": 2025, ""month"": 12, ""search_volume"": 110}, {""year"": 2025, ""month"": 11, ""search_volume"": 110}, {""year"": 2025, ""month"": 10, ""search_volume"": 70}, {""year"": 2025, ""month"": 9, ""search_volume"": 70}, {""year"": 2025, ""month"": 8, ""search_volume"": 70}]"
C6,poêle en titane manche amovible,50,1.54,USD_DOCUMENTED,conditional,False,,,G0009,50,mécanisme non garanti par le SKU,keywords_data/google_ads/search_volume/live,2026-09-03T14:41:45.663971+00:00,2026-09-03-qualification-9-produits-pur/raw/20-controls-3.json.gz,"[{""year"": 2026, ""month"": 7, ""search_volume"": 70}, {""year"": 2026, ""month"": 6, ""search_volume"": 90}, {""year"": 2026, ""month"": 5, ""search_volume"": 90}, {""year"": 2026, ""month"": 4, ""search_volume"": 70}, {""year"": 2026, ""month"": 3, ""search_volume"": 70}, {""year"": 2026, ""month"": 2, ""search_volume"": 70}, {""year"": 2026, ""month"": 1, ""search_volume"": 70}, {""year"": 2025, ""month"": 12, ""search_volume"": 30}, {""year"": 2025, ""month"": 11, ""search_volume"": 0}, {""year"": 2025, ""month"": 10, ""search_volume"": 0}, {""year"": 2025, ""month"": 9, ""search_volume"": 0}, {""year"": 2025, ""month"": 8, ""search_volume"": 0}]"
C6,poêle titane le creuset,50,0.71,USD_DOCUMENTED,core,True,,,,,"poêle titane, composition à prouver",keywords_data/google_ads/search_volume/live,2026-09-03T14:41:45.663971+00:00,2026-09-03-qualification-9-produits-pur/raw/20-controls-3.json.gz,"[{""year"": 2026, ""month"": 7, ""search_volume"": 30}, {""year"": 2026, ""month"": 6, ""search_volume"": 40}, {""year"": 2026, ""month"": 5, ""search_volume"": 140}, {""year"": 2026, ""month"": 4, ""search_volume"": 90}, {""year"": 2026, ""month"": 3, ""search_volume"": 140}, {""year"": 2026, ""month"": 2, ""search_volume"": 90}, {""year"": 2026, ""month"": 1, ""search_volume"": 110}, {""year"": 2025, ""month"": 12, ""search_volume"": 40}, {""year"": 2025, ""month"": 11, ""search_volume"": 0}, {""year"": 2025, ""month"": 10, ""search_volume"": 0}, {""year"": 2025, ""month"": 9, ""search_volume"": 0}, {""year"": 2025, ""month"": 8, ""search_volume"": 0}]"
C6,meilleure poêle titane,50,2.12,USD_DOCUMENTED,core,False,G0005,0,G0005,0,"poêle titane, composition à prouver",keywords_data/google_ads/search_volume/live,2026-09-03T14:41:45.663971+00:00,2026-09-03-qualification-9-produits-pur/raw/20-controls-3.json.gz,"[{""year"": 2026, ""month"": 7, ""search_volume"": 70}, {""year"": 2026, ""month"": 6, ""search_volume"": 50}, {""year"": 2026, ""month"": 5, ""search_volume"": 110}, {""year"": 2026, ""month"": 4, ""search_volume"": 70}, {""year"": 2026, ""month"": 3, ""search_volume"": 110}, {""year"": 2026, ""month"": 2, ""search_volume"": 90}, {""year"": 2026, ""month"": 1, ""search_volume"": 70}, {""year"": 2025, ""month"": 12, ""search_volume"": 10}, {""year"": 2025, ""month"": 11, ""search_volume"": 0}, {""year"": 2025, ""month"": 10, ""search_volume"": 0}, {""year"": 2025, ""month"": 9, ""search_volume"": 0}, {""year"": 2025, ""month"": 8, ""search_volume"": 0}]"
C6,poele en titane martelé avis,50,1.17,USD_DOCUMENTED,core,False,G0004,0,G0004,0,"poêle titane, composition à prouver",keywords_data/google_ads/search_volume/live,2026-09-03T14:41:45.663971+00:00,2026-09-03-qualification-9-produits-pur/raw/20-controls-3.json.gz,"[{""year"": 2026, ""month"": 7, ""search_volume"": 140}, {""year"": 2026, ""month"": 6, ""search_volume"": 170}, {""year"": 2026, ""month"": 5, ""search_volume"": 170}, {""year"": 2026, ""month"": 4, ""search_volume"": 90}, {""year"": 2026, ""month"": 3, ""search_volume"": 70}, {""year"": 2026, ""month"": 2, ""search_volume"": 50}, {""year"": 2026, ""month"": 1, ""search_volume"": 20}, {""year"": 2025, ""month"": 12, ""search_volume"": 0}, {""year"": 2025, ""month"": 11, ""search_volume"": 0}, {""year"": 2025, ""month"": 10, ""search_volume"": 0}, {""year"": 2025, ""month"": 9, ""search_volume"": 0}, {""year"": 2025, ""month"": 8, ""search_volume"": 0}]"
C6,poele titane x,50,1.1,USD_DOCUMENTED,core,True,,,,,"poêle titane, composition à prouver",keywords_data/google_ads/search_volume/live,2026-09-03T14:41:45.663971+00:00,2026-09-03-qualification-9-produits-pur/raw/20-controls-3.json.gz,"[{""year"": 2026, ""month"": 7, ""search_volume"": 50}, {""year"": 2026, ""month"": 6, ""search_volume"": 70}, {""year"": 2026, ""month"": 5, ""search_volume"": 70}, {""year"": 2026, ""month"": 4, ""search_volume"": 70}, {""year"": 2026, ""month"": 3, ""search_volume"": 140}, {""year"": 2026, ""month"": 2, ""search_volume"": 140}, {""year"": 2026, ""month"": 1, ""search_volume"": 0}, {""year"": 2025, ""month"": 12, ""search_volume"": 0}, {""year"": 2025, ""month"": 11, ""search_volume"": 0}, {""year"": 2025, ""month"": 10, ""search_volume"": 0}, {""year"": 2025, ""month"": 9, ""search_volume"": 0}, {""year"": 2025, ""month"": 8, ""search_volume"": 0}]"
C6,poele inox ou titane,50,0.84,USD_DOCUMENTED,incompatible,False,,,,,"autre matière, revêtement ou usage que cuisson domestique titane",dataforseo_labs/google/keyword_suggestions/live,2026-09-03T14:36:33.000010+00:00,2026-09-03-qualification-9-produits-pur/raw/10-C6-labs-0.json.gz,"[{""year"": 2026, ""month"": 7, ""search_volume"": 90}, {""year"": 2026, ""month"": 6, ""search_volume"": 90}, {""year"": 2026, ""month"": 5, ""search_volume"": 90}, {""year"": 2026, ""month"": 4, ""search_volume"": 50}, {""year"": 2026, ""month"": 3, ""search_volume"": 90}, {""year"": 2026, ""month"": 2, ""search_volume"": 50}, {""year"": 2026, ""month"": 1, ""search_volume"": 70}, {""year"": 2025, ""month"": 12, ""search_volume"": 40}, {""year"": 2025, ""month"": 11, ""search_volume"": 30}, {""year"": 2025, ""month"": 10, ""search_volume"": 0}, {""year"": 2025, ""month"": 9, ""search_volume"": 0}, {""year"": 2025, ""month"": 8, ""search_volume"": 0}]"
C6,poêle sans pfas que choisir,50,0.61,USD_DOCUMENTED,parent,False,,,,,absence de PFAS/Téflon ne désigne pas le titane,dataforseo_labs/google/keyword_suggestions/live,2026-09-03T14:36:33.664362+00:00,2026-09-03-qualification-9-produits-pur/raw/10-C6-labs-2.json.gz,"[{""year"": 2026, ""month"": 7, ""search_volume"": 40}, {""year"": 2026, ""month"": 6, ""search_volume"": 50}, {""year"": 2026, ""month"": 5, ""search_volume"": 50}, {""year"": 2026, ""month"": 4, ""search_volume"": 50}, {""year"": 2026, ""month"": 3, ""search_volume"": 50}, {""year"": 2026, ""month"": 2, ""search_volume"": 50}, {""year"": 2026, ""month"": 1, ""search_volume"": 40}, {""year"": 2025, ""month"": 12, ""search_volume"": 30}, {""year"": 2025, ""month"": 11, ""search_volume"": 40}, {""year"": 2025, ""month"": 10, ""search_volume"": 50}, {""year"": 2025, ""month"": 9, ""search_volume"": 50}, {""year"": 2025, ""month"": 8, ""search_volume"": 40}]"
C6,poêle antiadhésive sans pfas,50,0.9,USD_DOCUMENTED,parent,False,,,,,absence de PFAS/Téflon ne désigne pas le titane,dataforseo_labs/google/keyword_suggestions/live,2026-09-03T14:36:33.664362+00:00,2026-09-03-qualification-9-produits-pur/raw/10-C6-labs-2.json.gz,"[{""year"": 2026, ""month"": 7, ""search_volume"": 20}, {""year"": 2026, ""month"": 6, ""search_volume"": 10}, {""year"": 2026, ""month"": 5, ""search_volume"": 20}, {""year"": 2026, ""month"": 4, ""search_volume"": 40}, {""year"": 2026, ""month"": 3, ""search_volume"": 70}, {""year"": 2026, ""month"": 2, ""search_volume"": 70}, {""year"": 2026, ""month"": 1, ""search_volume"": 40}, {""year"": 2025, ""month"": 12, ""search_volume"": 30}, {""year"": 2025, ""month"": 11, ""search_volume"": 170}, {""year"": 2025, ""month"": 10, ""search_volume"": 50}, {""year"": 2025, ""month"": 9, ""search_volume"": 20}, {""year"": 2025, ""month"": 8, ""search_volume"": 20}]"
C6,poele a crepe sans teflon,50,0.35,USD_DOCUMENTED,parent,False,,,,,absence de PFAS/Téflon ne désigne pas le titane,dataforseo_labs/google/keyword_suggestions/live,2026-09-03T14:36:34.185913+00:00,2026-09-03-qualification-9-produits-pur/raw/10-C6-labs-3.json.gz,"[{""year"": 2026, ""month"": 7, ""search_volume"": 10}, {""year"": 2026, ""month"": 6, ""search_volume"": 30}, {""year"": 2026, ""month"": 5, ""search_volume"": 30}, {""year"": 2026, ""month"": 4, ""search_volume"": 20}, {""year"": 2026, ""month"": 3, ""search_volume"": 50}, {""year"": 2026, ""month"": 2, ""search_volume"": 110}, {""year"": 2026, ""month"": 1, ""search_volume"": 110}, {""year"": 2025, ""month"": 12, ""search_volume"": 70}, {""year"": 2025, ""month"": 11, ""search_volume"": 90}, {""year"": 2025, ""month"": 10, ""search_volume"": 50}, {""year"": 2025, ""month"": 9, ""search_volume"": 70}, {""year"": 2025, ""month"": 8, ""search_volume"": 40}]"
C6,poele sans teflon pour induction,50,1.64,USD_DOCUMENTED,parent,False,,,,,absence de PFAS/Téflon ne désigne pas le titane,dataforseo_labs/google/keyword_suggestions/live,2026-09-03T14:36:34.185913+00:00,2026-09-03-qualification-9-produits-pur/raw/10-C6-labs-3.json.gz,"[{""year"": 2026, ""month"": 7, ""search_volume"": 30}, {""year"": 2026, ""month"": 6, ""search_volume"": 30}, {""year"": 2026, ""month"": 5, ""search_volume"": 50}, {""year"": 2026, ""month"": 4, ""search_volume"": 50}, {""year"": 2026, ""month"": 3, ""search_volume"": 90}, {""year"": 2026, ""month"": 2, ""search_volume"": 70}, {""year"": 2026, ""month"": 1, ""search_volume"": 70}, {""year"": 2025, ""month"": 12, ""search_volume"": 90}, {""year"": 2025, ""month"": 11, ""search_volume"": 90}, {""year"": 2025, ""month"": 10, ""search_volume"": 30}, {""year"": 2025, ""month"": 9, ""search_volume"": 40}, {""year"": 2025, ""month"": 8, ""search_volume"": 30}]"
C6,poêle sans pfas manche amovible,40,0.89,USD_DOCUMENTED,conditional,False,,,G0010,40,mécanisme non garanti par le SKU,dataforseo_labs/google/keyword_suggestions/live,2026-09-03T14:36:33.664362+00:00,2026-09-03-qualification-9-produits-pur/raw/10-C6-labs-2.json.gz,"[{""year"": 2026, ""month"": 7, ""search_volume"": 20}, {""year"": 2026, ""month"": 6, ""search_volume"": 30}, {""year"": 2026, ""month"": 5, ""search_volume"": 50}, {""year"": 2026, ""month"": 4, ""search_volume"": 70}, {""year"": 2026, ""month"": 3, ""search_volume"": 50}, {""year"": 2026, ""month"": 2, ""search_volume"": 70}, {""year"": 2026, ""month"": 1, ""search_volume"": 70}, {""year"": 2025, ""month"": 12, ""search_volume"": 40}, {""year"": 2025, ""month"": 11, ""search_volume"": 50}, {""year"": 2025, ""month"": 10, ""search_volume"": 30}, {""year"": 2025, ""month"": 9, ""search_volume"": 20}, {""year"": 2025, ""month"": 8, ""search_volume"": 10}]"
C6,poêle titane toxicité,30,0.1,USD_DOCUMENTED,information,False,,,,,"question de toxicité, hors achat direct",keywords_data/google_ads/search_volume/live,2026-09-03T14:41:45.663971+00:00,2026-09-03-qualification-9-produits-pur/raw/20-controls-3.json.gz,"[{""year"": 2026, ""month"": 7, ""search_volume"": 10}, {""year"": 2026, ""month"": 6, ""search_volume"": 10}, {""year"": 2026, ""month"": 5, ""search_volume"": 40}, {""year"": 2026, ""month"": 4, ""search_volume"": 40}, {""year"": 2026, ""month"": 3, ""search_volume"": 50}, {""year"": 2026, ""month"": 2, ""search_volume"": 110}, {""year"": 2026, ""month"": 1, ""search_volume"": 70}, {""year"": 2025, ""month"": 12, ""search_volume"": 30}, {""year"": 2025, ""month"": 11, ""search_volume"": 10}, {""year"": 2025, ""month"": 10, ""search_volume"": 10}, {""year"": 2025, ""month"": 9, ""search_volume"": 10}, {""year"": 2025, ""month"": 8, ""search_volume"": 10}]"
C6,poele en titane et santé,30,0.77,USD_DOCUMENTED,information,False,,,,,"usage/SAV/risque, hors demande achat directe",dataforseo_labs/google/keyword_suggestions/live,2026-09-03T14:36:33.255199+00:00,2026-09-03-qualification-9-produits-pur/raw/10-C6-labs-1.json.gz,"[{""year"": 2026, ""month"": 7, ""search_volume"": 30}, {""year"": 2026, ""month"": 6, ""search_volume"": 10}, {""year"": 2026, ""month"": 5, ""search_volume"": 30}, {""year"": 2026, ""month"": 4, ""search_volume"": 10}, {""year"": 2026, ""month"": 3, ""search_volume"": 10}, {""year"": 2026, ""month"": 2, ""search_volume"": 10}, {""year"": 2026, ""month"": 1, ""search_volume"": 30}, {""year"": 2025, ""month"": 12, ""search_volume"": 70}, {""year"": 2025, ""month"": 11, ""search_volume"": 110}, {""year"": 2025, ""month"": 10, ""search_volume"": 10}, {""year"": 2025, ""month"": 9, ""search_volume"": 10}, {""year"": 2025, ""month"": 8, ""search_volume"": 10}]"
C6,poele titane toxicité,30,0.1,USD_DOCUMENTED,information,False,,,,,"question de toxicité, hors achat direct",keywords_data/google_ads/search_volume/live,2026-09-03T14:41:45.663971+00:00,2026-09-03-qualification-9-produits-pur/raw/20-controls-3.json.gz,"[{""year"": 2026, ""month"": 7, ""search_volume"": 10}, {""year"": 2026, ""month"": 6, ""search_volume"": 10}, {""year"": 2026, ""month"": 5, ""search_volume"": 40}, {""year"": 2026, ""month"": 4, ""search_volume"": 40}, {""year"": 2026, ""month"": 3, ""search_volume"": 50}, {""year"": 2026, ""month"": 2, ""search_volume"": 110}, {""year"": 2026, ""month"": 1, ""search_volume"": 70}, {""year"": 2025, ""month"": 12, ""search_volume"": 30}, {""year"": 2025, ""month"": 11, ""search_volume"": 10}, {""year"": 2025, ""month"": 10, ""search_volume"": 10}, {""year"": 2025, ""month"": 9, ""search_volume"": 10}, {""year"": 2025, ""month"": 8, ""search_volume"": 10}]"
C6,poêle sans pfas leclerc,30,0.11,USD_DOCUMENTED,parent,True,,,,,absence de PFAS/Téflon ne désigne pas le titane,dataforseo_labs/google/keyword_suggestions/live,2026-09-03T14:36:33.664362+00:00,2026-09-03-qualification-9-produits-pur/raw/10-C6-labs-2.json.gz,"[{""year"": 2026, ""month"": 7, ""search_volume"": 10}, {""year"": 2026, ""month"": 6, ""search_volume"": 20}, {""year"": 2026, ""month"": 5, ""search_volume"": 20}, {""year"": 2026, ""month"": 4, ""search_volume"": 30}, {""year"": 2026, ""month"": 3, ""search_volume"": 30}, {""year"": 2026, ""month"": 2, ""search_volume"": 30}, {""year"": 2026, ""month"": 1, ""search_volume"": 20}, {""year"": 2025, ""month"": 12, ""search_volume"": 40}, {""year"": 2025, ""month"": 11, ""search_volume"": 50}, {""year"": 2025, ""month"": 10, ""search_volume"": 10}, {""year"": 2025, ""month"": 9, ""search_volume"": 20}, {""year"": 2025, ""month"": 8, ""search_volume"": 10}]"
C6,quelle poêle choisir sans pfas,30,0.47,USD_DOCUMENTED,parent,False,,,,,absence de PFAS/Téflon ne désigne pas le titane,dataforseo_labs/google/keyword_suggestions/live,2026-09-03T14:36:33.664362+00:00,2026-09-03-qualification-9-produits-pur/raw/10-C6-labs-2.json.gz,"[{""year"": 2026, ""month"": 7, ""search_volume"": 10}, {""year"": 2026, ""month"": 6, ""search_volume"": 10}, {""year"": 2026, ""month"": 5, ""search_volume"": 10}, {""year"": 2026, ""month"": 4, ""search_volume"": 20}, {""year"": 2026, ""month"": 3, ""search_volume"": 30}, {""year"": 2026, ""month"": 2, ""search_volume"": 50}, {""year"": 2026, ""month"": 1, ""search_volume"": 30}, {""year"": 2025, ""month"": 12, ""search_volume"": 30}, {""year"": 2025, ""month"": 11, ""search_volume"": 50}, {""year"": 2025, ""month"": 10, ""search_volume"": 50}, {""year"": 2025, ""month"": 9, ""search_volume"": 40}, {""year"": 2025, ""month"": 8, ""search_volume"": 30}]"
C6,poêle sans pfas cookut,30,0.5,USD_DOCUMENTED,parent,False,,,,,absence de PFAS/Téflon ne désigne pas le titane,dataforseo_labs/google/keyword_suggestions/live,2026-09-03T14:36:33.664362+00:00,2026-09-03-qualification-9-produits-pur/raw/10-C6-labs-2.json.gz,"[{""year"": 2026, ""month"": 7, ""search_volume"": 10}, {""year"": 2026, ""month"": 6, ""search_volume"": 10}, {""year"": 2026, ""month"": 5, ""search_volume"": 20}, {""year"": 2026, ""month"": 4, ""search_volume"": 30}, {""year"": 2026, ""month"": 3, ""search_volume"": 40}, {""year"": 2026, ""month"": 2, ""search_volume"": 50}, {""year"": 2026, ""month"": 1, ""search_volume"": 30}, {""year"": 2025, ""month"": 12, ""search_volume"": 20}, {""year"": 2025, ""month"": 11, ""search_volume"": 40}, {""year"": 2025, ""month"": 10, ""search_volume"": 10}, {""year"": 2025, ""month"": 9, ""search_volume"": 10}, {""year"": 2025, ""month"": 8, ""search_volume"": 20}]"
C6,poele qui n'attache pas sans teflon,30,1.39,USD_DOCUMENTED,parent,False,,,,,absence de PFAS/Téflon ne désigne pas le titane,dataforseo_labs/google/keyword_suggestions/live,2026-09-03T14:36:34.185913+00:00,2026-09-03-qualification-9-produits-pur/raw/10-C6-labs-3.json.gz,"[{""year"": 2026, ""month"": 7, ""search_volume"": 20}, {""year"": 2026, ""month"": 6, ""search_volume"": 10}, {""year"": 2026, ""month"": 5, ""search_volume"": 20}, {""year"": 2026, ""month"": 4, ""search_volume"": 20}, {""year"": 2026, ""month"": 3, ""search_volume"": 20}, {""year"": 2026, ""month"": 2, ""search_volume"": 10}, {""year"": 2026, ""month"": 1, ""search_volume"": 40}, {""year"": 2025, ""month"": 12, ""search_volume"": 40}, {""year"": 2025, ""month"": 11, ""search_volume"": 40}, {""year"": 2025, ""month"": 10, ""search_volume"": 30}, {""year"": 2025, ""month"": 9, ""search_volume"": 40}, {""year"": 2025, ""month"": 8, ""search_volume"": 30}]"
C6,poele qui n'accroche pas sans teflon,30,0.42,USD_DOCUMENTED,parent,False,,,,,absence de PFAS/Téflon ne désigne pas le titane,dataforseo_labs/google/keyword_suggestions/live,2026-09-03T14:36:34.185913+00:00,2026-09-03-qualification-9-produits-pur/raw/10-C6-labs-3.json.gz,"[{""year"": 2026, ""month"": 7, ""search_volume"": 20}, {""year"": 2026, ""month"": 6, ""search_volume"": 20}, {""year"": 2026, ""month"": 5, ""search_volume"": 20}, {""year"": 2026, ""month"": 4, ""search_volume"": 20}, {""year"": 2026, ""month"": 3, ""search_volume"": 30}, {""year"": 2026, ""month"": 2, ""search_volume"": 30}, {""year"": 2026, ""month"": 1, ""search_volume"": 50}, {""year"": 2025, ""month"": 12, ""search_volume"": 30}, {""year"": 2025, ""month"": 11, ""search_volume"": 50}, {""year"": 2025, ""month"": 10, ""search_volume"": 30}, {""year"": 2025, ""month"": 9, ""search_volume"": 50}, {""year"": 2025, ""month"": 8, ""search_volume"": 30}]"
C6,poêle martelée en titane,20,1.14,USD_DOCUMENTED,core,False,G0009,20,G0011,20,"poêle titane, composition à prouver",keywords_data/google_ads/search_volume/live,2026-09-03T14:41:45.663971+00:00,2026-09-03-qualification-9-produits-pur/raw/20-controls-3.json.gz,"[{""year"": 2026, ""month"": 7, ""search_volume"": 30}, {""year"": 2026, ""month"": 6, ""search_volume"": 10}, {""year"": 2026, ""month"": 5, ""search_volume"": 20}, {""year"": 2026, ""month"": 4, ""search_volume"": 20}, {""year"": 2026, ""month"": 3, ""search_volume"": 40}, {""year"": 2026, ""month"": 2, ""search_volume"": 50}, {""year"": 2026, ""month"": 1, ""search_volume"": 50}, {""year"": 2025, ""month"": 12, ""search_volume"": 0}, {""year"": 2025, ""month"": 11, ""search_volume"": 0}, {""year"": 2025, ""month"": 10, ""search_volume"": 0}, {""year"": 2025, ""month"": 9, ""search_volume"": 0}, {""year"": 2025, ""month"": 8, ""search_volume"": 0}]"
C6,poêle en titane amazon,20,0.6,USD_DOCUMENTED,core,True,,,,,"poêle titane, composition à prouver",keywords_data/google_ads/search_volume/live,2026-09-03T14:41:45.663971+00:00,2026-09-03-qualification-9-produits-pur/raw/20-controls-3.json.gz,"[{""year"": 2026, ""month"": 7, ""search_volume"": 90}, {""year"": 2026, ""month"": 6, ""search_volume"": 50}, {""year"": 2026, ""month"": 5, ""search_volume"": 70}, {""year"": 2026, ""month"": 4, ""search_volume"": 20}, {""year"": 2026, ""month"": 3, ""search_volume"": 20}, {""year"": 2026, ""month"": 2, ""search_volume"": 0}, {""year"": 2026, ""month"": 1, ""search_volume"": 0}, {""year"": 2025, ""month"": 12, ""search_volume"": 0}, {""year"": 2025, ""month"": 11, ""search_volume"": 0}, {""year"": 2025, ""month"": 10, ""search_volume"": 0}, {""year"": 2025, ""month"": 9, ""search_volume"": 0}, {""year"": 2025, ""month"": 8, ""search_volume"": 0}]"
C6,poêle en titane tipanexi,20,1.18,USD_DOCUMENTED,core,True,,,,,"poêle titane, composition à prouver",keywords_data/google_ads/search_volume/live,2026-09-03T14:41:45.663971+00:00,2026-09-03-qualification-9-produits-pur/raw/20-controls-3.json.gz,"[{""year"": 2026, ""month"": 7, ""search_volume"": 10}, {""year"": 2026, ""month"": 6, ""search_volume"": 10}, {""year"": 2026, ""month"": 5, ""search_volume"": 10}, {""year"": 2026, ""month"": 4, ""search_volume"": 20}, {""year"": 2026, ""month"": 3, ""search_volume"": 20}, {""year"": 2026, ""month"": 2, ""search_volume"": 30}, {""year"": 2026, ""month"": 1, ""search_volume"": 70}, {""year"": 2025, ""month"": 12, ""search_volume"": 90}, {""year"": 2025, ""month"": 11, ""search_volume"": 0}, {""year"": 2025, ""month"": 10, ""search_volume"": 0}, {""year"": 2025, ""month"": 9, ""search_volume"": 0}, {""year"": 2025, ""month"": 8, ""search_volume"": 0}]"
C6,poele revetement titane avis,20,1.65,USD_DOCUMENTED,incompatible,False,,,,,"autre matière, revêtement ou usage que cuisson domestique titane",dataforseo_labs/google/keyword_suggestions/live,2026-09-03T14:36:33.000010+00:00,2026-09-03-qualification-9-produits-pur/raw/10-C6-labs-0.json.gz,"[{""year"": 2026, ""month"": 7, ""search_volume"": 30}, {""year"": 2026, ""month"": 6, ""search_volume"": 20}, {""year"": 2026, ""month"": 5, ""search_volume"": 20}, {""year"": 2026, ""month"": 4, ""search_volume"": 10}, {""year"": 2026, ""month"": 3, ""search_volume"": 20}, {""year"": 2026, ""month"": 2, ""search_volume"": 20}, {""year"": 2026, ""month"": 1, ""search_volume"": 20}, {""year"": 2025, ""month"": 12, ""search_volume"": 10}, {""year"": 2025, ""month"": 11, ""search_volume"": 30}, {""year"": 2025, ""month"": 10, ""search_volume"": 30}, {""year"": 2025, ""month"": 9, ""search_volume"": 20}, {""year"": 2025, ""month"": 8, ""search_volume"": 10}]"
C6,titane poele sante,20,0.57,USD_DOCUMENTED,information,False,,,,,"usage/SAV/risque, hors demande achat directe",dataforseo_labs/google/keyword_suggestions/live,2026-09-03T14:36:33.000010+00:00,2026-09-03-qualification-9-produits-pur/raw/10-C6-labs-0.json.gz,"[{""year"": 2026, ""month"": 7, ""search_volume"": 20}, {""year"": 2026, ""month"": 6, ""search_volume"": 30}, {""year"": 2026, ""month"": 5, ""search_volume"": 20}, {""year"": 2026, ""month"": 4, ""search_volume"": 10}, {""year"": 2026, ""month"": 3, ""search_volume"": 10}, {""year"": 2026, ""month"": 2, ""search_volume"": 20}, {""year"": 2026, ""month"": 1, ""search_volume"": 20}, {""year"": 2025, ""month"": 12, ""search_volume"": 10}, {""year"": 2025, ""month"": 11, ""search_volume"": 20}, {""year"": 2025, ""month"": 10, ""search_volume"": 10}, {""year"": 2025, ""month"": 9, ""search_volume"": 10}, {""year"": 2025, ""month"": 8, ""search_volume"": 10}]"
C6,poêle sans pfas inox,20,1,USD_DOCUMENTED,incompatible,False,,,,,"autre matière, revêtement ou usage que cuisson domestique titane",dataforseo_labs/google/keyword_suggestions/live,2026-09-03T14:36:33.664362+00:00,2026-09-03-qualification-9-produits-pur/raw/10-C6-labs-2.json.gz,"[{""year"": 2026, ""month"": 7, ""search_volume"": 10}, {""year"": 2026, ""month"": 6, ""search_volume"": 10}, {""year"": 2026, ""month"": 5, ""search_volume"": 10}, {""year"": 2026, ""month"": 4, ""search_volume"": 10}, {""year"": 2026, ""month"": 3, ""search_volume"": 20}, {""year"": 2026, ""month"": 2, ""search_volume"": 20}, {""year"": 2026, ""month"": 1, ""search_volume"": 30}, {""year"": 2025, ""month"": 12, ""search_volume"": 40}, {""year"": 2025, ""month"": 11, ""search_volume"": 30}, {""year"": 2025, ""month"": 10, ""search_volume"": 20}, {""year"": 2025, ""month"": 9, ""search_volume"": 20}, {""year"": 2025, ""month"": 8, ""search_volume"": 20}]"
C6,poêle ikea sans pfas,20,0.76,USD_DOCUMENTED,parent,True,,,,,absence de PFAS/Téflon ne désigne pas le titane,dataforseo_labs/google/keyword_suggestions/live,2026-09-03T14:36:33.664362+00:00,2026-09-03-qualification-9-produits-pur/raw/10-C6-labs-2.json.gz,"[{""year"": 2026, ""month"": 7, ""search_volume"": 20}, {""year"": 2026, ""month"": 6, ""search_volume"": 10}, {""year"": 2026, ""month"": 5, ""search_volume"": 10}, {""year"": 2026, ""month"": 4, ""search_volume"": 10}, {""year"": 2026, ""month"": 3, ""search_volume"": 20}, {""year"": 2026, ""month"": 2, ""search_volume"": 20}, {""year"": 2026, ""month"": 1, ""search_volume"": 20}, {""year"": 2025, ""month"": 12, ""search_volume"": 20}, {""year"": 2025, ""month"": 11, ""search_volume"": 70}, {""year"": 2025, ""month"": 10, ""search_volume"": 20}, {""year"": 2025, ""month"": 9, ""search_volume"": 20}, {""year"": 2025, ""month"": 8, ""search_volume"": 20}]"
C6,meilleure poele sans teflon,20,1.15,USD_DOCUMENTED,parent,False,,,,,absence de PFAS/Téflon ne désigne pas le titane,dataforseo_labs/google/keyword_suggestions/live,2026-09-03T14:36:34.185913+00:00,2026-09-03-qualification-9-produits-pur/raw/10-C6-labs-3.json.gz,"[{""year"": 2026, ""month"": 7, ""search_volume"": 10}, {""year"": 2026, ""month"": 6, ""search_volume"": 10}, {""year"": 2026, ""month"": 5, ""search_volume"": 20}, {""year"": 2026, ""month"": 4, ""search_volume"": 10}, {""year"": 2026, ""month"": 3, ""search_volume"": 20}, {""year"": 2026, ""month"": 2, ""search_volume"": 20}, {""year"": 2026, ""month"": 1, ""search_volume"": 20}, {""year"": 2025, ""month"": 12, ""search_volume"": 20}, {""year"": 2025, ""month"": 11, ""search_volume"": 50}, {""year"": 2025, ""month"": 10, ""search_volume"": 30}, {""year"": 2025, ""month"": 9, ""search_volume"": 40}, {""year"": 2025, ""month"": 8, ""search_volume"": 40}]"
C6,poele non adhesive sans teflon,20,0.74,USD_DOCUMENTED,parent,False,,,,,absence de PFAS/Téflon ne désigne pas le titane,dataforseo_labs/google/keyword_suggestions/live,2026-09-03T14:36:34.185913+00:00,2026-09-03-qualification-9-produits-pur/raw/10-C6-labs-3.json.gz,"[{""year"": 2026, ""month"": 7, ""search_volume"": 10}, {""year"": 2026, ""month"": 6, ""search_volume"": 10}, {""year"": 2026, ""month"": 5, ""search_volume"": 10}, {""year"": 2026, ""month"": 4, ""search_volume"": 20}, {""year"": 2026, ""month"": 3, ""search_volume"": 10}, {""year"": 2026, ""month"": 2, ""search_volume"": 20}, {""year"": 2026, ""month"": 1, ""search_volume"": 20}, {""year"": 2025, ""month"": 12, ""search_volume"": 20}, {""year"": 2025, ""month"": 11, ""search_volume"": 20}, {""year"": 2025, ""month"": 10, ""search_volume"": 20}, {""year"": 2025, ""month"": 9, ""search_volume"": 30}, {""year"": 2025, ""month"": 8, ""search_volume"": 40}]"
C6,poele sans teflon et pfas,20,0.5,USD_DOCUMENTED,parent,False,,,,,absence de PFAS/Téflon ne désigne pas le titane,dataforseo_labs/google/keyword_suggestions/live,2026-09-03T14:36:34.185913+00:00,2026-09-03-qualification-9-produits-pur/raw/10-C6-labs-3.json.gz,"[{""year"": 2026, ""month"": 7, ""search_volume"": 10}, {""year"": 2026, ""month"": 6, ""search_volume"": 10}, {""year"": 2026, ""month"": 5, ""search_volume"": 30}, {""year"": 2026, ""month"": 4, ""search_volume"": 20}, {""year"": 2026, ""month"": 3, ""search_volume"": 10}, {""year"": 2026, ""month"": 2, ""search_volume"": 10}, {""year"": 2026, ""month"": 1, ""search_volume"": 10}, {""year"": 2025, ""month"": 12, ""search_volume"": 10}, {""year"": 2025, ""month"": 11, ""search_volume"": 90}, {""year"": 2025, ""month"": 10, ""search_volume"": 70}, {""year"": 2025, ""month"": 9, ""search_volume"": 30}, {""year"": 2025, ""month"": 8, ""search_volume"": 0}]"
C6,poele inox sans teflon,20,,USD_DOCUMENTED,incompatible,False,,,,,"autre matière, revêtement ou usage que cuisson domestique titane",dataforseo_labs/google/keyword_suggestions/live,2026-09-03T14:36:34.185913+00:00,2026-09-03-qualification-9-produits-pur/raw/10-C6-labs-3.json.gz,"[{""year"": 2026, ""month"": 7, ""search_volume"": 10}, {""year"": 2026, ""month"": 6, ""search_volume"": 10}, {""year"": 2026, ""month"": 5, ""search_volume"": 10}, {""year"": 2026, ""month"": 4, ""search_volume"": 10}, {""year"": 2026, ""month"": 3, ""search_volume"": 10}, {""year"": 2026, ""month"": 2, ""search_volume"": 10}, {""year"": 2026, ""month"": 1, ""search_volume"": 20}, {""year"": 2025, ""month"": 12, ""search_volume"": 30}, {""year"": 2025, ""month"": 11, ""search_volume"": 40}, {""year"": 2025, ""month"": 10, ""search_volume"": 20}, {""year"": 2025, ""month"": 9, ""search_volume"": 20}, {""year"": 2025, ""month"": 8, ""search_volume"": 10}]"
C6,poele crepe sans teflon,20,0.37,USD_DOCUMENTED,parent,False,,,,,absence de PFAS/Téflon ne désigne pas le titane,dataforseo_labs/google/keyword_suggestions/live,2026-09-03T14:36:34.185913+00:00,2026-09-03-qualification-9-produits-pur/raw/10-C6-labs-3.json.gz,"[{""year"": 2026, ""month"": 7, ""search_volume"": 10}, {""year"": 2026, ""month"": 6, ""search_volume"": 10}, {""year"": 2026, ""month"": 5, ""search_volume"": 10}, {""year"": 2026, ""month"": 4, ""search_volume"": 10}, {""year"": 2026, ""month"": 3, ""search_volume"": 10}, {""year"": 2026, ""month"": 2, ""search_volume"": 40}, {""year"": 2026, ""month"": 1, ""search_volume"": 40}, {""year"": 2025, ""month"": 12, ""search_volume"": 20}, {""year"": 2025, ""month"": 11, ""search_volume"": 30}, {""year"": 2025, ""month"": 10, ""search_volume"": 20}, {""year"": 2025, ""month"": 9, ""search_volume"": 20}, {""year"": 2025, ""month"": 8, ""search_volume"": 20}]"
C6,poele sans teflon anti adhesive,20,1.18,USD_DOCUMENTED,parent,False,,,,,absence de PFAS/Téflon ne désigne pas le titane,dataforseo_labs/google/keyword_suggestions/live,2026-09-03T14:36:34.185913+00:00,2026-09-03-qualification-9-produits-pur/raw/10-C6-labs-3.json.gz,"[{""year"": 2026, ""month"": 7, ""search_volume"": 10}, {""year"": 2026, ""month"": 6, ""search_volume"": 10}, {""year"": 2026, ""month"": 5, ""search_volume"": 20}, {""year"": 2026, ""month"": 4, ""search_volume"": 10}, {""year"": 2026, ""month"": 3, ""search_volume"": 20}, {""year"": 2026, ""month"": 2, ""search_volume"": 30}, {""year"": 2026, ""month"": 1, ""search_volume"": 50}, {""year"": 2025, ""month"": 12, ""search_volume"": 20}, {""year"": 2025, ""month"": 11, ""search_volume"": 40}, {""year"": 2025, ""month"": 10, ""search_volume"": 30}, {""year"": 2025, ""month"": 9, ""search_volume"": 10}, {""year"": 2025, ""month"": 8, ""search_volume"": 10}]"
C6,meilleur poele sans teflon,20,1.15,USD_DOCUMENTED,parent,False,,,,,absence de PFAS/Téflon ne désigne pas le titane,dataforseo_labs/google/keyword_suggestions/live,2026-09-03T14:36:34.185913+00:00,2026-09-03-qualification-9-produits-pur/raw/10-C6-labs-3.json.gz,"[{""year"": 2026, ""month"": 7, ""search_volume"": 10}, {""year"": 2026, ""month"": 6, ""search_volume"": 10}, {""year"": 2026, ""month"": 5, ""search_volume"": 20}, {""year"": 2026, ""month"": 4, ""search_volume"": 10}, {""year"": 2026, ""month"": 3, ""search_volume"": 20}, {""year"": 2026, ""month"": 2, ""search_volume"": 20}, {""year"": 2026, ""month"": 1, ""search_volume"": 20}, {""year"": 2025, ""month"": 12, ""search_volume"": 20}, {""year"": 2025, ""month"": 11, ""search_volume"": 50}, {""year"": 2025, ""month"": 10, ""search_volume"": 30}, {""year"": 2025, ""month"": 9, ""search_volume"": 40}, {""year"": 2025, ""month"": 8, ""search_volume"": 40}]"
C6,poêle antiadhésive en alliage de titane avec couvercle,10,1.25,USD_DOCUMENTED,incompatible,False,,,,,"chauffage, camping ou alliage distinct du positionnement",keywords_data/google_ads/search_volume/live,2026-09-03T14:41:45.663971+00:00,2026-09-03-qualification-9-produits-pur/raw/20-controls-3.json.gz,"[{""year"": 2026, ""month"": 7, ""search_volume"": 10}, {""year"": 2026, ""month"": 6, ""search_volume"": 10}, {""year"": 2026, ""month"": 5, ""search_volume"": 20}, {""year"": 2026, ""month"": 4, ""search_volume"": 10}, {""year"": 2026, ""month"": 3, ""search_volume"": 20}, {""year"": 2026, ""month"": 2, ""search_volume"": 20}, {""year"": 2026, ""month"": 1, ""search_volume"": 0}, {""year"": 2025, ""month"": 12, ""search_volume"": 0}, {""year"": 2025, ""month"": 11, ""search_volume"": 0}, {""year"": 2025, ""month"": 10, ""search_volume"": 0}, {""year"": 2025, ""month"": 9, ""search_volume"": 0}, {""year"": 2025, ""month"": 8, ""search_volume"": 0}]"
C6,poêle en titane hestan,10,1.8,USD_DOCUMENTED,core,True,,,,,"poêle titane, composition à prouver",keywords_data/google_ads/search_volume/live,2026-09-03T14:41:45.663971+00:00,2026-09-03-qualification-9-produits-pur/raw/20-controls-3.json.gz,"[{""year"": 2026, ""month"": 7, ""search_volume"": 10}, {""year"": 2026, ""month"": 6, ""search_volume"": 10}, {""year"": 2026, ""month"": 5, ""search_volume"": 10}, {""year"": 2026, ""month"": 4, ""search_volume"": 20}, {""year"": 2026, ""month"": 3, ""search_volume"": 0}, {""year"": 2026, ""month"": 2, ""search_volume"": 0}, {""year"": 2026, ""month"": 1, ""search_volume"": 0}, {""year"": 2025, ""month"": 12, ""search_volume"": 0}, {""year"": 2025, ""month"": 11, ""search_volume"": 0}, {""year"": 2025, ""month"": 10, ""search_volume"": 0}, {""year"": 2025, ""month"": 9, ""search_volume"": 0}, {""year"": 2025, ""month"": 8, ""search_volume"": 0}]"
C6,popote et poêle en titane toaks 1 1 l,10,0.87,USD_DOCUMENTED,incompatible,True,,,,,"chauffage, camping ou alliage distinct du positionnement",keywords_data/google_ads/search_volume/live,2026-09-03T14:41:45.663971+00:00,2026-09-03-qualification-9-produits-pur/raw/20-controls-3.json.gz,"[{""year"": 2026, ""month"": 7, ""search_volume"": 20}, {""year"": 2026, ""month"": 6, ""search_volume"": 20}, {""year"": 2026, ""month"": 5, ""search_volume"": 10}, {""year"": 2026, ""month"": 4, ""search_volume"": 10}, {""year"": 2026, ""month"": 3, ""search_volume"": 10}, {""year"": 2026, ""month"": 2, ""search_volume"": 10}, {""year"": 2026, ""month"": 1, ""search_volume"": 10}, {""year"": 2025, ""month"": 12, ""search_volume"": 10}, {""year"": 2025, ""month"": 11, ""search_volume"": 10}, {""year"": 2025, ""month"": 10, ""search_volume"": 10}, {""year"": 2025, ""month"": 9, ""search_volume"": 10}, {""year"": 2025, ""month"": 8, ""search_volume"": 10}]"
C6,revêtement titane poêle danger,10,1.26,USD_DOCUMENTED,information,False,,,,,"usage/SAV/risque, hors demande achat directe",dataforseo_labs/google/keyword_suggestions/live,2026-09-03T14:07:53.082991+00:00,2026-09-03-test-decouverte-couplee/raw/42-c6-labs.json.gz,"[{""year"": 2026, ""month"": 7, ""search_volume"": 10}, {""year"": 2026, ""month"": 6, ""search_volume"": 10}, {""year"": 2026, ""month"": 5, ""search_volume"": 20}, {""year"": 2026, ""month"": 4, ""search_volume"": 10}, {""year"": 2026, ""month"": 3, ""search_volume"": 10}, {""year"": 2026, ""month"": 2, ""search_volume"": 10}, {""year"": 2026, ""month"": 1, ""search_volume"": 20}, {""year"": 2025, ""month"": 12, ""search_volume"": 20}, {""year"": 2025, ""month"": 11, ""search_volume"": 20}, {""year"": 2025, ""month"": 10, ""search_volume"": 20}, {""year"": 2025, ""month"": 9, ""search_volume"": 10}, {""year"": 2025, ""month"": 8, ""search_volume"": 10}]"
C6,poêle à bois titane,10,,USD_DOCUMENTED,incompatible,False,,,,,"chauffage, camping ou alliage distinct du positionnement",keywords_data/google_ads/search_volume/live,2026-09-03T14:41:45.663971+00:00,2026-09-03-qualification-9-produits-pur/raw/20-controls-3.json.gz,"[{""year"": 2026, ""month"": 7, ""search_volume"": 10}, {""year"": 2026, ""month"": 6, ""search_volume"": 0}, {""year"": 2026, ""month"": 5, ""search_volume"": 10}, {""year"": 2026, ""month"": 4, ""search_volume"": 10}, {""year"": 2026, ""month"": 3, ""search_volume"": 10}, {""year"": 2026, ""month"": 2, ""search_volume"": 10}, {""year"": 2026, ""month"": 1, ""search_volume"": 10}, {""year"": 2025, ""month"": 12, ""search_volume"": 10}, {""year"": 2025, ""month"": 11, ""search_volume"": 10}, {""year"": 2025, ""month"": 10, ""search_volume"": 10}, {""year"": 2025, ""month"": 9, ""search_volume"": 10}, {""year"": 2025, ""month"": 8, ""search_volume"": 10}]"
C6,poêle de tente titane,10,,USD_DOCUMENTED,incompatible,False,,,,,"chauffage, camping ou alliage distinct du positionnement",keywords_data/google_ads/search_volume/live,2026-09-03T14:41:45.663971+00:00,2026-09-03-qualification-9-produits-pur/raw/20-controls-3.json.gz,"[{""year"": 2026, ""month"": 7, ""search_volume"": 10}, {""year"": 2026, ""month"": 6, ""search_volume"": 10}, {""year"": 2026, ""month"": 5, ""search_volume"": 0}, {""year"": 2026, ""month"": 4, ""search_volume"": 0}, {""year"": 2026, ""month"": 3, ""search_volume"": 10}, {""year"": 2026, ""month"": 2, ""search_volume"": 10}, {""year"": 2026, ""month"": 1, ""search_volume"": 10}, {""year"": 2025, ""month"": 12, ""search_volume"": 10}, {""year"": 2025, ""month"": 11, ""search_volume"": 10}, {""year"": 2025, ""month"": 10, ""search_volume"": 0}, {""year"": 2025, ""month"": 9, ""search_volume"": 10}, {""year"": 2025, ""month"": 8, ""search_volume"": 0}]"
C6,poele titane camping,10,0.07,USD_DOCUMENTED,incompatible,False,,,,,"autre matière, revêtement ou usage que cuisson domestique titane",dataforseo_labs/google/keyword_suggestions/live,2026-09-03T14:36:33.000010+00:00,2026-09-03-qualification-9-produits-pur/raw/10-C6-labs-0.json.gz,"[{""year"": 2026, ""month"": 7, ""search_volume"": 10}, {""year"": 2026, ""month"": 6, ""search_volume"": 10}, {""year"": 2026, ""month"": 5, ""search_volume"": 10}, {""year"": 2026, ""month"": 4, ""search_volume"": 10}, {""year"": 2026, ""month"": 3, ""search_volume"": 10}, {""year"": 2026, ""month"": 2, ""search_volume"": 10}, {""year"": 2026, ""month"": 1, ""search_volume"": 10}, {""year"": 2025, ""month"": 12, ""search_volume"": 10}, {""year"": 2025, ""month"": 11, ""search_volume"": 10}, {""year"": 2025, ""month"": 10, ""search_volume"": 10}, {""year"": 2025, ""month"": 9, ""search_volume"": 10}, {""year"": 2025, ""month"": 8, ""search_volume"": 10}]"
C6,poele titane ceramique,10,0.07,USD_DOCUMENTED,incompatible,False,,,,,"autre matière, revêtement ou usage que cuisson domestique titane",dataforseo_labs/google/keyword_suggestions/live,2026-09-03T14:36:33.000010+00:00,2026-09-03-qualification-9-produits-pur/raw/10-C6-labs-0.json.gz,"[{""year"": 2026, ""month"": 6, ""search_volume"": 10}, {""year"": 2026, ""month"": 5, ""search_volume"": 10}, {""year"": 2026, ""month"": 4, ""search_volume"": 10}, {""year"": 2026, ""month"": 3, ""search_volume"": 10}, {""year"": 2026, ""month"": 2, ""search_volume"": 10}, {""year"": 2026, ""month"": 1, ""search_volume"": 10}, {""year"": 2025, ""month"": 12, ""search_volume"": 10}, {""year"": 2025, ""month"": 11, ""search_volume"": 10}, {""year"": 2025, ""month"": 10, ""search_volume"": 20}, {""year"": 2025, ""month"": 9, ""search_volume"": 10}, {""year"": 2025, ""month"": 8, ""search_volume"": 10}, {""year"": 2025, ""month"": 7, ""search_volume"": 10}]"
C6,poele tefal titane,10,0.41,USD_DOCUMENTED,core,True,,,,,"poêle titane, composition à prouver",keywords_data/google_ads/search_volume/live,2026-09-03T14:41:45.663971+00:00,2026-09-03-qualification-9-produits-pur/raw/20-controls-3.json.gz,"[{""year"": 2026, ""month"": 7, ""search_volume"": 10}, {""year"": 2026, ""month"": 6, ""search_volume"": 10}, {""year"": 2026, ""month"": 5, ""search_volume"": 20}, {""year"": 2026, ""month"": 4, ""search_volume"": 10}, {""year"": 2026, ""month"": 3, ""search_volume"": 10}, {""year"": 2026, ""month"": 2, ""search_volume"": 10}, {""year"": 2026, ""month"": 1, ""search_volume"": 10}, {""year"": 2025, ""month"": 12, ""search_volume"": 10}, {""year"": 2025, ""month"": 11, ""search_volume"": 10}, {""year"": 2025, ""month"": 10, ""search_volume"": 20}, {""year"": 2025, ""month"": 9, ""search_volume"": 10}, {""year"": 2025, ""month"": 8, ""search_volume"": 10}]"
C6,poele a frire en titane,10,1,USD_DOCUMENTED,core,False,G0010,10,G0012,10,"poêle titane, composition à prouver",keywords_data/google_ads/search_volume/live,2026-09-03T14:41:45.663971+00:00,2026-09-03-qualification-9-produits-pur/raw/20-controls-3.json.gz,"[{""year"": 2026, ""month"": 7, ""search_volume"": 10}, {""year"": 2026, ""month"": 6, ""search_volume"": 10}, {""year"": 2026, ""month"": 5, ""search_volume"": 10}, {""year"": 2026, ""month"": 4, ""search_volume"": 10}, {""year"": 2026, ""month"": 3, ""search_volume"": 10}, {""year"": 2026, ""month"": 2, ""search_volume"": 10}, {""year"": 2026, ""month"": 1, ""search_volume"": 0}, {""year"": 2025, ""month"": 12, ""search_volume"": 0}, {""year"": 2025, ""month"": 11, ""search_volume"": 0}, {""year"": 2025, ""month"": 10, ""search_volume"": 0}, {""year"": 2025, ""month"": 9, ""search_volume"": 0}, {""year"": 2025, ""month"": 8, ""search_volume"": 0}]"
C6,our place poele titane,10,2.06,USD_DOCUMENTED,core,True,,,,,"poêle titane, composition à prouver",keywords_data/google_ads/search_volume/live,2026-09-03T14:41:45.663971+00:00,2026-09-03-qualification-9-produits-pur/raw/20-controls-3.json.gz,"[{""year"": 2026, ""month"": 7, ""search_volume"": 20}, {""year"": 2026, ""month"": 6, ""search_volume"": 20}, {""year"": 2026, ""month"": 5, ""search_volume"": 20}, {""year"": 2026, ""month"": 4, ""search_volume"": 20}, {""year"": 2026, ""month"": 3, ""search_volume"": 20}, {""year"": 2026, ""month"": 2, ""search_volume"": 0}, {""year"": 2026, ""month"": 1, ""search_volume"": 0}, {""year"": 2025, ""month"": 12, ""search_volume"": 0}, {""year"": 2025, ""month"": 11, ""search_volume"": 0}, {""year"": 2025, ""month"": 10, ""search_volume"": 0}, {""year"": 2025, ""month"": 9, ""search_volume"": 0}, {""year"": 2025, ""month"": 8, ""search_volume"": 0}]"
C6,revetement titane poele danger,10,1.26,USD_DOCUMENTED,information,False,,,,,"usage/SAV/risque, hors demande achat directe",dataforseo_labs/google/keyword_suggestions/live,2026-09-03T14:36:33.000010+00:00,2026-09-03-qualification-9-produits-pur/raw/10-C6-labs-0.json.gz,"[{""year"": 2026, ""month"": 7, ""search_volume"": 10}, {""year"": 2026, ""month"": 6, ""search_volume"": 10}, {""year"": 2026, ""month"": 5, ""search_volume"": 20}, {""year"": 2026, ""month"": 4, ""search_volume"": 10}, {""year"": 2026, ""month"": 3, ""search_volume"": 10}, {""year"": 2026, ""month"": 2, ""search_volume"": 10}, {""year"": 2026, ""month"": 1, ""search_volume"": 20}, {""year"": 2025, ""month"": 12, ""search_volume"": 20}, {""year"": 2025, ""month"": 11, ""search_volume"": 20}, {""year"": 2025, ""month"": 10, ""search_volume"": 20}, {""year"": 2025, ""month"": 9, ""search_volume"": 10}, {""year"": 2025, ""month"": 8, ""search_volume"": 10}]"
C6,poele revetement titane et sante,10,0.89,USD_DOCUMENTED,information,False,,,,,"usage/SAV/risque, hors demande achat directe",dataforseo_labs/google/keyword_suggestions/live,2026-09-03T14:36:33.000010+00:00,2026-09-03-qualification-9-produits-pur/raw/10-C6-labs-0.json.gz,"[{""year"": 2026, ""month"": 7, ""search_volume"": 10}, {""year"": 2026, ""month"": 6, ""search_volume"": 10}, {""year"": 2026, ""month"": 5, ""search_volume"": 10}, {""year"": 2026, ""month"": 4, ""search_volume"": 10}, {""year"": 2026, ""month"": 3, ""search_volume"": 10}, {""year"": 2026, ""month"": 2, ""search_volume"": 10}, {""year"": 2026, ""month"": 1, ""search_volume"": 10}, {""year"": 2025, ""month"": 12, ""search_volume"": 10}, {""year"": 2025, ""month"": 11, ""search_volume"": 10}, {""year"": 2025, ""month"": 10, ""search_volume"": 0}, {""year"": 2025, ""month"": 9, ""search_volume"": 0}, {""year"": 2025, ""month"": 8, ""search_volume"": 10}]"
C6,poele a bois titane camping,10,,USD_DOCUMENTED,incompatible,False,,,,,"chauffage, camping ou alliage distinct du positionnement",dataforseo_labs/google/keyword_suggestions/live,2026-09-03T14:36:33.000010+00:00,2026-09-03-qualification-9-produits-pur/raw/10-C6-labs-0.json.gz,"[{""year"": 2026, ""month"": 7, ""search_volume"": 0}, {""year"": 2026, ""month"": 6, ""search_volume"": 10}, {""year"": 2026, ""month"": 5, ""search_volume"": 10}, {""year"": 2026, ""month"": 4, ""search_volume"": 10}, {""year"": 2026, ""month"": 3, ""search_volume"": 10}, {""year"": 2026, ""month"": 2, ""search_volume"": 10}, {""year"": 2026, ""month"": 1, ""search_volume"": 10}, {""year"": 2025, ""month"": 12, ""search_volume"": 10}, {""year"": 2025, ""month"": 11, ""search_volume"": 10}, {""year"": 2025, ""month"": 10, ""search_volume"": 10}, {""year"": 2025, ""month"": 9, ""search_volume"": 10}, {""year"": 2025, ""month"": 8, ""search_volume"": 10}]"
C6,poele bo wave titane rossetto,10,,USD_DOCUMENTED,core,True,,,,,"poêle titane, composition à prouver",keywords_data/google_ads/search_volume/live,2026-09-03T14:41:45.663971+00:00,2026-09-03-qualification-9-produits-pur/raw/20-controls-3.json.gz,"[{""year"": 2026, ""month"": 7, ""search_volume"": 0}, {""year"": 2026, ""month"": 6, ""search_volume"": 0}, {""year"": 2026, ""month"": 5, ""search_volume"": 0}, {""year"": 2026, ""month"": 4, ""search_volume"": 10}, {""year"": 2026, ""month"": 3, ""search_volume"": 0}, {""year"": 2026, ""month"": 2, ""search_volume"": 0}, {""year"": 2026, ""month"": 1, ""search_volume"": 10}, {""year"": 2025, ""month"": 12, ""search_volume"": 0}, {""year"": 2025, ""month"": 11, ""search_volume"": 10}, {""year"": 2025, ""month"": 10, ""search_volume"": 0}, {""year"": 2025, ""month"": 9, ""search_volume"": 10}, {""year"": 2025, ""month"": 8, ""search_volume"": 0}]"
C6,poele a bois en titane,10,,USD_DOCUMENTED,incompatible,False,,,,,"chauffage, camping ou alliage distinct du positionnement",keywords_data/google_ads/search_volume/live,2026-09-03T14:41:45.663971+00:00,2026-09-03-qualification-9-produits-pur/raw/20-controls-3.json.gz,"[{""year"": 2026, ""month"": 7, ""search_volume"": 10}, {""year"": 2026, ""month"": 6, ""search_volume"": 0}, {""year"": 2026, ""month"": 5, ""search_volume"": 0}, {""year"": 2026, ""month"": 4, ""search_volume"": 10}, {""year"": 2026, ""month"": 3, ""search_volume"": 10}, {""year"": 2026, ""month"": 2, ""search_volume"": 10}, {""year"": 2026, ""month"": 1, ""search_volume"": 10}, {""year"": 2025, ""month"": 12, ""search_volume"": 10}, {""year"": 2025, ""month"": 11, ""search_volume"": 10}, {""year"": 2025, ""month"": 10, ""search_volume"": 10}, {""year"": 2025, ""month"": 9, ""search_volume"": 10}, {""year"": 2025, ""month"": 8, ""search_volume"": 0}]"
C6,poele de tente titane,10,,USD_DOCUMENTED,incompatible,False,,,,,"chauffage, camping ou alliage distinct du positionnement",keywords_data/google_ads/search_volume/live,2026-09-03T14:41:45.663971+00:00,2026-09-03-qualification-9-produits-pur/raw/20-controls-3.json.gz,"[{""year"": 2026, ""month"": 7, ""search_volume"": 10}, {""year"": 2026, ""month"": 6, ""search_volume"": 10}, {""year"": 2026, ""month"": 5, ""search_volume"": 0}, {""year"": 2026, ""month"": 4, ""search_volume"": 0}, {""year"": 2026, ""month"": 3, ""search_volume"": 10}, {""year"": 2026, ""month"": 2, ""search_volume"": 10}, {""year"": 2026, ""month"": 1, ""search_volume"": 10}, {""year"": 2025, ""month"": 12, ""search_volume"": 10}, {""year"": 2025, ""month"": 11, ""search_volume"": 10}, {""year"": 2025, ""month"": 10, ""search_volume"": 0}, {""year"": 2025, ""month"": 9, ""search_volume"": 10}, {""year"": 2025, ""month"": 8, ""search_volume"": 0}]"
C6,poele titane prix,10,1.07,USD_DOCUMENTED,core,False,G0007,0,G0007,0,"poêle titane, composition à prouver",keywords_data/google_ads/search_volume/live,2026-09-03T14:41:45.663971+00:00,2026-09-03-qualification-9-produits-pur/raw/20-controls-3.json.gz,"[{""year"": 2026, ""month"": 7, ""search_volume"": 30}, {""year"": 2026, ""month"": 6, ""search_volume"": 10}, {""year"": 2026, ""month"": 5, ""search_volume"": 20}, {""year"": 2026, ""month"": 4, ""search_volume"": 30}, {""year"": 2026, ""month"": 3, ""search_volume"": 20}, {""year"": 2026, ""month"": 2, ""search_volume"": 0}, {""year"": 2026, ""month"": 1, ""search_volume"": 0}, {""year"": 2025, ""month"": 12, ""search_volume"": 0}, {""year"": 2025, ""month"": 11, ""search_volume"": 0}, {""year"": 2025, ""month"": 10, ""search_volume"": 0}, {""year"": 2025, ""month"": 9, ""search_volume"": 0}, {""year"": 2025, ""month"": 8, ""search_volume"": 0}]"
C6,poele en titane et ceramique,10,,USD_DOCUMENTED,incompatible,False,,,,,"autre matière, revêtement ou usage que cuisson domestique titane",dataforseo_labs/google/keyword_suggestions/live,2026-09-03T14:36:33.255199+00:00,2026-09-03-qualification-9-produits-pur/raw/10-C6-labs-1.json.gz,"[{""year"": 2026, ""month"": 7, ""search_volume"": 0}, {""year"": 2026, ""month"": 6, ""search_volume"": 10}, {""year"": 2026, ""month"": 5, ""search_volume"": 0}, {""year"": 2026, ""month"": 4, ""search_volume"": 0}, {""year"": 2026, ""month"": 3, ""search_volume"": 0}, {""year"": 2026, ""month"": 2, ""search_volume"": 0}, {""year"": 2026, ""month"": 1, ""search_volume"": 10}, {""year"": 2025, ""month"": 12, ""search_volume"": 10}, {""year"": 2025, ""month"": 11, ""search_volume"": 0}, {""year"": 2025, ""month"": 10, ""search_volume"": 0}, {""year"": 2025, ""month"": 9, ""search_volume"": 0}, {""year"": 2025, ""month"": 8, ""search_volume"": 10}]"
C6,poele laguiole titane,10,,USD_DOCUMENTED,core,True,,,,,"poêle titane, composition à prouver",keywords_data/google_ads/search_volume/live,2026-09-03T14:41:45.663971+00:00,2026-09-03-qualification-9-produits-pur/raw/20-controls-3.json.gz,"[{""year"": 2026, ""month"": 7, ""search_volume"": 10}, {""year"": 2026, ""month"": 6, ""search_volume"": 0}, {""year"": 2026, ""month"": 5, ""search_volume"": 0}, {""year"": 2026, ""month"": 4, ""search_volume"": 0}, {""year"": 2026, ""month"": 3, ""search_volume"": 0}, {""year"": 2026, ""month"": 2, ""search_volume"": 0}, {""year"": 2026, ""month"": 1, ""search_volume"": 0}, {""year"": 2025, ""month"": 12, ""search_volume"": 0}, {""year"": 2025, ""month"": 11, ""search_volume"": 10}, {""year"": 2025, ""month"": 10, ""search_volume"": 0}, {""year"": 2025, ""month"": 9, ""search_volume"": 0}, {""year"": 2025, ""month"": 8, ""search_volume"": 0}]"
C6,revetement en titane sur poele danger,10,,USD_DOCUMENTED,information,False,,,,,"usage/SAV/risque, hors demande achat directe",dataforseo_labs/google/keyword_suggestions/live,2026-09-03T14:36:33.255199+00:00,2026-09-03-qualification-9-produits-pur/raw/10-C6-labs-1.json.gz,"[{""year"": 2026, ""month"": 7, ""search_volume"": 10}, {""year"": 2026, ""month"": 6, ""search_volume"": 10}, {""year"": 2026, ""month"": 5, ""search_volume"": 10}, {""year"": 2026, ""month"": 4, ""search_volume"": 10}, {""year"": 2026, ""month"": 3, ""search_volume"": 10}, {""year"": 2026, ""month"": 2, ""search_volume"": 10}, {""year"": 2026, ""month"": 1, ""search_volume"": 10}, {""year"": 2025, ""month"": 12, ""search_volume"": 20}, {""year"": 2025, ""month"": 11, ""search_volume"": 10}, {""year"": 2025, ""month"": 10, ""search_volume"": 10}, {""year"": 2025, ""month"": 9, ""search_volume"": 10}, {""year"": 2025, ""month"": 8, ""search_volume"": 10}]"
C6,poele titane tefal,10,0.61,USD_DOCUMENTED,core,True,,,,,"poêle titane, composition à prouver",keywords_data/google_ads/search_volume/live,2026-09-03T14:41:45.663971+00:00,2026-09-03-qualification-9-produits-pur/raw/20-controls-3.json.gz,"[{""year"": 2026, ""month"": 7, ""search_volume"": 10}, {""year"": 2026, ""month"": 6, ""search_volume"": 20}, {""year"": 2026, ""month"": 5, ""search_volume"": 30}, {""year"": 2026, ""month"": 4, ""search_volume"": 20}, {""year"": 2026, ""month"": 3, ""search_volume"": 10}, {""year"": 2026, ""month"": 2, ""search_volume"": 20}, {""year"": 2026, ""month"": 1, ""search_volume"": 20}, {""year"": 2025, ""month"": 12, ""search_volume"": 10}, {""year"": 2025, ""month"": 11, ""search_volume"": 10}, {""year"": 2025, ""month"": 10, ""search_volume"": 10}, {""year"": 2025, ""month"": 9, ""search_volume"": 10}, {""year"": 2025, ""month"": 8, ""search_volume"": 10}]"
C6,poele ceramique titane,10,1.07,USD_DOCUMENTED,incompatible,False,,,,,"autre matière, revêtement ou usage que cuisson domestique titane",dataforseo_labs/google/keyword_suggestions/live,2026-09-03T14:36:33.000010+00:00,2026-09-03-qualification-9-produits-pur/raw/10-C6-labs-0.json.gz,"[{""year"": 2026, ""month"": 7, ""search_volume"": 10}, {""year"": 2026, ""month"": 6, ""search_volume"": 10}, {""year"": 2026, ""month"": 5, ""search_volume"": 10}, {""year"": 2026, ""month"": 4, ""search_volume"": 0}, {""year"": 2026, ""month"": 3, ""search_volume"": 10}, {""year"": 2026, ""month"": 2, ""search_volume"": 10}, {""year"": 2026, ""month"": 1, ""search_volume"": 10}, {""year"": 2025, ""month"": 12, ""search_volume"": 10}, {""year"": 2025, ""month"": 11, ""search_volume"": 10}, {""year"": 2025, ""month"": 10, ""search_volume"": 10}, {""year"": 2025, ""month"": 9, ""search_volume"": 10}, {""year"": 2025, ""month"": 8, ""search_volume"": 10}]"
C6,poêle anti adhésive sans pfas céramique,10,0.84,USD_DOCUMENTED,incompatible,False,,,,,"autre matière, revêtement ou usage que cuisson domestique titane",dataforseo_labs/google/keyword_suggestions/live,2026-09-03T14:36:33.664362+00:00,2026-09-03-qualification-9-produits-pur/raw/10-C6-labs-2.json.gz,"[{""year"": 2026, ""month"": 7, ""search_volume"": 50}, {""year"": 2026, ""month"": 6, ""search_volume"": 20}, {""year"": 2026, ""month"": 5, ""search_volume"": 30}, {""year"": 2026, ""month"": 4, ""search_volume"": 0}, {""year"": 2026, ""month"": 3, ""search_volume"": 0}, {""year"": 2026, ""month"": 2, ""search_volume"": 0}, {""year"": 2026, ""month"": 1, ""search_volume"": 0}, {""year"": 2025, ""month"": 12, ""search_volume"": 0}, {""year"": 2025, ""month"": 11, ""search_volume"": 0}, {""year"": 2025, ""month"": 10, ""search_volume"": 0}, {""year"": 2025, ""month"": 9, ""search_volume"": 0}, {""year"": 2025, ""month"": 8, ""search_volume"": 0}]"
C6,poêle anti adhésive sans pfas tefal,10,0.5,USD_DOCUMENTED,parent,True,,,,,absence de PFAS/Téflon ne désigne pas le titane,dataforseo_labs/google/keyword_suggestions/live,2026-09-03T14:36:33.664362+00:00,2026-09-03-qualification-9-produits-pur/raw/10-C6-labs-2.json.gz,"[{""year"": 2026, ""month"": 7, ""search_volume"": 20}, {""year"": 2026, ""month"": 6, ""search_volume"": 10}, {""year"": 2026, ""month"": 5, ""search_volume"": 20}, {""year"": 2026, ""month"": 4, ""search_volume"": 10}, {""year"": 2026, ""month"": 3, ""search_volume"": 10}, {""year"": 2026, ""month"": 2, ""search_volume"": 0}, {""year"": 2026, ""month"": 1, ""search_volume"": 0}, {""year"": 2025, ""month"": 12, ""search_volume"": 0}, {""year"": 2025, ""month"": 11, ""search_volume"": 0}, {""year"": 2025, ""month"": 10, ""search_volume"": 0}, {""year"": 2025, ""month"": 9, ""search_volume"": 0}, {""year"": 2025, ""month"": 8, ""search_volume"": 0}]"
C6,poêle sans pfas sans ptfe sans pfoa,10,1.7,USD_DOCUMENTED,parent,False,,,,,absence de PFAS/Téflon ne désigne pas le titane,dataforseo_labs/google/keyword_suggestions/live,2026-09-03T14:36:33.664362+00:00,2026-09-03-qualification-9-produits-pur/raw/10-C6-labs-2.json.gz,"[{""year"": 2026, ""month"": 7, ""search_volume"": 10}, {""year"": 2026, ""month"": 6, ""search_volume"": 10}, {""year"": 2026, ""month"": 5, ""search_volume"": 10}, {""year"": 2026, ""month"": 4, ""search_volume"": 10}, {""year"": 2026, ""month"": 3, ""search_volume"": 10}, {""year"": 2026, ""month"": 2, ""search_volume"": 30}, {""year"": 2026, ""month"": 1, ""search_volume"": 20}, {""year"": 2025, ""month"": 12, ""search_volume"": 30}, {""year"": 2025, ""month"": 11, ""search_volume"": 40}, {""year"": 2025, ""month"": 10, ""search_volume"": 0}, {""year"": 2025, ""month"": 9, ""search_volume"": 0}, {""year"": 2025, ""month"": 8, ""search_volume"": 0}]"
C6,poêle sans pfas action,10,0.72,USD_DOCUMENTED,parent,True,,,,,absence de PFAS/Téflon ne désigne pas le titane,dataforseo_labs/google/keyword_suggestions/live,2026-09-03T14:36:33.664362+00:00,2026-09-03-qualification-9-produits-pur/raw/10-C6-labs-2.json.gz,"[{""year"": 2026, ""month"": 7, ""search_volume"": 10}, {""year"": 2026, ""month"": 6, ""search_volume"": 10}, {""year"": 2026, ""month"": 5, ""search_volume"": 10}, {""year"": 2026, ""month"": 4, ""search_volume"": 20}, {""year"": 2026, ""month"": 3, ""search_volume"": 20}, {""year"": 2026, ""month"": 2, ""search_volume"": 10}, {""year"": 2026, ""month"": 1, ""search_volume"": 20}, {""year"": 2025, ""month"": 12, ""search_volume"": 30}, {""year"": 2025, ""month"": 11, ""search_volume"": 0}, {""year"": 2025, ""month"": 10, ""search_volume"": 0}, {""year"": 2025, ""month"": 9, ""search_volume"": 0}, {""year"": 2025, ""month"": 8, ""search_volume"": 0}]"
C6,poele a frire sans teflon,10,0.84,USD_DOCUMENTED,parent,False,,,,,absence de PFAS/Téflon ne désigne pas le titane,dataforseo_labs/google/keyword_suggestions/live,2026-09-03T14:36:34.185913+00:00,2026-09-03-qualification-9-produits-pur/raw/10-C6-labs-3.json.gz,"[{""year"": 2026, ""month"": 7, ""search_volume"": 10}, {""year"": 2026, ""month"": 6, ""search_volume"": 10}, {""year"": 2026, ""month"": 5, ""search_volume"": 0}, {""year"": 2026, ""month"": 4, ""search_volume"": 10}, {""year"": 2026, ""month"": 3, ""search_volume"": 10}, {""year"": 2026, ""month"": 2, ""search_volume"": 10}, {""year"": 2026, ""month"": 1, ""search_volume"": 10}, {""year"": 2025, ""month"": 12, ""search_volume"": 10}, {""year"": 2025, ""month"": 11, ""search_volume"": 10}, {""year"": 2025, ""month"": 10, ""search_volume"": 10}, {""year"": 2025, ""month"": 9, ""search_volume"": 10}, {""year"": 2025, ""month"": 8, ""search_volume"": 10}]"
C6,poele anti adhesive sans teflon induction,10,0.81,USD_DOCUMENTED,parent,False,,,,,absence de PFAS/Téflon ne désigne pas le titane,dataforseo_labs/google/keyword_suggestions/live,2026-09-03T14:36:34.185913+00:00,2026-09-03-qualification-9-produits-pur/raw/10-C6-labs-3.json.gz,"[{""year"": 2026, ""month"": 7, ""search_volume"": 10}, {""year"": 2026, ""month"": 6, ""search_volume"": 10}, {""year"": 2026, ""month"": 5, ""search_volume"": 10}, {""year"": 2026, ""month"": 4, ""search_volume"": 10}, {""year"": 2026, ""month"": 3, ""search_volume"": 10}, {""year"": 2026, ""month"": 2, ""search_volume"": 10}, {""year"": 2026, ""month"": 1, ""search_volume"": 10}, {""year"": 2025, ""month"": 12, ""search_volume"": 10}, {""year"": 2025, ""month"": 11, ""search_volume"": 10}, {""year"": 2025, ""month"": 10, ""search_volume"": 10}, {""year"": 2025, ""month"": 9, ""search_volume"": 10}, {""year"": 2025, ""month"": 8, ""search_volume"": 10}]"
C6,poele en teflon sans pfoa,10,,USD_DOCUMENTED,parent,False,,,,,absence de PFAS/Téflon ne désigne pas le titane,dataforseo_labs/google/keyword_suggestions/live,2026-09-03T14:36:34.185913+00:00,2026-09-03-qualification-9-produits-pur/raw/10-C6-labs-3.json.gz,"[{""year"": 2026, ""month"": 7, ""search_volume"": 10}, {""year"": 2026, ""month"": 6, ""search_volume"": 10}, {""year"": 2026, ""month"": 5, ""search_volume"": 10}, {""year"": 2026, ""month"": 4, ""search_volume"": 10}, {""year"": 2026, ""month"": 3, ""search_volume"": 10}, {""year"": 2026, ""month"": 2, ""search_volume"": 10}, {""year"": 2026, ""month"": 1, ""search_volume"": 10}, {""year"": 2025, ""month"": 12, ""search_volume"": 0}, {""year"": 2025, ""month"": 11, ""search_volume"": 10}, {""year"": 2025, ""month"": 10, ""search_volume"": 0}, {""year"": 2025, ""month"": 9, ""search_volume"": 10}, {""year"": 2025, ""month"": 8, ""search_volume"": 10}]"
C6,poele sans revetement teflon,10,,USD_DOCUMENTED,incompatible,False,,,,,"autre matière, revêtement ou usage que cuisson domestique titane",dataforseo_labs/google/keyword_suggestions/live,2026-09-03T14:36:34.185913+00:00,2026-09-03-qualification-9-produits-pur/raw/10-C6-labs-3.json.gz,"[{""year"": 2026, ""month"": 7, ""search_volume"": 10}, {""year"": 2026, ""month"": 6, ""search_volume"": 10}, {""year"": 2026, ""month"": 5, ""search_volume"": 10}, {""year"": 2026, ""month"": 4, ""search_volume"": 10}, {""year"": 2026, ""month"": 3, ""search_volume"": 10}, {""year"": 2026, ""month"": 2, ""search_volume"": 10}, {""year"": 2026, ""month"": 1, ""search_volume"": 10}, {""year"": 2025, ""month"": 12, ""search_volume"": 10}, {""year"": 2025, ""month"": 11, ""search_volume"": 10}, {""year"": 2025, ""month"": 10, ""search_volume"": 10}, {""year"": 2025, ""month"": 9, ""search_volume"": 10}, {""year"": 2025, ""month"": 8, ""search_volume"": 10}]"
C6,poele sans teflon fabrication francaise,10,,USD_DOCUMENTED,incompatible,False,,,,,"autre matière, revêtement ou usage que cuisson domestique titane",dataforseo_labs/google/keyword_suggestions/live,2026-09-03T14:36:34.185913+00:00,2026-09-03-qualification-9-produits-pur/raw/10-C6-labs-3.json.gz,"[{""year"": 2026, ""month"": 7, ""search_volume"": 0}, {""year"": 2026, ""month"": 6, ""search_volume"": 0}, {""year"": 2026, ""month"": 5, ""search_volume"": 10}, {""year"": 2026, ""month"": 4, ""search_volume"": 10}, {""year"": 2026, ""month"": 3, ""search_volume"": 0}, {""year"": 2026, ""month"": 2, ""search_volume"": 0}, {""year"": 2026, ""month"": 1, ""search_volume"": 10}, {""year"": 2025, ""month"": 12, ""search_volume"": 10}, {""year"": 2025, ""month"": 11, ""search_volume"": 20}, {""year"": 2025, ""month"": 10, ""search_volume"": 10}, {""year"": 2025, ""month"": 9, ""search_volume"": 10}, {""year"": 2025, ""month"": 8, ""search_volume"": 10}]"
C6,poele a crepe induction sans teflon,10,0.32,USD_DOCUMENTED,parent,False,,,,,absence de PFAS/Téflon ne désigne pas le titane,dataforseo_labs/google/keyword_suggestions/live,2026-09-03T14:36:34.185913+00:00,2026-09-03-qualification-9-produits-pur/raw/10-C6-labs-3.json.gz,"[{""year"": 2026, ""month"": 7, ""search_volume"": 10}, {""year"": 2026, ""month"": 6, ""search_volume"": 10}, {""year"": 2026, ""month"": 5, ""search_volume"": 10}, {""year"": 2026, ""month"": 4, ""search_volume"": 10}, {""year"": 2026, ""month"": 3, ""search_volume"": 10}, {""year"": 2026, ""month"": 2, ""search_volume"": 10}, {""year"": 2026, ""month"": 1, ""search_volume"": 20}, {""year"": 2025, ""month"": 12, ""search_volume"": 20}, {""year"": 2025, ""month"": 11, ""search_volume"": 20}, {""year"": 2025, ""month"": 10, ""search_volume"": 20}, {""year"": 2025, ""month"": 9, ""search_volume"": 10}, {""year"": 2025, ""month"": 8, ""search_volume"": 10}]"
C6,meilleure poele anti adhesive sans teflon,10,0.3,USD_DOCUMENTED,parent,False,,,,,absence de PFAS/Téflon ne désigne pas le titane,dataforseo_labs/google/keyword_suggestions/live,2026-09-03T14:36:34.185913+00:00,2026-09-03-qualification-9-produits-pur/raw/10-C6-labs-3.json.gz,"[{""year"": 2026, ""month"": 7, ""search_volume"": 10}, {""year"": 2026, ""month"": 6, ""search_volume"": 10}, {""year"": 2026, ""month"": 5, ""search_volume"": 10}, {""year"": 2026, ""month"": 4, ""search_volume"": 10}, {""year"": 2026, ""month"": 3, ""search_volume"": 10}, {""year"": 2026, ""month"": 2, ""search_volume"": 10}, {""year"": 2026, ""month"": 1, ""search_volume"": 10}, {""year"": 2025, ""month"": 12, ""search_volume"": 10}, {""year"": 2025, ""month"": 11, ""search_volume"": 10}, {""year"": 2025, ""month"": 10, ""search_volume"": 10}, {""year"": 2025, ""month"": 9, ""search_volume"": 10}, {""year"": 2025, ""month"": 8, ""search_volume"": 10}]"
C6,poele sans teflon tefal,10,0.13,USD_DOCUMENTED,parent,True,,,,,absence de PFAS/Téflon ne désigne pas le titane,dataforseo_labs/google/keyword_suggestions/live,2026-09-03T14:36:34.185913+00:00,2026-09-03-qualification-9-produits-pur/raw/10-C6-labs-3.json.gz,"[{""year"": 2026, ""month"": 7, ""search_volume"": 10}, {""year"": 2026, ""month"": 6, ""search_volume"": 10}, {""year"": 2026, ""month"": 5, ""search_volume"": 10}, {""year"": 2026, ""month"": 4, ""search_volume"": 10}, {""year"": 2026, ""month"": 3, ""search_volume"": 10}, {""year"": 2026, ""month"": 2, ""search_volume"": 10}, {""year"": 2026, ""month"": 1, ""search_volume"": 20}, {""year"": 2025, ""month"": 12, ""search_volume"": 10}, {""year"": 2025, ""month"": 11, ""search_volume"": 20}, {""year"": 2025, ""month"": 10, ""search_volume"": 10}, {""year"": 2025, ""month"": 9, ""search_volume"": 10}, {""year"": 2025, ""month"": 8, ""search_volume"": 10}]"
C6,poele wok sans teflon,10,0.43,USD_DOCUMENTED,parent,False,,,,,absence de PFAS/Téflon ne désigne pas le titane,dataforseo_labs/google/keyword_suggestions/live,2026-09-03T14:36:34.185913+00:00,2026-09-03-qualification-9-produits-pur/raw/10-C6-labs-3.json.gz,"[{""year"": 2026, ""month"": 7, ""search_volume"": 10}, {""year"": 2026, ""month"": 6, ""search_volume"": 0}, {""year"": 2026, ""month"": 5, ""search_volume"": 0}, {""year"": 2026, ""month"": 4, ""search_volume"": 10}, {""year"": 2026, ""month"": 3, ""search_volume"": 10}, {""year"": 2026, ""month"": 2, ""search_volume"": 10}, {""year"": 2026, ""month"": 1, ""search_volume"": 10}, {""year"": 2025, ""month"": 12, ""search_volume"": 10}, {""year"": 2025, ""month"": 11, ""search_volume"": 10}, {""year"": 2025, ""month"": 10, ""search_volume"": 10}, {""year"": 2025, ""month"": 9, ""search_volume"": 10}, {""year"": 2025, ""month"": 8, ""search_volume"": 10}]"
C6,poele cuisine sans teflon,10,0.77,USD_DOCUMENTED,parent,False,,,,,absence de PFAS/Téflon ne désigne pas le titane,dataforseo_labs/google/keyword_suggestions/live,2026-09-03T14:36:34.185913+00:00,2026-09-03-qualification-9-produits-pur/raw/10-C6-labs-3.json.gz,"[{""year"": 2026, ""month"": 7, ""search_volume"": 10}, {""year"": 2026, ""month"": 6, ""search_volume"": 10}, {""year"": 2026, ""month"": 5, ""search_volume"": 0}, {""year"": 2026, ""month"": 4, ""search_volume"": 10}, {""year"": 2026, ""month"": 3, ""search_volume"": 10}, {""year"": 2026, ""month"": 2, ""search_volume"": 10}, {""year"": 2026, ""month"": 1, ""search_volume"": 10}, {""year"": 2025, ""month"": 12, ""search_volume"": 10}, {""year"": 2025, ""month"": 11, ""search_volume"": 10}, {""year"": 2025, ""month"": 10, ""search_volume"": 10}, {""year"": 2025, ""month"": 9, ""search_volume"": 10}, {""year"": 2025, ""month"": 8, ""search_volume"": 10}]"
C6,poele teflon sans pfoa,10,0.59,USD_DOCUMENTED,parent,False,,,,,absence de PFAS/Téflon ne désigne pas le titane,dataforseo_labs/google/keyword_suggestions/live,2026-09-03T14:36:34.185913+00:00,2026-09-03-qualification-9-produits-pur/raw/10-C6-labs-3.json.gz,"[{""year"": 2026, ""month"": 7, ""search_volume"": 10}, {""year"": 2026, ""month"": 6, ""search_volume"": 10}, {""year"": 2026, ""month"": 5, ""search_volume"": 10}, {""year"": 2026, ""month"": 4, ""search_volume"": 10}, {""year"": 2026, ""month"": 3, ""search_volume"": 10}, {""year"": 2026, ""month"": 2, ""search_volume"": 10}, {""year"": 2026, ""month"": 1, ""search_volume"": 10}, {""year"": 2025, ""month"": 12, ""search_volume"": 10}, {""year"": 2025, ""month"": 11, ""search_volume"": 20}, {""year"": 2025, ""month"": 10, ""search_volume"": 10}, {""year"": 2025, ""month"": 9, ""search_volume"": 10}, {""year"": 2025, ""month"": 8, ""search_volume"": 10}]"
C6,poele sans teflon que choisir,10,1.26,USD_DOCUMENTED,parent,False,,,,,absence de PFAS/Téflon ne désigne pas le titane,dataforseo_labs/google/keyword_suggestions/live,2026-09-03T14:36:34.185913+00:00,2026-09-03-qualification-9-produits-pur/raw/10-C6-labs-3.json.gz,"[{""year"": 2026, ""month"": 7, ""search_volume"": 20}, {""year"": 2026, ""month"": 6, ""search_volume"": 10}, {""year"": 2026, ""month"": 5, ""search_volume"": 10}, {""year"": 2026, ""month"": 4, ""search_volume"": 10}, {""year"": 2026, ""month"": 3, ""search_volume"": 20}, {""year"": 2026, ""month"": 2, ""search_volume"": 10}, {""year"": 2026, ""month"": 1, ""search_volume"": 20}, {""year"": 2025, ""month"": 12, ""search_volume"": 10}, {""year"": 2025, ""month"": 11, ""search_volume"": 10}, {""year"": 2025, ""month"": 10, ""search_volume"": 10}, {""year"": 2025, ""month"": 9, ""search_volume"": 10}, {""year"": 2025, ""month"": 8, ""search_volume"": 10}]"
C6,poele sans teflon qui n'accroche pas,10,0.68,USD_DOCUMENTED,parent,False,,,,,absence de PFAS/Téflon ne désigne pas le titane,dataforseo_labs/google/keyword_suggestions/live,2026-09-03T14:36:34.185913+00:00,2026-09-03-qualification-9-produits-pur/raw/10-C6-labs-3.json.gz,"[{""year"": 2026, ""month"": 7, ""search_volume"": 10}, {""year"": 2026, ""month"": 6, ""search_volume"": 10}, {""year"": 2026, ""month"": 5, ""search_volume"": 10}, {""year"": 2026, ""month"": 4, ""search_volume"": 10}, {""year"": 2026, ""month"": 3, ""search_volume"": 10}, {""year"": 2026, ""month"": 2, ""search_volume"": 10}, {""year"": 2026, ""month"": 1, ""search_volume"": 10}, {""year"": 2025, ""month"": 12, ""search_volume"": 20}, {""year"": 2025, ""month"": 11, ""search_volume"": 20}, {""year"": 2025, ""month"": 10, ""search_volume"": 10}, {""year"": 2025, ""month"": 9, ""search_volume"": 20}, {""year"": 2025, ""month"": 8, ""search_volume"": 50}]"
C6,poele en pierre sans teflon,10,,USD_DOCUMENTED,parent,False,,,,,absence de PFAS/Téflon ne désigne pas le titane,dataforseo_labs/google/keyword_suggestions/live,2026-09-03T14:36:34.185913+00:00,2026-09-03-qualification-9-produits-pur/raw/10-C6-labs-3.json.gz,"[{""year"": 2026, ""month"": 7, ""search_volume"": 0}, {""year"": 2026, ""month"": 6, ""search_volume"": 10}, {""year"": 2026, ""month"": 5, ""search_volume"": 10}, {""year"": 2026, ""month"": 4, ""search_volume"": 10}, {""year"": 2026, ""month"": 3, ""search_volume"": 10}, {""year"": 2026, ""month"": 2, ""search_volume"": 10}, {""year"": 2026, ""month"": 1, ""search_volume"": 10}, {""year"": 2025, ""month"": 12, ""search_volume"": 10}, {""year"": 2025, ""month"": 11, ""search_volume"": 10}, {""year"": 2025, ""month"": 10, ""search_volume"": 10}, {""year"": 2025, ""month"": 9, ""search_volume"": 10}, {""year"": 2025, ""month"": 8, ""search_volume"": 10}]"
C6,poele sans teflon manche amovible,10,,USD_DOCUMENTED,conditional,False,,,G0013,10,mécanisme non garanti par le SKU,dataforseo_labs/google/keyword_suggestions/live,2026-09-03T14:36:34.185913+00:00,2026-09-03-qualification-9-produits-pur/raw/10-C6-labs-3.json.gz,"[{""year"": 2026, ""month"": 7, ""search_volume"": 10}, {""year"": 2026, ""month"": 6, ""search_volume"": 10}, {""year"": 2026, ""month"": 5, ""search_volume"": 10}, {""year"": 2026, ""month"": 4, ""search_volume"": 0}, {""year"": 2026, ""month"": 3, ""search_volume"": 10}, {""year"": 2026, ""month"": 2, ""search_volume"": 10}, {""year"": 2026, ""month"": 1, ""search_volume"": 10}, {""year"": 2025, ""month"": 12, ""search_volume"": 20}, {""year"": 2025, ""month"": 11, ""search_volume"": 40}, {""year"": 2025, ""month"": 10, ""search_volume"": 40}, {""year"": 2025, ""month"": 9, ""search_volume"": 10}, {""year"": 2025, ""month"": 8, ""search_volume"": 10}]"
C6,quelle poele sans teflon,10,0.13,USD_DOCUMENTED,parent,False,,,,,absence de PFAS/Téflon ne désigne pas le titane,dataforseo_labs/google/keyword_suggestions/live,2026-09-03T14:36:34.185913+00:00,2026-09-03-qualification-9-produits-pur/raw/10-C6-labs-3.json.gz,"[{""year"": 2026, ""month"": 7, ""search_volume"": 10}, {""year"": 2026, ""month"": 6, ""search_volume"": 10}, {""year"": 2026, ""month"": 5, ""search_volume"": 10}, {""year"": 2026, ""month"": 4, ""search_volume"": 10}, {""year"": 2026, ""month"": 3, ""search_volume"": 10}, {""year"": 2026, ""month"": 2, ""search_volume"": 10}, {""year"": 2026, ""month"": 1, ""search_volume"": 10}, {""year"": 2025, ""month"": 12, ""search_volume"": 10}, {""year"": 2025, ""month"": 11, ""search_volume"": 10}, {""year"": 2025, ""month"": 10, ""search_volume"": 10}, {""year"": 2025, ""month"": 9, ""search_volume"": 10}, {""year"": 2025, ""month"": 8, ""search_volume"": 10}]"
C6,meilleure poele induction sans teflon,10,0.42,USD_DOCUMENTED,parent,False,,,,,absence de PFAS/Téflon ne désigne pas le titane,dataforseo_labs/google/keyword_suggestions/live,2026-09-03T14:36:34.185913+00:00,2026-09-03-qualification-9-produits-pur/raw/10-C6-labs-3.json.gz,"[{""year"": 2026, ""month"": 7, ""search_volume"": 10}, {""year"": 2026, ""month"": 6, ""search_volume"": 10}, {""year"": 2026, ""month"": 5, ""search_volume"": 10}, {""year"": 2026, ""month"": 4, ""search_volume"": 10}, {""year"": 2026, ""month"": 3, ""search_volume"": 10}, {""year"": 2026, ""month"": 2, ""search_volume"": 10}, {""year"": 2026, ""month"": 1, ""search_volume"": 10}, {""year"": 2025, ""month"": 12, ""search_volume"": 10}, {""year"": 2025, ""month"": 11, ""search_volume"": 20}, {""year"": 2025, ""month"": 10, ""search_volume"": 10}, {""year"": 2025, ""month"": 9, ""search_volume"": 10}, {""year"": 2025, ""month"": 8, ""search_volume"": 10}]"
C6,poele et casserole sans teflon,10,0.45,USD_DOCUMENTED,parent,False,,,,,absence de PFAS/Téflon ne désigne pas le titane,dataforseo_labs/google/keyword_suggestions/live,2026-09-03T14:36:34.185913+00:00,2026-09-03-qualification-9-produits-pur/raw/10-C6-labs-3.json.gz,"[{""year"": 2026, ""month"": 7, ""search_volume"": 10}, {""year"": 2026, ""month"": 6, ""search_volume"": 10}, {""year"": 2026, ""month"": 5, ""search_volume"": 10}, {""year"": 2026, ""month"": 4, ""search_volume"": 10}, {""year"": 2026, ""month"": 3, ""search_volume"": 10}, {""year"": 2026, ""month"": 2, ""search_volume"": 10}, {""year"": 2026, ""month"": 1, ""search_volume"": 10}, {""year"": 2025, ""month"": 12, ""search_volume"": 20}, {""year"": 2025, ""month"": 11, ""search_volume"": 40}, {""year"": 2025, ""month"": 10, ""search_volume"": 20}, {""year"": 2025, ""month"": 9, ""search_volume"": 10}, {""year"": 2025, ""month"": 8, ""search_volume"": 10}]"
C6,poele professionnelle sans teflon,10,0.14,USD_DOCUMENTED,parent,False,,,,,absence de PFAS/Téflon ne désigne pas le titane,dataforseo_labs/google/keyword_suggestions/live,2026-09-03T14:36:34.185913+00:00,2026-09-03-qualification-9-produits-pur/raw/10-C6-labs-3.json.gz,"[{""year"": 2026, ""month"": 7, ""search_volume"": 10}, {""year"": 2026, ""month"": 6, ""search_volume"": 10}, {""year"": 2026, ""month"": 5, ""search_volume"": 10}, {""year"": 2026, ""month"": 4, ""search_volume"": 10}, {""year"": 2026, ""month"": 3, ""search_volume"": 10}, {""year"": 2026, ""month"": 2, ""search_volume"": 10}, {""year"": 2026, ""month"": 1, ""search_volume"": 10}, {""year"": 2025, ""month"": 12, ""search_volume"": 30}, {""year"": 2025, ""month"": 11, ""search_volume"": 50}, {""year"": 2025, ""month"": 10, ""search_volume"": 10}, {""year"": 2025, ""month"": 9, ""search_volume"": 30}, {""year"": 2025, ""month"": 8, ""search_volume"": 0}]"
C6,poele sans teflon qui n accroche pas,10,0.68,USD_DOCUMENTED,parent,False,,,,,absence de PFAS/Téflon ne désigne pas le titane,dataforseo_labs/google/keyword_suggestions/live,2026-09-03T14:36:34.185913+00:00,2026-09-03-qualification-9-produits-pur/raw/10-C6-labs-3.json.gz,"[{""year"": 2026, ""month"": 7, ""search_volume"": 10}, {""year"": 2026, ""month"": 6, ""search_volume"": 10}, {""year"": 2026, ""month"": 5, ""search_volume"": 10}, {""year"": 2026, ""month"": 4, ""search_volume"": 10}, {""year"": 2026, ""month"": 3, ""search_volume"": 10}, {""year"": 2026, ""month"": 2, ""search_volume"": 10}, {""year"": 2026, ""month"": 1, ""search_volume"": 10}, {""year"": 2025, ""month"": 12, ""search_volume"": 20}, {""year"": 2025, ""month"": 11, ""search_volume"": 20}, {""year"": 2025, ""month"": 10, ""search_volume"": 10}, {""year"": 2025, ""month"": 9, ""search_volume"": 20}, {""year"": 2025, ""month"": 8, ""search_volume"": 50}]"
C6,poele à crepe sans teflon,10,0.58,USD_DOCUMENTED,parent,False,,,,,absence de PFAS/Téflon ne désigne pas le titane,dataforseo_labs/google/keyword_suggestions/live,2026-09-03T14:36:34.185913+00:00,2026-09-03-qualification-9-produits-pur/raw/10-C6-labs-3.json.gz,"[{""year"": 2026, ""month"": 7, ""search_volume"": 10}, {""year"": 2026, ""month"": 6, ""search_volume"": 10}, {""year"": 2026, ""month"": 5, ""search_volume"": 10}, {""year"": 2026, ""month"": 4, ""search_volume"": 10}, {""year"": 2026, ""month"": 3, ""search_volume"": 10}, {""year"": 2026, ""month"": 2, ""search_volume"": 30}, {""year"": 2026, ""month"": 1, ""search_volume"": 30}, {""year"": 2025, ""month"": 12, ""search_volume"": 20}, {""year"": 2025, ""month"": 11, ""search_volume"": 20}, {""year"": 2025, ""month"": 10, ""search_volume"": 10}, {""year"": 2025, ""month"": 9, ""search_volume"": 10}, {""year"": 2025, ""month"": 8, ""search_volume"": 20}]"
C6,poele saine sans teflon,10,,USD_DOCUMENTED,parent,False,,,,,absence de PFAS/Téflon ne désigne pas le titane,dataforseo_labs/google/keyword_suggestions/live,2026-09-03T14:36:34.185913+00:00,2026-09-03-qualification-9-produits-pur/raw/10-C6-labs-3.json.gz,"[{""year"": 2026, ""month"": 7, ""search_volume"": 0}, {""year"": 2026, ""month"": 6, ""search_volume"": 10}, {""year"": 2026, ""month"": 5, ""search_volume"": 10}, {""year"": 2026, ""month"": 4, ""search_volume"": 0}, {""year"": 2026, ""month"": 3, ""search_volume"": 10}, {""year"": 2026, ""month"": 2, ""search_volume"": 10}, {""year"": 2026, ""month"": 1, ""search_volume"": 10}, {""year"": 2025, ""month"": 12, ""search_volume"": 10}, {""year"": 2025, ""month"": 11, ""search_volume"": 0}, {""year"": 2025, ""month"": 10, ""search_volume"": 10}, {""year"": 2025, ""month"": 9, ""search_volume"": 0}, {""year"": 2025, ""month"": 8, ""search_volume"": 0}]"
C6,poele anti adherente sans teflon,10,3.58,USD_DOCUMENTED,parent,False,,,,,absence de PFAS/Téflon ne désigne pas le titane,dataforseo_labs/google/keyword_suggestions/live,2026-09-03T14:36:34.185913+00:00,2026-09-03-qualification-9-produits-pur/raw/10-C6-labs-3.json.gz,"[{""year"": 2026, ""month"": 7, ""search_volume"": 10}, {""year"": 2026, ""month"": 6, ""search_volume"": 10}, {""year"": 2026, ""month"": 5, ""search_volume"": 10}, {""year"": 2026, ""month"": 4, ""search_volume"": 10}, {""year"": 2026, ""month"": 3, ""search_volume"": 10}, {""year"": 2026, ""month"": 2, ""search_volume"": 10}, {""year"": 2026, ""month"": 1, ""search_volume"": 10}, {""year"": 2025, ""month"": 12, ""search_volume"": 10}, {""year"": 2025, ""month"": 11, ""search_volume"": 10}, {""year"": 2025, ""month"": 10, ""search_volume"": 10}, {""year"": 2025, ""month"": 9, ""search_volume"": 20}, {""year"": 2025, ""month"": 8, ""search_volume"": 10}]"
C6,poele à frire sans teflon,10,,USD_DOCUMENTED,parent,False,,,,,absence de PFAS/Téflon ne désigne pas le titane,dataforseo_labs/google/keyword_suggestions/live,2026-09-03T14:36:34.185913+00:00,2026-09-03-qualification-9-produits-pur/raw/10-C6-labs-3.json.gz,"[{""year"": 2026, ""month"": 7, ""search_volume"": 0}, {""year"": 2026, ""month"": 6, ""search_volume"": 10}, {""year"": 2026, ""month"": 5, ""search_volume"": 10}, {""year"": 2026, ""month"": 4, ""search_volume"": 10}, {""year"": 2026, ""month"": 3, ""search_volume"": 10}, {""year"": 2026, ""month"": 2, ""search_volume"": 10}, {""year"": 2026, ""month"": 1, ""search_volume"": 10}, {""year"": 2025, ""month"": 12, ""search_volume"": 20}, {""year"": 2025, ""month"": 11, ""search_volume"": 10}, {""year"": 2025, ""month"": 10, ""search_volume"": 10}, {""year"": 2025, ""month"": 9, ""search_volume"": 10}, {""year"": 2025, ""month"": 8, ""search_volume"": 10}]"
C6,poêle à bois titane camping,,,USD_DOCUMENTED,incompatible,False,,,,,"chauffage, camping ou alliage distinct du positionnement",dataforseo_labs/google/keyword_suggestions/live,2026-09-03T14:07:53.082991+00:00,2026-09-03-test-decouverte-couplee/raw/42-c6-labs.json.gz,"[{""year"": 2026, ""month"": 5, ""search_volume"": 0}, {""year"": 2026, ""month"": 4, ""search_volume"": 0}, {""year"": 2026, ""month"": 3, ""search_volume"": 0}, {""year"": 2026, ""month"": 2, ""search_volume"": 0}, {""year"": 2026, ""month"": 1, ""search_volume"": 0}, {""year"": 2025, ""month"": 12, ""search_volume"": 0}, {""year"": 2025, ""month"": 11, ""search_volume"": 0}, {""year"": 2025, ""month"": 10, ""search_volume"": 0}, {""year"": 2025, ""month"": 9, ""search_volume"": 0}, {""year"": 2025, ""month"": 8, ""search_volume"": 0}, {""year"": 2025, ""month"": 7, ""search_volume"": 0}, {""year"": 2025, ""month"": 6, ""search_volume"": 0}]"
C6,poêle en titane pro,,,USD_DOCUMENTED,core,False,G0011,,G0014,,"poêle titane, composition à prouver",keywords_data/google_ads/search_volume/live,2026-09-03T14:41:45.663971+00:00,2026-09-03-qualification-9-produits-pur/raw/20-controls-3.json.gz,[]
C6,acheter une poêle en titane,,,USD_DOCUMENTED,core,False,G0012,,G0015,,"poêle titane, composition à prouver",keywords_data/google_ads/search_volume/live,2026-09-03T14:41:45.663971+00:00,2026-09-03-qualification-9-produits-pur/raw/20-controls-3.json.gz,[]
C6,poêle à bois en titane,,,USD_DOCUMENTED,incompatible,False,,,,,"chauffage, camping ou alliage distinct du positionnement",keywords_data/google_ads/search_volume/live,2026-09-03T14:41:45.663971+00:00,2026-09-03-qualification-9-produits-pur/raw/20-controls-3.json.gz,[]
C6,poêle titane rando,,,USD_DOCUMENTED,core,False,G0013,,G0016,,"poêle titane, composition à prouver",keywords_data/google_ads/search_volume/live,2026-09-03T14:41:45.663971+00:00,2026-09-03-qualification-9-produits-pur/raw/20-controls-3.json.gz,[]
C6,poêle titane lidl,,,USD_DOCUMENTED,core,True,,,,,"poêle titane, composition à prouver",keywords_data/google_ads/search_volume/live,2026-09-03T14:41:45.663971+00:00,2026-09-03-qualification-9-produits-pur/raw/20-controls-3.json.gz,[]
C6,avis poêle titane x,,,USD_DOCUMENTED,core,True,,,,,"poêle titane, composition à prouver",keywords_data/google_ads/search_volume/live,2026-09-03T14:41:45.663971+00:00,2026-09-03-qualification-9-produits-pur/raw/20-controls-3.json.gz,[]
C6,poêle titane camping,,,USD_DOCUMENTED,incompatible,False,,,,,"autre matière, revêtement ou usage que cuisson domestique titane",dataforseo_labs/google/keyword_suggestions/live,2026-09-03T14:07:53.082991+00:00,2026-09-03-test-decouverte-couplee/raw/42-c6-labs.json.gz,"[{""year"": 2026, ""month"": 5, ""search_volume"": 0}, {""year"": 2026, ""month"": 4, ""search_volume"": 0}, {""year"": 2026, ""month"": 3, ""search_volume"": 0}, {""year"": 2026, ""month"": 2, ""search_volume"": 0}, {""year"": 2026, ""month"": 1, ""search_volume"": 0}, {""year"": 2025, ""month"": 12, ""search_volume"": 0}, {""year"": 2025, ""month"": 11, ""search_volume"": 0}, {""year"": 2025, ""month"": 10, ""search_volume"": 0}, {""year"": 2025, ""month"": 9, ""search_volume"": 0}, {""year"": 2025, ""month"": 8, ""search_volume"": 0}, {""year"": 2025, ""month"": 7, ""search_volume"": 0}, {""year"": 2025, ""month"": 6, ""search_volume"": 0}]"
C6,où trouver une poêle en titane,,,USD_DOCUMENTED,core,False,G0014,,G0017,,"poêle titane, composition à prouver",keywords_data/google_ads/search_volume/live,2026-09-03T14:41:45.663971+00:00,2026-09-03-qualification-9-produits-pur/raw/20-controls-3.json.gz,[]
C6,poêle rossetto bo titane,,,USD_DOCUMENTED,core,True,,,,,"poêle titane, composition à prouver",keywords_data/google_ads/search_volume/live,2026-09-03T14:41:45.663971+00:00,2026-09-03-qualification-9-produits-pur/raw/20-controls-3.json.gz,[]
C6,poêle titane bivouac,,,USD_DOCUMENTED,incompatible,False,,,,,"autre matière, revêtement ou usage que cuisson domestique titane",dataforseo_labs/google/keyword_suggestions/live,2026-09-03T14:07:53.082991+00:00,2026-09-03-test-decouverte-couplee/raw/42-c6-labs.json.gz,"[{""year"": 2026, ""month"": 5, ""search_volume"": 0}, {""year"": 2026, ""month"": 4, ""search_volume"": 0}, {""year"": 2026, ""month"": 3, ""search_volume"": 0}, {""year"": 2026, ""month"": 2, ""search_volume"": 0}, {""year"": 2026, ""month"": 1, ""search_volume"": 0}, {""year"": 2025, ""month"": 12, ""search_volume"": 0}, {""year"": 2025, ""month"": 11, ""search_volume"": 0}, {""year"": 2025, ""month"": 10, ""search_volume"": 0}, {""year"": 2025, ""month"": 9, ""search_volume"": 0}, {""year"": 2025, ""month"": 8, ""search_volume"": 0}, {""year"": 2025, ""month"": 7, ""search_volume"": 0}, {""year"": 2025, ""month"": 6, ""search_volume"": 0}]"
C6,popote et poêle en titane toaks outdoor 1 1 l,,,USD_DOCUMENTED,incompatible,True,,,,,"chauffage, camping ou alliage distinct du positionnement",keywords_data/google_ads/search_volume/live,2026-09-03T14:41:45.663971+00:00,2026-09-03-qualification-9-produits-pur/raw/20-controls-3.json.gz,[]
C6,poêle à frire titane,,,USD_DOCUMENTED,core,False,G0010,0,G0012,0,"poêle titane, composition à prouver",keywords_data/google_ads/search_volume/live,2026-09-03T14:41:45.663971+00:00,2026-09-03-qualification-9-produits-pur/raw/20-controls-3.json.gz,[]
C6,poêle titane santé,,,USD_DOCUMENTED,information,False,,,,,"usage/SAV/risque, hors demande achat directe",dataforseo_labs/google/keyword_suggestions/live,2026-09-03T14:07:53.082991+00:00,2026-09-03-test-decouverte-couplee/raw/42-c6-labs.json.gz,"[{""year"": 2026, ""month"": 5, ""search_volume"": 0}, {""year"": 2026, ""month"": 4, ""search_volume"": 0}, {""year"": 2026, ""month"": 3, ""search_volume"": 0}, {""year"": 2026, ""month"": 2, ""search_volume"": 0}, {""year"": 2026, ""month"": 1, ""search_volume"": 0}, {""year"": 2025, ""month"": 12, ""search_volume"": 0}, {""year"": 2025, ""month"": 11, ""search_volume"": 0}, {""year"": 2025, ""month"": 10, ""search_volume"": 0}, {""year"": 2025, ""month"": 9, ""search_volume"": 0}, {""year"": 2025, ""month"": 8, ""search_volume"": 0}, {""year"": 2025, ""month"": 7, ""search_volume"": 0}, {""year"": 2025, ""month"": 6, ""search_volume"": 0}]"
C6,poêle titane amazon,,,USD_DOCUMENTED,core,True,,,,,"poêle titane, composition à prouver",keywords_data/google_ads/search_volume/live,2026-09-03T14:41:45.663971+00:00,2026-09-03-qualification-9-produits-pur/raw/20-controls-3.json.gz,[]
C6,our place poêle titane,,,USD_DOCUMENTED,core,True,,,,,"poêle titane, composition à prouver",keywords_data/google_ads/search_volume/live,2026-09-03T14:41:45.663971+00:00,2026-09-03-qualification-9-produits-pur/raw/20-controls-3.json.gz,[]
C6,poele rossetto bo titane,,,USD_DOCUMENTED,core,True,,,,,"poêle titane, composition à prouver",keywords_data/google_ads/search_volume/live,2026-09-03T14:41:45.663971+00:00,2026-09-03-qualification-9-produits-pur/raw/20-controls-3.json.gz,[]
C6,poele titane fourneau,0,,USD_DOCUMENTED,core,False,G0015,0,G0018,0,"poêle titane, composition à prouver",keywords_data/google_ads/search_volume/live,2026-09-03T14:41:45.663971+00:00,2026-09-03-qualification-9-produits-pur/raw/20-controls-3.json.gz,"[{""year"": 2026, ""month"": 7, ""search_volume"": 0}, {""year"": 2026, ""month"": 6, ""search_volume"": 0}, {""year"": 2026, ""month"": 5, ""search_volume"": 0}, {""year"": 2026, ""month"": 4, ""search_volume"": 0}, {""year"": 2026, ""month"": 3, ""search_volume"": 0}, {""year"": 2026, ""month"": 2, ""search_volume"": 0}, {""year"": 2026, ""month"": 1, ""search_volume"": 0}, {""year"": 2025, ""month"": 12, ""search_volume"": 0}, {""year"": 2025, ""month"": 11, ""search_volume"": 0}, {""year"": 2025, ""month"": 10, ""search_volume"": 0}, {""year"": 2025, ""month"": 9, ""search_volume"": 0}, {""year"": 2025, ""month"": 8, ""search_volume"": 0}]"
C6,poele bo wave titane rossetto avis,0,,USD_DOCUMENTED,core,True,,,,,"poêle titane, composition à prouver",keywords_data/google_ads/search_volume/live,2026-09-03T14:41:45.663971+00:00,2026-09-03-qualification-9-produits-pur/raw/20-controls-3.json.gz,"[{""year"": 2026, ""month"": 7, ""search_volume"": 0}, {""year"": 2026, ""month"": 6, ""search_volume"": 0}, {""year"": 2026, ""month"": 5, ""search_volume"": 0}, {""year"": 2026, ""month"": 4, ""search_volume"": 0}, {""year"": 2026, ""month"": 3, ""search_volume"": 0}, {""year"": 2026, ""month"": 2, ""search_volume"": 0}, {""year"": 2026, ""month"": 1, ""search_volume"": 0}, {""year"": 2025, ""month"": 12, ""search_volume"": 0}, {""year"": 2025, ""month"": 11, ""search_volume"": 0}, {""year"": 2025, ""month"": 10, ""search_volume"": 0}, {""year"": 2025, ""month"": 9, ""search_volume"": 0}, {""year"": 2025, ""month"": 8, ""search_volume"": 0}]"
C6,quelle est la meilleure poele en titane,,,USD_DOCUMENTED,core,False,G0016,,G0019,,"poêle titane, composition à prouver",keywords_data/google_ads/search_volume/live,2026-09-03T14:41:45.663971+00:00,2026-09-03-qualification-9-produits-pur/raw/20-controls-3.json.gz,[]
C6,poele titane kuhn rikon,,,USD_DOCUMENTED,core,False,G0017,,G0020,,"poêle titane, composition à prouver",keywords_data/google_ads/search_volume/live,2026-09-03T14:41:45.663971+00:00,2026-09-03-qualification-9-produits-pur/raw/20-controls-3.json.gz,[]
C6,titane dans poele,,,USD_DOCUMENTED,core,False,G0001,0,G0001,0,"poêle titane, composition à prouver",keywords_data/google_ads/search_volume/live,2026-09-03T14:41:45.663971+00:00,2026-09-03-qualification-9-produits-pur/raw/20-controls-3.json.gz,[]
C6,poele antiadherente titane,,,USD_DOCUMENTED,core,False,G0018,,G0021,,"poêle titane, composition à prouver",keywords_data/google_ads/search_volume/live,2026-09-03T14:41:45.663971+00:00,2026-09-03-qualification-9-produits-pur/raw/20-controls-3.json.gz,[]
C6,poele en plasma de titane,,,USD_DOCUMENTED,core,False,G0019,,G0022,,"poêle titane, composition à prouver",keywords_data/google_ads/search_volume/live,2026-09-03T14:41:45.663971+00:00,2026-09-03-qualification-9-produits-pur/raw/20-controls-3.json.gz,[]
C6,poele en titane haut de gamme,,,USD_DOCUMENTED,core,False,G0020,,G0023,,"poêle titane, composition à prouver",keywords_data/google_ads/search_volume/live,2026-09-03T14:41:45.663971+00:00,2026-09-03-qualification-9-produits-pur/raw/20-controls-3.json.gz,[]
C6,poele titane sante,,,USD_DOCUMENTED,information,False,,,,,"usage/SAV/risque, hors demande achat directe",dataforseo_labs/google/keyword_suggestions/live,2026-09-03T14:36:33.000010+00:00,2026-09-03-qualification-9-produits-pur/raw/10-C6-labs-0.json.gz,"[{""year"": 2026, ""month"": 7, ""search_volume"": 0}, {""year"": 2026, ""month"": 6, ""search_volume"": 0}, {""year"": 2026, ""month"": 5, ""search_volume"": 0}, {""year"": 2026, ""month"": 4, ""search_volume"": 0}, {""year"": 2026, ""month"": 3, ""search_volume"": 0}, {""year"": 2026, ""month"": 2, ""search_volume"": 0}, {""year"": 2026, ""month"": 1, ""search_volume"": 0}, {""year"": 2025, ""month"": 12, ""search_volume"": 0}, {""year"": 2025, ""month"": 11, ""search_volume"": 0}, {""year"": 2025, ""month"": 10, ""search_volume"": 0}, {""year"": 2025, ""month"": 9, ""search_volume"": 0}, {""year"": 2025, ""month"": 8, ""search_volume"": 0}]"
C6,poele titane carrefour,,,USD_DOCUMENTED,core,True,,,,,"poêle titane, composition à prouver",keywords_data/google_ads/search_volume/live,2026-09-03T14:41:45.663971+00:00,2026-09-03-qualification-9-produits-pur/raw/20-controls-3.json.gz,[]
C6,cuisiner avec poele titane,,,USD_DOCUMENTED,core,False,G0021,,G0024,,"poêle titane, composition à prouver",keywords_data/google_ads/search_volume/live,2026-09-03T14:41:45.663971+00:00,2026-09-03-qualification-9-produits-pur/raw/20-controls-3.json.gz,[]
C6,poele en titane solde,,,USD_DOCUMENTED,core,False,G0022,,G0025,,"poêle titane, composition à prouver",keywords_data/google_ads/search_volume/live,2026-09-03T14:41:45.663971+00:00,2026-09-03-qualification-9-produits-pur/raw/20-controls-3.json.gz,[]
C6,poele titane maison ferre,,,USD_DOCUMENTED,core,False,G0023,,G0026,,"poêle titane, composition à prouver",keywords_data/google_ads/search_volume/live,2026-09-03T14:41:45.663971+00:00,2026-09-03-qualification-9-produits-pur/raw/20-controls-3.json.gz,[]
C6,poele titane lidl,,,USD_DOCUMENTED,core,True,,,,,"poêle titane, composition à prouver",keywords_data/google_ads/search_volume/live,2026-09-03T14:41:45.663971+00:00,2026-09-03-qualification-9-produits-pur/raw/20-controls-3.json.gz,[]
C6,poele en titane lidl,,,USD_DOCUMENTED,core,True,,,,,"poêle titane, composition à prouver",keywords_data/google_ads/search_volume/live,2026-09-03T14:41:45.663971+00:00,2026-09-03-qualification-9-produits-pur/raw/20-controls-3.json.gz,[]
C6,poele en titane darty,,,USD_DOCUMENTED,core,True,,,,,"poêle titane, composition à prouver",keywords_data/google_ads/search_volume/live,2026-09-03T14:41:45.663971+00:00,2026-09-03-qualification-9-produits-pur/raw/20-controls-3.json.gz,[]
C6,inox ou titane poele,,,USD_DOCUMENTED,incompatible,False,,,,,"autre matière, revêtement ou usage que cuisson domestique titane",dataforseo_labs/google/keyword_suggestions/live,2026-09-03T14:36:33.000010+00:00,2026-09-03-qualification-9-produits-pur/raw/10-C6-labs-0.json.gz,"[{""year"": 2026, ""month"": 7, ""search_volume"": 0}, {""year"": 2026, ""month"": 6, ""search_volume"": 0}, {""year"": 2026, ""month"": 5, ""search_volume"": 0}, {""year"": 2026, ""month"": 4, ""search_volume"": 0}, {""year"": 2026, ""month"": 3, ""search_volume"": 0}, {""year"": 2026, ""month"": 2, ""search_volume"": 0}, {""year"": 2026, ""month"": 1, ""search_volume"": 0}, {""year"": 2025, ""month"": 12, ""search_volume"": 0}, {""year"": 2025, ""month"": 11, ""search_volume"": 0}, {""year"": 2025, ""month"": 10, ""search_volume"": 0}, {""year"": 2025, ""month"": 9, ""search_volume"": 0}, {""year"": 2025, ""month"": 8, ""search_volume"": 0}]"
C6,poele titane galaxus,,,USD_DOCUMENTED,core,False,G0024,,G0027,,"poêle titane, composition à prouver",keywords_data/google_ads/search_volume/live,2026-09-03T14:41:45.663971+00:00,2026-09-03-qualification-9-produits-pur/raw/20-controls-3.json.gz,[]
C6,poele en titane avantage,,,USD_DOCUMENTED,core,False,G0025,,G0028,,"poêle titane, composition à prouver",keywords_data/google_ads/search_volume/live,2026-09-03T14:41:45.663971+00:00,2026-09-03-qualification-9-produits-pur/raw/20-controls-3.json.gz,[]
C6,poele titane cook,,,USD_DOCUMENTED,core,False,G0026,,G0029,,"poêle titane, composition à prouver",keywords_data/google_ads/search_volume/live,2026-09-03T14:41:45.663971+00:00,2026-09-03-qualification-9-produits-pur/raw/20-controls-3.json.gz,[]
C6,poele titane comparatif,,,USD_DOCUMENTED,core,False,G0027,,G0030,,"poêle titane, composition à prouver",keywords_data/google_ads/search_volume/live,2026-09-03T14:41:45.663971+00:00,2026-09-03-qualification-9-produits-pur/raw/20-controls-3.json.gz,[]
C6,poêle téflon sans pfas,,,USD_DOCUMENTED,parent,False,,,,,absence de PFAS/Téflon ne désigne pas le titane,dataforseo_labs/google/keyword_suggestions/live,2026-09-03T14:36:33.664362+00:00,2026-09-03-qualification-9-produits-pur/raw/10-C6-labs-2.json.gz,"[{""year"": 2026, ""month"": 7, ""search_volume"": 0}, {""year"": 2026, ""month"": 6, ""search_volume"": 0}, {""year"": 2026, ""month"": 5, ""search_volume"": 0}, {""year"": 2026, ""month"": 4, ""search_volume"": 0}, {""year"": 2026, ""month"": 3, ""search_volume"": 0}, {""year"": 2026, ""month"": 2, ""search_volume"": 0}, {""year"": 2026, ""month"": 1, ""search_volume"": 0}, {""year"": 2025, ""month"": 12, ""search_volume"": 0}, {""year"": 2025, ""month"": 11, ""search_volume"": 0}, {""year"": 2025, ""month"": 10, ""search_volume"": 0}, {""year"": 2025, ""month"": 9, ""search_volume"": 0}, {""year"": 2025, ""month"": 8, ""search_volume"": 0}]"
C6,poêle oeuf au plat sans pfas,,,USD_DOCUMENTED,parent,False,,,,,absence de PFAS/Téflon ne désigne pas le titane,dataforseo_labs/google/keyword_suggestions/live,2026-09-03T14:36:33.664362+00:00,2026-09-03-qualification-9-produits-pur/raw/10-C6-labs-2.json.gz,"[{""year"": 2026, ""month"": 7, ""search_volume"": 0}, {""year"": 2026, ""month"": 6, ""search_volume"": 0}, {""year"": 2026, ""month"": 5, ""search_volume"": 0}, {""year"": 2026, ""month"": 4, ""search_volume"": 0}, {""year"": 2026, ""month"": 3, ""search_volume"": 0}, {""year"": 2026, ""month"": 2, ""search_volume"": 0}, {""year"": 2026, ""month"": 1, ""search_volume"": 0}, {""year"": 2025, ""month"": 12, ""search_volume"": 0}, {""year"": 2025, ""month"": 11, ""search_volume"": 0}, {""year"": 2025, ""month"": 10, ""search_volume"": 0}, {""year"": 2025, ""month"": 9, ""search_volume"": 0}, {""year"": 2025, ""month"": 8, ""search_volume"": 0}]"
