candidate_id,query,rank,title,seller,price,currency,merchant_url,shopping_url,delivery_info,raw
A1,antivol vélo pliant,1,Antivol pliable Evolution 790 Kryptonite,Amazon.fr,74.61,EUR,,"https://google.fr/search?ibp=oshop&q=antivol+v%C3%A9lo+pliant&prds=gpcid:18018871705105433165,rds:PC_18018871705105433165%7CPROD_PC_18018871705105433165,headlineOfferDocid:912113758592144511,catalogid:15023113590748786152,pvo:3,pvt:hg&hl=fr&gl=FR",,raw/51-shopping-A1.json.gz
A1,antivol vélo pliant,2,Antivol velo Abus pliant Bordo,Decathlon.fr,59.99,EUR,,"https://google.fr/search?ibp=oshop&q=antivol+v%C3%A9lo+pliant&prds=gpcid:12291094678069991845,rds:PC_12291094678069991845%7CPROD_PC_12291094678069991845,headlineOfferDocid:11443092658210988705,catalogid:2579791447675306651,pvo:3,pvt:hg&hl=fr&gl=FR",,raw/51-shopping-A1.json.gz
A1,antivol vélo pliant,3,Coolride Antivol pliant ultra compact,Vélotafeur,34.93,EUR,,"https://google.fr/search?ibp=oshop&q=antivol+v%C3%A9lo+pliant&prds=gpcid:17001893837821202167,rds:PC_17001893837821202167%7CPROD_PC_17001893837821202167,headlineOfferDocid:5179228214558054819,catalogid:10581402773725439032,pvo:3,pvt:hg&hl=fr&gl=FR",,raw/51-shopping-A1.json.gz
A1,antivol vélo pliant,4,Antivol pliable Master Lock,Cdiscount,30.77,EUR,,"https://google.fr/search?ibp=oshop&q=antivol+v%C3%A9lo+pliant&prds=gpcid:3433178178608229114,rds:PC_3433178178608229114%7CPROD_PC_3433178178608229114,headlineOfferDocid:464834682899080681,catalogid:9010273306797671867,pvo:3,pvt:hg&hl=fr&gl=FR",,raw/51-shopping-A1.json.gz
A1,antivol vélo pliant,5,Antivol pliant vélo à clés Michelin,Carrefour,39.99,EUR,,"https://google.fr/search?ibp=oshop&q=antivol+v%C3%A9lo+pliant&prds=gpcid:13650441877833943859,rds:PC_13650441877833943859%7CPROD_PC_13650441877833943859,headlineOfferDocid:2339893624319221527,catalogid:10140242080766917179,pvo:3,pvt:hg&hl=fr&gl=FR",,raw/51-shopping-A1.json.gz
A1,antivol vélo pliant,6,Antivol pliable pour vélo 85 cm Antivol pliable Antivol pour vélo avec clé et support,Amazon.fr - Seller,18.99,EUR,,"https://google.fr/search?ibp=oshop&q=antivol+v%C3%A9lo+pliant&prds=gpcid:13820842052082425560,rds:PC_13820842052082425560%7CPROD_PC_13820842052082425560,headlineOfferDocid:17136134779669210989,catalogid:10931374331370837672,pvo:3,pvt:hg&hl=fr&gl=FR",,raw/51-shopping-A1.json.gz
A1,antivol vélo pliant,7,Antivol pliable Kryptolok 685 Kryptonite,bike24.fr,60.99,EUR,,"https://google.fr/search?ibp=oshop&q=antivol+v%C3%A9lo+pliant&prds=gpcid:10033216081037916330,rds:PC_10033216081037916330%7CPROD_PC_10033216081037916330,headlineOfferDocid:16478741902969099615,catalogid:9465847418765058887,pvo:3,pvt:hg&hl=fr&gl=FR",,raw/51-shopping-A1.json.gz
A1,antivol vélo pliant,8,Antivol Casr Pliant Fold avec support pour vélo et trottinette électrique,Darty.com,29.99,EUR,,"https://google.fr/search?ibp=oshop&q=antivol+v%C3%A9lo+pliant&prds=gpcid:17227036518842092154,rds:PC_17227036518842092154%7CPROD_PC_17227036518842092154,headlineOfferDocid:4817128654797628963,catalogid:16671875588446354823,pvo:3,pvt:hg&hl=fr&gl=FR",,raw/51-shopping-A1.json.gz
A1,antivol vélo pliant,9,Abus Antivol Pliable Bordo 6000K,Intersport,84.99,EUR,,"https://google.fr/search?ibp=oshop&q=antivol+v%C3%A9lo+pliant&prds=gpcid:17550381266837287201,rds:PC_17550381266837287201%7CPROD_PC_17550381266837287201,headlineOfferDocid:6687147379315041812,catalogid:3112563442926059340,pvo:3,pvt:hg&hl=fr&gl=FR",,raw/51-shopping-A1.json.gz
A1,antivol vélo pliant,10,BikeClasp Antivol velo pliable robuste et compact,CyclMania,39.2,EUR,,"https://google.fr/search?ibp=oshop&q=antivol+v%C3%A9lo+pliant&prds=gpcid:7128862809574390515,rds:PC_7128862809574390515%7CPROD_PC_7128862809574390515,headlineOfferDocid:1543708462651005831,catalogid:7222697754710183660,pvo:3,pvt:hg&hl=fr&gl=FR",,raw/51-shopping-A1.json.gz
A1,antivol vélo pliant,11,Antivol Kryptonite pliable Keeper 810,Amazon.fr,55.51,EUR,,"https://google.fr/search?ibp=oshop&q=antivol+v%C3%A9lo+pliant&prds=gpcid:3517360037918625664,rds:PC_3517360037918625664%7CPROD_PC_3517360037918625664,headlineOfferDocid:13560896573090754312,catalogid:1301452670738406915,pvo:3,pvt:hg&hl=fr&gl=FR",,raw/51-shopping-A1.json.gz
A1,antivol vélo pliant,12,Antivol vélo pliable,La Bécanerie,28.8,EUR,,"https://google.fr/search?ibp=oshop&q=antivol+v%C3%A9lo+pliant&prds=gpcid:11428403835637177566,rds:PC_11428403835637177566%7CPROD_PC_11428403835637177566,headlineOfferDocid:7109928518494926978,catalogid:2707521607770393402,pvo:3,pvt:hg&hl=fr&gl=FR",,raw/51-shopping-A1.json.gz
A1,antivol vélo pliant,13,Antivol TNB à segments pliables,Boulanger,24.99,EUR,,"https://google.fr/search?ibp=oshop&q=antivol+v%C3%A9lo+pliant&prds=gpcid:13784281808097975225,rds:PC_13784281808097975225%7CPROD_PC_13784281808097975225,headlineOfferDocid:5086713987632334208,catalogid:16514966531388965569,pvo:3,pvt:hg&hl=fr&gl=FR",,raw/51-shopping-A1.json.gz
A1,antivol vélo pliant,14,Antivol pliable Hiplok Switch,ROSE Bikes FR,50.4,EUR,,"https://google.fr/search?ibp=oshop&q=antivol+v%C3%A9lo+pliant&prds=gpcid:14772924589199465650,rds:PC_14772924589199465650%7CPROD_PC_14772924589199465650,headlineOfferDocid:13492642780865925659,catalogid:17214241938545256831,pvo:3,pvt:hg&hl=fr&gl=FR",,raw/51-shopping-A1.json.gz
A1,antivol vélo pliant,15,"Vélo - Antivol pliant, gainé de plastique - BIKE 43119",reichelt.com,19.76,EUR,,"https://google.fr/search?ibp=oshop&q=antivol+v%C3%A9lo+pliant&prds=gpcid:6472288068412033139,rds:PC_6472288068412033139%7CPROD_PC_6472288068412033139,headlineOfferDocid:14650562823365219631,catalogid:5385696605389572345,pvo:3,pvt:hg&hl=fr&gl=FR",,raw/51-shopping-A1.json.gz
A1,antivol vélo pliant,16,Rockbros Antivol Vélo Pliable en Acier Alliage de Zinc Cadenas Noir,Amazon.fr - Seller,46.99,EUR,,"https://google.fr/search?ibp=oshop&q=antivol+v%C3%A9lo+pliant&prds=gpcid:13750906818823186517,rds:PC_13750906818823186517%7CPROD_PC_13750906818823186517,headlineOfferDocid:7877025262013080284,catalogid:3828610867877269666,pvo:3,pvt:hg&hl=fr&gl=FR",,raw/51-shopping-A1.json.gz
A1,antivol vélo pliant,17,AXA Antivol pliable Foldable 800,bike24.fr,47.99,EUR,,"https://google.fr/search?ibp=oshop&q=antivol+v%C3%A9lo+pliant&prds=gpcid:18239941905391364959,rds:PC_18239941905391364959%7CPROD_PC_18239941905391364959,headlineOfferDocid:10967217677890162691,catalogid:3567480900928232887,pvo:3,pvt:hg&hl=fr&gl=FR",,raw/51-shopping-A1.json.gz
A1,antivol vélo pliant,18,West biking vélo pliable serrure antivol vélo électrique ChainLock vélo cadenas vélo moto serrure de sécurité,Decathlon.fr,26.19,EUR,,"https://google.fr/search?ibp=oshop&q=antivol+v%C3%A9lo+pliant&prds=gpcid:16877973286566338005,rds:PC_16877973286566338005%7CPROD_PC_16877973286566338005,headlineOfferDocid:5317844329291399119,catalogid:17944530084524704890,pvo:3,pvt:hg&hl=fr&gl=FR",,raw/51-shopping-A1.json.gz
A1,antivol vélo pliant,19,HEMA antivol pliant,hema.com,44.99,EUR,,"https://google.fr/search?ibp=oshop&q=antivol+v%C3%A9lo+pliant&prds=gpcid:6232803836574230223,rds:PC_6232803836574230223%7CPROD_PC_6232803836574230223,headlineOfferDocid:7896312823648810735,catalogid:10069388107860998491,pvo:3,pvt:hg&hl=fr&gl=FR",,raw/51-shopping-A1.json.gz
A1,antivol vélo pliant,20,FISCHER Cadenas pliable pour vélo XL avec support,Bruneau.fr,41.94,EUR,,"https://google.fr/search?ibp=oshop&q=antivol+v%C3%A9lo+pliant&prds=gpcid:6467484801774013219,rds:PC_6467484801774013219%7CPROD_PC_6467484801774013219,headlineOfferDocid:1647653433413139197,catalogid:7358136569891314278,pvo:3,pvt:hg&hl=fr&gl=FR",,raw/51-shopping-A1.json.gz
A1,antivol vélo pliant,21,Antivol pliant à clé & support Durca,Amazon.fr - Seller,24.95,EUR,,"https://google.fr/search?ibp=oshop&q=antivol+v%C3%A9lo+pliant&prds=gpcid:18341214968683192685,rds:PC_18341214968683192685%7CPROD_PC_18341214968683192685,headlineOfferDocid:4211835370767395937,catalogid:5714694241840271851,pvo:3,pvt:hg&hl=fr&gl=FR",,raw/51-shopping-A1.json.gz
A1,antivol vélo pliant,22,Antivol Articulé pliant Qloc avec support,Alltricks,39.99,EUR,,"https://google.fr/search?ibp=oshop&q=antivol+v%C3%A9lo+pliant&prds=gpcid:13690590047177712745,rds:PC_13690590047177712745%7CPROD_PC_13690590047177712745,headlineOfferDocid:16536602659666805217,catalogid:17782374730659973353,pvo:3,pvt:hg&hl=fr&gl=FR",,raw/51-shopping-A1.json.gz
A1,antivol vélo pliant,23,Antivol pliable Trelock FS 480/100 Trigo X-Press,bike24.fr,58.99,EUR,,"https://google.fr/search?ibp=oshop&q=antivol+v%C3%A9lo+pliant&prds=gpcid:18299378838086726137,rds:PC_18299378838086726137%7CPROD_PC_18299378838086726137,headlineOfferDocid:12545946710047483463,catalogid:5442227609919399128,pvo:3,pvt:hg&hl=fr&gl=FR",,raw/51-shopping-A1.json.gz
A1,antivol vélo pliant,24,AGT Antivol pliable en acier avec étui,Fnac,19.95,EUR,,"https://google.fr/search?ibp=oshop&q=antivol+v%C3%A9lo+pliant&prds=gpcid:10770117299298602100,rds:PC_10770117299298602100%7CPROD_PC_10770117299298602100,headlineOfferDocid:2370041835693258667,catalogid:17525767867143986452,pvo:3,pvt:hg&hl=fr&gl=FR",,raw/51-shopping-A1.json.gz
A1,antivol vélo pliant,25,Zefal Antivol pliable K-Traz F16L,Decathlon.fr,60.89,EUR,,"https://google.fr/search?ibp=oshop&q=antivol+v%C3%A9lo+pliant&prds=gpcid:15368348463073702218,rds:PC_15368348463073702218%7CPROD_PC_15368348463073702218,headlineOfferDocid:5265434434210466975,catalogid:11707702682389784443,pvo:3,pvt:hg&hl=fr&gl=FR",,raw/51-shopping-A1.json.gz
A1,antivol vélo pliant,26,Shield Antivol de vélo Antivol pliable sécurisé niveau 14 Antivol de haute. AARON,Amazon.fr - Seller,39.99,EUR,,"https://google.fr/search?ibp=oshop&q=antivol+v%C3%A9lo+pliant&prds=gpcid:3016845132096240950,rds:PC_3016845132096240950%7CPROD_PC_3016845132096240950,headlineOfferDocid:5056298113569702820,catalogid:17252898159721248879,pvo:3,pvt:hg&hl=fr&gl=FR",,raw/51-shopping-A1.json.gz
A1,antivol vélo pliant,27,Antivol pliant ACID RIGID PURE C100,My Vélo,69.95,EUR,,"https://google.fr/search?ibp=oshop&q=antivol+v%C3%A9lo+pliant&prds=gpcid:11996794360330075904,rds:PC_11996794360330075904%7CPROD_PC_11996794360330075904,headlineOfferDocid:16448311362303086389,catalogid:13187230929534192604,pvo:3,pvt:hg&hl=fr&gl=FR",,raw/51-shopping-A1.json.gz
A1,antivol vélo pliant,28,"Seatylock, Antivol pour vélo, (90 cm)",Velonline,119,EUR,,"https://google.fr/search?ibp=oshop&q=antivol+v%C3%A9lo+pliant&prds=gpcid:12542030921223619246,rds:PC_12542030921223619246%7CPROD_PC_12542030921223619246,headlineOfferDocid:11955161870540525115,catalogid:17798514619239719764,pvo:3,pvt:hg&hl=fr&gl=FR",,raw/51-shopping-A1.json.gz
A1,antivol vélo pliant,29,Antivol vélo pliable haute sécurité 83 cm avec support et 2 clés pour motos électriques,Leroy Merlin,34.85,EUR,,"https://google.fr/search?ibp=oshop&q=antivol+v%C3%A9lo+pliant&prds=gpcid:17159811471706551588,rds:PC_17159811471706551588%7CPROD_PC_17159811471706551588,headlineOfferDocid:1751191933882682437,catalogid:10799155592678344855,pvo:3,pvt:hg&hl=fr&gl=FR",,raw/51-shopping-A1.json.gz
A1,antivol vélo pliant,30,Antivol portable Foldylock Clipster,Vélo-Store,79.04,EUR,,"https://google.fr/search?ibp=oshop&q=antivol+v%C3%A9lo+pliant&prds=gpcid:16849868893614123700,rds:PC_16849868893614123700%7CPROD_PC_16849868893614123700,headlineOfferDocid:4991449931229738619,catalogid:14445188960884044318,pvo:3,pvt:hg&hl=fr&gl=FR",,raw/51-shopping-A1.json.gz
A1,antivol vélo pliant,31,Antivol Pliable Master Lock,Amazon.fr,56.51,EUR,,"https://google.fr/search?ibp=oshop&q=antivol+v%C3%A9lo+pliant&prds=gpcid:1491585143782626265,rds:PC_1491585143782626265%7CPROD_PC_1491585143782626265,headlineOfferDocid:9420967407464953591,catalogid:4715943505658984524,pvo:3,pvt:hg&hl=fr&gl=FR",,raw/51-shopping-A1.json.gz
A1,antivol vélo pliant,32,Kryptonite Antivol pliable Keeper 585,bike24.fr,48.99,EUR,,"https://google.fr/search?ibp=oshop&q=antivol+v%C3%A9lo+pliant&prds=gpcid:14288327793604666959,rds:PC_14288327793604666959%7CPROD_PC_14288327793604666959,headlineOfferDocid:9914449727472658190,catalogid:7062843972630972329,pvo:3,pvt:hg&hl=fr&gl=FR",,raw/51-shopping-A1.json.gz
A1,antivol vélo pliant,33,Antivol pliable Kryptonite Mini Keeper,Decathlon.fr,48,EUR,,"https://google.fr/search?ibp=oshop&q=antivol+v%C3%A9lo+pliant&prds=gpcid:17936486703155339990,rds:PC_17936486703155339990%7CPROD_PC_17936486703155339990,headlineOfferDocid:8106562725029907836,catalogid:15356994687523438354,pvo:3,pvt:hg&hl=fr&gl=FR",,raw/51-shopping-A1.json.gz
A1,antivol vélo pliant,34,Antivol pliant pour modèles A-Spadz,Moveelec,69.9,EUR,,"https://google.fr/search?ibp=oshop&q=antivol+v%C3%A9lo+pliant&prds=gpcid:11036363068298192563,rds:PC_11036363068298192563%7CPROD_PC_11036363068298192563,headlineOfferDocid:15250025105451684083,catalogid:11065017434430425706,pvo:3,pvt:hg&hl=fr&gl=FR",,raw/51-shopping-A1.json.gz
A1,antivol vélo pliant,35,Antivol pliable Ma Bicyclette,Carrefour,19.99,EUR,,"https://google.fr/search?ibp=oshop&q=antivol+v%C3%A9lo+pliant&prds=gpcid:6387448070951725685,rds:PC_6387448070951725685%7CPROD_PC_6387448070951725685,headlineOfferDocid:15218928990371148989,catalogid:10429591475018921303,pvo:3,pvt:hg&hl=fr&gl=FR",,raw/51-shopping-A1.json.gz
A1,antivol vélo pliant,36,Antivol pliable Maxx-Locks ART 2,Amazon.fr - Seller,33.95,EUR,,"https://google.fr/search?ibp=oshop&q=antivol+v%C3%A9lo+pliant&prds=gpcid:10675440831500171391,rds:PC_10675440831500171391%7CPROD_PC_10675440831500171391,headlineOfferDocid:5606923599258196671,catalogid:15070259510458537127,pvo:3,pvt:hg&hl=fr&gl=FR",,raw/51-shopping-A1.json.gz
A1,antivol vélo pliant,37,antivol vélo pliable antivol vélo anti-cisaillement cadenas à combinaison à 4 chiffres,Leroy Merlin,37.4,EUR,,"https://google.fr/search?ibp=oshop&q=antivol+v%C3%A9lo+pliant&prds=gpcid:8463037368034458338,rds:PC_8463037368034458338%7CPROD_PC_8463037368034458338,headlineOfferDocid:8091655390054958997,catalogid:3626564648934500453,pvo:3,pvt:hg&hl=fr&gl=FR",,raw/51-shopping-A1.json.gz
A1,antivol vélo pliant,38,Antivol OXC Pliant LinkLock,Performance Velo,48.99,EUR,,"https://google.fr/search?ibp=oshop&q=antivol+v%C3%A9lo+pliant&prds=gpcid:15912076294258613110,rds:PC_15912076294258613110%7CPROD_PC_15912076294258613110,headlineOfferDocid:2899661763534961568,catalogid:2957634100993362540,pvo:3,pvt:hg&hl=fr&gl=FR",,raw/51-shopping-A1.json.gz
A1,antivol vélo pliant,39,ACID Antivol pliable RIGID 120 PURE,bike24.fr,57.99,EUR,,"https://google.fr/search?ibp=oshop&q=antivol+v%C3%A9lo+pliant&prds=gpcid:4131747428031407627,rds:PC_4131747428031407627%7CPROD_PC_4131747428031407627,headlineOfferDocid:2386848847156193298,catalogid:14798602356490002099,pvo:3,pvt:hg&hl=fr&gl=FR",,raw/51-shopping-A1.json.gz
A1,antivol vélo pliant,40,Stahlex Antivol pliant Steadyfast avec support,Decathlon.fr,45,EUR,,"https://google.fr/search?ibp=oshop&q=antivol+v%C3%A9lo+pliant&prds=gpcid:15154150748715742791,rds:PC_15154150748715742791%7CPROD_PC_15154150748715742791,headlineOfferDocid:14873526505453544934,catalogid:12794426151772529825,pvo:3,pvt:hg&hl=fr&gl=FR",,raw/51-shopping-A1.json.gz
A2,appareil photo numérique vintage,1,Appareil photo compact Movin photo Movinclick vintage digital camera 8MP led flash,Darty.com,49.99,EUR,,"https://google.fr/search?ibp=oshop&q=appareil+photo+num%C3%A9rique+vintage&prds=gpcid:15670930867336648619,rds:PC_15670930867336648619%7CPROD_PC_15670930867336648619,headlineOfferDocid:15013778763989974534,catalogid:6313351234089632682,pvo:3,pvt:hg&hl=fr&gl=FR",,raw/51-shopping-A2.json.gz
A2,appareil photo numérique vintage,2,Appareil photo numérique Camp Snap,MN photo vidéo,54.9,EUR,,"https://google.fr/search?ibp=oshop&q=appareil+photo+num%C3%A9rique+vintage&prds=gpcid:15048260441719613948,rds:PC_15048260441719613948%7CPROD_PC_15048260441719613948,headlineOfferDocid:18126260277396078590,catalogid:3186713802097974972,pvo:3,pvt:hg&hl=fr&gl=FR",,raw/51-shopping-A2.json.gz
A2,appareil photo numérique vintage,3,Pora&Co Appareil photo numérique rétro,Photo Galerie,59.95,EUR,,"https://google.fr/search?ibp=oshop&q=appareil+photo+num%C3%A9rique+vintage&prds=gpcid:10833989245984702788,rds:PC_10833989245984702788%7CPROD_PC_10833989245984702788,headlineOfferDocid:18237315019889105293,catalogid:13400755164762225464,pvo:3,pvt:hg&hl=fr&gl=FR",,raw/51-shopping-A2.json.gz
A2,appareil photo numérique vintage,4,Time Lens Appareil photo Pop gold,timelens.fr,79,EUR,,"https://google.fr/search?ibp=oshop&q=appareil+photo+num%C3%A9rique+vintage&prds=gpcid:7246742654541982910,rds:PC_7246742654541982910%7CPROD_PC_7246742654541982910,headlineOfferDocid:2430435523728329261,catalogid:7761864115386616573,pvo:3,pvt:hg&hl=fr&gl=FR",,raw/51-shopping-A2.json.gz
A2,appareil photo numérique vintage,5,"Appareil Photo Compact, Appareil Photo Vintage, Caméra Vidéo, Appareil Photo Numérique 1080P 16MP, Caméscope à écran Rotatif de 2,4 Pouces, Zoom 16X,",Amazon.fr - Seller,37.97,EUR,,"https://google.fr/search?ibp=oshop&q=appareil+photo+num%C3%A9rique+vintage&prds=headlineOfferDocid:5895707093352017417,pvo:3,pvt:hg&hl=fr&gl=FR",,raw/51-shopping-A2.json.gz
A2,appareil photo numérique vintage,6,"Appareil photo Numérique Rétro DC203 - 5K Ultra HD, 48MP, Zoom 16X, Stabilisation 6 Axes, Compact pour Vlog et Voyage - Noir - Appareil photo reflex",Fnac,198.88,EUR,,"https://google.fr/search?ibp=oshop&q=appareil+photo+num%C3%A9rique+vintage&prds=headlineOfferDocid:18409966888038168566,catalogid:12965109560608589349,pvo:3,pvt:hg&hl=fr&gl=FR",,raw/51-shopping-A2.json.gz
A2,appareil photo numérique vintage,7,AgfaPhoto DC5200 Appareil photo,joybuy.fr,45.02,EUR,,"https://google.fr/search?ibp=oshop&q=appareil+photo+num%C3%A9rique+vintage&prds=gpcid:9068690492726512173,rds:PC_9068690492726512173%7CPROD_PC_9068690492726512173,headlineOfferDocid:12339394675812289798,catalogid:5782193425719029302,pvo:3,pvt:hg&hl=fr&gl=FR",,raw/51-shopping-A2.json.gz
A2,appareil photo numérique vintage,8,appareil photo numérique vintage portable haute définition mini appareil photo CCD portable pour étudiantes,Leroy Merlin,34.74,EUR,,"https://google.fr/search?ibp=oshop&q=appareil+photo+num%C3%A9rique+vintage&prds=gpcid:11132911284967575413,rds:PC_11132911284967575413%7CPROD_PC_11132911284967575413,headlineOfferDocid:6206915445651070842,catalogid:10409693736800670075,pvo:3,pvt:hg&hl=fr&gl=FR",,raw/51-shopping-A2.json.gz
A2,appareil photo numérique vintage,9,Nikon Df - Appareil photo numérique - Reflex - 16.2 MP - Cadre plein - corps uniquement - noir,MPB,1089,EUR,,"https://google.fr/search?ibp=oshop&q=appareil+photo+num%C3%A9rique+vintage&prds=gpcid:5136871756410698283,rds:PC_5136871756410698283%7CPROD_PC_5136871756410698283,headlineOfferDocid:4764119370941801104,catalogid:313652383778843207,pvo:3,pvt:hg&hl=fr&gl=FR",,raw/51-shopping-A2.json.gz
A2,appareil photo numérique vintage,10,Appareil photo Kodak Pixpro C1,Cultura.com,100.49,EUR,,"https://google.fr/search?ibp=oshop&q=appareil+photo+num%C3%A9rique+vintage&prds=gpcid:1029951275209784661,rds:PC_1029951275209784661%7CPROD_PC_1029951275209784661,headlineOfferDocid:3226426696072883680,catalogid:17149570434428692089,pvo:3,pvt:hg&hl=fr&gl=FR",,raw/51-shopping-A2.json.gz
A2,appareil photo numérique vintage,11,"Appareil photo numérique,Aiorber appareil photo CCD vintage, mini-appareil photo portable, appareil photo décoratif d'ambiance, rouge - Appareil photo",Fnac,37.99,EUR,,"https://google.fr/search?ibp=oshop&q=appareil+photo+num%C3%A9rique+vintage&prds=headlineOfferDocid:9904235339870249006,pvo:3,pvt:hg&hl=fr&gl=FR",,raw/51-shopping-A2.json.gz
A2,appareil photo numérique vintage,12,"GENERIQUE Brightake appareil photo numérique rétro pour étudiants avec ccd 48 mégapixels, haute résolution, compact et portable, rouge Appareil photo",Darty,29.99,EUR,,"https://google.fr/search?ibp=oshop&q=appareil+photo+num%C3%A9rique+vintage&prds=headlineOfferDocid:10475351302873350943,pvo:3,pvt:hg&hl=fr&gl=FR",,raw/51-shopping-A2.json.gz
A2,appareil photo numérique vintage,13,Rollei Mini Appareil photo numérique,Amazon.fr,30.24,EUR,,"https://google.fr/search?ibp=oshop&q=appareil+photo+num%C3%A9rique+vintage&prds=gpcid:17571119074033461499,rds:PC_17571119074033461499%7CPROD_PC_17571119074033461499,headlineOfferDocid:1698781645541985276,catalogid:4442023657400147058,pvo:3,pvt:hg&hl=fr&gl=FR",,raw/51-shopping-A2.json.gz
A2,appareil photo numérique vintage,14,Yashica FX-D 300,Carrefour,294.17,EUR,,"https://google.fr/search?ibp=oshop&q=appareil+photo+num%C3%A9rique+vintage&prds=gpcid:14484578644873361143,rds:PC_14484578644873361143%7CPROD_PC_14484578644873361143,headlineOfferDocid:17056380777305991597,catalogid:834302203474434723,pvo:3,pvt:hg&hl=fr&gl=FR",,raw/51-shopping-A2.json.gz
A2,appareil photo numérique vintage,15,"Photo Numérique Mini Ccd Retro, 2 Mp (1080p Full Hd), Écran 1,47 Pouces, Objectif Rotatif, Af Autofocus, Lampe Flash, Usb Orange AIORBER",Cdiscount,37.99,EUR,,"https://google.fr/search?ibp=oshop&q=appareil+photo+num%C3%A9rique+vintage&prds=headlineOfferDocid:13231846232414255625,pvo:3,pvt:hg&hl=fr&gl=FR",,raw/51-shopping-A2.json.gz
A2,appareil photo numérique vintage,16,"Appareil photo numérique rétro,Aiorber mini-CCD, haute définition, avec fonction vidéo, rouge - Appareil photo compact",Fnac,24.79,EUR,,"https://google.fr/search?ibp=oshop&q=appareil+photo+num%C3%A9rique+vintage&prds=headlineOfferDocid:7158882875366461719,catalogid:10994815440176740,pvo:3,pvt:hg&hl=fr&gl=FR",,raw/51-shopping-A2.json.gz
A2,appareil photo numérique vintage,17,Appareil photo rétro TimeLens – caméra numérique vintage | Bobibelo Bleu,Bobibelo,69,EUR,,"https://google.fr/search?ibp=oshop&q=appareil+photo+num%C3%A9rique+vintage&prds=headlineOfferDocid:15047057466465306260,pvo:3,pvt:hg&hl=fr&gl=FR",,raw/51-shopping-A2.json.gz
A2,appareil photo numérique vintage,18,"GENERIQUE Brightake appareil photo numérique rétro pour étudiants avec ccd 48 mégapixels, haute résolution, compact et portable, noir Appareil photo c",Darty,25.99,EUR,,"https://google.fr/search?ibp=oshop&q=appareil+photo+num%C3%A9rique+vintage&prds=headlineOfferDocid:614689316848098826,pvo:3,pvt:hg&hl=fr&gl=FR",,raw/51-shopping-A2.json.gz
A2,appareil photo numérique vintage,19,"Appareil photo numérique vintage Epson PhotoPC 650Z - Appareil photo numérique CCD rétro Y2K, photographie des années 90, testé et prêt à l'emploi",Etsy,56,EUR,,"https://google.fr/search?ibp=oshop&q=appareil+photo+num%C3%A9rique+vintage&prds=headlineOfferDocid:8800135396234799789,pvo:3,pvt:hg&hl=fr&gl=FR",,raw/51-shopping-A2.json.gz
A2,appareil photo numérique vintage,20,Pentax 17 Argentique,Cultura.com,539,EUR,,"https://google.fr/search?ibp=oshop&q=appareil+photo+num%C3%A9rique+vintage&prds=gpcid:5111385023342537600,rds:PC_5111385023342537600%7CPROD_PC_5111385023342537600,headlineOfferDocid:1193728067891500254,catalogid:2010570180241601820,pvo:3,pvt:hg&hl=fr&gl=FR",,raw/51-shopping-A2.json.gz
A2,appareil photo numérique vintage,21,"Appareil photo numérique rétro,Aiorber mini-CCD, haute définition, avec fonction vidéo, noir - Appareil photo compact",Fnac,24.79,EUR,,"https://google.fr/search?ibp=oshop&q=appareil+photo+num%C3%A9rique+vintage&prds=headlineOfferDocid:7128882695158233929,catalogid:13017588972527213461,pvo:3,pvt:hg&hl=fr&gl=FR",,raw/51-shopping-A2.json.gz
A2,appareil photo numérique vintage,22,Appareil photo numérique rétro rechargeable peeksme Rose,peeksme,89.9,EUR,,"https://google.fr/search?ibp=oshop&q=appareil+photo+num%C3%A9rique+vintage&prds=headlineOfferDocid:177336767666492616,pvo:3,pvt:hg&hl=fr&gl=FR",,raw/51-shopping-A2.json.gz
A2,appareil photo numérique vintage,23,"Caméra Numérique 4K Denash, Caméra CCD Vintage pour la Photographie, Portable Compact Point and Shoote Camera Numérique pour Les Adolescents pour",Amazon.fr - Seller,26.08,EUR,,"https://google.fr/search?ibp=oshop&q=appareil+photo+num%C3%A9rique+vintage&prds=headlineOfferDocid:7303712447652915328,pvo:3,pvt:hg&hl=fr&gl=FR",,raw/51-shopping-A2.json.gz
A2,appareil photo numérique vintage,24,"GENERIQUE Brightake appareil photo numérique rétro pour étudiants avec ccd 48 mégapixels, haute résolution, compact et portable, argenté Appareil phot",Darty,29.99,EUR,,"https://google.fr/search?ibp=oshop&q=appareil+photo+num%C3%A9rique+vintage&prds=headlineOfferDocid:1185945863835915275,pvo:3,pvt:hg&hl=fr&gl=FR",,raw/51-shopping-A2.json.gz
A2,appareil photo numérique vintage,25,"Petit appareil photo numérique vintage, 1080p FHD, écran couleur 0,96 pouce, mémoire 128 Go, éclairage LED, format de poche, vert",Kaufland.fr - Zanjo24,41.99,EUR,,"https://google.fr/search?ibp=oshop&q=appareil+photo+num%C3%A9rique+vintage&prds=headlineOfferDocid:13661432827826468963,pvo:3,pvt:hg&hl=fr&gl=FR",,raw/51-shopping-A2.json.gz
A2,appareil photo numérique vintage,26,Appareil photo numérique Thomson THR317,Fnac,24.99,EUR,,"https://google.fr/search?ibp=oshop&q=appareil+photo+num%C3%A9rique+vintage&prds=gpcid:2975421461204431971,rds:PC_2975421461204431971%7CPROD_PC_2975421461204431971,headlineOfferDocid:10501546111455570318,catalogid:17221019675048168958,pvo:3,pvt:hg&hl=fr&gl=FR",,raw/51-shopping-A2.json.gz
A2,appareil photo numérique vintage,27,Appareil photo numérique Canon PowerShot A80 avec étui - Gris,"Label Emmaüs, e-shop militant",25,EUR,,"https://google.fr/search?ibp=oshop&q=appareil+photo+num%C3%A9rique+vintage&prds=headlineOfferDocid:12569573996459138608,pvo:3,pvt:hg&hl=fr&gl=FR",,raw/51-shopping-A2.json.gz
A2,appareil photo numérique vintage,28,Fujifilm Finepix X100,MPB,504,EUR,,"https://google.fr/search?ibp=oshop&q=appareil+photo+num%C3%A9rique+vintage&prds=gpcid:4613915794072190421,rds:PC_4613915794072190421%7CPROD_PC_4613915794072190421,headlineOfferDocid:9324745991302896736,catalogid:15366967441499943023,pvo:3,pvt:hg&hl=fr&gl=FR",,raw/51-shopping-A2.json.gz
A2,appareil photo numérique vintage,29,"Appareil Photo Numérique Vintage 48MP, Caméra Rétro 1080P HD avec Écran 2,4"" 16X Zoom et Double Objectif - Selfie FHD",Amazon.fr - Seller,36.14,EUR,,"https://google.fr/search?ibp=oshop&q=appareil+photo+num%C3%A9rique+vintage&prds=headlineOfferDocid:2669243806387597741,pvo:3,pvt:hg&hl=fr&gl=FR",,raw/51-shopping-A2.json.gz
A2,appareil photo numérique vintage,30,"GENERIQUE Appareil Photo Numérique Rétro DC203 - 5K Ultra HD, 48MP, Zoom 16X, Stabilisation 6 Axes, Carte 128Go Incluse, Compact Vlog et Voyage - marr",Darty,219.94,EUR,,"https://google.fr/search?ibp=oshop&q=appareil+photo+num%C3%A9rique+vintage&prds=headlineOfferDocid:8815854241329652059,catalogid:6605294292682965249,pvo:3,pvt:hg&hl=fr&gl=FR",,raw/51-shopping-A2.json.gz
A2,appareil photo numérique vintage,31,"Appareil photo numérique,Aiorber appareil photo CCD vintage, mini-appareil photo portable, appareil photo décoratif d'ambiance, blanc + carte mémoire",Fnac,45.99,EUR,,"https://google.fr/search?ibp=oshop&q=appareil+photo+num%C3%A9rique+vintage&prds=headlineOfferDocid:4303320823691411902,pvo:3,pvt:hg&hl=fr&gl=FR",,raw/51-shopping-A2.json.gz
A2,appareil photo numérique vintage,32,Appareil photo Numérique Kodak Charmera Millenium,Cultura.com,39.99,EUR,,"https://google.fr/search?ibp=oshop&q=appareil+photo+num%C3%A9rique+vintage&prds=gpcid:16109358052657849689,rds:PC_16109358052657849689%7CPROD_PC_16109358052657849689,headlineOfferDocid:14811611047568582861,catalogid:113539397039353203,pvo:3,pvt:hg&hl=fr&gl=FR",,raw/51-shopping-A2.json.gz
A2,appareil photo numérique vintage,33,Konica Minolta - Appareil photo compact numérique - État: Bon - Second hand,Sellpy.fr,23,EUR,,"https://google.fr/search?ibp=oshop&q=appareil+photo+num%C3%A9rique+vintage&prds=headlineOfferDocid:15832998634545277561,pvo:3,pvt:hg&hl=fr&gl=FR",,raw/51-shopping-A2.json.gz
A2,appareil photo numérique vintage,34,Appareil photo numérique rétro Peeksme Défaut Rose,MAIF Social Club,68.9,EUR,,"https://google.fr/search?ibp=oshop&q=appareil+photo+num%C3%A9rique+vintage&prds=headlineOfferDocid:3994258746690203484,pvo:3,pvt:hg&hl=fr&gl=FR",,raw/51-shopping-A2.json.gz
A2,appareil photo numérique vintage,35,Appareil photo compact Agfaphoto Realishot WP6000,Amazon.fr,64.72,EUR,,"https://google.fr/search?ibp=oshop&q=appareil+photo+num%C3%A9rique+vintage&prds=gpcid:3016579287222879767,rds:PC_3016579287222879767%7CPROD_PC_3016579287222879767,headlineOfferDocid:9079053849563170934,catalogid:11526661190394137588,pvo:3,pvt:hg&hl=fr&gl=FR",,raw/51-shopping-A2.json.gz
A2,appareil photo numérique vintage,36,HP Photosmart 735 - Appareil photo numérique - compact - 3.2 MP - 3x zoom optique - PENTAX,Darty,59.95,EUR,,"https://google.fr/search?ibp=oshop&q=appareil+photo+num%C3%A9rique+vintage&prds=gpcid:6498959666072547787,rds:PC_6498959666072547787%7CPROD_PC_6498959666072547787,headlineOfferDocid:11452564044950177229,catalogid:485775374641816736,pvo:3,pvt:hg&hl=fr&gl=FR",,raw/51-shopping-A2.json.gz
A2,appareil photo numérique vintage,37,"Appareil photo numérique rétro,Aiorber mini-CCD, haute définition, avec fonction vidéo, marron - Appareil photo compact",Fnac,24.79,EUR,,"https://google.fr/search?ibp=oshop&q=appareil+photo+num%C3%A9rique+vintage&prds=headlineOfferDocid:17188256013822459905,pvo:3,pvt:hg&hl=fr&gl=FR",,raw/51-shopping-A2.json.gz
A2,appareil photo numérique vintage,38,"Appareil photo numérique Pingu CCD – Appareil photo selfie rétro à écran rabattable, jusqu'à 68 MP, compact et portable, avec carte mémoire de 32 Go,",MarTUBE,47.39,EUR,,"https://google.fr/search?ibp=oshop&q=appareil+photo+num%C3%A9rique+vintage&prds=headlineOfferDocid:11007137018411323283,catalogid:5890759201665525382,pvo:3,pvt:hg&hl=fr&gl=FR",,raw/51-shopping-A2.json.gz
A2,appareil photo numérique vintage,39,Time Lens Appareil photo TimeLens,timelens.fr,79,EUR,,"https://google.fr/search?ibp=oshop&q=appareil+photo+num%C3%A9rique+vintage&prds=gpcid:2138549651180900770,rds:PC_2138549651180900770%7CPROD_PC_2138549651180900770,headlineOfferDocid:10513175102608925185,catalogid:12620888303348451288,pvo:3,pvt:hg&hl=fr&gl=FR",,raw/51-shopping-A2.json.gz
A2,appareil photo numérique vintage,40,"Appareil photo Ccd rétro à glissière, écran Ips 2,8"", modes créatifs, zoom numérique, compact, cadeau étudiant COSYHOMES",Cdiscount,52.99,EUR,,"https://google.fr/search?ibp=oshop&q=appareil+photo+num%C3%A9rique+vintage&prds=headlineOfferDocid:12657110458168298157,pvo:3,pvt:hg&hl=fr&gl=FR",,raw/51-shopping-A2.json.gz
A5,mini liseuse,1,Xteink X3 Pocket eReader,Xteink,60.95,EUR,,"https://google.fr/search?ibp=oshop&q=mini+liseuse&prds=gpcid:4898721850476833517,rds:PC_4898721850476833517%7CPROD_PC_4898721850476833517,headlineOfferDocid:2908785187688488839,catalogid:5084470011545538338,pvo:3,pvt:hg&hl=fr&gl=FR",,raw/51-shopping-A5.json.gz
A5,mini liseuse,2,Liseuse eBook Vivlio Light,E.Leclerc,129,EUR,,"https://google.fr/search?ibp=oshop&q=mini+liseuse&prds=gpcid:1007978737354193862,rds:PC_1007978737354193862%7CPROD_PC_1007978737354193862,headlineOfferDocid:17745800667916870645,catalogid:924936063892418668,pvo:3,pvt:hg&hl=fr&gl=FR",,raw/51-shopping-A5.json.gz
A5,mini liseuse,3,Liseuse Vivlio Light Zen,Vivlio,109.99,EUR,,"https://google.fr/search?ibp=oshop&q=mini+liseuse&prds=gpcid:6515070767209861779,rds:PC_6515070767209861779%7CPROD_PC_6515070767209861779,headlineOfferDocid:7347638600365947239,catalogid:9058075153434271741,pvo:3,pvt:hg&hl=fr&gl=FR",,raw/51-shopping-A5.json.gz
A5,mini liseuse,4,Amazon Kindle 16 Go,Electro Dépôt,109.64,EUR,,"https://google.fr/search?ibp=oshop&q=mini+liseuse&prds=gpcid:8442157582706622509,rds:PC_8442157582706622509%7CPROD_PC_8442157582706622509,headlineOfferDocid:1604204711063775698,catalogid:2463967508563953214,pvo:3,pvt:hg&hl=fr&gl=FR",,raw/51-shopping-A5.json.gz
A5,mini liseuse,5,Liseuse Numérique 6 Pouces,Amazon.fr - Seller,109.99,EUR,,"https://google.fr/search?ibp=oshop&q=mini+liseuse&prds=gpcid:16788892408919024061,rds:PC_16788892408919024061%7CPROD_PC_16788892408919024061,headlineOfferDocid:12816759237286853805,catalogid:7462371715924693493,pvo:3,pvt:hg&hl=fr&gl=FR",,raw/51-shopping-A5.json.gz
A5,mini liseuse,6,haba verona liseuse flexible,HEODE,23.15,EUR,,"https://google.fr/search?ibp=oshop&q=mini+liseuse&prds=gpcid:5588634920836059364,rds:PC_5588634920836059364%7CPROD_PC_5588634920836059364,headlineOfferDocid:17596486556139547019,catalogid:1491137175496569460,pvo:3,pvt:hg&hl=fr&gl=FR",,raw/51-shopping-A5.json.gz
A5,mini liseuse,7,Liseuse eBook Vivlio Light HD Bronze,E.Leclerc,159,EUR,,"https://google.fr/search?ibp=oshop&q=mini+liseuse&prds=gpcid:8915748715875400139,rds:PC_8915748715875400139%7CPROD_PC_8915748715875400139,headlineOfferDocid:8648755636607000,catalogid:14893388694150121984,pvo:3,pvt:hg&hl=fr&gl=FR",,raw/51-shopping-A5.json.gz
A5,mini liseuse,8,Kobo Clara BW,Cdiscount,159.99,EUR,,"https://google.fr/search?ibp=oshop&q=mini+liseuse&prds=gpcid:17768790336898705880,rds:PC_17768790336898705880%7CPROD_PC_17768790336898705880,headlineOfferDocid:15263353323699106515,catalogid:9299559476306437310,pvo:3,pvt:hg&hl=fr&gl=FR",,raw/51-shopping-A5.json.gz
A5,mini liseuse,9,Onyx Boox Go Color 7,Boulanger,278.99,EUR,,"https://google.fr/search?ibp=oshop&q=mini+liseuse&prds=gpcid:9319218015956188274,rds:PC_9319218015956188274%7CPROD_PC_9319218015956188274,headlineOfferDocid:4368115778134303914,catalogid:15070671165125473734,pvo:3,pvt:hg&hl=fr&gl=FR",,raw/51-shopping-A5.json.gz
A5,mini liseuse,10,Lampe de Lecture Livre Rechargeable au Lit Mini Liseuse Lumiere LED pour Lire Nuit avec Pince Petite Lumière Gradation USB de Chevet Sans Fil Cute Ma,Leroy Merlin,20.77,EUR,,"https://google.fr/search?ibp=oshop&q=mini+liseuse&prds=gpcid:8387174375452796421,rds:PC_8387174375452796421%7CPROD_PC_8387174375452796421,headlineOfferDocid:8036418291159532445,catalogid:8128278386274126573,pvo:3,pvt:hg&hl=fr&gl=FR",,raw/51-shopping-A5.json.gz
A5,mini liseuse,11,KOSILUM Liseuse LED Orientable,La Redoute,49,EUR,,"https://google.fr/search?ibp=oshop&q=mini+liseuse&prds=gpcid:1165805841654688586,rds:PC_1165805841654688586%7CPROD_PC_1165805841654688586,headlineOfferDocid:14228246843746246194,catalogid:13201915594783475125,pvo:3,pvt:hg&hl=fr&gl=FR",,raw/51-shopping-A5.json.gz
A5,mini liseuse,12,FLEXILIGHT Liseuse,Personaliz,2.07,EUR,,"https://google.fr/search?ibp=oshop&q=mini+liseuse&prds=gpcid:18356100611022920129,rds:PC_18356100611022920129%7CPROD_PC_18356100611022920129,headlineOfferDocid:12897437492368879518,catalogid:9084445916249795789,pvo:3,pvt:hg&hl=fr&gl=FR",,raw/51-shopping-A5.json.gz
A5,mini liseuse,13,Amazon Kindle Paperwhite 2024,Amazon.fr,224.99,EUR,,"https://google.fr/search?ibp=oshop&q=mini+liseuse&prds=gpcid:2143411702746452861,rds:PC_2143411702746452861%7CPROD_PC_2143411702746452861,headlineOfferDocid:10154554080036928330,catalogid:13253523774237204428,pvo:3,pvt:hg&hl=fr&gl=FR",,raw/51-shopping-A5.json.gz
A5,mini liseuse,14,"Liseuse électronique 7 pouces, 512 Mo de Ram + 8 Go de stockage, portable, applications multimédia, batterie 2500 Mah, noir BYTELIKE",Cdiscount,40,EUR,,"https://google.fr/search?ibp=oshop&q=mini+liseuse&prds=headlineOfferDocid:8331055228303175742,pvo:3,pvt:hg&hl=fr&gl=FR",,raw/51-shopping-A5.json.gz
A5,mini liseuse,15,Mini liseuse LED avec marque-page,Ambiance LED,18.9,EUR,,"https://google.fr/search?ibp=oshop&q=mini+liseuse&prds=gpcid:3697700532780679114,rds:PC_3697700532780679114%7CPROD_PC_3697700532780679114,headlineOfferDocid:1722802552423122314,catalogid:5145905703730740531,pvo:3,pvt:hg&hl=fr&gl=FR",,raw/51-shopping-A5.json.gz
A5,mini liseuse,16,Liseuse eBook Vivlio INKPAD Color 3 Bleu acier,E.Leclerc,299,EUR,,"https://google.fr/search?ibp=oshop&q=mini+liseuse&prds=gpcid:17654366574360295445,rds:PC_17654366574360295445%7CPROD_PC_17654366574360295445,headlineOfferDocid:2949459457193626268,catalogid:17394904532755964266,pvo:3,pvt:hg&hl=fr&gl=FR",,raw/51-shopping-A5.json.gz
A5,mini liseuse,17,Liseuse couleur Bigme B6 avec Android 14OS,Bigme,167.17,EUR,,"https://google.fr/search?ibp=oshop&q=mini+liseuse&prds=gpcid:3740565274636768590,rds:PC_3740565274636768590%7CPROD_PC_3740565274636768590,headlineOfferDocid:8286309311520687701,catalogid:11620271816018083468,pvo:3,pvt:hg&hl=fr&gl=FR",,raw/51-shopping-A5.json.gz
A5,mini liseuse,18,Woxter Scriba 195 S 4.7 eBook,Amazon.fr - Seller,71.46,EUR,,"https://google.fr/search?ibp=oshop&q=mini+liseuse&prds=gpcid:13022938237113003637,rds:PC_13022938237113003637%7CPROD_PC_13022938237113003637,headlineOfferDocid:9422507511133883881,catalogid:3885173725143380652,pvo:3,pvt:hg&hl=fr&gl=FR",,raw/51-shopping-A5.json.gz
A5,mini liseuse,19,Liseuse eBook Vivlio Light HD COLOR Bleu acier,Materiel.net,179.95,EUR,,"https://google.fr/search?ibp=oshop&q=mini+liseuse&prds=gpcid:4122053704403142062,rds:PC_4122053704403142062%7CPROD_PC_4122053704403142062,headlineOfferDocid:1135357563374410618,catalogid:13676838153002479929,pvo:3,pvt:hg&hl=fr&gl=FR",,raw/51-shopping-A5.json.gz
A5,mini liseuse,20,Lampe de Lecture Livre Rechargeable au Lit Mini Liseuse Lumiere LED pour Lire Nuit avec Pince Petite Lumière Gradation USB de Chevet Sans Fil(Rose),Leroy Merlin,21.07,EUR,,"https://google.fr/search?ibp=oshop&q=mini+liseuse&prds=headlineOfferDocid:6474514556222789223,catalogid:11632019487708725692,pvo:3,pvt:hg&hl=fr&gl=FR",,raw/51-shopping-A5.json.gz
A5,mini liseuse,21,"Liseuse Électronique 7"" Écran Couleur, 512 Mo Ram + 8 Go Stockage, Batterie 2500 Mah, Multimédia (Musique/Vidéo), Portable, Noir BYTELIKE",Cdiscount,58.99,EUR,,"https://google.fr/search?ibp=oshop&q=mini+liseuse&prds=headlineOfferDocid:15439351765024665042,pvo:3,pvt:hg&hl=fr&gl=FR",,raw/51-shopping-A5.json.gz
A5,mini liseuse,22,SPC Dickens Light 2,PcComponentes FR,60.1,EUR,,"https://google.fr/search?ibp=oshop&q=mini+liseuse&prds=gpcid:6781983248725107789,rds:PC_6781983248725107789%7CPROD_PC_6781983248725107789,headlineOfferDocid:6408266935895612150,catalogid:9119765709077302609,pvo:3,pvt:hg&hl=fr&gl=FR",,raw/51-shopping-A5.json.gz
A5,mini liseuse,23,TEAMPD Lampe de Lecture10 LEDs Liseuse Lampe Clip USB Rechargeable 360°Cou Fl,Amazon.fr - Seller,8.93,EUR,,"https://google.fr/search?ibp=oshop&q=mini+liseuse&prds=gpcid:11363578353764511580,rds:PC_11363578353764511580%7CPROD_PC_11363578353764511580,headlineOfferDocid:9087582541828344328,catalogid:1254157606158631176,pvo:3,pvt:hg&hl=fr&gl=FR",,raw/51-shopping-A5.json.gz
A5,mini liseuse,24,Liseuse flexible 12 V,Camping-car-plus.com,2.99,EUR,,"https://google.fr/search?ibp=oshop&q=mini+liseuse&prds=gpcid:4678167686673870800,rds:PC_4678167686673870800%7CPROD_PC_4678167686673870800,headlineOfferDocid:12710446923039794427,catalogid:1609777640687410806,pvo:3,pvt:hg&hl=fr&gl=FR",,raw/51-shopping-A5.json.gz
A5,mini liseuse,25,Amazon Liseuse eBook Kindle Colorsoft,Boulanger,269.99,EUR,,"https://google.fr/search?ibp=oshop&q=mini+liseuse&prds=gpcid:3068278674739882081,rds:PC_3068278674739882081%7CPROD_PC_3068278674739882081,headlineOfferDocid:13195940365816945431,catalogid:11438589921810564600,pvo:3,pvt:hg&hl=fr&gl=FR",,raw/51-shopping-A5.json.gz
A5,mini liseuse,26,Liseuse Vivlio Inkpad 4,E.Leclerc,259,EUR,,"https://google.fr/search?ibp=oshop&q=mini+liseuse&prds=gpcid:3085653662206319369,rds:PC_3085653662206319369%7CPROD_PC_3085653662206319369,headlineOfferDocid:6614919846302226881,catalogid:15237433536049220217,pvo:3,pvt:hg&hl=fr&gl=FR",,raw/51-shopping-A5.json.gz
A5,mini liseuse,27,Lampe de Lecture Livre Rechargeable au Lit Mini Liseuse Lumiere LED pour Lire Nuit avec Pince Petite Lumière Gradation USB,Leroy Merlin,18.99,EUR,,"https://google.fr/search?ibp=oshop&q=mini+liseuse&prds=headlineOfferDocid:7020243434600074256,catalogid:12049405783154134870,pvo:3,pvt:hg&hl=fr&gl=FR",,raw/51-shopping-A5.json.gz
A5,mini liseuse,28,"Bewinner Mini Ink Screen E Book Reader, Portable Electric Reader avec Un Rétroéclairage à écran Tactile de 2,7 Pouces, Lecteur MP3, Long Battery Life",Amazon.fr - Seller,43.59,EUR,,"https://google.fr/search?ibp=oshop&q=mini+liseuse&prds=headlineOfferDocid:1933447733355075311,pvo:3,pvt:hg&hl=fr&gl=FR",,raw/51-shopping-A5.json.gz
A5,mini liseuse,29,Kobo Liseuse eBook numérique by Fnac Clara Colour 6'' 16 Go,Darty.com,189.99,EUR,,"https://google.fr/search?ibp=oshop&q=mini+liseuse&prds=gpcid:17640048646341126738,rds:PC_17640048646341126738%7CPROD_PC_17640048646341126738,headlineOfferDocid:5505688309851249582,catalogid:18092473940216068241,pvo:3,pvt:hg&hl=fr&gl=FR",,raw/51-shopping-A5.json.gz
A5,mini liseuse,30,"Liseuse, Liseuse de Chevet, Liseuse Led À Clipser, Équipée de Piles Aaa, 3 Couleurs, Luminosité Réglable En Continu",ManoMano.fr,18.01,EUR,,"https://google.fr/search?ibp=oshop&q=mini+liseuse&prds=headlineOfferDocid:10821570632188548810,catalogid:8493193898792113508,pvo:3,pvt:hg&hl=fr&gl=FR",,raw/51-shopping-A5.json.gz
A5,mini liseuse,31,Lampe de lecture LED de 2W orientable,Barcelona LED France,24.99,EUR,,"https://google.fr/search?ibp=oshop&q=mini+liseuse&prds=gpcid:3792761978800814760,rds:PC_3792761978800814760%7CPROD_PC_3792761978800814760,headlineOfferDocid:8606689680455704870,catalogid:1788230693659839706,pvo:3,pvt:hg&hl=fr&gl=FR",,raw/51-shopping-A5.json.gz
A5,mini liseuse,32,Kosilum Liseuse double lumière LED multifonctionelle,Kosilum,59,EUR,,"https://google.fr/search?ibp=oshop&q=mini+liseuse&prds=gpcid:6740483378961836516,rds:PC_6740483378961836516%7CPROD_PC_6740483378961836516,headlineOfferDocid:17317935288669824879,catalogid:9617858714637848380,pvo:3,pvt:hg&hl=fr&gl=FR",,raw/51-shopping-A5.json.gz
A5,mini liseuse,33,MILA&LOUIS Lampe de Lecture Livre Rechargeable au Lit Mini Liseuse Lumiere LED pour Lire Nuit avec Pince Petite Lumière Gradation USB de Chevet Sans,Amazon.fr - Seller,11.99,EUR,,"https://google.fr/search?ibp=oshop&q=mini+liseuse&prds=headlineOfferDocid:18127007235043790264,pvo:3,pvt:hg&hl=fr&gl=FR",,raw/51-shopping-A5.json.gz
A5,mini liseuse,34,"4 LED Lampe Pupitre Musique, Mini Liseuse Double Tête Réglable Pince Livre Lumière E Reader Light USB 360° Cou Flexible Nuit Chevet Lire Au Lit Enfant",Leroy Merlin,13.99,EUR,,"https://google.fr/search?ibp=oshop&q=mini+liseuse&prds=headlineOfferDocid:6698115768545528790,catalogid:10188678966992784770,pvo:3,pvt:hg&hl=fr&gl=FR",,raw/51-shopping-A5.json.gz
A5,mini liseuse,35,Liseuse eBook Vivlio Coffret 2en1 Light ZEN+Housse,Boulanger,129.99,EUR,,"https://google.fr/search?ibp=oshop&q=mini+liseuse&prds=gpcid:17258689629644828826,rds:PC_17258689629644828826%7CPROD_PC_17258689629644828826,headlineOfferDocid:11260210543323378170,catalogid:13516192227927188819,pvo:3,pvt:hg&hl=fr&gl=FR",,raw/51-shopping-A5.json.gz
A5,mini liseuse,36,Amazon Liseuse eBook Kindle Colorsoft Signature Edition,Electro Dépôt,299.97,EUR,,"https://google.fr/search?ibp=oshop&q=mini+liseuse&prds=gpcid:6791947065316441781,rds:PC_6791947065316441781%7CPROD_PC_6791947065316441781,headlineOfferDocid:14170104725203666349,catalogid:1645783904945879463,pvo:3,pvt:hg&hl=fr&gl=FR",,raw/51-shopping-A5.json.gz
A5,mini liseuse,37,Ea liseuse led usb-a,H2R équipements,5.4,EUR,,"https://google.fr/search?ibp=oshop&q=mini+liseuse&prds=gpcid:11452393441710061198,rds:PC_11452393441710061198%7CPROD_PC_11452393441710061198,headlineOfferDocid:948369311911223814,catalogid:17042753621632351181,pvo:3,pvt:hg&hl=fr&gl=FR",,raw/51-shopping-A5.json.gz
A5,mini liseuse,38,POENVFPO Liseuse Polyvalente avec écran TFT Haut de Gamme et Taille de Réglable pour des Séances de Lecture Détendues (8G),Amazon.fr - Seller,78.27,EUR,,"https://google.fr/search?ibp=oshop&q=mini+liseuse&prds=headlineOfferDocid:17148675353819712573,pvo:3,pvt:hg&hl=fr&gl=FR",,raw/51-shopping-A5.json.gz
A5,mini liseuse,39,Balvi Lampe de lecture Birdie,Balvi,9.95,EUR,,"https://google.fr/search?ibp=oshop&q=mini+liseuse&prds=gpcid:3866821872340867299,rds:PC_3866821872340867299%7CPROD_PC_3866821872340867299,headlineOfferDocid:5000171254752542014,catalogid:7273156783258774475,pvo:3,pvt:hg&hl=fr&gl=FR",,raw/51-shopping-A5.json.gz
A5,mini liseuse,40,Lampe de Lecture Livre Rechargeable au Lit Mini Liseuse Lumiere LED pour Lire Nuit avec Pince Petite Lumière Gradation USB de Chevet,Leroy Merlin,21.93,EUR,,"https://google.fr/search?ibp=oshop&q=mini+liseuse&prds=gpcid:9219770652208437059,rds:PC_9219770652208437059%7CPROD_PC_9219770652208437059,headlineOfferDocid:6483393719438072205,catalogid:8574166770670784088,pvo:3,pvt:hg&hl=fr&gl=FR",,raw/51-shopping-A5.json.gz
A6,rasoir de sûreté,1,Rasoir de Sureté,Bivouak,49.9,EUR,,"https://google.fr/search?ibp=oshop&q=rasoir+de+s%C3%BBret%C3%A9&prds=gpcid:481978119135384117,rds:PC_481978119135384117%7CPROD_PC_481978119135384117,headlineOfferDocid:3630632107970515790,catalogid:15688720160058540895,pvo:3,pvt:hg&hl=fr&gl=FR",,raw/51-shopping-A6.json.gz
A6,rasoir de sûreté,2,MÜHLE Rasoir Rosegold,Les ciseaux,34.95,EUR,,"https://google.fr/search?ibp=oshop&q=rasoir+de+s%C3%BBret%C3%A9&prds=gpcid:4745391952446900371,rds:PC_4745391952446900371%7CPROD_PC_4745391952446900371,headlineOfferDocid:2724403962497264892,catalogid:10011961268302643810,pvo:3,pvt:hg&hl=fr&gl=FR",,raw/51-shopping-A6.json.gz
A6,rasoir de sûreté,3,Bambaw Rasoir de sûreté,Bambaw,20.98,EUR,,"https://google.fr/search?ibp=oshop&q=rasoir+de+s%C3%BBret%C3%A9&prds=gpcid:17317936349641160751,rds:PC_17317936349641160751%7CPROD_PC_17317936349641160751,headlineOfferDocid:11877696872374327489,catalogid:1193752672132424656,pvo:3,pvt:hg&hl=fr&gl=FR",,raw/51-shopping-A6.json.gz
A6,rasoir de sûreté,4,Plisson Rasoir de Sûreté Essentiel Acier Noir,Amazon.fr - Seller,50,EUR,,"https://google.fr/search?ibp=oshop&q=rasoir+de+s%C3%BBret%C3%A9&prds=gpcid:13622554341970883591,rds:PC_13622554341970883591%7CPROD_PC_13622554341970883591,headlineOfferDocid:9784791361917727156,catalogid:5259421835481401526,pvo:3,pvt:hg&hl=fr&gl=FR",,raw/51-shopping-A6.json.gz
A6,rasoir de sûreté,5,MÜHLE Rasoir de sécurité,Rasoir-Expert.com,37,EUR,,"https://google.fr/search?ibp=oshop&q=rasoir+de+s%C3%BBret%C3%A9&prds=gpcid:124855877811329715,rds:PC_124855877811329715%7CPROD_PC_124855877811329715,headlineOfferDocid:6664218177741346793,catalogid:8188949316239116277,pvo:3,pvt:hg&hl=fr&gl=FR",,raw/51-shopping-A6.json.gz
A6,rasoir de sûreté,6,Caliquo Rasoir de sûreté en chêne,gaia-greener.com,30.5,EUR,,"https://google.fr/search?ibp=oshop&q=rasoir+de+s%C3%BBret%C3%A9&prds=gpcid:5989555873360700555,rds:PC_5989555873360700555%7CPROD_PC_5989555873360700555,headlineOfferDocid:1163518379467608470,catalogid:12943999159780078683,pvo:3,pvt:hg&hl=fr&gl=FR",,raw/51-shopping-A6.json.gz
A6,rasoir de sûreté,7,Rasoir barbier acier inoxydable 97RGB Neuf,Altermundi,29.9,EUR,,"https://google.fr/search?ibp=oshop&q=rasoir+de+s%C3%BBret%C3%A9&prds=gpcid:10195938834878017144,rds:PC_10195938834878017144%7CPROD_PC_10195938834878017144,headlineOfferDocid:14782103015134640728,catalogid:867579570855591020,pvo:3,pvt:hg&hl=fr&gl=FR",,raw/51-shopping-A6.json.gz
A6,rasoir de sûreté,8,Rasoir de sûreté Merkur 34C,Les ciseaux,44.95,EUR,,"https://google.fr/search?ibp=oshop&q=rasoir+de+s%C3%BBret%C3%A9&prds=gpcid:12074155618415675048,rds:PC_12074155618415675048%7CPROD_PC_12074155618415675048,headlineOfferDocid:13876352467995843269,catalogid:3361501634939150305,pvo:3,pvt:hg&hl=fr&gl=FR",,raw/51-shopping-A6.json.gz
A6,rasoir de sûreté,9,Bambaw Rasoir de sûreté métal socle,Naturellement Bio,25.99,EUR,,"https://google.fr/search?ibp=oshop&q=rasoir+de+s%C3%BBret%C3%A9&prds=gpcid:2999788469312317977,rds:PC_2999788469312317977%7CPROD_PC_2999788469312317977,headlineOfferDocid:16294923124118800668,catalogid:9413497690941259868,pvo:3,pvt:hg&hl=fr&gl=FR",,raw/51-shopping-A6.json.gz
A6,rasoir de sûreté,10,Rasoir de sûreté en métal,Greenweez.com,21.2,EUR,,"https://google.fr/search?ibp=oshop&q=rasoir+de+s%C3%BBret%C3%A9&prds=gpcid:17591617049763190015,rds:PC_17591617049763190015%7CPROD_PC_17591617049763190015,headlineOfferDocid:14509561675704427504,catalogid:3980917197149118416,pvo:3,pvt:hg&hl=fr&gl=FR",,raw/51-shopping-A6.json.gz
A6,rasoir de sûreté,11,Parker Rasoir de Sureté 3 pièces double tranchant,le-comptoir-du-barbier.fr,23.94,EUR,,"https://google.fr/search?ibp=oshop&q=rasoir+de+s%C3%BBret%C3%A9&prds=gpcid:7853062182364205902,rds:PC_7853062182364205902%7CPROD_PC_7853062182364205902,headlineOfferDocid:17772123417685094997,catalogid:6684978466600660842,pvo:3,pvt:hg&hl=fr&gl=FR",,raw/51-shopping-A6.json.gz
A6,rasoir de sûreté,12,"Tatara Rasoir de Sûreté ""Nodachi"" Inox Peigne",Rasage Classique,194.95,EUR,,"https://google.fr/search?ibp=oshop&q=rasoir+de+s%C3%BBret%C3%A9&prds=gpcid:1861059475922205161,rds:PC_1861059475922205161%7CPROD_PC_1861059475922205161,headlineOfferDocid:263240258651687844,catalogid:13052613271105084952,pvo:3,pvt:hg&hl=fr&gl=FR",,raw/51-shopping-A6.json.gz
A6,rasoir de sûreté,13,MÜHLE Rasoir de sureté RYTMO,Les ciseaux,36.95,EUR,,"https://google.fr/search?ibp=oshop&q=rasoir+de+s%C3%BBret%C3%A9&prds=gpcid:2701192046285316154,rds:PC_2701192046285316154%7CPROD_PC_2701192046285316154,headlineOfferDocid:6172949670629369116,catalogid:7490202496091170810,pvo:3,pvt:hg&hl=fr&gl=FR",,raw/51-shopping-A6.json.gz
A6,rasoir de sûreté,14,Rasoir de sûreté,Amazon.fr - Seller,37.99,EUR,,"https://google.fr/search?ibp=oshop&q=rasoir+de+s%C3%BBret%C3%A9&prds=gpcid:5084910780964856610,rds:PC_5084910780964856610%7CPROD_PC_5084910780964856610,headlineOfferDocid:9506813767724423361,catalogid:14316654512101361557,pvo:3,pvt:hg&hl=fr&gl=FR",,raw/51-shopping-A6.json.gz
A6,rasoir de sûreté,15,Bambaw Rasoir de Sûreté,Bambaw,20.98,EUR,,"https://google.fr/search?ibp=oshop&q=rasoir+de+s%C3%BBret%C3%A9&prds=gpcid:5119832151779422459,rds:PC_5119832151779422459%7CPROD_PC_5119832151779422459,headlineOfferDocid:15048754910344624922,catalogid:4232754031311662480,pvo:3,pvt:hg&hl=fr&gl=FR",,raw/51-shopping-A6.json.gz
A6,rasoir de sûreté,16,Rasoir de Sûreté Professionnel À Double Lame Pour Barbier Et Rasage À Domicile,ManoMano.fr,20.49,EUR,,"https://google.fr/search?ibp=oshop&q=rasoir+de+s%C3%BBret%C3%A9&prds=gpcid:3707884900248877974,rds:PC_3707884900248877974%7CPROD_PC_3707884900248877974,headlineOfferDocid:8961537026823334919,catalogid:10338643355427852451,pvo:3,pvt:hg&hl=fr&gl=FR",,raw/51-shopping-A6.json.gz
A6,rasoir de sûreté,17,Rasoir de sûreté Sapiens,eBay - fancorner,28.99,EUR,,"https://google.fr/search?ibp=oshop&q=rasoir+de+s%C3%BBret%C3%A9&prds=gpcid:16103024951725637600,rds:PC_16103024951725637600%7CPROD_PC_16103024951725637600,headlineOfferDocid:15374399595258789128,catalogid:15866847083586825202,pvo:3,pvt:hg&hl=fr&gl=FR",,raw/51-shopping-A6.json.gz
A6,rasoir de sûreté,18,Muhle R41 Rosegold rasoir de sécurité peigne Ouvert,Les ciseaux,32.95,EUR,,"https://google.fr/search?ibp=oshop&q=rasoir+de+s%C3%BBret%C3%A9&prds=gpcid:4497952620628435030,rds:PC_4497952620628435030%7CPROD_PC_4497952620628435030,headlineOfferDocid:2327915799066443585,catalogid:9199067067164544657,pvo:3,pvt:hg&hl=fr&gl=FR",,raw/51-shopping-A6.json.gz
A6,rasoir de sûreté,19,Rasoir Shavest Original,Shavest,36.9,EUR,,"https://google.fr/search?ibp=oshop&q=rasoir+de+s%C3%BBret%C3%A9&prds=gpcid:2970438268475274171,rds:PC_2970438268475274171%7CPROD_PC_2970438268475274171,headlineOfferDocid:1478640152686247711,catalogid:17840101851599648576,pvo:3,pvt:hg&hl=fr&gl=FR",,raw/51-shopping-A6.json.gz
A6,rasoir de sûreté,20,Edwin Jagger Rasoir de Sécurité En Acier Inoxydable à Double Tranchant Rainuré Anodisé + Paquet de Lames de Rasoir Feather,Rasage Classique,115,EUR,,"https://google.fr/search?ibp=oshop&q=rasoir+de+s%C3%BBret%C3%A9&prds=gpcid:7249567345149948870,rds:PC_7249567345149948870%7CPROD_PC_7249567345149948870,headlineOfferDocid:15420851164455843098,catalogid:2246339890879791373,pvo:3,pvt:hg&hl=fr&gl=FR",,raw/51-shopping-A6.json.gz
A6,rasoir de sûreté,21,Lord S 625-1 Rasoir de sûreté,Amazon.fr - Seller,6.99,EUR,,"https://google.fr/search?ibp=oshop&q=rasoir+de+s%C3%BBret%C3%A9&prds=headlineOfferDocid:538380074062990960,pvo:3,pvt:hg&hl=fr&gl=FR",,raw/51-shopping-A6.json.gz
A6,rasoir de sûreté,22,Rasoir de Sûreté arc-en-ciel,Bambaw,22.96,EUR,,"https://google.fr/search?ibp=oshop&q=rasoir+de+s%C3%BBret%C3%A9&prds=gpcid:13599319962596801361,rds:PC_13599319962596801361%7CPROD_PC_13599319962596801361,headlineOfferDocid:14135713333651184528,catalogid:10854516575110631881,pvo:3,pvt:hg&hl=fr&gl=FR",,raw/51-shopping-A6.json.gz
A6,rasoir de sûreté,23,Lamier - Rasoir de Sûreté Intuitif Anti-Coupure - Spécial Débutant Argenté,Lamier,69,EUR,,"https://google.fr/search?ibp=oshop&q=rasoir+de+s%C3%BBret%C3%A9&prds=headlineOfferDocid:14647402961417633470,pvo:3,pvt:hg&hl=fr&gl=FR",,raw/51-shopping-A6.json.gz
A6,rasoir de sûreté,24,Rasoir Merkur de sûreté,Les ciseaux,32.9,EUR,,"https://google.fr/search?ibp=oshop&q=rasoir+de+s%C3%BBret%C3%A9&prds=gpcid:1911247138687705811,rds:PC_1911247138687705811%7CPROD_PC_1911247138687705811,headlineOfferDocid:1739636729245236568,catalogid:15932224683129730572,pvo:3,pvt:hg&hl=fr&gl=FR",,raw/51-shopping-A6.json.gz
A6,rasoir de sûreté,25,Lamazuna Rasoir de sûreté,Universpara,42,EUR,,"https://google.fr/search?ibp=oshop&q=rasoir+de+s%C3%BBret%C3%A9&prds=gpcid:12548971491547432345,rds:PC_12548971491547432345%7CPROD_PC_12548971491547432345,headlineOfferDocid:12613362937792777874,catalogid:5948133570444582236,pvo:3,pvt:hg&hl=fr&gl=FR",,raw/51-shopping-A6.json.gz
A6,rasoir de sûreté,26,Rasoir de sécurité Mühle NEO,Art du barbier - Pogonotomie,26.9,EUR,,"https://google.fr/search?ibp=oshop&q=rasoir+de+s%C3%BBret%C3%A9&prds=gpcid:15306713176749305957,rds:PC_15306713176749305957%7CPROD_PC_15306713176749305957,headlineOfferDocid:10445795477228998926,catalogid:6878532124553812744,pvo:3,pvt:hg&hl=fr&gl=FR",,raw/51-shopping-A6.json.gz
A6,rasoir de sûreté,27,URAQT Rasoir de Sûreté Homme Rasoir de Sécurité à Double Tranchant Rasage Man,Amazon.fr - Seller,9.99,EUR,,"https://google.fr/search?ibp=oshop&q=rasoir+de+s%C3%BBret%C3%A9&prds=gpcid:3147718905590823342,rds:PC_3147718905590823342%7CPROD_PC_3147718905590823342,headlineOfferDocid:1673847777537177684,catalogid:6299977129793914422,pvo:3,pvt:hg&hl=fr&gl=FR",,raw/51-shopping-A6.json.gz
A6,rasoir de sûreté,28,Rasoir de Sûreté - Olivier,Gentleman Barbier,69,EUR,,"https://google.fr/search?ibp=oshop&q=rasoir+de+s%C3%BBret%C3%A9&prds=headlineOfferDocid:13594271900505910226,pvo:3,pvt:hg&hl=fr&gl=FR",,raw/51-shopping-A6.json.gz
A6,rasoir de sûreté,29,Rasoir de sûreté avec Support,Bambaw,26.72,EUR,,"https://google.fr/search?ibp=oshop&q=rasoir+de+s%C3%BBret%C3%A9&prds=gpcid:15858366918553034720,rds:PC_15858366918553034720%7CPROD_PC_15858366918553034720,headlineOfferDocid:4777933131281040675,catalogid:12573462382143825155,pvo:3,pvt:hg&hl=fr&gl=FR",,raw/51-shopping-A6.json.gz
A6,rasoir de sûreté,30,Rasoir de sureté incliné Parker Semi Slant,Rasage Classique,31.9,EUR,,"https://google.fr/search?ibp=oshop&q=rasoir+de+s%C3%BBret%C3%A9&prds=gpcid:7989079571083505335,rds:PC_7989079571083505335%7CPROD_PC_7989079571083505335,headlineOfferDocid:14883970960232653014,catalogid:1562618626227134704,pvo:3,pvt:hg&hl=fr&gl=FR",,raw/51-shopping-A6.json.gz
A6,rasoir de sûreté,31,Rasoir de sûreté court en inox,The Trust Society,28.9,EUR,,"https://google.fr/search?ibp=oshop&q=rasoir+de+s%C3%BBret%C3%A9&prds=gpcid:8576863652889920822,rds:PC_8576863652889920822%7CPROD_PC_8576863652889920822,headlineOfferDocid:127516386684399914,catalogid:12340524132243211121,pvo:3,pvt:hg&hl=fr&gl=FR",,raw/51-shopping-A6.json.gz
A6,rasoir de sûreté,32,Fatip Rasoir de sureté à peigne ouvert anthracite grande,Art du barbier - Pogonotomie,23.9,EUR,,"https://google.fr/search?ibp=oshop&q=rasoir+de+s%C3%BBret%C3%A9&prds=gpcid:13731578263582914175,rds:PC_13731578263582914175%7CPROD_PC_13731578263582914175,headlineOfferDocid:2860089558628402142,catalogid:9313775854679833915,pvo:3,pvt:hg&hl=fr&gl=FR",,raw/51-shopping-A6.json.gz
A6,rasoir de sûreté,33,Pure Men Tolerance Rasoir de sûreté Noir,Bleu Libellule,44.05,EUR,,"https://google.fr/search?ibp=oshop&q=rasoir+de+s%C3%BBret%C3%A9&prds=gpcid:354383445595153403,rds:PC_354383445595153403%7CPROD_PC_354383445595153403,headlineOfferDocid:1781117207725373172,catalogid:13592436990338199819,pvo:3,pvt:hg&hl=fr&gl=FR",,raw/51-shopping-A6.json.gz
A6,rasoir de sûreté,34,Böker Rasoir Boraso Boker,Manandshaving,29.5,EUR,,"https://google.fr/search?ibp=oshop&q=rasoir+de+s%C3%BBret%C3%A9&prds=gpcid:3437713140409784572,rds:PC_3437713140409784572%7CPROD_PC_3437713140409784572,headlineOfferDocid:13395513892222208520,catalogid:5494955108823556486,pvo:3,pvt:hg&hl=fr&gl=FR",,raw/51-shopping-A6.json.gz
A6,rasoir de sûreté,35,Bambaw Rasoir de sûreté en métal,Bambaw,20.98,EUR,,"https://google.fr/search?ibp=oshop&q=rasoir+de+s%C3%BBret%C3%A9&prds=gpcid:17512978139160787923,rds:PC_17512978139160787923%7CPROD_PC_17512978139160787923,headlineOfferDocid:14139863326536338811,catalogid:12139866126543311297,pvo:3,pvt:hg&hl=fr&gl=FR",,raw/51-shopping-A6.json.gz
A6,rasoir de sûreté,36,Rasoir Merkur 23C,Rasoir-Expert.com,40,EUR,,"https://google.fr/search?ibp=oshop&q=rasoir+de+s%C3%BBret%C3%A9&prds=gpcid:9733165927901302430,rds:PC_9733165927901302430%7CPROD_PC_9733165927901302430,headlineOfferDocid:9806096853537283548,catalogid:14915064006328814363,pvo:3,pvt:hg&hl=fr&gl=FR",,raw/51-shopping-A6.json.gz
A6,rasoir de sûreté,37,Focus Rasoir de sûreté dynamic en alu,Rasage Classique,59.9,EUR,,"https://google.fr/search?ibp=oshop&q=rasoir+de+s%C3%BBret%C3%A9&prds=gpcid:14545802321420085926,rds:PC_14545802321420085926%7CPROD_PC_14545802321420085926,headlineOfferDocid:1471165247887176241,catalogid:6222717097288656401,pvo:3,pvt:hg&hl=fr&gl=FR",,raw/51-shopping-A6.json.gz
A6,rasoir de sûreté,38,Plisson Rasoir de Sûreté Canon de Fusil Peigne Fermé,le-comptoir-du-barbier.fr,49.99,EUR,,"https://google.fr/search?ibp=oshop&q=rasoir+de+s%C3%BBret%C3%A9&prds=gpcid:8028420020958287033,rds:PC_8028420020958287033%7CPROD_PC_8028420020958287033,headlineOfferDocid:13859670645521914197,catalogid:16284298351519164423,pvo:3,pvt:hg&hl=fr&gl=FR",,raw/51-shopping-A6.json.gz
A6,rasoir de sûreté,39,Rasoir de sécurité Merkur 42C,Art du barbier - Pogonotomie,26.9,EUR,,"https://google.fr/search?ibp=oshop&q=rasoir+de+s%C3%BBret%C3%A9&prds=gpcid:2892566999614829149,rds:PC_2892566999614829149%7CPROD_PC_2892566999614829149,headlineOfferDocid:3838206208962241408,catalogid:6427923332394346573,pvo:3,pvt:hg&hl=fr&gl=FR",,raw/51-shopping-A6.json.gz
A6,rasoir de sûreté,40,Rasoir de sécurité Mühle Kosmo olivier,Les ciseaux,47.96,EUR,,"https://google.fr/search?ibp=oshop&q=rasoir+de+s%C3%BBret%C3%A9&prds=gpcid:3372843049173323031,rds:PC_3372843049173323031%7CPROD_PC_3372843049173323031,headlineOfferDocid:558838940440155730,catalogid:10859209506563353989,pvo:3,pvt:hg&hl=fr&gl=FR",,raw/51-shopping-A6.json.gz
B1,étendoir mural pliable,1,VOUNOT Étendoir à Linge Mural Suspendu Pliable Blanc,Amazon.fr - Seller,39.99,EUR,,"https://google.fr/search?ibp=oshop&q=%C3%A9tendoir+mural+pliable&prds=gpcid:2325067563759229131,rds:PC_2325067563759229131%7CPROD_PC_2325067563759229131,headlineOfferDocid:2556648942421944412,catalogid:9113495345119955384,pvo:3,pvt:hg&hl=fr&gl=FR",,raw/51-shopping-B1.json.gz
B1,étendoir mural pliable,2,"Étendoir Mural Pliable, Aluminium Cintre Mur Rétractable Organisateur Crochet Économie d'espace pour Salon, Chambre, Salle de Bains, Balcon",Leroy Merlin,23,EUR,,"https://google.fr/search?ibp=oshop&q=%C3%A9tendoir+mural+pliable&prds=headlineOfferDocid:3497335439110675864,catalogid:9716554149469963728,pvo:3,pvt:hg&hl=fr&gl=FR",,raw/51-shopping-B1.json.gz
B1,étendoir mural pliable,3,Kitchen Move Séchoir à linge mural Cobra,Maisons du Monde Marketplace,39.99,EUR,,"https://google.fr/search?ibp=oshop&q=%C3%A9tendoir+mural+pliable&prds=gpcid:7379196720263532045,rds:PC_7379196720263532045%7CPROD_PC_7379196720263532045,headlineOfferDocid:14458167322993621417,catalogid:4111499167021198066,pvo:3,pvt:hg&hl=fr&gl=FR",,raw/51-shopping-B1.json.gz
B1,étendoir mural pliable,4,lemgyiamz Etendoir Linges Porte Etendoir Linges Mural Pliable éTendoir à Linge Mural,Amazon.fr - Seller,9.59,EUR,,"https://google.fr/search?ibp=oshop&q=%C3%A9tendoir+mural+pliable&prds=gpcid:8215038013826847675,rds:PC_8215038013826847675%7CPROD_PC_8215038013826847675,headlineOfferDocid:18229274480118541930,catalogid:4488567139641165531,pvo:3,pvt:hg&hl=fr&gl=FR",,raw/51-shopping-B1.json.gz
B1,étendoir mural pliable,5,Sauvic Étendage Mural Pliable,Bricoinn.com,77.99,EUR,,"https://google.fr/search?ibp=oshop&q=%C3%A9tendoir+mural+pliable&prds=gpcid:1331466307406415238,rds:PC_1331466307406415238%7CPROD_PC_1331466307406415238,headlineOfferDocid:16710981202154376281,catalogid:1960838219731408144,pvo:3,pvt:hg&hl=fr&gl=FR",,raw/51-shopping-B1.json.gz
B1,étendoir mural pliable,6,Relaxdays Étendoir mural pliable peu encombrant H x L x P 15 x 100 x 50 cm,Cdiscount,42.99,EUR,,"https://google.fr/search?ibp=oshop&q=%C3%A9tendoir+mural+pliable&prds=gpcid:5384816083094162213,rds:PC_5384816083094162213%7CPROD_PC_5384816083094162213,headlineOfferDocid:5582373436339475522,catalogid:14905152814068458641,pvo:3,pvt:hg&hl=fr&gl=FR",,raw/51-shopping-B1.json.gz
B1,étendoir mural pliable,7,Etendoir Mural Rabattable Portant a Vetement 180°Rotation Pliant Porte Mantea,Amazon.fr - Seller,17.98,EUR,,"https://google.fr/search?ibp=oshop&q=%C3%A9tendoir+mural+pliable&prds=gpcid:12527688792270725025,rds:PC_12527688792270725025%7CPROD_PC_12527688792270725025,headlineOfferDocid:8637352730938286289,catalogid:12477180886007663280,pvo:3,pvt:hg&hl=fr&gl=FR",,raw/51-shopping-B1.json.gz
B1,étendoir mural pliable,8,Oui Étendoir Mural Pliable Rotation Balcon,Leroy Merlin,19.58,EUR,,"https://google.fr/search?ibp=oshop&q=%C3%A9tendoir+mural+pliable&prds=gpcid:5917085260358241013,rds:PC_5917085260358241013%7CPROD_PC_5917085260358241013,headlineOfferDocid:7901113149394929980,catalogid:4698058195032135558,pvo:3,pvt:hg&hl=fr&gl=FR",,raw/51-shopping-B1.json.gz
B1,étendoir mural pliable,9,Séchoir à linge mural télescopique pliable pour un séchage efficace,ManoMano.fr,50.39,EUR,,"https://google.fr/search?ibp=oshop&q=%C3%A9tendoir+mural+pliable&prds=gpcid:4558884380291395303,rds:PC_4558884380291395303%7CPROD_PC_4558884380291395303,headlineOfferDocid:4987624557283911889,catalogid:12133630002672866110,pvo:3,pvt:hg&hl=fr&gl=FR",,raw/51-shopping-B1.json.gz
B1,étendoir mural pliable,10,KROMS Étendoir mural Wit 100 cm AVEC GABARIT de PERÇAGE Étendoir Pliable,Amazon.fr - Seller,59.95,EUR,,"https://google.fr/search?ibp=oshop&q=%C3%A9tendoir+mural+pliable&prds=gpcid:5136373030664785060,rds:PC_5136373030664785060%7CPROD_PC_5136373030664785060,headlineOfferDocid:15333357319109075451,catalogid:7703992960276013376,pvo:3,pvt:hg&hl=fr&gl=FR",,raw/51-shopping-B1.json.gz
B1,étendoir mural pliable,11,Étendoir à linge mural pliable inox rotatif,L'Univers de l'Étendoir,45.99,EUR,,"https://google.fr/search?ibp=oshop&q=%C3%A9tendoir+mural+pliable&prds=gpcid:5448052788488650344,rds:PC_5448052788488650344%7CPROD_PC_5448052788488650344,headlineOfferDocid:16467269601448067738,catalogid:9479960438739374428,pvo:3,pvt:hg&hl=fr&gl=FR",,raw/51-shopping-B1.json.gz
B1,étendoir mural pliable,12,Étendoir à linge mural pliable invisible pour balcon avec ventouses puissantes,Leroy Merlin,21.17,EUR,,"https://google.fr/search?ibp=oshop&q=%C3%A9tendoir+mural+pliable&prds=gpcid:10589753441767275339,rds:PC_10589753441767275339%7CPROD_PC_10589753441767275339,headlineOfferDocid:15299890524610055502,catalogid:16453117851533024451,pvo:3,pvt:hg&hl=fr&gl=FR",,raw/51-shopping-B1.json.gz
B1,étendoir mural pliable,13,"Foxydry Hide, étendoir à linge mural, rabattable, gain de place, 117 cm | en acier, rétractable, pliable, gain de place, pour intérieur et extérieur",Amazon.fr - Seller,75.71,EUR,,"https://google.fr/search?ibp=oshop&q=%C3%A9tendoir+mural+pliable&prds=headlineOfferDocid:4860763373259354372,catalogid:6227963522944818020,pvo:3,pvt:hg&hl=fr&gl=FR",,raw/51-shopping-B1.json.gz
B1,étendoir mural pliable,14,Étendoir Mural XXL Pliable Intérieur Extérieur Séchoir à Linge Compact 100,Cdiscount,36.19,EUR,,"https://google.fr/search?ibp=oshop&q=%C3%A9tendoir+mural+pliable&prds=gpcid:11415497171872236452,rds:PC_11415497171872236452%7CPROD_PC_11415497171872236452,headlineOfferDocid:11405667745245825805,catalogid:8165199613082657182,pvo:3,pvt:hg&hl=fr&gl=FR",,raw/51-shopping-B1.json.gz
B1,étendoir mural pliable,15,"Séchoir à linge mural pliable, peu encombrant",ManoMano.fr,34.99,EUR,,"https://google.fr/search?ibp=oshop&q=%C3%A9tendoir+mural+pliable&prds=headlineOfferDocid:1555322204932875707,catalogid:13280456691723898738,pvo:3,pvt:hg&hl=fr&gl=FR",,raw/51-shopping-B1.json.gz
B1,étendoir mural pliable,16,Lot de 2 Etendoir Mural Rabattable en Acier Inoxydable Sechoir Linge Mural Rabattable Accroche Murale Vêtement Etendoir Mural Pliable Crochet Cintre,Leroy Merlin,23.88,EUR,,"https://google.fr/search?ibp=oshop&q=%C3%A9tendoir+mural+pliable&prds=gpcid:5152403783809213753,rds:PC_5152403783809213753%7CPROD_PC_5152403783809213753,headlineOfferDocid:4350934208521715882,catalogid:15500577700564932606,pvo:3,pvt:hg&hl=fr&gl=FR",,raw/51-shopping-B1.json.gz
B1,étendoir mural pliable,17,"OUUTMEE Étendoir à Linge Mural Pliable, Séchoir à Linge Mural en Acier Inoxydable avec 7 Tiges, Largeur Rétractable: 42-80CM, Porte-Serviettes",Amazon.fr - Seller,33.47,EUR,,"https://google.fr/search?ibp=oshop&q=%C3%A9tendoir+mural+pliable&prds=headlineOfferDocid:2689258020880915896,pvo:3,pvt:hg&hl=fr&gl=FR",,raw/51-shopping-B1.json.gz
B1,étendoir mural pliable,18,Relaxdays Étendoir mural pliable peu encombrant H x L x P,relaxdays.fr,36.47,EUR,,"https://google.fr/search?ibp=oshop&q=%C3%A9tendoir+mural+pliable&prds=gpcid:7629097624815486101,rds:PC_7629097624815486101%7CPROD_PC_7629097624815486101,headlineOfferDocid:8089395451655947580,catalogid:10731675687563733373,pvo:3,pvt:hg&hl=fr&gl=FR",,raw/51-shopping-B1.json.gz
B1,étendoir mural pliable,19,Étendoir à linge mural pliable avec rotation à 90° et 6 trous,Leroy Merlin,23.96,EUR,,"https://google.fr/search?ibp=oshop&q=%C3%A9tendoir+mural+pliable&prds=gpcid:6130944900547410941,rds:PC_6130944900547410941%7CPROD_PC_6130944900547410941,headlineOfferDocid:15423810160273059837,catalogid:12385442490528615022,pvo:3,pvt:hg&hl=fr&gl=FR",,raw/51-shopping-B1.json.gz
B1,étendoir mural pliable,20,"CHAHUANV Étendoir Linge Mural rétractable & Pliable, étendoir Mural intérieur Gain de Place, séchoir à Linge Mural en Aluminium pour Balcon, Salle de",Amazon.fr - Seller,45.99,EUR,,"https://google.fr/search?ibp=oshop&q=%C3%A9tendoir+mural+pliable&prds=headlineOfferDocid:17147450564191731351,pvo:3,pvt:hg&hl=fr&gl=FR",,raw/51-shopping-B1.json.gz
B1,étendoir mural pliable,21,"Étendoir Mural Pliable En Acier Inoxydable, Support de Séchage Vêtements Mural, Gain de Place Pour Buanderie Et Salle de Bain, Noir",ManoMano.fr,20.81,EUR,,"https://google.fr/search?ibp=oshop&q=%C3%A9tendoir+mural+pliable&prds=gpcid:8553935962196800784,rds:PC_8553935962196800784%7CPROD_PC_8553935962196800784,headlineOfferDocid:4257766437294604889,catalogid:5578543288184619742,pvo:3,pvt:hg&hl=fr&gl=FR",,raw/51-shopping-B1.json.gz
B1,étendoir mural pliable,22,SONGMICS Étendoir Mural Rabattable 5 Tringles En Alliage D’aluminium,Cdiscount,30.59,EUR,,"https://google.fr/search?ibp=oshop&q=%C3%A9tendoir+mural+pliable&prds=gpcid:13605415213059950839,rds:PC_13605415213059950839%7CPROD_PC_13605415213059950839,headlineOfferDocid:14802211224684894249,catalogid:1638475261689436124,pvo:3,pvt:hg&hl=fr&gl=FR",,raw/51-shopping-B1.json.gz
B1,étendoir mural pliable,23,Foxydry Hide étendoir à linge mural rabattable gain de place 117 cm X2,Amazon.fr - Seller,142.21,EUR,,"https://google.fr/search?ibp=oshop&q=%C3%A9tendoir+mural+pliable&prds=gpcid:2989423296726095864,rds:PC_2989423296726095864%7CPROD_PC_2989423296726095864,headlineOfferDocid:16853425560930234409,catalogid:7343966530098076758,pvo:3,pvt:hg&hl=fr&gl=FR",,raw/51-shopping-B1.json.gz
B1,étendoir mural pliable,24,Porte-manteau mural étendoir à linge mural pliable,Leroy Merlin,29.68,EUR,,"https://google.fr/search?ibp=oshop&q=%C3%A9tendoir+mural+pliable&prds=gpcid:16475306632290223019,rds:PC_16475306632290223019%7CPROD_PC_16475306632290223019,headlineOfferDocid:4296500240445884636,catalogid:10393886019122373998,pvo:3,pvt:hg&hl=fr&gl=FR",,raw/51-shopping-B1.json.gz
B1,étendoir mural pliable,25,Étendoir à linge mural rabattable inox pliable,L'Univers de l'Étendoir,93.99,EUR,,"https://google.fr/search?ibp=oshop&q=%C3%A9tendoir+mural+pliable&prds=gpcid:14972653084601137383,rds:PC_14972653084601137383%7CPROD_PC_14972653084601137383,headlineOfferDocid:1579231992236850388,catalogid:9626735506541858889,pvo:3,pvt:hg&hl=fr&gl=FR",,raw/51-shopping-B1.json.gz
B1,étendoir mural pliable,26,étendoir mural extensible en acier inoxydable étendoir mural rétractable à 7 barres,Amazon.fr - Seller,31.99,EUR,,"https://google.fr/search?ibp=oshop&q=%C3%A9tendoir+mural+pliable&prds=gpcid:2079094991099243911,rds:PC_2079094991099243911%7CPROD_PC_2079094991099243911,headlineOfferDocid:14644637116958129125,catalogid:14032887784728768392,pvo:3,pvt:hg&hl=fr&gl=FR",,raw/51-shopping-B1.json.gz
B1,étendoir mural pliable,27,"Étendoir Mural Pliable, Aluminium Cintre Mur Rétractable Organisateur Crochet Économie D'Espace Pour Salon, Chambre, Salle de Bains, Balcon (argent,1)",ManoMano.fr,25.59,EUR,,"https://google.fr/search?ibp=oshop&q=%C3%A9tendoir+mural+pliable&prds=headlineOfferDocid:14552587611511566283,catalogid:847883848008231365,pvo:3,pvt:hg&hl=fr&gl=FR",,raw/51-shopping-B1.json.gz
B1,étendoir mural pliable,28,"Noir,Étendoir Mural Etendoir Linge Exterieur Pliable Rotation 90° Séchoir À Linge Pliant",Leroy Merlin,17.19,EUR,,"https://google.fr/search?ibp=oshop&q=%C3%A9tendoir+mural+pliable&prds=gpcid:2320951690286549131,rds:PC_2320951690286549131%7CPROD_PC_2320951690286549131,headlineOfferDocid:2821025174399220831,catalogid:13968668264085426017,pvo:3,pvt:hg&hl=fr&gl=FR",,raw/51-shopping-B1.json.gz
B1,étendoir mural pliable,29,"OUUTMEE Etendoir à Linge Mural, Dimensions Dépliées: 80 x 40 x 10CM, Blanc | Séchoir Pliable, Intérieur et Extérieur, Rabattable, 5 Tiges en Acier",Amazon.fr - Seller,35.99,EUR,,"https://google.fr/search?ibp=oshop&q=%C3%A9tendoir+mural+pliable&prds=headlineOfferDocid:11990910350858033839,pvo:3,pvt:hg&hl=fr&gl=FR",,raw/51-shopping-B1.json.gz
B1,étendoir mural pliable,30,Foxydry Fold 120 Étendoir murale Séchoir gain de place,Foxydry,79.7,EUR,,"https://google.fr/search?ibp=oshop&q=%C3%A9tendoir+mural+pliable&prds=gpcid:1272470845029093938,rds:PC_1272470845029093938%7CPROD_PC_1272470845029093938,headlineOfferDocid:9761577083312241773,catalogid:7514934128485699770,pvo:3,pvt:hg&hl=fr&gl=FR",,raw/51-shopping-B1.json.gz
B1,étendoir mural pliable,31,Etendoir à Linge Mural Pliable Cintre Mural Pliable Pliant Cintre Porte Manteau Économie d'Espace Crochet Pliable Mural Cintre Mur Rétractable,Leroy Merlin,15.99,EUR,,"https://google.fr/search?ibp=oshop&q=%C3%A9tendoir+mural+pliable&prds=gpcid:16153026724544630197,rds:PC_16153026724544630197%7CPROD_PC_16153026724544630197,headlineOfferDocid:16544700529333462678,catalogid:18249040656837785148,pvo:3,pvt:hg&hl=fr&gl=FR",,raw/51-shopping-B1.json.gz
B1,étendoir mural pliable,32,"2pcs Etendoir Linges Porte, Etendoir Linges Mural Pliable, Étendoir À Linge Mural, Étendoir À Linge Extensible, Clothes Drying Rack Pour Balcon, Linge",ManoMano.fr,19.99,EUR,,"https://google.fr/search?ibp=oshop&q=%C3%A9tendoir+mural+pliable&prds=headlineOfferDocid:4273866453157911666,catalogid:13224483154011973538,pvo:3,pvt:hg&hl=fr&gl=FR",,raw/51-shopping-B1.json.gz
B1,étendoir mural pliable,33,"Sonhomay Support de séchage Mural Pliable pour vêtements | avec 5 tiges et 4 crochets, capacité de 25 kg pour intérieur, extérieur, appartements,",Amazon.fr - Seller,43.99,EUR,,"https://google.fr/search?ibp=oshop&q=%C3%A9tendoir+mural+pliable&prds=headlineOfferDocid:16986404334837224367,pvo:3,pvt:hg&hl=fr&gl=FR",,raw/51-shopping-B1.json.gz
B1,étendoir mural pliable,34,cintre mural ensemble de 2 étendoirs à linge muraux pliants en acier inoxydable étendoir à vêtements mural pliant cintre mural pliable à crochets,Leroy Merlin,26.73,EUR,,"https://google.fr/search?ibp=oshop&q=%C3%A9tendoir+mural+pliable&prds=gpcid:11720592501788568330,rds:PC_11720592501788568330%7CPROD_PC_11720592501788568330,headlineOfferDocid:14746592473416527159,catalogid:9629280239697247942,pvo:3,pvt:hg&hl=fr&gl=FR",,raw/51-shopping-B1.json.gz
B1,étendoir mural pliable,35,Étendoir à linge mural rabattable aluminium pliable,L'Univers de l'Étendoir,66.99,EUR,,"https://google.fr/search?ibp=oshop&q=%C3%A9tendoir+mural+pliable&prds=gpcid:1784825060799930969,rds:PC_1784825060799930969%7CPROD_PC_1784825060799930969,headlineOfferDocid:16772011748560126029,catalogid:2001221666596988302,pvo:3,pvt:hg&hl=fr&gl=FR",,raw/51-shopping-B1.json.gz
B1,étendoir mural pliable,36,Step Up Étendoir à linge mural rétractable et pliable pour usage intérieur et extérieur,Amazon.fr - Seller,82.99,EUR,,"https://google.fr/search?ibp=oshop&q=%C3%A9tendoir+mural+pliable&prds=gpcid:7384633374882380719,rds:PC_7384633374882380719%7CPROD_PC_7384633374882380719,headlineOfferDocid:12651416012857028662,catalogid:15278042070149900778,pvo:3,pvt:hg&hl=fr&gl=FR",,raw/51-shopping-B1.json.gz
B1,étendoir mural pliable,37,"Étendoir Mural Rétractable, Cintre Mural Pliable, Cintre Mural Pliable En Aluminium, Séchoir À Linge Triangulaire Pliable, Noir",ManoMano.fr,31.99,EUR,,"https://google.fr/search?ibp=oshop&q=%C3%A9tendoir+mural+pliable&prds=gpcid:10243416361403453454,rds:PC_10243416361403453454%7CPROD_PC_10243416361403453454,headlineOfferDocid:5708775785505199003,catalogid:16406912961034484892,pvo:3,pvt:hg&hl=fr&gl=FR",,raw/51-shopping-B1.json.gz
B1,étendoir mural pliable,38,Étendoir à linge pliable – Étendoir à linge pliable mural – Porte-manteau mural – 10 trous – Étendoir à linge pliable – Organiseur de garde-robe,Leroy Merlin,22.99,EUR,,"https://google.fr/search?ibp=oshop&q=%C3%A9tendoir+mural+pliable&prds=gpcid:5441876641735162230,rds:PC_5441876641735162230%7CPROD_PC_5441876641735162230,headlineOfferDocid:3198983827894756679,catalogid:1265835006146291093,pvo:3,pvt:hg&hl=fr&gl=FR",,raw/51-shopping-B1.json.gz
B1,étendoir mural pliable,39,Foxydry Hide étendoir à linge mural rabattable gain de place 101 cm X2,Amazon.fr - Seller,142.21,EUR,,"https://google.fr/search?ibp=oshop&q=%C3%A9tendoir+mural+pliable&prds=gpcid:13319375847006190585,rds:PC_13319375847006190585%7CPROD_PC_13319375847006190585,headlineOfferDocid:15398052448501626985,catalogid:2200307595621372304,pvo:3,pvt:hg&hl=fr&gl=FR",,raw/51-shopping-B1.json.gz
B1,étendoir mural pliable,40,Étendoir mural pliable en acier Ghost,ProduceShop,42.99,EUR,,"https://google.fr/search?ibp=oshop&q=%C3%A9tendoir+mural+pliable&prds=gpcid:3814754694276762405,rds:PC_3814754694276762405%7CPROD_PC_3814754694276762405,headlineOfferDocid:16805136753951646641,catalogid:17768610312095367229,pvo:3,pvt:hg&hl=fr&gl=FR",,raw/51-shopping-B1.json.gz
B2,support vélo mural pivotant,1,Support Vélo Mural Pliable Pivotant,Amazon.fr - Seller,16.89,EUR,,"https://google.fr/search?ibp=oshop&q=support+v%C3%A9lo+mural+pivotant&prds=gpcid:5464176070949146814,rds:PC_5464176070949146814%7CPROD_PC_5464176070949146814,headlineOfferDocid:16331378461055528471,catalogid:4082966878100673740,pvo:3,pvt:hg&hl=fr&gl=FR",,raw/51-shopping-B2.json.gz
B2,support vélo mural pivotant,2,Support velo vertical mural pivotant,Decathlon.fr,29.9,EUR,,"https://google.fr/search?ibp=oshop&q=support+v%C3%A9lo+mural+pivotant&prds=gpcid:16502887851559593429,rds:PC_16502887851559593429%7CPROD_PC_16502887851559593429,headlineOfferDocid:11019936216994219364,catalogid:17512232411093643175,pvo:3,pvt:hg&hl=fr&gl=FR",,raw/51-shopping-B2.json.gz
B2,support vélo mural pivotant,3,Support vélo mural pivotant à 180°,sprintis.fr,14.88,EUR,,"https://google.fr/search?ibp=oshop&q=support+v%C3%A9lo+mural+pivotant&prds=gpcid:7201982903281158638,rds:PC_7201982903281158638%7CPROD_PC_7201982903281158638,headlineOfferDocid:17413648072667686074,catalogid:9377142104658540353,pvo:3,pvt:hg&hl=fr&gl=FR",,raw/51-shopping-B2.json.gz
B2,support vélo mural pivotant,4,Support vélo mural pivotant,Magequip,27.54,EUR,,"https://google.fr/search?ibp=oshop&q=support+v%C3%A9lo+mural+pivotant&prds=gpcid:1306914296752271,rds:PC_1306914296752271%7CPROD_PC_1306914296752271,headlineOfferDocid:1678095351296787327,catalogid:16000176032901338101,pvo:3,pvt:hg&hl=fr&gl=FR",,raw/51-shopping-B2.json.gz
B2,support vélo mural pivotant,5,Porte-vélos mural pivotant,Leroy Merlin,29.99,EUR,,"https://google.fr/search?ibp=oshop&q=support+v%C3%A9lo+mural+pivotant&prds=gpcid:15357557329641022770,rds:PC_15357557329641022770%7CPROD_PC_15357557329641022770,headlineOfferDocid:5515050523824879419,catalogid:14193786224560301134,pvo:3,pvt:hg&hl=fr&gl=FR",,raw/51-shopping-B2.json.gz
B2,support vélo mural pivotant,6,"PEGZONE Support Mural Vélo Pivotant, 35 kg, 4 Pièce | Support Mural Vélo Réglable pour Garage, Gain de Place, Support Robuste, Noir",Amazon.fr - Seller,61.99,EUR,,"https://google.fr/search?ibp=oshop&q=support+v%C3%A9lo+mural+pivotant&prds=headlineOfferDocid:13755376263183855416,pvo:3,pvt:hg&hl=fr&gl=FR",,raw/51-shopping-B2.json.gz
B2,support vélo mural pivotant,7,BIKE ORIGINAL Garage vélo pivotant mural Lot de 2 unités,Decathlon.fr,29.95,EUR,,"https://google.fr/search?ibp=oshop&q=support+v%C3%A9lo+mural+pivotant&prds=gpcid:4103911004962131965,rds:PC_4103911004962131965%7CPROD_PC_4103911004962131965,headlineOfferDocid:11266697271611373216,catalogid:6326058329718793128,pvo:3,pvt:hg&hl=fr&gl=FR",,raw/51-shopping-B2.json.gz
B2,support vélo mural pivotant,8,Rose Hook-In Vario support mural rabattable et pivotant pour vélo,ROSE Bikes FR,25.2,EUR,,"https://google.fr/search?ibp=oshop&q=support+v%C3%A9lo+mural+pivotant&prds=gpcid:10953450947260788649,rds:PC_10953450947260788649%7CPROD_PC_10953450947260788649,headlineOfferDocid:13964856072821596193,catalogid:17001126411258749411,pvo:3,pvt:hg&hl=fr&gl=FR",,raw/51-shopping-B2.json.gz
B2,support vélo mural pivotant,9,Porte-vélos mural pivotant peu encombrant compatible avec les VTT et les vélos de route,Leroy Merlin,38.96,EUR,,"https://google.fr/search?ibp=oshop&q=support+v%C3%A9lo+mural+pivotant&prds=gpcid:4963846799908559187,rds:PC_4963846799908559187%7CPROD_PC_4963846799908559187,headlineOfferDocid:15564597102190012872,catalogid:8756066477748196023,pvo:3,pvt:hg&hl=fr&gl=FR",,raw/51-shopping-B2.json.gz
B2,support vélo mural pivotant,10,Support Mural Vélo Pivotant pour VTT & Vélo de Route,Amazon.fr - Seller,24.49,EUR,,"https://google.fr/search?ibp=oshop&q=support+v%C3%A9lo+mural+pivotant&prds=gpcid:1091945760193184931,rds:PC_1091945760193184931%7CPROD_PC_1091945760193184931,headlineOfferDocid:4200584886954570162,catalogid:13744942437788387190,pvo:3,pvt:hg&hl=fr&gl=FR",,raw/51-shopping-B2.json.gz
B2,support vélo mural pivotant,11,Mottez Range 1 vélo mural,Screwfix.fr,16.79,EUR,,"https://google.fr/search?ibp=oshop&q=support+v%C3%A9lo+mural+pivotant&prds=gpcid:12791794091900130561,rds:PC_12791794091900130561%7CPROD_PC_12791794091900130561,headlineOfferDocid:8990941358034603209,catalogid:1199400987294428478,pvo:3,pvt:hg&hl=fr&gl=FR",,raw/51-shopping-B2.json.gz
B2,support vélo mural pivotant,12,Râtelier mural PIVO en métal noir 29 x 8 x 32 cm,Decathlon.fr,19.9,EUR,,"https://google.fr/search?ibp=oshop&q=support+v%C3%A9lo+mural+pivotant&prds=gpcid:12069718978288276787,rds:PC_12069718978288276787%7CPROD_PC_12069718978288276787,headlineOfferDocid:14634937055671918596,catalogid:15308703213002003218,pvo:3,pvt:hg&hl=fr&gl=FR",,raw/51-shopping-B2.json.gz
B2,support vélo mural pivotant,13,Support Vélo Mural Rotatif à 360° Extensible et Pliable,Leroy Merlin,42.99,EUR,,"https://google.fr/search?ibp=oshop&q=support+v%C3%A9lo+mural+pivotant&prds=gpcid:10205400392128455018,rds:PC_10205400392128455018%7CPROD_PC_10205400392128455018,headlineOfferDocid:3134413621905998000,catalogid:6307013184819320541,pvo:3,pvt:hg&hl=fr&gl=FR",,raw/51-shopping-B2.json.gz
B2,support vélo mural pivotant,14,Support Vélo Mural Pivotant Rangement Vélo pour Appartement et Garage,Amazon.fr - Seller,28.99,EUR,,"https://google.fr/search?ibp=oshop&q=support+v%C3%A9lo+mural+pivotant&prds=gpcid:12172818518708017391,rds:PC_12172818518708017391%7CPROD_PC_12172818518708017391,headlineOfferDocid:6056935287933756026,catalogid:18442656180406879919,pvo:3,pvt:hg&hl=fr&gl=FR",,raw/51-shopping-B2.json.gz
B2,support vélo mural pivotant,15,Wiltec Range-vélo mural pivotant et télescopique – 118 x 307-340 x 438-625 mm – Capacité 35 kg – Ø de roue 406-737 mm – en Acier et Plastique – Rack à,wiltec.de,24.72,EUR,,"https://google.fr/search?ibp=oshop&q=support+v%C3%A9lo+mural+pivotant&prds=gpcid:17853379582036205833,rds:PC_17853379582036205833%7CPROD_PC_17853379582036205833,headlineOfferDocid:15077758648629857686,catalogid:8679798583905817394,pvo:3,pvt:hg&hl=fr&gl=FR",,raw/51-shopping-B2.json.gz
B2,support vélo mural pivotant,16,"Docker Support À Vélo Vertical Mural 63x18,5x9 Avec Rotation Pivotante Pour Garage En Acier",Carrefour,35.99,EUR,,"https://google.fr/search?ibp=oshop&q=support+v%C3%A9lo+mural+pivotant&prds=gpcid:2458498260085967507,rds:PC_2458498260085967507%7CPROD_PC_2458498260085967507,headlineOfferDocid:791079080372310660,catalogid:10718727626926281337,pvo:3,pvt:hg&hl=fr&gl=FR",,raw/51-shopping-B2.json.gz
B2,support vélo mural pivotant,17,Support Vélo Mural Pliable Pivotant Rétractable Fabriqué en Métal Massif Robuste,Leroy Merlin,37.2,EUR,,"https://google.fr/search?ibp=oshop&q=support+v%C3%A9lo+mural+pivotant&prds=gpcid:18046068354846449820,rds:PC_18046068354846449820%7CPROD_PC_18046068354846449820,headlineOfferDocid:10297458880185244810,catalogid:124176101986560655,pvo:3,pvt:hg&hl=fr&gl=FR",,raw/51-shopping-B2.json.gz
B2,support vélo mural pivotant,18,"Mimoke Support mural pivotant pour vélo, vertical, pour garage, VTT et vélo de course (crochet rouge avec crochet pour chapeau, 1 pièce)",Amazon.fr - Seller,24.59,EUR,,"https://google.fr/search?ibp=oshop&q=support+v%C3%A9lo+mural+pivotant&prds=headlineOfferDocid:10788695763373839637,pvo:3,pvt:hg&hl=fr&gl=FR",,raw/51-shopping-B2.json.gz
B2,support vélo mural pivotant,19,Support Mural Vertical avec Crochet Pivotant pour Vélo,Urban Wheelers,69.9,EUR,,"https://google.fr/search?ibp=oshop&q=support+v%C3%A9lo+mural+pivotant&prds=gpcid:10823691718972481798,rds:PC_10823691718972481798%7CPROD_PC_10823691718972481798,headlineOfferDocid:7689197734963811481,catalogid:17246146540695211159,pvo:3,pvt:hg&hl=fr&gl=FR",,raw/51-shopping-B2.json.gz
B2,support vélo mural pivotant,20,Support murale vertical et pivotant pour vélo (LOT de 4),Leboncoin,36,EUR,,"https://google.fr/search?ibp=oshop&q=support+v%C3%A9lo+mural+pivotant&prds=headlineOfferDocid:16718862112369924111,pvo:3,pvt:hg&hl=fr&gl=FR",,raw/51-shopping-B2.json.gz
B2,support vélo mural pivotant,21,Support Mural pour vélo pivotant Support Vertical,Leroy Merlin,41.09,EUR,,"https://google.fr/search?ibp=oshop&q=support+v%C3%A9lo+mural+pivotant&prds=gpcid:7289615949644780435,rds:PC_7289615949644780435%7CPROD_PC_7289615949644780435,headlineOfferDocid:15694951357936026985,catalogid:2583861869806872358,pvo:3,pvt:hg&hl=fr&gl=FR",,raw/51-shopping-B2.json.gz
B2,support vélo mural pivotant,22,"Support Velo Mural Pivotant Extensible Mural Porte Vélo, Porte Velo Mural Pliable Réglable, Aucun Levage Nécessaire. économiseur d'espace, Support",Amazon.fr - Seller,69.99,EUR,,"https://google.fr/search?ibp=oshop&q=support+v%C3%A9lo+mural+pivotant&prds=headlineOfferDocid:15839734472131019486,pvo:3,pvt:hg&hl=fr&gl=FR",,raw/51-shopping-B2.json.gz
B2,support vélo mural pivotant,23,Support velo vertical pivotant,Decathlon.fr,199.9,EUR,,"https://google.fr/search?ibp=oshop&q=support+v%C3%A9lo+mural+pivotant&prds=gpcid:14108589247735108804,rds:PC_14108589247735108804%7CPROD_PC_14108589247735108804,headlineOfferDocid:17303586396390656034,catalogid:2945454017287869595,pvo:3,pvt:hg&hl=fr&gl=FR",,raw/51-shopping-B2.json.gz
B2,support vélo mural pivotant,24,Mottez Support vélo ou trottinette mural,L' Entrepôt du Bricolage,39.9,EUR,,"https://google.fr/search?ibp=oshop&q=support+v%C3%A9lo+mural+pivotant&prds=gpcid:4089923148782540510,rds:PC_4089923148782540510%7CPROD_PC_4089923148782540510,headlineOfferDocid:17018607305238708424,catalogid:7537186788295205496,pvo:3,pvt:hg&hl=fr&gl=FR",,raw/51-shopping-B2.json.gz
B2,support vélo mural pivotant,25,KARAT Support mural en métal vélo jusqu'à 20 kg Support de réparation léger mais stable,Amazon.fr - Seller,22,EUR,,"https://google.fr/search?ibp=oshop&q=support+v%C3%A9lo+mural+pivotant&prds=gpcid:5505406165197365833,rds:PC_5505406165197365833%7CPROD_PC_5505406165197365833,headlineOfferDocid:11865328363776648420,catalogid:13975159975569654133,pvo:3,pvt:hg&hl=fr&gl=FR",,raw/51-shopping-B2.json.gz
B2,support vélo mural pivotant,26,Support mural pivotant pour vélo Cranit ME84 lève-vélo compatible avec pneu de 54-70mm noir,Cdiscount,55.99,EUR,,"https://google.fr/search?ibp=oshop&q=support+v%C3%A9lo+mural+pivotant&prds=gpcid:10252383685976883213,rds:PC_10252383685976883213%7CPROD_PC_10252383685976883213,headlineOfferDocid:8943648602069348712,catalogid:244220183748787169,pvo:3,pvt:hg&hl=fr&gl=FR",,raw/51-shopping-B2.json.gz
B2,support vélo mural pivotant,27,Porte-vélos support à vélos pivotant à 90°,Leroy Merlin,48.99,EUR,,"https://google.fr/search?ibp=oshop&q=support+v%C3%A9lo+mural+pivotant&prds=gpcid:15264806786920390157,rds:PC_15264806786920390157%7CPROD_PC_15264806786920390157,headlineOfferDocid:5738814619567523278,catalogid:7179722923919287438,pvo:3,pvt:hg&hl=fr&gl=FR",,raw/51-shopping-B2.json.gz
B2,support vélo mural pivotant,28,BBB ParkingLot Swivel,bike24.fr,40.99,EUR,,"https://google.fr/search?ibp=oshop&q=support+v%C3%A9lo+mural+pivotant&prds=gpcid:860646516178360736,rds:PC_860646516178360736%7CPROD_PC_860646516178360736,headlineOfferDocid:10327011058713097284,catalogid:16601729432818324395,pvo:3,pvt:hg&hl=fr&gl=FR",,raw/51-shopping-B2.json.gz
B2,support vélo mural pivotant,29,"Wyxron Support Vélo Mural, Porte Vélo Pivotant Ratelier Vélo | Capacité De 32kg avec Design Fixe/Coussinets, pour Garage Vélo Léger/VTT/Vélo De Route/",Amazon.fr - Seller,19.99,EUR,,"https://google.fr/search?ibp=oshop&q=support+v%C3%A9lo+mural+pivotant&prds=headlineOfferDocid:4166408125615192739,pvo:3,pvt:hg&hl=fr&gl=FR",,raw/51-shopping-B2.json.gz
B2,support vélo mural pivotant,30,"YIRUKA - Porte-vélos, Support À Vélos Pivotant À 90°, Montage Mural Vertical, Gain de Place",ManoMano.fr,32.29,EUR,,"https://google.fr/search?ibp=oshop&q=support+v%C3%A9lo+mural+pivotant&prds=headlineOfferDocid:9971905840486280961,catalogid:5668527820844858042,pvo:3,pvt:hg&hl=fr&gl=FR",,raw/51-shopping-B2.json.gz
B2,support vélo mural pivotant,31,Support mural pivotant Mottez 1 vélo,Point S Écomobilité,119,EUR,,"https://google.fr/search?ibp=oshop&q=support+v%C3%A9lo+mural+pivotant&prds=headlineOfferDocid:5200385597903697780,pvo:3,pvt:hg&hl=fr&gl=FR",,raw/51-shopping-B2.json.gz
B2,support vélo mural pivotant,32,Vélo support mural pivotant jusqu'à 35 kg,reichelt.com,60.1,EUR,,"https://google.fr/search?ibp=oshop&q=support+v%C3%A9lo+mural+pivotant&prds=gpcid:12829987830631203312,rds:PC_12829987830631203312%7CPROD_PC_12829987830631203312,headlineOfferDocid:17980676042277849860,catalogid:2292397039743144779,pvo:3,pvt:hg&hl=fr&gl=FR",,raw/51-shopping-B2.json.gz
B2,support vélo mural pivotant,33,"monTEK Support Mural Vélo Pivotant, Charge 35 kg | Rangez votre vélo sans le soulever, pivotez-le contre le mur pour gagner de la place dans les",Amazon.fr - Seller,45.12,EUR,,"https://google.fr/search?ibp=oshop&q=support+v%C3%A9lo+mural+pivotant&prds=headlineOfferDocid:1030784919240319098,pvo:3,pvt:hg&hl=fr&gl=FR",,raw/51-shopping-B2.json.gz
B2,support vélo mural pivotant,34,Support Vélo Mural Pivotant Porte Velo Longueur Ajustable pour Vélo de Route,Leroy Merlin,75.2,EUR,,"https://google.fr/search?ibp=oshop&q=support+v%C3%A9lo+mural+pivotant&prds=gpcid:14701606903333807389,rds:PC_14701606903333807389%7CPROD_PC_14701606903333807389,headlineOfferDocid:7447070868761118611,catalogid:8192570882514062500,pvo:3,pvt:hg&hl=fr&gl=FR",,raw/51-shopping-B2.json.gz
B2,support vélo mural pivotant,35,Support mural compatible avec vélos pivotant Velocycle lift vertical FH1 noir DPLC3,motea.com,636.99,EUR,,"https://google.fr/search?ibp=oshop&q=support+v%C3%A9lo+mural+pivotant&prds=gpcid:13620870774287564445,rds:PC_13620870774287564445%7CPROD_PC_13620870774287564445,headlineOfferDocid:17962092446443033515,catalogid:17712361324981543394,pvo:3,pvt:hg&hl=fr&gl=FR",,raw/51-shopping-B2.json.gz
B2,support vélo mural pivotant,36,Feedback Sports Velo Hinge,bike24.fr,25.99,EUR,,"https://google.fr/search?ibp=oshop&q=support+v%C3%A9lo+mural+pivotant&prds=gpcid:4602138961110802706,rds:PC_4602138961110802706%7CPROD_PC_4602138961110802706,headlineOfferDocid:585534430089966579,catalogid:10108915301862157271,pvo:3,pvt:hg&hl=fr&gl=FR",,raw/51-shopping-B2.json.gz
B2,support vélo mural pivotant,37,Relaxdays support mural pour vélo lot acier robuste,Amazon.fr,31.99,EUR,,"https://google.fr/search?ibp=oshop&q=support+v%C3%A9lo+mural+pivotant&prds=gpcid:17329232366931634814,rds:PC_17329232366931634814%7CPROD_PC_17329232366931634814,headlineOfferDocid:6208915768073625918,catalogid:14156835547458053046,pvo:3,pvt:hg&hl=fr&gl=FR",,raw/51-shopping-B2.json.gz
B2,support vélo mural pivotant,38,Support vélo Topeak Swing-Up EX,ROSE Bikes FR,25.2,EUR,,"https://google.fr/search?ibp=oshop&q=support+v%C3%A9lo+mural+pivotant&prds=gpcid:8140715665374869573,rds:PC_8140715665374869573%7CPROD_PC_8140715665374869573,headlineOfferDocid:2649332570263499833,catalogid:8092994075172322405,pvo:3,pvt:hg&hl=fr&gl=FR",,raw/51-shopping-B2.json.gz
B2,support vélo mural pivotant,39,1 Set de Support Velo Murale Crochet Porte Velo Mural Garage,Leroy Merlin,42.58,EUR,,"https://google.fr/search?ibp=oshop&q=support+v%C3%A9lo+mural+pivotant&prds=gpcid:9033059343121408476,rds:PC_9033059343121408476%7CPROD_PC_9033059343121408476,headlineOfferDocid:17746342986223063220,catalogid:15480120696024079370,pvo:3,pvt:hg&hl=fr&gl=FR",,raw/51-shopping-B2.json.gz
B2,support vélo mural pivotant,40,"Support Mural Vélo Pivotant, Charge 35 Kg Rangez Votre Vélo Sans Le Soulever, Pivotez-le Contre Le Mur Pour Gagner De La Place Dans Les Petits Espaces",ManoMano.fr,114.98,EUR,,"https://google.fr/search?ibp=oshop&q=support+v%C3%A9lo+mural+pivotant&prds=headlineOfferDocid:12289728600948820808,pvo:3,pvt:hg&hl=fr&gl=FR",,raw/51-shopping-B2.json.gz
B3,moustiquaire fenêtre sans perçage,1,Moustiquaire de fenêtre en aluminium H145 x L125 cm,Cdiscount,29.99,EUR,,"https://google.fr/search?ibp=oshop&q=moustiquaire+fen%C3%AAtre+sans+per%C3%A7age&prds=gpcid:14384522939438101852,rds:PC_14384522939438101852%7CPROD_PC_14384522939438101852,headlineOfferDocid:11231851486819874444,catalogid:10026857798125292911,pvo:3,pvt:hg&hl=fr&gl=FR",,raw/51-shopping-B3.json.gz
B3,moustiquaire fenêtre sans perçage,2,Avosdim Moustiquaire Cadre aimanté sans perçage,Leroy Merlin,17.91,EUR,,"https://google.fr/search?ibp=oshop&q=moustiquaire+fen%C3%AAtre+sans+per%C3%A7age&prds=gpcid:4602104237093862485,rds:PC_4602104237093862485%7CPROD_PC_4602104237093862485,headlineOfferDocid:17257351339870526635,catalogid:13339231451098940144,pvo:3,pvt:hg&hl=fr&gl=FR",,raw/51-shopping-B3.json.gz
B3,moustiquaire fenêtre sans perçage,3,"MYCARBON Moustiquaire Fenêtre Sans Perçage(2 Pièces, 150x180cm, Blanc) | Filet Anti-Insectes avec Ruban Adhésif, Toile Fine, Moustiquaire Fenêtre",Amazon.fr - Seller,9.98,EUR,,"https://google.fr/search?ibp=oshop&q=moustiquaire+fen%C3%AAtre+sans+per%C3%A7age&prds=headlineOfferDocid:7611788617936005597,pvo:3,pvt:hg&hl=fr&gl=FR",,raw/51-shopping-B3.json.gz
B3,moustiquaire fenêtre sans perçage,4,Moustiquaire pour fenêtre tectake,Leroy Merlin,27.99,EUR,,"https://google.fr/search?ibp=oshop&q=moustiquaire+fen%C3%AAtre+sans+per%C3%A7age&prds=gpcid:1617457339092244434,rds:PC_1617457339092244434%7CPROD_PC_1617457339092244434,headlineOfferDocid:2209306748409286077,catalogid:13152018927317542367,pvo:3,pvt:hg&hl=fr&gl=FR",,raw/51-shopping-B3.json.gz
B3,moustiquaire fenêtre sans perçage,5,Moustiquaire Enroulable Sans Perçage Sur Mesure Fenêtre Blanc,Stores-Discount,37.06,EUR,,"https://google.fr/search?ibp=oshop&q=moustiquaire+fen%C3%AAtre+sans+per%C3%A7age&prds=headlineOfferDocid:17983287876221675501,pvo:3,pvt:hg&hl=fr&gl=FR",,raw/51-shopping-B3.json.gz
B3,moustiquaire fenêtre sans perçage,6,Kit Moustiquaire Cadre Amovible Alu Sans Perçage,AvosDim,21.51,EUR,,"https://google.fr/search?ibp=oshop&q=moustiquaire+fen%C3%AAtre+sans+per%C3%A7age&prds=gpcid:1993294861025811343,rds:PC_1993294861025811343%7CPROD_PC_1993294861025811343,headlineOfferDocid:18416729316083356450,catalogid:10650026161429871674,pvo:3,pvt:hg&hl=fr&gl=FR",,raw/51-shopping-B3.json.gz
B3,moustiquaire fenêtre sans perçage,7,Moustiquaire de fenêtre,Leroy Merlin,18.64,EUR,,"https://google.fr/search?ibp=oshop&q=moustiquaire+fen%C3%AAtre+sans+per%C3%A7age&prds=gpcid:636351557593685652,rds:PC_636351557593685652%7CPROD_PC_636351557593685652,headlineOfferDocid:13226127302647306754,catalogid:9312780484970192170,pvo:3,pvt:hg&hl=fr&gl=FR",,raw/51-shopping-B3.json.gz
B3,moustiquaire fenêtre sans perçage,8,Moustiquaire sans perçage auto-agrippante pour fenêtre,Store Menuiserie,9.9,EUR,,"https://google.fr/search?ibp=oshop&q=moustiquaire+fen%C3%AAtre+sans+per%C3%A7age&prds=gpcid:7790793993328238630,rds:PC_7790793993328238630%7CPROD_PC_7790793993328238630,headlineOfferDocid:2590510581074990329,catalogid:2636146775356523515,pvo:3,pvt:hg&hl=fr&gl=FR",,raw/51-shopping-B3.json.gz
B3,moustiquaire fenêtre sans perçage,9,Moustiquaire Cadre Extensible pour Fenêtre sans perçage,ManoMano.fr,25.8,EUR,,"https://google.fr/search?ibp=oshop&q=moustiquaire+fen%C3%AAtre+sans+per%C3%A7age&prds=gpcid:9932668262907052861,rds:PC_9932668262907052861%7CPROD_PC_9932668262907052861,headlineOfferDocid:3014458145301952525,catalogid:2397816765135912695,pvo:3,pvt:hg&hl=fr&gl=FR",,raw/51-shopping-B3.json.gz
B3,moustiquaire fenêtre sans perçage,10,Amig Moustiquaire pour fenêtres et portes 150 x 250 cm,Amazon.fr,9.2,EUR,,"https://google.fr/search?ibp=oshop&q=moustiquaire+fen%C3%AAtre+sans+per%C3%A7age&prds=gpcid:12630505812278350200,rds:PC_12630505812278350200%7CPROD_PC_12630505812278350200,headlineOfferDocid:3363075468552251396,catalogid:11429368077856998608,pvo:3,pvt:hg&hl=fr&gl=FR",,raw/51-shopping-B3.json.gz
B3,moustiquaire fenêtre sans perçage,11,Avosdim Moustiquaire Fenêtre Aimantée sans perçage,AvosDim,17.91,EUR,,"https://google.fr/search?ibp=oshop&q=moustiquaire+fen%C3%AAtre+sans+per%C3%A7age&prds=gpcid:6544475653996857494,rds:PC_6544475653996857494%7CPROD_PC_6544475653996857494,headlineOfferDocid:13474360890422491844,catalogid:3468235561019445460,pvo:3,pvt:hg&hl=fr&gl=FR",,raw/51-shopping-B3.json.gz
B3,moustiquaire fenêtre sans perçage,12,Lot de 2 moustiquaires pour fenêtres sans perçage 150x180cm moustiquaire anti-moustiques pour fenêtres,Leroy Merlin,16.06,EUR,,"https://google.fr/search?ibp=oshop&q=moustiquaire+fen%C3%AAtre+sans+per%C3%A7age&prds=gpcid:12735486638258484351,rds:PC_12735486638258484351%7CPROD_PC_12735486638258484351,headlineOfferDocid:18283302353227591683,catalogid:7943988990199892878,pvo:3,pvt:hg&hl=fr&gl=FR",,raw/51-shopping-B3.json.gz
B3,moustiquaire fenêtre sans perçage,13,"Moustiquaire fenêtre enroulable sans perçage gris anthracite sur mesure, fixation sans perçage",Stores-Discount,37.06,EUR,,"https://google.fr/search?ibp=oshop&q=moustiquaire+fen%C3%AAtre+sans+per%C3%A7age&prds=headlineOfferDocid:658661453352210433,pvo:3,pvt:hg&hl=fr&gl=FR",,raw/51-shopping-B3.json.gz
B3,moustiquaire fenêtre sans perçage,14,Kit Moustiquaire Extensible H 70 cm X L 100 cm Alu Blanc Sans Perçage,tecnomat.fr,27.8,EUR,,"https://google.fr/search?ibp=oshop&q=moustiquaire+fen%C3%AAtre+sans+per%C3%A7age&prds=gpcid:2748158437693533107,rds:PC_2748158437693533107%7CPROD_PC_2748158437693533107,headlineOfferDocid:601980463174022751,catalogid:15017478640638572166,pvo:3,pvt:hg&hl=fr&gl=FR",,raw/51-shopping-B3.json.gz
B3,moustiquaire fenêtre sans perçage,15,Moustiquaire de fenêtre Installation facile,Leroy Merlin,19.99,EUR,,"https://google.fr/search?ibp=oshop&q=moustiquaire+fen%C3%AAtre+sans+per%C3%A7age&prds=gpcid:17856595343857029650,rds:PC_17856595343857029650%7CPROD_PC_17856595343857029650,headlineOfferDocid:9876661907714322329,catalogid:5227526444157151703,pvo:3,pvt:hg&hl=fr&gl=FR",,raw/51-shopping-B3.json.gz
B3,moustiquaire fenêtre sans perçage,16,EASYmaxx Insect Protect Moustiquaire pour fenêtres avec fixation magnétique,Amazon.fr - Seller,17.09,EUR,,"https://google.fr/search?ibp=oshop&q=moustiquaire+fen%C3%AAtre+sans+per%C3%A7age&prds=gpcid:13108429029252882908,rds:PC_13108429029252882908%7CPROD_PC_13108429029252882908,headlineOfferDocid:7455719252243179907,catalogid:16671896739216869984,pvo:3,pvt:hg&hl=fr&gl=FR",,raw/51-shopping-B3.json.gz
B3,moustiquaire fenêtre sans perçage,17,Moustiquaire de fenêtre Magic Clic EASYmaxx,Cdiscount,16.9,EUR,,"https://google.fr/search?ibp=oshop&q=moustiquaire+fen%C3%AAtre+sans+per%C3%A7age&prds=gpcid:2945970721825529859,rds:PC_2945970721825529859%7CPROD_PC_2945970721825529859,headlineOfferDocid:7185479662728161716,catalogid:8513281517822755781,pvo:3,pvt:hg&hl=fr&gl=FR",,raw/51-shopping-B3.json.gz
B3,moustiquaire fenêtre sans perçage,18,FACILITYS Moustiquaire fenêtre velcro x 4,Shopix,9.99,EUR,,"https://google.fr/search?ibp=oshop&q=moustiquaire+fen%C3%AAtre+sans+per%C3%A7age&prds=gpcid:14665639800900299731,rds:PC_14665639800900299731%7CPROD_PC_14665639800900299731,headlineOfferDocid:3427026085913359191,catalogid:6619811498401370933,pvo:3,pvt:hg&hl=fr&gl=FR",,raw/51-shopping-B3.json.gz
B3,moustiquaire fenêtre sans perçage,19,"Moustiquaire Fenêtre sans Perçage, Filet Anti-Insectes avec Bande Auto-Collante, Toile Moustiquaire Adhésive pour Fenêtre (150 x 180cm, Noir)",Leroy Merlin,18.51,EUR,,"https://google.fr/search?ibp=oshop&q=moustiquaire+fen%C3%AAtre+sans+per%C3%A7age&prds=headlineOfferDocid:17906796230783931333,catalogid:16245478262188384728,pvo:3,pvt:hg&hl=fr&gl=FR",,raw/51-shopping-B3.json.gz
B3,moustiquaire fenêtre sans perçage,20,GAUDER Moustiquaire fenêtre filet anti-moustique,Amazon.fr - Seller,11.72,EUR,,"https://google.fr/search?ibp=oshop&q=moustiquaire+fen%C3%AAtre+sans+per%C3%A7age&prds=gpcid:15502956187838362993,rds:PC_15502956187838362993%7CPROD_PC_15502956187838362993,headlineOfferDocid:5987726703406527680,catalogid:16512802611936118481,pvo:3,pvt:hg&hl=fr&gl=FR",,raw/51-shopping-B3.json.gz
B3,moustiquaire fenêtre sans perçage,21,Moustiquaires extensibles Vigor aluminium anodisé,ManoMano.fr,36.9,EUR,,"https://google.fr/search?ibp=oshop&q=moustiquaire+fen%C3%AAtre+sans+per%C3%A7age&prds=gpcid:12435162620177610702,rds:PC_12435162620177610702%7CPROD_PC_12435162620177610702,headlineOfferDocid:14219219167200022865,catalogid:16305194502606449408,pvo:3,pvt:hg&hl=fr&gl=FR",,raw/51-shopping-B3.json.gz
B3,moustiquaire fenêtre sans perçage,22,Moustiquaire pour fenêtre l.60 x H.100 cm 772.684,Leroy Merlin,19.9,EUR,,"https://google.fr/search?ibp=oshop&q=moustiquaire+fen%C3%AAtre+sans+per%C3%A7age&prds=gpcid:16587966017042051960,rds:PC_16587966017042051960%7CPROD_PC_16587966017042051960,headlineOfferDocid:13606803881385680001,catalogid:13222789793981820502,pvo:3,pvt:hg&hl=fr&gl=FR",,raw/51-shopping-B3.json.gz
B3,moustiquaire fenêtre sans perçage,23,Moustiquaire enroulable fenêtre Zen | Merci ! La moustiquaire,Kocoon,58.61,EUR,,"https://google.fr/search?ibp=oshop&q=moustiquaire+fen%C3%AAtre+sans+per%C3%A7age&prds=headlineOfferDocid:13296577775401085887,pvo:3,pvt:hg&hl=fr&gl=FR",,raw/51-shopping-B3.json.gz
B3,moustiquaire fenêtre sans perçage,24,Gauder Moustiquaire Fenêtre,Amazon.fr - Seller,9.82,EUR,,"https://google.fr/search?ibp=oshop&q=moustiquaire+fen%C3%AAtre+sans+per%C3%A7age&prds=gpcid:17584995166498210842,rds:PC_17584995166498210842%7CPROD_PC_17584995166498210842,headlineOfferDocid:11974555469841955950,catalogid:14772849767349327365,pvo:3,pvt:hg&hl=fr&gl=FR",,raw/51-shopping-B3.json.gz
B3,moustiquaire fenêtre sans perçage,25,Moustiquaire pour fenêtre Yuenfong aluminium 100 cm Sans perçage Anthracite,Cdiscount,36.99,EUR,,"https://google.fr/search?ibp=oshop&q=moustiquaire+fen%C3%AAtre+sans+per%C3%A7age&prds=gpcid:203882896843198047,rds:PC_203882896843198047%7CPROD_PC_203882896843198047,headlineOfferDocid:8429971014905250293,catalogid:3907549515660569761,pvo:3,pvt:hg&hl=fr&gl=FR",,raw/51-shopping-B3.json.gz
B3,moustiquaire fenêtre sans perçage,26,Moustiquaire pour fenêtres 120 x auto-adhésive sans perçage,Leroy Merlin,20.99,EUR,,"https://google.fr/search?ibp=oshop&q=moustiquaire+fen%C3%AAtre+sans+per%C3%A7age&prds=gpcid:552257399650561147,rds:PC_552257399650561147%7CPROD_PC_552257399650561147,headlineOfferDocid:8791015115851492548,catalogid:8278446482158484600,pvo:3,pvt:hg&hl=fr&gl=FR",,raw/51-shopping-B3.json.gz
B3,moustiquaire fenêtre sans perçage,27,Lot de 2 Moustiquaires Fenêtre sans Perçage 100x100cm,ManoMano.fr,15.61,EUR,,"https://google.fr/search?ibp=oshop&q=moustiquaire+fen%C3%AAtre+sans+per%C3%A7age&prds=gpcid:4272892313544083705,rds:PC_4272892313544083705%7CPROD_PC_4272892313544083705,headlineOfferDocid:15543749683406049173,catalogid:18118498534576219706,pvo:3,pvt:hg&hl=fr&gl=FR",,raw/51-shopping-B3.json.gz
B3,moustiquaire fenêtre sans perçage,28,Moustiquaire Magnétique Fenêtre 120 x 140 cm Rideau de Porte Aimanté Anti Moustique,Amazon.fr - Seller,19.99,EUR,,"https://google.fr/search?ibp=oshop&q=moustiquaire+fen%C3%AAtre+sans+per%C3%A7age&prds=gpcid:13700699203166387476,rds:PC_13700699203166387476%7CPROD_PC_13700699203166387476,headlineOfferDocid:1257133212190698191,catalogid:9285265160951615277,pvo:3,pvt:hg&hl=fr&gl=FR",,raw/51-shopping-B3.json.gz
B3,moustiquaire fenêtre sans perçage,29,Moustiquaire fenêtre pas besoin de percer de trous,Leroy Merlin,26.99,EUR,,"https://google.fr/search?ibp=oshop&q=moustiquaire+fen%C3%AAtre+sans+per%C3%A7age&prds=gpcid:5714673025399878570,rds:PC_5714673025399878570%7CPROD_PC_5714673025399878570,headlineOfferDocid:6303397661575942850,catalogid:4884139374729668890,pvo:3,pvt:hg&hl=fr&gl=FR",,raw/51-shopping-B3.json.gz
B3,moustiquaire fenêtre sans perçage,30,Werka Moustiquaire Aluminium Fixe Sans Percer 160 cm,Bricorama,39.99,EUR,,"https://google.fr/search?ibp=oshop&q=moustiquaire+fen%C3%AAtre+sans+per%C3%A7age&prds=gpcid:8655207409577802741,rds:PC_8655207409577802741%7CPROD_PC_8655207409577802741,headlineOfferDocid:8329432829751208735,catalogid:12168053374546322314,pvo:3,pvt:hg&hl=fr&gl=FR",,raw/51-shopping-B3.json.gz
B3,moustiquaire fenêtre sans perçage,31,irs Moustiquaire Adhésive,Jardiland,3.75,EUR,,"https://google.fr/search?ibp=oshop&q=moustiquaire+fen%C3%AAtre+sans+per%C3%A7age&prds=gpcid:466812235808535510,rds:PC_466812235808535510%7CPROD_PC_466812235808535510,headlineOfferDocid:16277461433835133493,catalogid:11238681542074200063,pvo:3,pvt:hg&hl=fr&gl=FR",,raw/51-shopping-B3.json.gz
B3,moustiquaire fenêtre sans perçage,32,"Moustiquaire Fenêtre 180x150 cm (Lot de 2) – DIY, Ajustable & Découpable – Sans Perçage, Maille Fine – Inclut Ruban Adhésif + Découpeur –Blanc",Amazon.fr - Seller,13.48,EUR,,"https://google.fr/search?ibp=oshop&q=moustiquaire+fen%C3%AAtre+sans+per%C3%A7age&prds=headlineOfferDocid:13855213064746253518,pvo:3,pvt:hg&hl=fr&gl=FR",,raw/51-shopping-B3.json.gz
B3,moustiquaire fenêtre sans perçage,33,Moustiquaire de fenêtre Auto-AdhéSif en Maille anti Moustique Fenetre Sans Perçage pour Fenetre de Balcon Salon Patio,Leroy Merlin,18.99,EUR,,"https://google.fr/search?ibp=oshop&q=moustiquaire+fen%C3%AAtre+sans+per%C3%A7age&prds=gpcid:7888125994789212380,rds:PC_7888125994789212380%7CPROD_PC_7888125994789212380,headlineOfferDocid:5658359396170259398,catalogid:2827762283302165766,pvo:3,pvt:hg&hl=fr&gl=FR",,raw/51-shopping-B3.json.gz
B3,moustiquaire fenêtre sans perçage,34,Moustiquaire Fenetre 60x140cm En Fibre de Verre Blanc Filet Très Dense,ManoMano.fr,20.67,EUR,,"https://google.fr/search?ibp=oshop&q=moustiquaire+fen%C3%AAtre+sans+per%C3%A7age&prds=gpcid:15628560274787722479,rds:PC_15628560274787722479%7CPROD_PC_15628560274787722479,headlineOfferDocid:13572227949735599435,catalogid:8367905580785193895,pvo:3,pvt:hg&hl=fr&gl=FR",,raw/51-shopping-B3.json.gz
B3,moustiquaire fenêtre sans perçage,35,"Moustiquaire, Sans Perçage, pour Fenêtre, 100 x 100 cm, Auto-Agrippante - Fixe",Store Menuiserie,6.9,EUR,,"https://google.fr/search?ibp=oshop&q=moustiquaire+fen%C3%AAtre+sans+per%C3%A7age&prds=headlineOfferDocid:9947108647627900448,pvo:3,pvt:hg&hl=fr&gl=FR",,raw/51-shopping-B3.json.gz
B3,moustiquaire fenêtre sans perçage,36,MYCARBON Lot de 4 moustiquaires pour fenêtre,Amazon.fr - Seller,25.99,EUR,,"https://google.fr/search?ibp=oshop&q=moustiquaire+fen%C3%AAtre+sans+per%C3%A7age&prds=gpcid:14153204635131637103,rds:PC_14153204635131637103%7CPROD_PC_14153204635131637103,headlineOfferDocid:4148021803771253712,catalogid:9189858142450598285,pvo:3,pvt:hg&hl=fr&gl=FR",,raw/51-shopping-B3.json.gz
B3,moustiquaire fenêtre sans perçage,37,Moustiquaire adhésive 150x180cm – sans perçage,Leroy Merlin,12.99,EUR,,"https://google.fr/search?ibp=oshop&q=moustiquaire+fen%C3%AAtre+sans+per%C3%A7age&prds=gpcid:10238046480188152962,rds:PC_10238046480188152962%7CPROD_PC_10238046480188152962,headlineOfferDocid:15653655697762970239,catalogid:13417514548094333825,pvo:3,pvt:hg&hl=fr&gl=FR",,raw/51-shopping-B3.json.gz
B3,moustiquaire fenêtre sans perçage,38,Moustiqu'Out V2 Pour Fenêtre,Moustiqu'Out,50.39,EUR,,"https://google.fr/search?ibp=oshop&q=moustiquaire+fen%C3%AAtre+sans+per%C3%A7age&prds=headlineOfferDocid:3593377014029781662,pvo:3,pvt:hg&hl=fr&gl=FR",,raw/51-shopping-B3.json.gz
B3,moustiquaire fenêtre sans perçage,39,Bksai Moustiquaire Fenetre anti moustique sans Percage Adhésif Toile Moustiquaire j,Amazon.fr - Seller,14.99,EUR,,"https://google.fr/search?ibp=oshop&q=moustiquaire+fen%C3%AAtre+sans+per%C3%A7age&prds=gpcid:16110390927041043098,rds:PC_16110390927041043098%7CPROD_PC_16110390927041043098,headlineOfferDocid:3188526891117709529,catalogid:8536578870642163581,pvo:3,pvt:hg&hl=fr&gl=FR",,raw/51-shopping-B3.json.gz
B3,moustiquaire fenêtre sans perçage,40,Moustiquaire de fenêtre sans perçage 150x200cm découpe sur mesure,ManoMano.fr,15.48,EUR,,"https://google.fr/search?ibp=oshop&q=moustiquaire+fen%C3%AAtre+sans+per%C3%A7age&prds=gpcid:11287554578519678748,rds:PC_11287554578519678748%7CPROD_PC_11287554578519678748,headlineOfferDocid:210868677692921505,catalogid:16125345617167686349,pvo:3,pvt:hg&hl=fr&gl=FR",,raw/51-shopping-B3.json.gz
C2,casque tv sans fil,1,Casque TV CGV Prelude 3,E.Leclerc,69.99,EUR,,"https://google.fr/search?ibp=oshop&q=casque+tv+sans+fil&prds=gpcid:12451722929472118956,rds:PC_12451722929472118956%7CPROD_PC_12451722929472118956,headlineOfferDocid:1410311468939204392,catalogid:9068224708758952555,pvo:3,pvt:hg&hl=fr&gl=FR",,raw/51-shopping-C2.json.gz
C2,casque tv sans fil,2,Casque Kaorka TV sans Fil,Electro Dépôt,39.95,EUR,,"https://google.fr/search?ibp=oshop&q=casque+tv+sans+fil&prds=gpcid:787825563219321126,rds:PC_787825563219321126%7CPROD_PC_787825563219321126,headlineOfferDocid:3392133947332816554,catalogid:13441188579918833333,pvo:3,pvt:hg&hl=fr&gl=FR",,raw/51-shopping-C2.json.gz
C2,casque tv sans fil,3,Casque TV sans fil Philips SHC5200M2/12,Fnac,41.99,EUR,,"https://google.fr/search?ibp=oshop&q=casque+tv+sans+fil&prds=gpcid:13012333885113375727,rds:PC_13012333885113375727%7CPROD_PC_13012333885113375727,headlineOfferDocid:4274588473751648061,catalogid:1330735451526960854,pvo:3,pvt:hg&hl=fr&gl=FR",,raw/51-shopping-C2.json.gz
C2,casque tv sans fil,4,Linkster Casque TV sans fil,E.Leclerc,29.9,EUR,,"https://google.fr/search?ibp=oshop&q=casque+tv+sans+fil&prds=headlineOfferDocid:12967152194564345829,catalogid:541670074942930769,pvo:3,pvt:hg&hl=fr&gl=FR",,raw/51-shopping-C2.json.gz
C2,casque tv sans fil,5,Casque TV Sennheiser RR 5200,Amazon.fr - Seller,139.9,EUR,,"https://google.fr/search?ibp=oshop&q=casque+tv+sans+fil&prds=gpcid:17140513513078009391,rds:PC_17140513513078009391%7CPROD_PC_17140513513078009391,headlineOfferDocid:12189097948967322040,catalogid:1688517191962141088,pvo:3,pvt:hg&hl=fr&gl=FR",,raw/51-shopping-C2.json.gz
C2,casque tv sans fil,6,Philips Casque TV sans fil,Darty,77.99,EUR,,"https://google.fr/search?ibp=oshop&q=casque+tv+sans+fil&prds=gpcid:11747805345375729661,rds:PC_11747805345375729661%7CPROD_PC_11747805345375729661,headlineOfferDocid:1395106123475181527,catalogid:16671385669756474648,pvo:3,pvt:hg&hl=fr&gl=FR",,raw/51-shopping-C2.json.gz
C2,casque tv sans fil,7,Meliconi Hp Digital Smart Casque Sans Fil / Jack 3.5 / Toslink / Noir,Electro Dépôt,49.95,EUR,,"https://google.fr/search?ibp=oshop&q=casque+tv+sans+fil&prds=gpcid:8481721803817158108,rds:PC_8481721803817158108%7CPROD_PC_8481721803817158108,headlineOfferDocid:71827326848588873,catalogid:12889901759420164678,pvo:3,pvt:hg&hl=fr&gl=FR",,raw/51-shopping-C2.json.gz
C2,casque tv sans fil,8,Casque TV CGV Prelude 3 Duo,E.Leclerc,98,EUR,,"https://google.fr/search?ibp=oshop&q=casque+tv+sans+fil&prds=gpcid:8313315796267604731,rds:PC_8313315796267604731%7CPROD_PC_8313315796267604731,headlineOfferDocid:13391973011373712035,catalogid:8896640121113144188,pvo:3,pvt:hg&hl=fr&gl=FR",,raw/51-shopping-C2.json.gz
C2,casque tv sans fil,9,Retekess Ta008 Casque Tv sans Fil écouteur Tv 2 pcs Faible Latence 2.4G,Amazon.fr - Seller,85.48,EUR,,"https://google.fr/search?ibp=oshop&q=casque+tv+sans+fil&prds=gpcid:10619948354108135733,rds:PC_10619948354108135733%7CPROD_PC_10619948354108135733,headlineOfferDocid:12844521186665533898,catalogid:4225385827935186837,pvo:3,pvt:hg&hl=fr&gl=FR",,raw/51-shopping-C2.json.gz
C2,casque tv sans fil,10,"newgen medicals Casque TV sans-fil 2,4 GHz et amplificateur de son",Cdiscount,69.95,EUR,,"https://google.fr/search?ibp=oshop&q=casque+tv+sans+fil&prds=gpcid:17769693043583376370,rds:PC_17769693043583376370%7CPROD_PC_17769693043583376370,headlineOfferDocid:438493792335753831,catalogid:15914865010848672302,pvo:3,pvt:hg&hl=fr&gl=FR",,raw/51-shopping-C2.json.gz
C2,casque tv sans fil,11,Casque TV ESSENTIELB CT-703,Boulanger,69.99,EUR,,"https://google.fr/search?ibp=oshop&q=casque+tv+sans+fil&prds=gpcid:7007485440344123206,rds:PC_7007485440344123206%7CPROD_PC_7007485440344123206,headlineOfferDocid:15359651308620517695,catalogid:17018195053422056848,pvo:3,pvt:hg&hl=fr&gl=FR",,raw/51-shopping-C2.json.gz
C2,casque tv sans fil,12,CGV Casque sans fil Dolfin Onyx,Son-Vidéo.com,79,EUR,,"https://google.fr/search?ibp=oshop&q=casque+tv+sans+fil&prds=gpcid:3377244742626623634,rds:PC_3377244742626623634%7CPROD_PC_3377244742626623634,headlineOfferDocid:1915447359509677911,catalogid:6248590147713465873,pvo:3,pvt:hg&hl=fr&gl=FR",,raw/51-shopping-C2.json.gz
C2,casque tv sans fil,13,"Casque Sans Fil pour Télévision, Casque Bluetooth et 2,4 GHz Double Mode avec Boîtier Émetteur, 5 Préréglages d'égaliseur avec Dialogue Clair,",Amazon.fr - Seller,57.99,EUR,,"https://google.fr/search?ibp=oshop&q=casque+tv+sans+fil&prds=headlineOfferDocid:2419399709240574574,pvo:3,pvt:hg&hl=fr&gl=FR",,raw/51-shopping-C2.json.gz
C2,casque tv sans fil,14,Casque TV Sennheiser RS 2000,Fnac,158.01,EUR,,"https://google.fr/search?ibp=oshop&q=casque+tv+sans+fil&prds=gpcid:4202063535742931295,rds:PC_4202063535742931295%7CPROD_PC_4202063535742931295,headlineOfferDocid:10884695132585554929,catalogid:12370768604469007500,pvo:3,pvt:hg&hl=fr&gl=FR",,raw/51-shopping-C2.json.gz
C2,casque tv sans fil,15,Retekess Ta005 Ta006 Casque sans fil pour regarder la télévision,Retekess FR,54.99,EUR,,"https://google.fr/search?ibp=oshop&q=casque+tv+sans+fil&prds=gpcid:6421223486824372346,rds:PC_6421223486824372346%7CPROD_PC_6421223486824372346,headlineOfferDocid:2052265407171945186,catalogid:11850374669531806160,pvo:3,pvt:hg&hl=fr&gl=FR",,raw/51-shopping-C2.json.gz
C2,casque tv sans fil,16,Casque TV CGV Dolfin Saphir,Darty.com,129.99,EUR,,"https://google.fr/search?ibp=oshop&q=casque+tv+sans+fil&prds=gpcid:468303959629058443,rds:PC_468303959629058443%7CPROD_PC_468303959629058443,headlineOfferDocid:15889499721060928726,catalogid:18144222093678258934,pvo:3,pvt:hg&hl=fr&gl=FR",,raw/51-shopping-C2.json.gz
C2,casque tv sans fil,17,"Casque TV sans Fil pour Seniors - Casques TV Bluetooth 5,3 & 2,4G Supra-Auriculaire avec Base d'émetteur Rechargeable (Optique/RCA/AUX), Grands",Amazon.fr - Seller,75.09,EUR,,"https://google.fr/search?ibp=oshop&q=casque+tv+sans+fil&prds=headlineOfferDocid:1930487679426534638,pvo:3,pvt:hg&hl=fr&gl=FR",,raw/51-shopping-C2.json.gz
C2,casque tv sans fil,18,Sennheiser Casque RS 5000,Back Market,104,EUR,,"https://google.fr/search?ibp=oshop&q=casque+tv+sans+fil&prds=gpcid:9733159277464057586,rds:PC_9733159277464057586%7CPROD_PC_9733159277464057586,headlineOfferDocid:8788126596153951170,catalogid:6224155116120000672,pvo:3,pvt:hg&hl=fr&gl=FR",,raw/51-shopping-C2.json.gz
C2,casque tv sans fil,19,CGV Casque TV Sans Fil Noir,Cdiscount,48.85,EUR,,"https://google.fr/search?ibp=oshop&q=casque+tv+sans+fil&prds=gpcid:163805195321630894,rds:PC_163805195321630894%7CPROD_PC_163805195321630894,headlineOfferDocid:14378103320101832659,catalogid:13372789846036386121,pvo:3,pvt:hg&hl=fr&gl=FR",,raw/51-shopping-C2.json.gz
C2,casque tv sans fil,20,Casque TV Sennheiser RS 120-W,Fnac,100.99,EUR,,"https://google.fr/search?ibp=oshop&q=casque+tv+sans+fil&prds=gpcid:15125226875199854518,rds:PC_15125226875199854518%7CPROD_PC_15125226875199854518,headlineOfferDocid:10471298485058746622,catalogid:12446534332186578665,pvo:3,pvt:hg&hl=fr&gl=FR",,raw/51-shopping-C2.json.gz
C2,casque tv sans fil,21,"Daysnew Casque sans Fil pour Regarder la télévision avec Station de Charge et émetteur RF, Casque TV Confortable pour Seniors, Compatible avec Toutes",Amazon.fr - Seller,89.99,EUR,,"https://google.fr/search?ibp=oshop&q=casque+tv+sans+fil&prds=headlineOfferDocid:6532455207651201779,pvo:3,pvt:hg&hl=fr&gl=FR",,raw/51-shopping-C2.json.gz
C2,casque tv sans fil,22,Casque Nedis HPRF321BK sans fil RF pour TV avec base de Charge,Carrefour,109.58,EUR,,"https://google.fr/search?ibp=oshop&q=casque+tv+sans+fil&prds=gpcid:15742126159267144655,rds:PC_15742126159267144655%7CPROD_PC_15742126159267144655,headlineOfferDocid:7600225722926030024,catalogid:9062934977989752822,pvo:3,pvt:hg&hl=fr&gl=FR",,raw/51-shopping-C2.json.gz
C2,casque tv sans fil,23,Casque TV Muse AVEC BASE de CHARGEMENT ET D EMISSION,Darty,52.99,EUR,,"https://google.fr/search?ibp=oshop&q=casque+tv+sans+fil&prds=gpcid:7001900253599127525,rds:PC_7001900253599127525%7CPROD_PC_7001900253599127525,headlineOfferDocid:12113407792994082450,catalogid:6248424794386086664,pvo:3,pvt:hg&hl=fr&gl=FR",,raw/51-shopping-C2.json.gz
C2,casque tv sans fil,24,Thomson Casque Sans Fil,Cash Express,29.99,EUR,,"https://google.fr/search?ibp=oshop&q=casque+tv+sans+fil&prds=gpcid:7376895821944882055,rds:PC_7376895821944882055%7CPROD_PC_7376895821944882055,headlineOfferDocid:18162080330094452515,catalogid:15879175771856150358,pvo:3,pvt:hg&hl=fr&gl=FR",,raw/51-shopping-C2.json.gz
C2,casque tv sans fil,25,"Ayaminolk Casque TV sans Fil pour Seniors et Adultes, Casque Supra-auriculaire 2.4G et Bluetooth 5.3 avec Émetteur USB, 10 Heures d'Autonomie Latence",Amazon.fr - Seller,31.88,EUR,,"https://google.fr/search?ibp=oshop&q=casque+tv+sans+fil&prds=headlineOfferDocid:4181114050235587109,pvo:3,pvt:hg&hl=fr&gl=FR",,raw/51-shopping-C2.json.gz
C2,casque tv sans fil,26,Hama Casque sans fil 00221848,123consommables.com,67.99,EUR,,"https://google.fr/search?ibp=oshop&q=casque+tv+sans+fil&prds=gpcid:17018658178858427183,rds:PC_17018658178858427183%7CPROD_PC_17018658178858427183,headlineOfferDocid:14819476638965067795,catalogid:4344878165146009508,pvo:3,pvt:hg&hl=fr&gl=FR",,raw/51-shopping-C2.json.gz
C2,casque tv sans fil,27,"Casque Tv Sans Fil Bluetooth, Stéréo Hifi Supra-auriculaire",ManoMano.fr,63.2,EUR,,"https://google.fr/search?ibp=oshop&q=casque+tv+sans+fil&prds=headlineOfferDocid:15863485125344685954,catalogid:1313941097018887278,pvo:3,pvt:hg&hl=fr&gl=FR",,raw/51-shopping-C2.json.gz
C2,casque tv sans fil,28,T'nB Casque Tv Bluetooth,Carrefour,39.64,EUR,,"https://google.fr/search?ibp=oshop&q=casque+tv+sans+fil&prds=gpcid:14159948616771035880,rds:PC_14159948616771035880%7CPROD_PC_14159948616771035880,headlineOfferDocid:10924834712890048421,catalogid:10371495539222043168,pvo:3,pvt:hg&hl=fr&gl=FR",,raw/51-shopping-C2.json.gz
C2,casque tv sans fil,29,"Holdsound Casque TV sans Fil avec Émetteur USB Câble Extension, Plug & Play, Son Net, Dialogues Clairs, 50m Portée sans Fil, Cuir Protéiné Mousse",Amazon.fr - Seller,59.99,EUR,,"https://google.fr/search?ibp=oshop&q=casque+tv+sans+fil&prds=headlineOfferDocid:17624307903979436832,pvo:3,pvt:hg&hl=fr&gl=FR",,raw/51-shopping-C2.json.gz
C2,casque tv sans fil,30,Inovalley CAQ02 Double casque TV,Darty,19.4,EUR,,"https://google.fr/search?ibp=oshop&q=casque+tv+sans+fil&prds=gpcid:15912489787805652532,rds:PC_15912489787805652532%7CPROD_PC_15912489787805652532,headlineOfferDocid:17901447376791365271,catalogid:10910766809850588513,pvo:3,pvt:hg&hl=fr&gl=FR",,raw/51-shopping-C2.json.gz
C2,casque tv sans fil,31,"SBS Casque TV sans fil avec adaptateur jack 3,5 mm pour l'audio sans fil",Decathlon.fr,34.99,EUR,,"https://google.fr/search?ibp=oshop&q=casque+tv+sans+fil&prds=gpcid:14584900265191515152,rds:PC_14584900265191515152%7CPROD_PC_14584900265191515152,headlineOfferDocid:17445736595374380485,catalogid:16776866822850439312,pvo:3,pvt:hg&hl=fr&gl=FR",,raw/51-shopping-C2.json.gz
C2,casque tv sans fil,32,Casque Soundcore Q20i,Son-Vidéo.com,33.99,EUR,,"https://google.fr/search?ibp=oshop&q=casque+tv+sans+fil&prds=gpcid:1112363772895043471,rds:PC_1112363772895043471%7CPROD_PC_1112363772895043471,headlineOfferDocid:8158716413723263866,catalogid:4602286582194268609,pvo:3,pvt:hg&hl=fr&gl=FR",,raw/51-shopping-C2.json.gz
C2,casque tv sans fil,33,Technaxx Casque TV avec station de base,Amazon.fr - Seller,62.14,EUR,,"https://google.fr/search?ibp=oshop&q=casque+tv+sans+fil&prds=gpcid:16649049154350416250,rds:PC_16649049154350416250%7CPROD_PC_16649049154350416250,headlineOfferDocid:6499481198665722193,catalogid:8032527025482336883,pvo:3,pvt:hg&hl=fr&gl=FR",,raw/51-shopping-C2.json.gz
C2,casque tv sans fil,34,Casque de télévision sans fil Bluetooth Gobro Modèle Gobro Écouteurs Hifi Basses profondes Clé émetteur Vert,Cdiscount,16.72,EUR,,"https://google.fr/search?ibp=oshop&q=casque+tv+sans+fil&prds=headlineOfferDocid:16917512547787781131,pvo:3,pvt:hg&hl=fr&gl=FR",,raw/51-shopping-C2.json.gz
C2,casque tv sans fil,35,CGV DOLFIN ONYX DUO Casque TV sans fil,E.Leclerc,110.8,EUR,,"https://google.fr/search?ibp=oshop&q=casque+tv+sans+fil&prds=gpcid:12233341317632381143,rds:PC_12233341317632381143%7CPROD_PC_12233341317632381143,headlineOfferDocid:17377534152304176100,catalogid:8744017997107778215,pvo:3,pvt:hg&hl=fr&gl=FR",,raw/51-shopping-C2.json.gz
C2,casque tv sans fil,36,Sennheiser RS 175 U,Darty.com,199.99,EUR,,"https://google.fr/search?ibp=oshop&q=casque+tv+sans+fil&prds=gpcid:18195155791420612652,rds:PC_18195155791420612652%7CPROD_PC_18195155791420612652,headlineOfferDocid:5183637132018835114,catalogid:4782993357241683062,pvo:3,pvt:hg&hl=fr&gl=FR",,raw/51-shopping-C2.json.gz
C2,casque tv sans fil,37,Newgen Medicals Casque TV sans fil Premium avec amplificateur audio,Amazon.fr - Seller,119.95,EUR,,"https://google.fr/search?ibp=oshop&q=casque+tv+sans+fil&prds=gpcid:1341508275102754404,rds:PC_1341508275102754404%7CPROD_PC_1341508275102754404,headlineOfferDocid:17006999197063918703,catalogid:2149767681181441719,pvo:3,pvt:hg&hl=fr&gl=FR",,raw/51-shopping-C2.json.gz
C2,casque tv sans fil,38,Meliconi Casque Tv stéthoscope Easyaudio,Carrefour,100.41,EUR,,"https://google.fr/search?ibp=oshop&q=casque+tv+sans+fil&prds=gpcid:10514223224066030239,rds:PC_10514223224066030239%7CPROD_PC_10514223224066030239,headlineOfferDocid:11832305473016834000,catalogid:8875700112845352782,pvo:3,pvt:hg&hl=fr&gl=FR",,raw/51-shopping-C2.json.gz
C2,casque tv sans fil,39,Casque Sans Fil 5 En 1 Avec Microphone Radio FM TV Télévision,ManoMano.fr,16.9,EUR,,"https://google.fr/search?ibp=oshop&q=casque+tv+sans+fil&prds=gpcid:17083201742381914378,rds:PC_17083201742381914378%7CPROD_PC_17083201742381914378,headlineOfferDocid:1285535394374884072,catalogid:8351557524146473084,pvo:3,pvt:hg&hl=fr&gl=FR",,raw/51-shopping-C2.json.gz
C2,casque tv sans fil,40,ZANCHIE Casque TV sans Fil pour Television avec RF Émetteur avec Bluetooth | Over-Ear Casque Audio sans Fil pour Television support de casque avec,Amazon.fr - Seller,59.99,EUR,,"https://google.fr/search?ibp=oshop&q=casque+tv+sans+fil&prds=headlineOfferDocid:6526275184427202025,pvo:3,pvt:hg&hl=fr&gl=FR",,raw/51-shopping-C2.json.gz
C6,poêle titane,1,Poêle en titane pur martelé Pro avec couvercle légère batterie de cuisine Titanium Pro,Amazon.fr - Seller,59.99,EUR,,"https://google.fr/search?ibp=oshop&q=po%C3%AAle+titane&prds=gpcid:7727464258110367356,rds:PC_7727464258110367356%7CPROD_PC_7727464258110367356,headlineOfferDocid:16714385314795662383,catalogid:13029061099109166085,pvo:3,pvt:hg&hl=fr&gl=FR",,raw/51-shopping-C6.json.gz
C6,poêle titane,2,Laguiole Poêle en titane triplex induction,Simco cash,199.99,EUR,,"https://google.fr/search?ibp=oshop&q=po%C3%AAle+titane&prds=gpcid:12526762111441001770,rds:PC_12526762111441001770%7CPROD_PC_12526762111441001770,headlineOfferDocid:5745854764796275045,catalogid:14410704058616497374,pvo:3,pvt:hg&hl=fr&gl=FR",,raw/51-shopping-C6.json.gz
C6,poêle titane,3,Poêle en Titane - Sans PFOA ni Revêtement - Antiadhérente & Résistante - 22cm - TitaneX by Casanaö,Casanaö,69.9,EUR,,"https://google.fr/search?ibp=oshop&q=po%C3%AAle+titane&prds=headlineOfferDocid:6055428900255716107,pvo:3,pvt:hg&hl=fr&gl=FR",,raw/51-shopping-C6.json.gz
C6,poêle titane,4,Poêle Titanium Lacor,Nature et Vitalité,48.5,EUR,,"https://google.fr/search?ibp=oshop&q=po%C3%AAle+titane&prds=gpcid:13727138498550864371,rds:PC_13727138498550864371%7CPROD_PC_13727138498550864371,headlineOfferDocid:18144399209655535288,catalogid:2286304984289853839,pvo:3,pvt:hg&hl=fr&gl=FR",,raw/51-shopping-C6.json.gz
C6,poêle titane,5,"Poele Titane,Poêle en titane Pro avec couvercle de 26cm/28cm/30cm,poêle à frire en titane, ultra-résistante, anti-rayures, antiadhésive, poêles",Amazon.fr - Seller,39.99,EUR,,"https://google.fr/search?ibp=oshop&q=po%C3%AAle+titane&prds=headlineOfferDocid:15747694821816023572,pvo:3,pvt:hg&hl=fr&gl=FR",,raw/51-shopping-C6.json.gz
C6,poêle titane,6,poêle en titane antiadhésive multifonctionnelle martelée résistante aux rayures poêle à frire en titane premium non revêtue,OnBuy.com,40.39,EUR,,"https://google.fr/search?ibp=oshop&q=po%C3%AAle+titane&prds=gpcid:11647656282566250834,rds:PC_11647656282566250834%7CPROD_PC_11647656282566250834,headlineOfferDocid:16403387132099399036,catalogid:18310703407640880724,pvo:3,pvt:hg&hl=fr&gl=FR",,raw/51-shopping-C6.json.gz
C6,poêle titane,7,Poêle Martelée en Titane Pro,siraatskitchen.com,130.95,EUR,,"https://google.fr/search?ibp=oshop&q=po%C3%AAle+titane&prds=gpcid:17822001913546785558,rds:PC_17822001913546785558%7CPROD_PC_17822001913546785558,headlineOfferDocid:15303552562490079621,catalogid:10818639169667382541,pvo:3,pvt:hg&hl=fr&gl=FR",,raw/51-shopping-C6.json.gz
C6,poêle titane,8,Poêle en Titane Durable,Le Mitigeur,81.95,EUR,,"https://google.fr/search?ibp=oshop&q=po%C3%AAle+titane&prds=gpcid:9573696631654776077,rds:PC_9573696631654776077%7CPROD_PC_9573696631654776077,headlineOfferDocid:1944234764194866592,catalogid:3646203989572738907,pvo:3,pvt:hg&hl=fr&gl=FR",,raw/51-shopping-C6.json.gz
C6,poêle titane,9,Boundless Voyage Ultraléger Titane Poêle à Frire avec Poignée Pliante,Amazon.fr - Seller,18.99,EUR,,"https://google.fr/search?ibp=oshop&q=po%C3%AAle+titane&prds=gpcid:18219323246548512022,rds:PC_18219323246548512022%7CPROD_PC_18219323246548512022,headlineOfferDocid:12333515307597300248,catalogid:7099578052826258218,pvo:3,pvt:hg&hl=fr&gl=FR",,raw/51-shopping-C6.json.gz
C6,poêle titane,10,GSW Poêle Titanium Granit Plus,Lidl.fr,24.99,EUR,,"https://google.fr/search?ibp=oshop&q=po%C3%AAle+titane&prds=gpcid:14582654891837933144,rds:PC_14582654891837933144%7CPROD_PC_14582654891837933144,headlineOfferDocid:12491563018311434980,catalogid:10545391101240409992,pvo:3,pvt:hg&hl=fr&gl=FR",,raw/51-shopping-C6.json.gz
C6,poêle titane,11,"Poêle à Frire en Titane 28 cm avec Couvercle, Motif Martelé, Anti Adhésive, Résistante aux Rayures, pour Cuisine et Camping Gris TTLIFE",Cdiscount,48.94,EUR,,"https://google.fr/search?ibp=oshop&q=po%C3%AAle+titane&prds=headlineOfferDocid:4672544190198123019,pvo:3,pvt:hg&hl=fr&gl=FR",,raw/51-shopping-C6.json.gz
C6,poêle titane,12,Poêle à frire professionnelle en titane martelé avec couvercle,LightInTheBox,68.99,EUR,,"https://google.fr/search?ibp=oshop&q=po%C3%AAle+titane&prds=gpcid:13145695363390116535,rds:PC_13145695363390116535%7CPROD_PC_13145695363390116535,headlineOfferDocid:5008946036890625307,catalogid:9227291238188946986,pvo:3,pvt:hg&hl=fr&gl=FR",,raw/51-shopping-C6.json.gz
C6,poêle titane,13,"Kouamor Poêle en titane Pro avec couvercle de 25,4 cm/27,9 cm/30,5 cm, poêle à frire en titane, ultra-résistante, anti-rayures, antiadhésive, poêles",Amazon.fr - Seller,39.99,EUR,,"https://google.fr/search?ibp=oshop&q=po%C3%AAle+titane&prds=headlineOfferDocid:12847715061311812366,pvo:3,pvt:hg&hl=fr&gl=FR",,raw/51-shopping-C6.json.gz
C6,poêle titane,14,STONELINE VERY TITAN Lot de poêles 3 pièces 20/24/28 cm,Stoneline,38.21,EUR,,"https://google.fr/search?ibp=oshop&q=po%C3%AAle+titane&prds=gpcid:7844083676333291289,rds:PC_7844083676333291289%7CPROD_PC_7844083676333291289,headlineOfferDocid:11814166955202117660,catalogid:1692076331500602325,pvo:3,pvt:hg&hl=fr&gl=FR",,raw/51-shopping-C6.json.gz
C6,poêle titane,15,Poêle À Frire En Titane 26 cm – Antiadhésive Résistante Aux Rayures – Couvercle Inclus,ManoMano.fr,38.74,EUR,,"https://google.fr/search?ibp=oshop&q=po%C3%AAle+titane&prds=gpcid:8487552857078529611,rds:PC_8487552857078529611%7CPROD_PC_8487552857078529611,headlineOfferDocid:11130401445429458663,catalogid:14883160490259626966,pvo:3,pvt:hg&hl=fr&gl=FR",,raw/51-shopping-C6.json.gz
C6,poêle titane,16,Poêle en titane pathfinder,ConditionsExtremes,42.6,EUR,,"https://google.fr/search?ibp=oshop&q=po%C3%AAle+titane&prds=gpcid:8021022453454678929,rds:PC_8021022453454678929%7CPROD_PC_8021022453454678929,headlineOfferDocid:5777170223499302168,catalogid:17209480338658448873,pvo:3,pvt:hg&hl=fr&gl=FR",,raw/51-shopping-C6.json.gz
C6,poêle titane,17,"Poele Titanox, Titanex Poele En Titane, Poêle À Frire Antiadhésive Sans Revêtement Pour Cuisine Saine, Poêle Titane Pro À Induction Pour Rôtir, Cuire",Amazon.fr - Seller,55.99,EUR,,"https://google.fr/search?ibp=oshop&q=po%C3%AAle+titane&prds=headlineOfferDocid:11379141560123264069,pvo:3,pvt:hg&hl=fr&gl=FR",,raw/51-shopping-C6.json.gz
C6,poêle titane,18,Poêle IH Hard Titanium Unlimited,Cdiscount,41.4,EUR,,"https://google.fr/search?ibp=oshop&q=po%C3%AAle+titane&prds=gpcid:1167821204573112575,rds:PC_1167821204573112575%7CPROD_PC_1167821204573112575,headlineOfferDocid:4925421029068640728,catalogid:15032540281863967178,pvo:3,pvt:hg&hl=fr&gl=FR",,raw/51-shopping-C6.json.gz
C6,poêle titane,19,Beka Poêle Titan,Mathon.fr,63,EUR,,"https://google.fr/search?ibp=oshop&q=po%C3%AAle+titane&prds=gpcid:4084005006521573148,rds:PC_4084005006521573148%7CPROD_PC_4084005006521573148,headlineOfferDocid:10237432802516006642,catalogid:17405055836697531825,pvo:3,pvt:hg&hl=fr&gl=FR",,raw/51-shopping-C6.json.gz
C6,poêle titane,20,"Poêle Signature en Titane Pur Forneau — Sans PFAS, Compatible Induction, 20cm — Petite",Forneau,99,EUR,,"https://google.fr/search?ibp=oshop&q=po%C3%AAle+titane&prds=headlineOfferDocid:13400732110908970360,pvo:3,pvt:hg&hl=fr&gl=FR",,raw/51-shopping-C6.json.gz
C6,poêle titane,21,"Poêle En Titane, Multi-Tailles 22/24/26/28/30 Cm – Antiadhésive Naturelle Sans Revêtement Chimique, Surface Martelée Chauffe Ultra-Rapide – Compatible",Amazon.fr - Seller,52.99,EUR,,"https://google.fr/search?ibp=oshop&q=po%C3%AAle+titane&prds=headlineOfferDocid:15817793811307600077,pvo:3,pvt:hg&hl=fr&gl=FR",,raw/51-shopping-C6.json.gz
C6,poêle titane,22,Poêle revêtement titane Antracit Collection,Carrefour,57.99,EUR,,"https://google.fr/search?ibp=oshop&q=po%C3%AAle+titane&prds=gpcid:6759619718039452899,rds:PC_6759619718039452899%7CPROD_PC_6759619718039452899,headlineOfferDocid:8822587112021857762,catalogid:6267555309545341434,pvo:3,pvt:hg&hl=fr&gl=FR",,raw/51-shopping-C6.json.gz
C6,poêle titane,23,Castey - Poêle revêtement titane - 18 cm - Showroomprivé,Outlet PC FR,9.99,EUR,,"https://google.fr/search?ibp=oshop&q=po%C3%AAle+titane&prds=gpcid:3698893870327487169,rds:PC_3698893870327487169%7CPROD_PC_3698893870327487169,headlineOfferDocid:16869591324118211920,catalogid:12844918620605316807,pvo:3,pvt:hg&hl=fr&gl=FR",,raw/51-shopping-C6.json.gz
C6,poêle titane,24,"Poêle À Frire, Alliage de Titane, Surface Antiadhésive, 26cm",ManoMano.fr,97.99,EUR,,"https://google.fr/search?ibp=oshop&q=po%C3%AAle+titane&prds=headlineOfferDocid:8567524159934110387,catalogid:9133114609164794088,pvo:3,pvt:hg&hl=fr&gl=FR",,raw/51-shopping-C6.json.gz
C6,poêle titane,25,Poêle Pierre Antiadhésive Bastilipo Titanium Pro en Fonte d'Aluminium,Leroy Merlin,29.56,EUR,,"https://google.fr/search?ibp=oshop&q=po%C3%AAle+titane&prds=gpcid:9949067760193949409,rds:PC_9949067760193949409%7CPROD_PC_9949067760193949409,headlineOfferDocid:15345904826988425122,catalogid:1080772774622599538,pvo:3,pvt:hg&hl=fr&gl=FR",,raw/51-shopping-C6.json.gz
C6,poêle titane,26,"Poêle martelée en Titane Professionnelle avec Couvercle, poêles en Titane antiadhésives pour la Cuisson, Batterie de Cuisine (20 cm)",Amazon.fr - Seller,40.67,EUR,,"https://google.fr/search?ibp=oshop&q=po%C3%AAle+titane&prds=headlineOfferDocid:9764309105124532136,pvo:3,pvt:hg&hl=fr&gl=FR",,raw/51-shopping-C6.json.gz
C6,poêle titane,27,Poêle Titane Antiadhésive Surface Martelée Unique couvercle,Le Mitigeur,69.95,EUR,,"https://google.fr/search?ibp=oshop&q=po%C3%AAle+titane&prds=gpcid:8298308612548716134,rds:PC_8298308612548716134%7CPROD_PC_8298308612548716134,headlineOfferDocid:2609946940920325752,catalogid:12386073855747627382,pvo:3,pvt:hg&hl=fr&gl=FR",,raw/51-shopping-C6.json.gz
C6,poêle titane,28,Briebe Poêle à Griller Induction Antiadhésif Titane Fonte d'Aluminium sans PFOA,Decathlon.fr,52.99,EUR,,"https://google.fr/search?ibp=oshop&q=po%C3%AAle+titane&prds=gpcid:13632107996848837604,rds:PC_13632107996848837604%7CPROD_PC_13632107996848837604,headlineOfferDocid:7652014335310368144,catalogid:9022063616908379989,pvo:3,pvt:hg&hl=fr&gl=FR",,raw/51-shopping-C6.json.gz
C6,poêle titane,29,Hendi Poêle à frire Titanium Professional,metro.fr,75.44,EUR,,"https://google.fr/search?ibp=oshop&q=po%C3%AAle+titane&prds=gpcid:12343980377957276562,rds:PC_12343980377957276562%7CPROD_PC_12343980377957276562,headlineOfferDocid:2494898300922796164,catalogid:930241348862039704,pvo:3,pvt:hg&hl=fr&gl=FR",,raw/51-shopping-C6.json.gz
C6,poêle titane,30,naturepan Poêle Céramique Diamant Titane 28 cm - Revêtement Antiadhésif Sans PTFE/PFOA/PFAS - Poignée Restant Froide - Compatible Induction & Four -,Amazon.fr - Seller,39.99,EUR,,"https://google.fr/search?ibp=oshop&q=po%C3%AAle+titane&prds=headlineOfferDocid:5239999568853455113,pvo:3,pvt:hg&hl=fr&gl=FR",,raw/51-shopping-C6.json.gz
C6,poêle titane,31,Poêle à Frire Titane Inox 28cm avec Couvercle | Fond Triple Couche | Compatible Tous Feux | Antiraies & Antiadhésive Gris UVERBON,Cdiscount,41.99,EUR,,"https://google.fr/search?ibp=oshop&q=po%C3%AAle+titane&prds=headlineOfferDocid:4380664289816716104,pvo:3,pvt:hg&hl=fr&gl=FR",,raw/51-shopping-C6.json.gz
C6,poêle titane,32,Poêle en Titane Pro 100% Titane Antiadhésive Pur Non Toxique,siraatskitchen.com,99.95,EUR,,"https://google.fr/search?ibp=oshop&q=po%C3%AAle+titane&prds=gpcid:8304933034355272101,rds:PC_8304933034355272101%7CPROD_PC_8304933034355272101,headlineOfferDocid:15220942296754118239,catalogid:11219029850740683244,pvo:3,pvt:hg&hl=fr&gl=FR",,raw/51-shopping-C6.json.gz
C6,poêle titane,33,"Neptune – Poêle À Frire En Titane 28 Cm – Acier Inoxydable Triple Couche – Surface Martelée Antiadhésive – Compatible Induction, Gaz, Électrique",ManoMano.fr,69.24,EUR,,"https://google.fr/search?ibp=oshop&q=po%C3%AAle+titane&prds=headlineOfferDocid:3586392619359099073,pvo:3,pvt:hg&hl=fr&gl=FR",,raw/51-shopping-C6.json.gz
C6,poêle titane,34,TOAKS Poêle à frire en titane pour camping,Amazon.fr - Seller,27.48,EUR,,"https://google.fr/search?ibp=oshop&q=po%C3%AAle+titane&prds=gpcid:2557329214053308220,rds:PC_2557329214053308220%7CPROD_PC_2557329214053308220,headlineOfferDocid:6489451117402640283,catalogid:7329824891907116084,pvo:3,pvt:hg&hl=fr&gl=FR",,raw/51-shopping-C6.json.gz
C6,poêle titane,35,"Poêle à Frire en Titane | Antiadhésive, Durable et Facile à Nettoyer, Standard (28CM/11.0”) / Pas de couvercle",Lasora Lumière,79.95,EUR,,"https://google.fr/search?ibp=oshop&q=po%C3%AAle+titane&prds=headlineOfferDocid:9780708165924230312,pvo:3,pvt:hg&hl=fr&gl=FR",,raw/51-shopping-C6.json.gz
C6,poêle titane,36,Poêle 28cm Titanium Force Tefal,Kazomia,37.2,EUR,,"https://google.fr/search?ibp=oshop&q=po%C3%AAle+titane&prds=gpcid:4910622529434785519,rds:PC_4910622529434785519%7CPROD_PC_4910622529434785519,headlineOfferDocid:10514044390610952898,catalogid:18314581140024944436,pvo:3,pvt:hg&hl=fr&gl=FR",,raw/51-shopping-C6.json.gz
C6,poêle titane,37,"WANWEN Poêle en titane avec couvercle, poêle en titane pur pour la cuisson, naturellement antiadhésives pour toutes les plaques de cuisson (no lid,",Amazon.fr - Seller,54.99,EUR,,"https://google.fr/search?ibp=oshop&q=po%C3%AAle+titane&prds=headlineOfferDocid:13685433897197558949,pvo:3,pvt:hg&hl=fr&gl=FR",,raw/51-shopping-C6.json.gz
C6,poêle titane,38,Poêle revêtement titane Leonardo Collection,Cdiscount,19,EUR,,"https://google.fr/search?ibp=oshop&q=po%C3%AAle+titane&prds=gpcid:1152310887447971863,rds:PC_1152310887447971863%7CPROD_PC_1152310887447971863,headlineOfferDocid:9483034578868158224,catalogid:876034553585937016,pvo:3,pvt:hg&hl=fr&gl=FR",,raw/51-shopping-C6.json.gz
C6,poêle titane,39,"Poêle À Frire, Alliage De Titane, Surface Antiadhésive, L-11in/28cm",ManoMano.fr,113.99,EUR,,"https://google.fr/search?ibp=oshop&q=po%C3%AAle+titane&prds=headlineOfferDocid:3525567904946811652,pvo:3,pvt:hg&hl=fr&gl=FR",,raw/51-shopping-C6.json.gz
C6,poêle titane,40,"Builrand Poêle en titane pur, 26 cm, avec motif martelé, anti-adhésive, anti-adhésive, martelée, avec couvercle et spatule, poêle en titane non",Amazon.fr - Seller,79.99,EUR,,"https://google.fr/search?ibp=oshop&q=po%C3%AAle+titane&prds=headlineOfferDocid:5891135158701970494,pvo:3,pvt:hg&hl=fr&gl=FR",,raw/51-shopping-C6.json.gz
