candidate_id,query,product_id,title,discovery_price,currency,rating_discovery,orders_discovery,canonical_url,raw,observed_at_utc,confidence
A1,folding lock,1005008904135607,"Serrure de porte coulissante sans perçage pour enfants, serrure de sécurité pour fenêtre coulissante, limiteur Anti-chute de grande hauteur, loquet de sécurité antivol",2.96,EUR,4.4,"5,000+",https://www.aliexpress.com/item/1005008904135607.html,sourcing/A1-search-0.json,2026-09-03T14:38:04.316799+00:00,"C — liste de découverte, pertinence non garantie"
A1,folding lock,1005008226144228,Serrure de vélo serrure à chaîne en fil d'acier VTT moto Code antivol serrure à câble métallique en acier serrure à bagages serrure de casque,3.89,EUR,4.5,"5,000+",https://www.aliexpress.com/item/1005008226144228.html,sourcing/A1-search-0.json,2026-09-03T14:38:04.316799+00:00,"C — liste de découverte, pertinence non garantie"
A1,folding lock,1005008148359428,"Loquet magnétique pour armoire, porte Ultra fine, aimants puissants, bouchon adhésif Invisible, serrure magnétique pour tiroir, pour ferme- placard de cuisine",2.00,EUR,4.7,"5,000+",https://www.aliexpress.com/item/1005008148359428.html,sourcing/A1-search-0.json,2026-09-03T14:38:04.316799+00:00,"C — liste de découverte, pertinence non garantie"
A1,folding lock,1005008071247809,"Serrure de sécurité pour tiroir de bébé, serrures d'armoire de sécurité pour enfants, loquets adhésifs pour porte de tiroir d'armoire, sangles de sécurité pour bébé",1.45,EUR,4.5,"4,000+",https://www.aliexpress.com/item/1005008071247809.html,sourcing/A1-search-0.json,2026-09-03T14:38:04.316799+00:00,"C — liste de découverte, pertinence non garantie"
A1,folding lock,1005008570592245,"KERUI – cadenas intelligent à empreintes digitales, étanche, serrure de porte sans clé, Type C, cadenas de sécurité Rechargeable pour maison",13.29,EUR,4.7,"4,000+",https://www.aliexpress.com/item/1005008570592245.html,sourcing/A1-search-0.json,2026-09-03T14:38:04.316799+00:00,"C — liste de découverte, pertinence non garantie"
A1,folding lock,1005009504412305,"Serrure antivol pour vélo électrique, frein de vélo, poignée de guidon, Portable, prévention du vol, serrures de moto, accessoires de cyclisme",4.39,EUR,4.5,"3,000+",https://www.aliexpress.com/item/1005009504412305.html,sourcing/A1-search-0.json,2026-09-03T14:38:04.316799+00:00,"C — liste de découverte, pertinence non garantie"
A1,folding lock,1005010371049096,"Verrouillage du volant de voiture, câble en acier antivol, dispositif de sécurité universel adapté aux véhicules, prévention du vol, corde de sécurité Durable",11.19,EUR,4.8,"3,000+",https://www.aliexpress.com/item/1005010371049096.html,sourcing/A1-search-0.json,2026-09-03T14:38:04.316799+00:00,"C — liste de découverte, pertinence non garantie"
A1,folding lock,1005010255340340,"Verrou de guidon de moto antivol, poignée d'accélérateur, frein d'embrayage, réglable, universel pour motos, Scooter, vélo électrique",6.99,EUR,4.2,"2,000+",https://www.aliexpress.com/item/1005010255340340.html,sourcing/A1-search-0.json,2026-09-03T14:38:04.316799+00:00,"C — liste de découverte, pertinence non garantie"
A1,folding lock,1005006381994699,"MELCabinet-Serrure de boîte aux lettres, serrure de Psychà came, planche Chi, porte, languette, 2 clés, quincaillerie de meubles",2.37,EUR,4.7,"2,000+",https://www.aliexpress.com/item/1005006381994699.html,sourcing/A1-search-0.json,2026-09-03T14:38:04.316799+00:00,"C — liste de découverte, pertinence non garantie"
A1,folding lock,1005010137532981,DOMEN vélo antivol chaîne serrure vélo Portable métal acier avec 2 clés serrure de sécurité moto vélo serrure vélo accessoires,4.19,EUR,4.5,"2,000+",https://www.aliexpress.com/item/1005010137532981.html,sourcing/A1-search-0.json,2026-09-03T14:38:04.316799+00:00,"C — liste de découverte, pertinence non garantie"
A1,folding lock,1005008592276711,"Loquets à crochet à vent pour Support de fenêtre, limiteur réglable, attelle à vent, bouchon de Position, protection de verrouillage à battants",3.19,EUR,4.8,"2,000+",https://www.aliexpress.com/item/1005008592276711.html,sourcing/A1-search-0.json,2026-09-03T14:38:04.316799+00:00,"C — liste de découverte, pertinence non garantie"
A1,folding lock,1005002469003503,"Serrure de tiroir de sécurité pour bébé, Anti-pincement, serrure de tiroir d'armoire à main, boucle de sécurité en plastique blanc pour enfants, Protection des enfants",1.47,EUR,4.6,"2,000+",https://www.aliexpress.com/item/1005002469003503.html,sourcing/A1-search-0.json,2026-09-03T14:38:04.316799+00:00,"C — liste de découverte, pertinence non garantie"
A1,folding lock,1005009670806233,"Serrure de porte coulissante à 90/180 degrés, sécurité domestique, petits loquets de porte, quincaillerie antivol, boulons de porte en alliage de Zinc",3.19,EUR,4.7,"2,000+",https://www.aliexpress.com/item/1005009670806233.html,sourcing/A1-search-0.json,2026-09-03T14:38:04.316799+00:00,"C — liste de découverte, pertinence non garantie"
A1,folding lock,1005005916455512,"Bouchon de ceinture coulissante, serrures d'armoire, sangles de sécurité, serrure antivol, fenêtre, porte coulissante, bébé enfants, serrure de sécurité pour enfants",2.10,EUR,4.6,"2,000+",https://www.aliexpress.com/item/1005005916455512.html,sourcing/A1-search-0.json,2026-09-03T14:38:04.316799+00:00,"C — liste de découverte, pertinence non garantie"
A1,folding lock,1005005913707811,4 pièces porte doigt pincement gardes bébé preuve portes Slam bouchon Extra doux mousse Design élégant sécurité enfant bébé sécurité doigt protéger,2.74,EUR,4.9,"2,000+",https://www.aliexpress.com/item/1005005913707811.html,sourcing/A1-search-0.json,2026-09-03T14:38:04.316799+00:00,"C — liste de découverte, pertinence non garantie"
A1,folding lock,1005010246850477,"Ensemble d'outils d'ouverture rapide de serrure de porte, outil de serrurier professionnel avec 2 petites clés pour la maison et la vie de la maison",3.59,EUR,4.7,"1,000+",https://www.aliexpress.com/item/1005010246850477.html,sourcing/A1-search-0.json,2026-09-03T14:38:04.316799+00:00,"C — liste de découverte, pertinence non garantie"
A1,folding lock,1005009708741097,"Boîte de verrouillage à clé murale, Code de mot de passe à 4 chiffres, serrure de sécurité sans clé pour la maison et le bureau, coffre-fort, boîte de rangement secrète, organisateur",4.99,EUR,4.4,"2,000+",https://www.aliexpress.com/item/1005009708741097.html,sourcing/A1-search-0.json,2026-09-03T14:38:04.316799+00:00,"C — liste de découverte, pertinence non garantie"
A1,folding lock,1005009929925528,40-1 pièces Mini sécurité douane serrure combinaison Code numéro serrure cadenas mot de passe cadenas pour valise tiroir armoire bagages Zip,2.64,EUR,4.6,"1,000+",https://www.aliexpress.com/item/1005009929925528.html,sourcing/A1-search-0.json,2026-09-03T14:38:04.316799+00:00,"C — liste de découverte, pertinence non garantie"
A1,folding lock,1005007166629181,"Verrou mécanique à mot de passe pour porte, sécurité coulissante, pour petites portes, armoires, porte de grange, salle de bains, Garage extérieur, jardin",3.39,EUR,4.5,"1,000+",https://www.aliexpress.com/item/1005007166629181.html,sourcing/A1-search-0.json,2026-09-03T14:38:04.316799+00:00,"C — liste de découverte, pertinence non garantie"
A1,articulated lock,1005010756173675,"Porte de caravane avec porte moustiquaire, cadre en alliage d'aluminium, verre acrylique certifié E-mark, verrouillage à trois points",698.39,EUR,,,https://www.aliexpress.com/item/1005010756173675.html,sourcing/A1-search-1.json,2026-09-03T14:38:04.328110+00:00,"C — liste de découverte, pertinence non garantie"
A1,articulated lock,1005012365223628,"Articulation de genou prothétique pneumatique en alliage Al-Mg – Verrouillage géométrique 5 axes pour membre inférieur, pièces et composants de prothèse",573.99,EUR,,,https://www.aliexpress.com/item/1005012365223628.html,sourcing/A1-search-1.json,2026-09-03T14:38:04.328110+00:00,"C — liste de découverte, pertinence non garantie"
A1,articulated lock,1005010487263990,Nouveau système de verrouillage cadre en alliage d'aluminium haute résistance porte de passager RV porte d'entrée de camping-car porte de camping-car,615.69,EUR,,,https://www.aliexpress.com/item/1005010487263990.html,sourcing/A1-search-1.json,2026-09-03T14:38:04.328110+00:00,"C — liste de découverte, pertinence non garantie"
A1,articulated lock,1005008942109596,Cadre en alliage d'aluminium serrure boîte à outils mot de passe sangle portable électricien boîte à outils organisateur voiture mécanicien outils étui matériel,102.99,EUR,,,https://www.aliexpress.com/item/1005008942109596.html,sourcing/A1-search-1.json,2026-09-03T14:38:04.328110+00:00,"C — liste de découverte, pertinence non garantie"
A1,articulated lock,1005009937565417,Serrure antivol pour volant de voiture avec deux crochets,236.88,EUR,,,https://www.aliexpress.com/item/1005009937565417.html,sourcing/A1-search-1.json,2026-09-03T14:38:04.328110+00:00,"C — liste de découverte, pertinence non garantie"
A1,articulated lock,1005012178849689,"Serrure de porte haut de gamme universelle pour chambre, bureau, salon, ensemble de serrures en bois massif (incluant charnière et butée de porte)",141.69,EUR,,,https://www.aliexpress.com/item/1005012178849689.html,sourcing/A1-search-1.json,2026-09-03T14:38:04.328110+00:00,"C — liste de découverte, pertinence non garantie"
A1,articulated lock,1005012748798576,LR078705 LR078707 Actionneur de serrure de porte avant droite pour Land Rover Range Rover Sport Jaguar XE sans fermeture assistée Accessoires de voiture,126.69,EUR,,,https://www.aliexpress.com/item/1005012748798576.html,sourcing/A1-search-1.json,2026-09-03T14:38:04.328110+00:00,"C — liste de découverte, pertinence non garantie"
A1,articulated lock,1005004438371857,Outil de serrurier AKK MUL-8X7 MUL-7X7 MUL-5 pour clés plates à 8/7 goupilles – Nouveauté,62.99,EUR,0.0,2,https://www.aliexpress.com/item/1005004438371857.html,sourcing/A1-search-1.json,2026-09-03T14:38:04.328110+00:00,"C — liste de découverte, pertinence non garantie"
A1,articulated lock,1005009206079761,"Serrure de porte intérieure, canal d'entrée coulissant, poignée universelle Simple pour la maison, serrure de porte verticale à un mot",90.99,EUR,5.0,13,https://www.aliexpress.com/item/1005009206079761.html,sourcing/A1-search-1.json,2026-09-03T14:38:04.328110+00:00,"C — liste de découverte, pertinence non garantie"
A1,articulated lock,1005009120591048,1 ensemble dentaire Artex BN modèle Standard articulateur fonctionnel modèle de dents échelle précise modèle de plâtre équipement de laboratoire de dentisterie,90.99,EUR,4.0,13,https://www.aliexpress.com/item/1005009120591048.html,sourcing/A1-search-1.json,2026-09-03T14:38:04.328110+00:00,"C — liste de découverte, pertinence non garantie"
A1,articulated lock,1005010102679209,"Coffre-fort de coffre de voiture, coffre-fort, organisateur de coffre-fort, boîte de sécurité de rangement en métal, verrouillage par mot de passe pour 4 course à partir de 2010",75.69,EUR,,,https://www.aliexpress.com/item/1005010102679209.html,sourcing/A1-search-1.json,2026-09-03T14:38:04.328110+00:00,"C — liste de découverte, pertinence non garantie"
A1,articulated lock,1005011823321879,Serrure magnétique à trois barres avec clé pour porte de chambre intérieure silencieuse à languette simple en alliage de zinc,38.79,EUR,5.0,5,https://www.aliexpress.com/item/1005011823321879.html,sourcing/A1-search-1.json,2026-09-03T14:38:04.328110+00:00,"C — liste de découverte, pertinence non garantie"
A1,articulated lock,4000366556147,"Verrou de boîte en bois 16x27mm, 1000 pièces, crochet de fermoir en laiton, accessoires de quincaillerie pour boîte à bijoux, serrures de boîte en bois",87.39,EUR,0.0,2,https://www.aliexpress.com/item/4000366556147.html,sourcing/A1-search-1.json,2026-09-03T14:38:04.328110+00:00,"C — liste de découverte, pertinence non garantie"
A1,articulated lock,1005009873531492,Équipement dentaire Artex Noplast Artex Type NK pour une fixation facile du modèle mécanique sans plâtre - Accessoire articulateur,80.39,EUR,5.0,6,https://www.aliexpress.com/item/1005009873531492.html,sourcing/A1-search-1.json,2026-09-03T14:38:04.328110+00:00,"C — liste de découverte, pertinence non garantie"
A1,articulated lock,1005012793229794,"Support de tablette sécurisé avec verrou – Support antivol pour comptoir pour tablettes de 15 pouces, entièrement en aluminium, base fixée par vis",80.39,EUR,,,https://www.aliexpress.com/item/1005012793229794.html,sourcing/A1-search-1.json,2026-09-03T14:38:04.328110+00:00,"C — liste de découverte, pertinence non garantie"
A1,articulated lock,1005011811567393,"Serrure de porte de chambre minimaliste, serrure plate invisible intégrée sans poignée pour porte en bois massif, serrure magnétique silencieuse",74.99,EUR,,3,https://www.aliexpress.com/item/1005011811567393.html,sourcing/A1-search-1.json,2026-09-03T14:38:04.328110+00:00,"C — liste de découverte, pertinence non garantie"
A1,articulated lock,1005001677838792,"Dooroom-Ensemble de serrures de porte moletées en laiton, tour de pouce, intérieur moderne, chambre à coucher, HOWood, levier de porte, DUNIPrivacy Passage Lock",76.99,EUR,5.0,2,https://www.aliexpress.com/item/1005001677838792.html,sourcing/A1-search-1.json,2026-09-03T14:38:04.328110+00:00,"C — liste de découverte, pertinence non garantie"
A1,articulated lock,1005003363027896,"Pédale de verrouillage de sucette ultra-légère en alliage de titane, arbre en acier/arbre en titane, pédale de verrouillage de vélo tripelin pour vélo de route",58.99,EUR,0.0,13,https://www.aliexpress.com/item/1005003363027896.html,sourcing/A1-search-1.json,2026-09-03T14:38:04.328110+00:00,"C — liste de découverte, pertinence non garantie"
A1,articulated lock,1005004909656182,"Bouton de Verrouillage Invisible pour la Sécurité, Poignée de Porte, Passage de Confidentialité, DUNIThumbturn, Ensemble de Verrouillage Rotatif pour Maison de Soins Infirmiers, HOHospital",66.06,EUR,5.0,3,https://www.aliexpress.com/item/1005004909656182.html,sourcing/A1-search-1.json,2026-09-03T14:38:04.328110+00:00,"C — liste de découverte, pertinence non garantie"
A1,articulated lock,1005011864075569,"Pédale de vélo de route ROCKBROS en fibre de carbone légère, pédale auto-bloquante plus rapide en alliage d'aluminium SPD avec caleçons de blocage",59.39,EUR,5.0,12,https://www.aliexpress.com/item/1005011864075569.html,sourcing/A1-search-1.json,2026-09-03T14:38:04.328110+00:00,"C — liste de découverte, pertinence non garantie"
A1,ETOOK folding,1005009110448306,"Armoire de rangement pliable, boîte de rangement pour la maison, salon, armoire à jouets, étagère de rangement, armoire à snacks, armoire de rangement de cuisine sans installation, organisateur d'armoire de rangement pliable.",21.79,EUR,4.5,465,https://www.aliexpress.com/item/1005009110448306.html,sourcing/A1-search-10.json,2026-09-03T16:05:38.996165+00:00,"C — liste de découverte, pertinence non garantie"
A1,ETOOK folding,1005007162805357,"Éventail pliant à main, éventail pliant de Style rétro, cadeau d'anniversaire, pour spectacle de danse, accessoires de décoration",2.76,EUR,4.7,397,https://www.aliexpress.com/item/1005007162805357.html,sourcing/A1-search-10.json,2026-09-03T16:05:38.996165+00:00,"C — liste de découverte, pertinence non garantie"
A1,ETOOK folding,1005003938534392,ETOOK vélo fer à cheval serrure antivol vélo en acier trempé tuyau serrure Portable haute sécurité route montagne Durable vélo serrure,38.99,EUR,4.7,224,https://www.aliexpress.com/item/1005003938534392.html,sourcing/A1-search-10.json,2026-09-03T16:05:38.996165+00:00,"C — liste de découverte, pertinence non garantie"
A1,ETOOK folding,1005009860568528,"Couteau de poche pliant, clé de Moto pour Honda Chave Canivete Oca Para Moto Kawasaki Yamaha Suzuki lame non coupée rebondissant automatique",4.19,EUR,4.7,204,https://www.aliexpress.com/item/1005009860568528.html,sourcing/A1-search-10.json,2026-09-03T16:05:38.996165+00:00,"C — liste de découverte, pertinence non garantie"
A1,ETOOK folding,1005010739823991,"Carte de vœux pliante avec fleurs séchées, bouquet de fleurs éternelles, carte de bénédiction professionnelle, bouquet ciel étoilé, Saint-Valentin pour enseignant",0.51,EUR,4.8,123,https://www.aliexpress.com/item/1005010739823991.html,sourcing/A1-search-10.json,2026-09-03T16:05:38.996165+00:00,"C — liste de découverte, pertinence non garantie"
A1,ETOOK folding,1005010356135302,"Planche pliante pour chemises, t-shirts, dossier pour vêtements, aide pliante en plastique Durable, planches pliantes faciles et rapides pour adultes et enfants",14.59,EUR,4.4,121,https://www.aliexpress.com/item/1005010356135302.html,sourcing/A1-search-10.json,2026-09-03T16:05:38.996165+00:00,"C — liste de découverte, pertinence non garantie"
A1,ETOOK folding,1005007710144752,Clavier pliant hébreu/russe/espagnol/Portuguese/coréen clavier Bluetooth Portable pour tablette iPad PC Android IOS Windows,16.69,EUR,4.8,117,https://www.aliexpress.com/item/1005007710144752.html,sourcing/A1-search-10.json,2026-09-03T16:05:38.996165+00:00,"C — liste de découverte, pertinence non garantie"
A1,ETOOK folding,1005011773662038,"Support de bouteille et porte-gobelet pliable pour chaise longue de plage, accessoire de table d'appoint pour chaise pliante, plateau de rangement pour chaise de pêche, accessoires pour la maison",7.39,EUR,3.4,90,https://www.aliexpress.com/item/1005011773662038.html,sourcing/A1-search-10.json,2026-09-03T16:05:38.996165+00:00,"C — liste de découverte, pertinence non garantie"
A1,ETOOK folding,1005006143608729,"Étui en nylon pour couteau pliant, étui durable pour outils EDC, étui pour pinces et multi-outils, cadeau pratique pour les amateurs de plein air, kit d'outils",4.49,EUR,4.5,105,https://www.aliexpress.com/item/1005006143608729.html,sourcing/A1-search-10.json,2026-09-03T16:05:38.996165+00:00,"C — liste de découverte, pertinence non garantie"
A1,ETOOK folding,1005006806661054,"1 planche tactique de football à 3 volets, planche d'entraînement pliante de couleur, planche d'enseignement en cuir, tableau d'enseignement à stylo magnétique",12.99,EUR,4.8,98,https://www.aliexpress.com/item/1005006806661054.html,sourcing/A1-search-10.json,2026-09-03T16:05:38.996165+00:00,"C — liste de découverte, pertinence non garantie"
A1,ETOOK folding,1005007539367962,Tapis de Yoga pliable écologique Tpe pliant voyage exercice de Fitness Double face antidérapant pour les Pilates et les entraînements au sol,22.99,EUR,4.6,92,https://www.aliexpress.com/item/1005007539367962.html,sourcing/A1-search-10.json,2026-09-03T16:05:38.996165+00:00,"C — liste de découverte, pertinence non garantie"
A1,ETOOK folding,1005005505066022,"TEVERUN-Pièces pliantes pour chasseur, 11 +, pièces pliantes pour Supreme + 7260R, pièce pliante pour Supreme Ultra possède",18.59,EUR,4.6,72,https://www.aliexpress.com/item/1005005505066022.html,sourcing/A1-search-10.json,2026-09-03T16:05:38.996165+00:00,"C — liste de découverte, pertinence non garantie"
A1,ETOOK folding,1005006740374565,MOUNTAINHIKER Camping en plein air bambou 2/3 Table pliante Portable stockage rapide bureau pliant Table à manger extérieure pique-nique Table de barbecue,112.99,EUR,4.5,70,https://www.aliexpress.com/item/1005006740374565.html,sourcing/A1-search-10.json,2026-09-03T16:05:38.996165+00:00,"C — liste de découverte, pertinence non garantie"
A1,ETOOK folding,1005010041394970,"Établi pliable de support de pied d'araignée, cadre de scie de travail portable, table pliante, pieds de canapé d'établi télescopiques multifonctionnels",58.39,EUR,4.0,77,https://www.aliexpress.com/item/1005010041394970.html,sourcing/A1-search-10.json,2026-09-03T16:05:38.996165+00:00,"C — liste de découverte, pertinence non garantie"
A1,ETOOK folding,1005012060064455,"Chaise pliante portable, banc, tabouret de pêche, tabouret de voyage, tabouret de camping, tabouret d'équitation, tabourets portables pour train, métro, file d'attente, outil d'extérieur",8.04,EUR,4.2,67,https://www.aliexpress.com/item/1005012060064455.html,sourcing/A1-search-10.json,2026-09-03T16:05:38.996165+00:00,"C — liste de découverte, pertinence non garantie"
A1,ETOOK folding,1005012215636359,"Tapis de déhameçage portable et pliable pour la pêche, triple pliage avec coussin en mousse respirante, deux tailles, pour la pêche en extérieur, le camping",5.09,EUR,4.5,69,https://www.aliexpress.com/item/1005012215636359.html,sourcing/A1-search-10.json,2026-09-03T16:05:38.996165+00:00,"C — liste de découverte, pertinence non garantie"
A1,ETOOK folding,1005006083480031,Pièces pliantes d'origine TEVERUN Fighter pour Supreme Ultra Supreme + 7260R Fighter 11 + pièces de Scooter électrique pliantes,18.59,EUR,4.8,61,https://www.aliexpress.com/item/1005006083480031.html,sourcing/A1-search-10.json,2026-09-03T16:05:38.996165+00:00,"C — liste de découverte, pertinence non garantie"
A1,ETOOK folding,1005012296175859,"Panneau Molle pliable pour coffre de moto, organisateur modulaire tactique universel, panneau latéral de moto, extension de rangement",19.19,EUR,5.0,64,https://www.aliexpress.com/item/1005012296175859.html,sourcing/A1-search-10.json,2026-09-03T16:05:38.996165+00:00,"C — liste de découverte, pertinence non garantie"
A1,ETOOK folding,1005009061929626,"Camion à main pliant, chariot utilitaire de Construction solide à 4 roues avec tige télescopique en aluminium, courses à roulettes pliables",40.19,EUR,4.8,61,https://www.aliexpress.com/item/1005009061929626.html,sourcing/A1-search-10.json,2026-09-03T16:05:38.996165+00:00,"C — liste de découverte, pertinence non garantie"
A1,ETOOK folding,1005009689177903,"Planche pliante à linge pour vêtements, t-shirts, dossier de robe, gain de temps, organisateur de rangement rapide pour vêtements, tissu domestique pour enfants et adultes",4.29,EUR,4.7,63,https://www.aliexpress.com/item/1005009689177903.html,sourcing/A1-search-10.json,2026-09-03T16:05:38.996165+00:00,"C — liste de découverte, pertinence non garantie"
A1,ETOOK,1005001580584977,"Etook-Serrure u-lock antivol pour vélo, moto, scooter, VTT, avec clé, accessoires",14.49,EUR,5.0,31,https://www.aliexpress.com/item/1005001580584977.html,sourcing/A1-search-2.json,2026-09-03T14:43:14.315160+00:00,"C — liste de découverte, pertinence non garantie"
A1,Foldylock,1005012467410304,"Casier à fleurs fraîches intelligent personnalisé FL en gros avec double vitrage, porte à fermeture automatique, système de refroidissement et d'humidification",4229.39,EUR,,,https://www.aliexpress.com/item/1005012467410304.html,sourcing/A1-search-3.json,2026-09-03T14:43:14.632831+00:00,"C — liste de découverte, pertinence non garantie"
A1,Foldylock,1005012645741328,"FOODLINE Chariot de Restauration Mobile Multifonctionnel avec Table Latérale Pliante, Rangement Sécurisé et Évier Intégré pour Stand de Concession Extérieur",7890.99,EUR,,,https://www.aliexpress.com/item/1005012645741328.html,sourcing/A1-search-3.json,2026-09-03T14:43:14.632831+00:00,"C — liste de découverte, pertinence non garantie"
A1,Foldylock,1005012851124246,"Camper pour camion en fibre de verre et aluminium, design pliable, loquets à dégagement rapide, charnières durables pour 2 à 4 personnes, camping en plein air, personnalisable",5583.39,EUR,,,https://www.aliexpress.com/item/1005012851124246.html,sourcing/A1-search-3.json,2026-09-03T14:43:14.632831+00:00,"C — liste de découverte, pertinence non garantie"
A1,Foldylock,1005010224912706,"Tente de Garage pliante rétractable Super robuste, Portable, verrouillable, cadre métallique, pour stationnement de voiture en plein air",4737.69,EUR,,,https://www.aliexpress.com/item/1005010224912706.html,sourcing/A1-search-3.json,2026-09-03T14:43:14.632831+00:00,"C — liste de découverte, pertinence non garantie"
A1,Foldylock,1005010607333449,"Poignée de grange de cour, forgeage et serrure de Machine, clôture en maille, poignée ouverte à droite, porte en fer forgé à chaud",2599.05,EUR,,,https://www.aliexpress.com/item/1005010607333449.html,sourcing/A1-search-3.json,2026-09-03T14:43:14.632831+00:00,"C — liste de découverte, pertinence non garantie"
A1,Foldylock,1005011952531564,"Capot de camion manuel étanche pour Ford Ranger, Toyota Hilux, Tacoma, Dodge Ram 1500 - Accessoires extérieurs verrouillables pour 4x4",1562.99,EUR,,,https://www.aliexpress.com/item/1005011952531564.html,sourcing/A1-search-3.json,2026-09-03T14:43:14.632831+00:00,"C — liste de découverte, pertinence non garantie"
A1,Foldylock,1005010756475098,Portes de caravane de style européen sur mesure avec serrure à double point de verrouillage de sécurité et serrure à code,1175.69,EUR,,,https://www.aliexpress.com/item/1005010756475098.html,sourcing/A1-search-3.json,2026-09-03T14:43:14.632831+00:00,"C — liste de découverte, pertinence non garantie"
A1,Foldylock,1005009710037331,Litepro cadre en alliage d'aluminium 16 pouces vélo pliable 5 vitesses Tri-fold S5 vélo pliant,1151.39,EUR,,6,https://www.aliexpress.com/item/1005009710037331.html,sourcing/A1-search-3.json,2026-09-03T14:43:14.632831+00:00,"C — liste de découverte, pertinence non garantie"
A1,Foldylock,1005009334194287,"Tricycle électrique pliant avec panier amovible et batterie antivol avec serrure pour personnes âgées, Scooter de mobilité de voyage léger",1048.02,EUR,0.0,,https://www.aliexpress.com/item/1005009334194287.html,sourcing/A1-search-3.json,2026-09-03T14:43:14.632831+00:00,"C — liste de découverte, pertinence non garantie"
A1,Foldylock,1005010487427365,TONGFA 2020 DLD camping-car RV voiture caravane camping-car serrure de porte de remorque offre spéciale porte de remorque en forme de larme professionnelle et de haute qualité,1046.69,EUR,,,https://www.aliexpress.com/item/1005010487427365.html,sourcing/A1-search-3.json,2026-09-03T14:43:14.632831+00:00,"C — liste de découverte, pertinence non garantie"
A1,Foldylock,1005012428851333,"Serrure de porte électrique intelligente à fermeture automatique pour Volvo s60l, fermeture douce et super silencieuse pour véhicule automobile",951.69,EUR,,1,https://www.aliexpress.com/item/1005012428851333.html,sourcing/A1-search-3.json,2026-09-03T14:43:14.632831+00:00,"C — liste de découverte, pertinence non garantie"
A1,Foldylock,1005010559202270,Kit de quincaillerie de porte cachée rotative à trois volets personnalisés pour porte de poche avec piste coulissante télescopique et insertion latérale dans le placard,952.69,EUR,,,https://www.aliexpress.com/item/1005010559202270.html,sourcing/A1-search-3.json,2026-09-03T14:43:14.632831+00:00,"C — liste de découverte, pertinence non garantie"
A1,Foldylock,1005010559150543,"Quincaillerie de porte papillon pliable Invisible, avec piste télescopique à insertion latérale pour porte de poche cachée dans le système de placard de garde-robe",951.99,EUR,,,https://www.aliexpress.com/item/1005010559150543.html,sourcing/A1-search-3.json,2026-09-03T14:43:14.632831+00:00,"C — liste de découverte, pertinence non garantie"
A1,Foldylock,1005009962726715,Volet roulant rétractable manuel LDV T60 T-60 Max avec fonction de verrouillage du couvercle à lèvre dure,914.39,EUR,5.0,10,https://www.aliexpress.com/item/1005009962726715.html,sourcing/A1-search-3.json,2026-09-03T14:43:14.632831+00:00,"C — liste de découverte, pertinence non garantie"
A1,Foldylock,1005011886175918,Différentiel électrique E-Locker 4x4 tout-terrain ET132 pour Toyota Land Cruiser Hilux Hiace,785.39,EUR,,,https://www.aliexpress.com/item/1005011886175918.html,sourcing/A1-search-3.json,2026-09-03T14:43:14.632831+00:00,"C — liste de découverte, pertinence non garantie"
A1,Foldylock,1005012789026230,"Kit de quincaillerie pour porte papillon escamotable semi-automatique à ouverture par poussée, pour porte coulissante dissimulée de placard",757.40,EUR,,,https://www.aliexpress.com/item/1005012789026230.html,sourcing/A1-search-3.json,2026-09-03T14:43:14.632831+00:00,"C — liste de découverte, pertinence non garantie"
A1,Foldylock,1005012777711317,Perche télescopique en fibre de carbone avec mécanisme de verrouillage auto-positionsnant,667.99,EUR,,,https://www.aliexpress.com/item/1005012777711317.html,sourcing/A1-search-3.json,2026-09-03T14:43:14.632831+00:00,"C — liste de découverte, pertinence non garantie"
A1,Foldylock,1005012903146784,"Boîte remontoir de montres intelligente avec écran tactile et serrure à empreinte digitale, coussin de montre réglable, boîte de remontage de montres domestique",650.39,EUR,,1,https://www.aliexpress.com/item/1005012903146784.html,sourcing/A1-search-3.json,2026-09-03T14:43:14.632831+00:00,"C — liste de découverte, pertinence non garantie"
A1,Foldylock,1005008796192554,"Couvercle de lunettes pour interrupteur de miroir électrique pliant automatique, pour Audi A6 C8 A7 4K",622.69,EUR,,1,https://www.aliexpress.com/item/1005008796192554.html,sourcing/A1-search-3.json,2026-09-03T14:43:14.632831+00:00,"C — liste de découverte, pertinence non garantie"
A1,Foldylock,1005011644387118,"Abri de voiture portable robuste et verrouillable, tente de garage extensible et pliable, housse de voiture pliable, tente pliable, garage auto extérieur",746.39,EUR,5.0,1,https://www.aliexpress.com/item/1005011644387118.html,sourcing/A1-search-3.json,2026-09-03T14:43:14.632831+00:00,"C — liste de découverte, pertinence non garantie"
A1,folding bicycle lock,1005009914409790,"Klaxon de vélo, vélo de montagne, batterie/charge USB, étanche, sonnette électronique pour vélo, équipement de conduite, accessoires pour trottinette pour enfants",3.29,EUR,4.6,"10,000+",https://www.aliexpress.com/item/1005009914409790.html,sourcing/A1-search-4.json,2026-09-03T14:45:15.197523+00:00,"C — liste de découverte, pertinence non garantie"
A1,folding bicycle lock,1005011832954525,"Couvre-serrure de porte de voiture en silicone universel, anti-vibration, amortisseur de chocs, insonorisant, anti-rayures pour loquet de porte automobile",1.48,EUR,4.5,"5,000+",https://www.aliexpress.com/item/1005011832954525.html,sourcing/A1-search-4.json,2026-09-03T14:45:15.197523+00:00,"C — liste de découverte, pertinence non garantie"
A1,folding bicycle lock,1005008117481497,"Nettoyeur de chaîne de vélo, brosse de chaîne 3D, ensemble d'outils de lavage, Protection de vélo vtt, huile, chaîne de vélo pour accessoires de cyclisme en montagne",2.16,EUR,4.6,"5,000+",https://www.aliexpress.com/item/1005008117481497.html,sourcing/A1-search-4.json,2026-09-03T14:45:15.197523+00:00,"C — liste de découverte, pertinence non garantie"
A1,folding bicycle lock,1005007347708638,"BUCKKub-Plaquettes de frein à disque hydrauliques semi-métalliques pour VTT, pièce de frein pour vélo de route VTT, WinterMANO B01S, B05S",2.66,EUR,4.8,"5,000+",https://www.aliexpress.com/item/1005007347708638.html,sourcing/A1-search-4.json,2026-09-03T14:45:15.197523+00:00,"C — liste de découverte, pertinence non garantie"
A1,folding bicycle lock,1005008904135607,"Serrure de porte coulissante sans perçage pour enfants, serrure de sécurité pour fenêtre coulissante, limiteur Anti-chute de grande hauteur, loquet de sécurité antivol",2.96,EUR,4.4,"5,000+",https://www.aliexpress.com/item/1005008904135607.html,sourcing/A1-search-4.json,2026-09-03T14:45:15.197523+00:00,"C — liste de découverte, pertinence non garantie"
A1,folding bicycle lock,1005006589037164,"Alarme de verrouillage de moto et de vélo, protection de sécurité, disque de cadenas, alliage d'aluminium, ULde rappel antivol, sac de verrouillage, accessoires de moto",13.19,EUR,4.8,"5,000+",https://www.aliexpress.com/item/1005006589037164.html,sourcing/A1-search-4.json,2026-09-03T14:45:15.197523+00:00,"C — liste de découverte, pertinence non garantie"
A1,folding bicycle lock,1005008408273587,"Poignées de vélo ROCKBROS antidérapantes et antichocs en éponge, poignées de guidon pour VTT et vélo de route, ultra-légères",6.39,EUR,4.8,"5,000+",https://www.aliexpress.com/item/1005008408273587.html,sourcing/A1-search-4.json,2026-09-03T14:45:15.197523+00:00,"C — liste de découverte, pertinence non garantie"
A1,folding bicycle lock,1005009563901251,"Vis de guidon de vélo M5 x 18MM, en acier coloré plaqué titane, tige de barre de poignée de vélo vtt, boulons de porte-bouteille, 6 pièces/ensemble",1.42,EUR,4.8,"5,000+",https://www.aliexpress.com/item/1005009563901251.html,sourcing/A1-search-4.json,2026-09-03T14:45:15.197523+00:00,"C — liste de découverte, pertinence non garantie"
A1,folding bicycle lock,1005008870139531,"Porte-bouteille pour vélo de montagne ROCKBROS, porte-gourde, porte-gobelet en PC bicolore, équipement de cyclisme en plein air",3.19,EUR,4.8,"5,000+",https://www.aliexpress.com/item/1005008870139531.html,sourcing/A1-search-4.json,2026-09-03T14:45:15.197523+00:00,"C — liste de découverte, pertinence non garantie"
A1,folding bicycle lock,1005007820975072,BUCKLOS poignées de vélo intégrées en caoutchouc anti-dérapant vtt guidon couverture serrure sur VTT poignée barre manchettes BMX pièces de cyclisme,5.59,EUR,4.8,"5,000+",https://www.aliexpress.com/item/1005007820975072.html,sourcing/A1-search-4.json,2026-09-03T14:45:15.197523+00:00,"C — liste de découverte, pertinence non garantie"
A1,folding bicycle lock,1005010253821040,"Porte-gobelet réglable pour moto et vélo, guidon, bouteille d'eau, support de vélo pour 32-77mm pour Harley Honda Suzuki Yamaha,Kawasaki KTM",5.99,EUR,4.7,"5,000+",https://www.aliexpress.com/item/1005010253821040.html,sourcing/A1-search-4.json,2026-09-03T14:45:15.197523+00:00,"C — liste de découverte, pertinence non garantie"
A1,folding bicycle lock,1005005931177196,Verrouillage de poignée de guidon de vélo sur poignée de VTT manchettes de vtt en caoutchouc souple 22.2mm couverture de poignée de vélo poignées de vélo antidérapantes,5.39,EUR,4.8,"5,000+",https://www.aliexpress.com/item/1005005931177196.html,sourcing/A1-search-4.json,2026-09-03T14:45:15.197523+00:00,"C — liste de découverte, pertinence non garantie"
A1,folding bicycle lock,1005006732006365,"Sangle universelle pour bagages de Moto, 60cm, engrenages pour casque de Moto, corde à boucle élastique fixe, filet de protection rétractable à haute résistance",2.32,EUR,4.6,"5,000+",https://www.aliexpress.com/item/1005006732006365.html,sourcing/A1-search-4.json,2026-09-03T14:45:15.197523+00:00,"C — liste de découverte, pertinence non garantie"
A1,folding bicycle lock,1005008653628081,Casques de vélo GUDOOK Nouvelle casquette de baseball Casquette à visière Casque de vélo pour adultes Casques de vélo de route de montagne Taille réglable Cyclisme,20.79,EUR,4.7,"4,000+",https://www.aliexpress.com/item/1005008653628081.html,sourcing/A1-search-4.json,2026-09-03T14:45:15.197523+00:00,"C — liste de découverte, pertinence non garantie"
A1,folding bicycle lock,1005011596788538,"WEST BIKING Mini sacoche de selle de vélo à bouton autobloquant, sacoche arrière portable pour cyclisme, sac de rangement pour outils, accessoires pour VTT et vélo de route",12.49,EUR,4.8,"4,000+",https://www.aliexpress.com/item/1005011596788538.html,sourcing/A1-search-4.json,2026-09-03T14:45:15.197523+00:00,"C — liste de découverte, pertinence non garantie"
A1,folding bicycle lock,1005010183147134,"Porte-gobelet universel pour moto 360 °   Porte-bouteille d'eau pour moto, guidon réglable, pour cyclisme, moto ADV",4.99,EUR,4.4,"4,000+",https://www.aliexpress.com/item/1005010183147134.html,sourcing/A1-search-4.json,2026-09-03T14:45:15.197523+00:00,"C — liste de découverte, pertinence non garantie"
A1,folding bicycle lock,1005008597971053,"Crochets robustes en alliage d'aluminium, 2 pièces, solides et épais multifonctionnels pour moto, vélo électrique, Scooter et utilisation en extérieur",3.39,EUR,4.7,"4,000+",https://www.aliexpress.com/item/1005008597971053.html,sourcing/A1-search-4.json,2026-09-03T14:45:15.197523+00:00,"C — liste de découverte, pertinence non garantie"
A1,folding bicycle lock,1005007424755530,"Poignées de frein en silicone pour vélo de route et VTT, accessoire de protection en caoutchouc pour guidon, 2 pièces",1.49,EUR,4.7,"4,000+",https://www.aliexpress.com/item/1005007424755530.html,sourcing/A1-search-4.json,2026-09-03T14:45:15.197523+00:00,"C — liste de découverte, pertinence non garantie"
A1,folding bicycle lock,1005007552598030,Poignées de guidon en caoutchouc ODI poignée verrouillable pour vtt antichoc antidérapant couverture de poignée de vélo de montagne/route accessoires de vélo d'équilibre pliants,5.09,EUR,4.9,"4,000+",https://www.aliexpress.com/item/1005007552598030.html,sourcing/A1-search-4.json,2026-09-03T14:45:15.197523+00:00,"C — liste de découverte, pertinence non garantie"
A2,retro digital,1005010428506117,Magecam appareil photo numérique 0.96 pouces porte-clés caméra rétro Support carte mémoire 1080P très petit caméscope enregistreur vidéo avec Flash,14.29,EUR,4.7,"10,000+",https://www.aliexpress.com/item/1005010428506117.html,sourcing/A2-search-0.json,2026-09-03T14:38:13.661493+00:00,"C — liste de découverte, pertinence non garantie"
A2,retro digital,1005005763694233,RetroScaler2x AV vers HDMI ®   Convertisseur et ligne-doubulleur pour consoles de jeux rétro PS2 N64 NES Dreamcast Saturn MD1 MD2,49.99,EUR,4.8,"5,000+",https://www.aliexpress.com/item/1005005763694233.html,sourcing/A2-search-0.json,2026-09-03T14:38:13.661493+00:00,"C — liste de découverte, pertinence non garantie"
A2,retro digital,1005009291938405,"Console de jeu vidéo portable Retro R36S, écran IPS de 3,5 pouces, 128 Go de jeux, lecteur de poche portable, système Linux",36.19,EUR,4.2,"5,000+",https://www.aliexpress.com/item/1005009291938405.html,sourcing/A2-search-0.json,2026-09-03T14:38:13.661493+00:00,"C — liste de découverte, pertinence non garantie"
A2,retro digital,1005009171394585,"Console de jeu rétro R36S, système Linux open-source, console de jeu portable avec écran de 3,5 pouces et grande mémoire de 128 Go",33.59,EUR,4.5,"2,000+",https://www.aliexpress.com/item/1005009171394585.html,sourcing/A2-search-0.json,2026-09-03T14:38:13.661493+00:00,"C — liste de découverte, pertinence non garantie"
A2,retro digital,1005010779517265,"Mini caméra à clé USB rétro G6, enregistreur HD 1080P, flash intégré, mise au point automatique 130 °   Appareil photo portable avec écran LCD et objectif grand angle",9.29,EUR,4.6,"2,000+",https://www.aliexpress.com/item/1005010779517265.html,sourcing/A2-search-0.json,2026-09-03T14:38:13.661493+00:00,"C — liste de découverte, pertinence non garantie"
A2,retro digital,1005010361426629,Lecteur d'autoradio MP3 rétro 1 DIN stéréo EQ FM AM RDS DAB récepteur QC3.0 Bluetooth USB entrée AUX pour VW Porsche Mercedes Benz BMW,48.79,EUR,4.6,"2,000+",https://www.aliexpress.com/item/1005010361426629.html,sourcing/A2-search-0.json,2026-09-03T14:38:13.661493+00:00,"C — liste de découverte, pertinence non garantie"
A2,retro digital,1005008454730327,RetroScaler GBSC Pro GBS Contrôle Scart RGBS YPbPr VGA Composite (AV) SV vers HDMI ®   Convertisseur vidéo Auido pour consoles de jeux rétro,93.99,EUR,4.7,"1,000+",https://www.aliexpress.com/item/1005008454730327.html,sourcing/A2-search-0.json,2026-09-03T14:38:13.661493+00:00,"C — liste de découverte, pertinence non garantie"
A2,retro digital,1005011961243829,"Mini caméra numérique 0,96 pouce, caméra porte-clés rétro, prend en charge les cartes mémoire, 1080P, très petite caméra vidéo avec flash",16.19,EUR,4.7,"1,000+",https://www.aliexpress.com/item/1005011961243829.html,sourcing/A2-search-0.json,2026-09-03T14:38:13.661493+00:00,"C — liste de découverte, pertinence non garantie"
A2,retro digital,1005010232339591,"Console de jeux vidéo rétro Anbernic RG DS, écran IPS 4 pouces double tactile, Android 14, lecteur de jeux RGDS, cadeau de Noël",113.99,EUR,4.7,"1,000+",https://www.aliexpress.com/item/1005010232339591.html,sourcing/A2-search-0.json,2026-09-03T14:38:13.661493+00:00,"C — liste de découverte, pertinence non garantie"
A2,retro digital,1005011569445966,"Caméra porte-clés Ourlife avec écran rabattable de 0,96 pouce, mini caméra numérique rétro CCD, caméscope très petit 720P, enregistreur vidéo",15.89,EUR,4.9,"1,000+",https://www.aliexpress.com/item/1005011569445966.html,sourcing/A2-search-0.json,2026-09-03T14:38:13.661493+00:00,"C — liste de découverte, pertinence non garantie"
A2,retro digital,1005009554839317,"Figurines miniatures de Mini grenouille en laiton rétro, Figurine d'animal Vintage, crapaud, ornements de bureau, décoration de maison, artisanat, décor de thé pour animaux de compagnie",2.23,EUR,4.9,"1,000+",https://www.aliexpress.com/item/1005009554839317.html,sourcing/A2-search-0.json,2026-09-03T14:38:13.661493+00:00,"C — liste de découverte, pertinence non garantie"
A2,retro digital,1005009920513616,"Appareil photo numérique rétro, enregistreur vidéo 1080P, lumière de remplissage LED, écran IPS de 0,96 pouce, mini appareil photo numérique portable",15.19,EUR,4.8,800+,https://www.aliexpress.com/item/1005009920513616.html,sourcing/A2-search-0.json,2026-09-03T14:38:13.661493+00:00,"C — liste de découverte, pertinence non garantie"
A2,retro digital,1005011605526277,"Manettes de jeu filaires GameSir Retro pour PC Steam Switch 2/1, contrôleur Tegenaria Lite avec stick à effet Hall, taux de polling de 1000 Hz",19.79,EUR,4.9,700+,https://www.aliexpress.com/item/1005011605526277.html,sourcing/A2-search-0.json,2026-09-03T14:38:13.661493+00:00,"C — liste de découverte, pertinence non garantie"
A2,retro digital,1005012149047724,"Mini caméra numérique 0,96 pouce avec porte-clés, style rétro, prend en charge les cartes mémoire, enregistreur vidéo 1080P très compact avec flash",11.69,EUR,4.6,600+,https://www.aliexpress.com/item/1005012149047724.html,sourcing/A2-search-0.json,2026-09-03T14:38:13.661493+00:00,"C — liste de découverte, pertinence non garantie"
A2,retro digital,1005005821498284,Bitfunx RGBS VGA vers YPBPR convertisseur de composants péritel vers YPBPR YCBCR pour consoles de jeux rétro Nintendo 64 PS1 PS2 Dreamcast,23.99,EUR,4.9,600+,https://www.aliexpress.com/item/1005005821498284.html,sourcing/A2-search-0.json,2026-09-03T14:38:13.661493+00:00,"C — liste de découverte, pertinence non garantie"
A2,retro digital,1005012238407481,"Nouvelle console de jeux vidéo rétro portable R36 Ultra X, écran IPS, 128 Go de jeux, lecteur de poche portable avec système Linux",55.99,EUR,4.8,600+,https://www.aliexpress.com/item/1005012238407481.html,sourcing/A2-search-0.json,2026-09-03T14:38:13.661493+00:00,"C — liste de découverte, pertinence non garantie"
A2,retro digital,1005009962414049,Original Arkos R36S Console de jeu rétro 128GB Portable 3.5 pouces écran IPS Portable lecteur vidéo de poche 64GB Console enfant cadeau,42.19,EUR,3.3,600+,https://www.aliexpress.com/item/1005009962414049.html,sourcing/A2-search-0.json,2026-09-03T14:38:13.661493+00:00,"C — liste de découverte, pertinence non garantie"
A2,retro digital,1005006605176561,"ANBERAlfred-Console de jeu rétro RG35XX Plus/RG35XX, écran IPS 3.5 "", lecteur de jeu vidéo portable Linux, prise en charge de la télévision HD-M-I OutChancelor",54.39,EUR,4.6,500+,https://www.aliexpress.com/item/1005006605176561.html,sourcing/A2-search-0.json,2026-09-03T14:38:13.661493+00:00,"C — liste de découverte, pertinence non garantie"
A2,retro digital,1005009615367333,"Nouvelle console de jeux vidéo 128G, jeux rétro, vidéojuegos, console, manette sans fil double, X10 Pro, stick de jeu 4K",33.19,EUR,4.6,500+,https://www.aliexpress.com/item/1005009615367333.html,sourcing/A2-search-0.json,2026-09-03T14:38:13.661493+00:00,"C — liste de découverte, pertinence non garantie"
A2,retro digital,1005008215717725,"Radio rétro sans fil portable AM/FM/SW avec batterie rechargeable USB, antenne, entrée AUX et lecture de carte TF, idéale pour la maison.",29.79,EUR,4.7,600+,https://www.aliexpress.com/item/1005008215717725.html,sourcing/A2-search-0.json,2026-09-03T14:38:13.661493+00:00,"C — liste de découverte, pertinence non garantie"
A2,vintage digicam,1005012436045817,"Cabine photo vintage personnalisée noir et blanc pour passeport, machine photobooth intérieure pour la prise de documents officiels",4243.69,EUR,,,https://www.aliexpress.com/item/1005012436045817.html,sourcing/A2-search-1.json,2026-09-03T14:38:13.343639+00:00,"C — liste de découverte, pertinence non garantie"
A2,vintage digicam,1005011983929231,"Meuble à chaussures vintage, étagère à chaussures basculante en bois massif de qualité supérieure, rangement multi-niveaux grande capacité, meuble d'entrée pour la maison",1255.99,EUR,,,https://www.aliexpress.com/item/1005011983929231.html,sourcing/A2-search-1.json,2026-09-03T14:38:13.343639+00:00,"C — liste de découverte, pertinence non garantie"
A2,vintage digicam,1005012800017233,"Meubles vintage pour tourne-disques avec éclairage, vitrines d'angle, meubles TV, rangements, meubles de salon, meubles de style Mid-Century",700.28,EUR,,,https://www.aliexpress.com/item/1005012800017233.html,sourcing/A2-search-1.json,2026-09-03T14:38:13.343639+00:00,"C — liste de découverte, pertinence non garantie"
A2,vintage digicam,1005011532589343,OFFRE Vente en gros Appareil photo numérique reflex vintage X100V Appareil photo de poche de rue,482.10,EUR,,,https://www.aliexpress.com/item/1005011532589343.html,sourcing/A2-search-1.json,2026-09-03T14:38:13.343639+00:00,"C — liste de découverte, pertinence non garantie"
A2,vintage digicam,1005009042737338,"Driintel 1080P Vue Panoramique 360 °   Système panoramique, caméra 3D, vue panoramique circulaire de la voiture, enregistreur DVR, surveillance",375.30,EUR,5.0,1,https://www.aliexpress.com/item/1005009042737338.html,sourcing/A2-search-1.json,2026-09-03T14:38:13.343639+00:00,"C — liste de découverte, pertinence non garantie"
A2,vintage digicam,1005012471953263,"Téléphone Livre d'Or Vidéo Vintage 32 Go Enregistreur de Messages Vidéo HD Rétro pour Mariage, Fête, Anniversaire, Événement",312.12,EUR,,9,https://www.aliexpress.com/item/1005012471953263.html,sourcing/A2-search-1.json,2026-09-03T14:38:13.343639+00:00,"C — liste de découverte, pertinence non garantie"
A2,vintage digicam,1005009446075232,Vantrue N5S DashCam 4 canaux WiFi 360 degrés STARVIS 2 IR Vision nocturne LTE prise en charge commande vocale 24 heures Mode de stationnement,310.39,EUR,4.9,39,https://www.aliexpress.com/item/1005009446075232.html,sourcing/A2-search-1.json,2026-09-03T14:38:13.343639+00:00,"C — liste de découverte, pertinence non garantie"
A2,vintage digicam,1005009419227045,Vintage 32G mariage Audio vidéo livre d'or téléphone enregistreur vidéo Unique pour enregistrement de fête souhaits de fête et enregistrement de messages MP4,297.13,EUR,5.0,14,https://www.aliexpress.com/item/1005009419227045.html,sourcing/A2-search-1.json,2026-09-03T14:38:13.343639+00:00,"C — liste de découverte, pertinence non garantie"
A2,vintage digicam,1005012248980033,"Guitare électrique modèle Classic Sunset, avec pickguard vintage et circuit de contrôle indépendant, une guitare rock vintage.",296.99,EUR,4.0,4,https://www.aliexpress.com/item/1005012248980033.html,sourcing/A2-search-1.json,2026-09-03T14:38:13.343639+00:00,"C — liste de découverte, pertinence non garantie"
A2,vintage digicam,1005010016430581,Vantrue N4 Pro S 3 canaux DashCam STARVIS 2 HDR IR Vision nocturne 4K + 1080P + 2.5K caméra arrière étanche Wi-Fi GPS 24h Mode de stationnement,299.69,EUR,4.8,102,https://www.aliexpress.com/item/1005010016430581.html,sourcing/A2-search-1.json,2026-09-03T14:38:13.343639+00:00,"C — liste de découverte, pertinence non garantie"
A2,vintage digicam,1005007167471197,"Livre de messages vidéo vintage pour mariage, enregistreur de messages vocaux, livre de messages vidéo avec fonction de reconnaissance faciale",305.99,EUR,0.0,2,https://www.aliexpress.com/item/1005007167471197.html,sourcing/A2-search-1.json,2026-09-03T14:38:13.343639+00:00,"C — liste de découverte, pertinence non garantie"
A2,vintage digicam,1005009456351252,"Horloge de Table Vintage pour salon, rétro, design mignon, horloges de bureau élégantes et modernes, horloges furtives, décoration de Table en verre pour la maison",131.99,EUR,5.0,,https://www.aliexpress.com/item/1005009456351252.html,sourcing/A2-search-1.json,2026-09-03T14:38:13.343639+00:00,"C — liste de découverte, pertinence non garantie"
A2,vintage digicam,1005009137902148,Viltrox DC-A1 moniteur de caméra numérique 7 pouces moniteur large 2800 Nits 1080P 4K HDMI moniteur à écran tactile pour Sony Nikon Fujifilm,196.69,EUR,4.7,68,https://www.aliexpress.com/item/1005009137902148.html,sourcing/A2-search-1.json,2026-09-03T14:38:13.343639+00:00,"C — liste de découverte, pertinence non garantie"
A2,vintage digicam,1005011551971642,"Caméra embarquée pour moto de 6,25 pouces, double caméra, enregistreur vidéo, GPS avec navigation, Android Auto, Apple Carplay, écran",253.69,EUR,,,https://www.aliexpress.com/item/1005011551971642.html,sourcing/A2-search-1.json,2026-09-03T14:38:13.343639+00:00,"C — liste de découverte, pertinence non garantie"
A2,vintage digicam,1005009895336056,"Grand vase métal vitré, style vintage",230.56,EUR,,,https://www.aliexpress.com/item/1005009895336056.html,sourcing/A2-search-1.json,2026-09-03T14:38:13.343639+00:00,"C — liste de découverte, pertinence non garantie"
A2,vintage digicam,1005009630379041,Téléphones décoratifs rétro Vintage tenture murale téléphone stockage Photo vieux téléphone chambre filaire décoration téléphones décor Vintage,182.39,EUR,5.0,3,https://www.aliexpress.com/item/1005009630379041.html,sourcing/A2-search-1.json,2026-09-03T14:38:13.343639+00:00,"C — liste de découverte, pertinence non garantie"
A2,vintage digicam,1005012030866445,"Moniteur de terrain Viltrox DC-A1 7 pouces pour appareil photo, 2800 nit, 1080P, 4K, compatible HDMI, écran tactile pour Sony, Nikon, Fujifilm",195.69,EUR,,10,https://www.aliexpress.com/item/1005012030866445.html,sourcing/A2-search-1.json,2026-09-03T14:38:13.343639+00:00,"C — liste de découverte, pertinence non garantie"
A2,vintage digicam,1005009553253256,NOUVEAU! Viltrox DC-A1 7 Pouce 2800NT 4K Profissionnel Moniteur Pour Photographie Vlog Cinéma TV Création Écran Tactile caméra Moniteur,198.39,EUR,5.0,6,https://www.aliexpress.com/item/1005009553253256.html,sourcing/A2-search-1.json,2026-09-03T14:38:13.343639+00:00,"C — liste de découverte, pertinence non garantie"
A2,vintage digicam,1005010013244308,"Caméra embarquée 4K dédiée Mangoal pour Volvo XC60 (2013-2026) avec GPS, WiFi et application, vision nocturne HD, Plug and Play",168.39,EUR,5.0,12,https://www.aliexpress.com/item/1005010013244308.html,sourcing/A2-search-1.json,2026-09-03T14:38:13.343639+00:00,"C — liste de découverte, pertinence non garantie"
A2,DC203,1005006848187940,13 en 1 DC 4.5-50V 0-12A affichage numérique multifonction ampèremètre de tension cc compteur de puissance type-c charge de téléphone portable testeur PD3.1,7.09,EUR,4.9,"10,000+",https://www.aliexpress.com/item/1005006848187940.html,sourcing/A2-search-10.json,2026-09-03T16:05:39.391010+00:00,"C — liste de découverte, pertinence non garantie"
A2,DC203,1005009013725806,"Indicateur de niveau de batterie DC7-40V 12V 24V 36V 48V, carte de capacité de batterie au Lithium acide/Lipo, testeur de charge de batterie de tension ﻿",2.90,EUR,4.8,"5,000+",https://www.aliexpress.com/item/1005009013725806.html,sourcing/A2-search-10.json,2026-09-03T16:05:39.391010+00:00,"C — liste de découverte, pertinence non garantie"
A2,DC203,1005007054185922,"Ampèremètre de tension cc à affichage numérique multifonction de Type C, compteur de puissance DC 4-30V 12A, voltmètre ampèremètre, testeur de capacité de chargeur",8.03,EUR,4.9,"5,000+",https://www.aliexpress.com/item/1005007054185922.html,sourcing/A2-search-10.json,2026-09-03T16:05:39.391010+00:00,"C — liste de découverte, pertinence non garantie"
A2,DC203,1005008257960729,"Convertisseur Buck DC-DC, Module d'alimentation pas à pas 5V-30V à 3.3V 5V 9V 12V 3A, régulateur de tension pour batterie de voiture et moto, 5/10 pièces",2.90,EUR,4.8,"4,000+",https://www.aliexpress.com/item/1005008257960729.html,sourcing/A2-search-10.json,2026-09-03T16:05:39.391010+00:00,"C — liste de découverte, pertinence non garantie"
A2,DC203,1005010524920741,PD3.0 PD3.1 QC3.0 récepteur Module de charge rapide DC 5/9/12/15/20/28/36/48V déclencheur de tension PD à DC Type C Interface,1.80,EUR,4.9,"4,000+",https://www.aliexpress.com/item/1005010524920741.html,sourcing/A2-search-10.json,2026-09-03T16:05:39.391010+00:00,"C — liste de découverte, pertinence non garantie"
A2,DC203,1005011858306905,"Indicateur de niveau de batterie DC7-40V 12V 24V 36V 48V pour batteries acide/lithium LiPo, carte de test de capacité et de tension de batterie ﻿",4.79,EUR,4.7,"2,000+",https://www.aliexpress.com/item/1005011858306905.html,sourcing/A2-search-10.json,2026-09-03T16:05:39.391010+00:00,"C — liste de découverte, pertinence non garantie"
A2,DC203,1005005051378620,"Voltmètre numérique LED DC 0.28 pouces, compteur de tension 0-100V, testeur de tension de puissance Mobile pour voiture, détecteur 12V rouge vert bleu jaune",0.74,EUR,4.8,"2,000+",https://www.aliexpress.com/item/1005005051378620.html,sourcing/A2-search-10.json,2026-09-03T16:05:39.391010+00:00,"C — liste de découverte, pertinence non garantie"
A2,DC203,1005010599306756,"Indicateur LED circulaire DC 7-55V, moniteur de tension/charge, indicateur de niveau, testeur de charge de batterie, batterie au Lithium acide",2.63,EUR,4.8,"2,000+",https://www.aliexpress.com/item/1005010599306756.html,sourcing/A2-search-10.json,2026-09-03T16:05:39.391010+00:00,"C — liste de découverte, pertinence non garantie"
A2,DC203,1005007725788619,"Voltmètre numérique ampèremètre DC 0-100V 10A, double affichage, détecteur de tension, compteur de courant, panneau d'ampli, jauge de tension 0.28 pouces, LED rouge bleu",2.08,EUR,4.8,"2,000+",https://www.aliexpress.com/item/1005007725788619.html,sourcing/A2-search-10.json,2026-09-03T16:05:39.391010+00:00,"C — liste de découverte, pertinence non garantie"
A2,DC203,1005004236295207,"TOMZN DC SPD 1000V 20KA ~ 40KA dispositif de protection contre les surtensions domestique, dispositif de protection basse tension",9.59,EUR,5.0,"2,000+",https://www.aliexpress.com/item/1005004236295207.html,sourcing/A2-search-10.json,2026-09-03T16:05:39.391010+00:00,"C — liste de découverte, pertinence non garantie"
A2,DC203,1005006843954402,DC-DC 5V à 3.3V 9V 12V 24V USB Module d'alimentation élévateur/bas convertisseur Boost Buck réglable sortie DC 1.0V-24V avec étui,3.29,EUR,4.7,"2,000+",https://www.aliexpress.com/item/1005006843954402.html,sourcing/A2-search-10.json,2026-09-03T16:05:39.391010+00:00,"C — liste de découverte, pertinence non garantie"
A2,DC203,1005006402839484,"Régulateur de tension 5V 12V 10A PWM DC, régulateur de vitesse de moteur, régulateur de vitesse en continu, variateur LED, contrôleur de puissance",1.79,EUR,4.8,"2,000+",https://www.aliexpress.com/item/1005006402839484.html,sourcing/A2-search-10.json,2026-09-03T16:05:39.391010+00:00,"C — liste de découverte, pertinence non garantie"
A2,DC203,1005006611596164,"Module DC à DC 400W 15A(Max) 8.5-50V à 10-60V, convertisseur élévateur, alimentation à courant Constant, pilote LED, chargeur de tension",4.09,EUR,4.8,"1,000+",https://www.aliexpress.com/item/1005006611596164.html,sourcing/A2-search-10.json,2026-09-03T16:05:39.391010+00:00,"C — liste de découverte, pertinence non garantie"
A2,DC203,1005007664818568,"Régulateur de vitesse du vent avec interrupteur, contrôleur de vitesse du vent, régulateur de volume de ventilateur, technologie de commutation, USB, Sotchi, livraison directe, DC 4V-12V",0.72,EUR,4.8,"1,000+",https://www.aliexpress.com/item/1005007664818568.html,sourcing/A2-search-10.json,2026-09-03T16:05:39.391010+00:00,"C — liste de découverte, pertinence non garantie"
A2,DC203,1005007821256717,DC-DC Buck Boost Converter Tech 5.5-30V à 0.5-30V 4A 35W Réglable Step Up Down Voltage Sotchi LCD Voltmètre numérique,6.09,EUR,4.8,"1,000+",https://www.aliexpress.com/item/1005007821256717.html,sourcing/A2-search-10.json,2026-09-03T16:05:39.391010+00:00,"C — liste de découverte, pertinence non garantie"
A2,DC203,1005008678729834,"Convertisseur Buck DC-DC, Module d'alimentation 5V-30V à 3.3V 5V 9V 12V 3A, régulateur de tension pour batterie de voiture et de moto, 5/10 pièces",2.08,EUR,4.8,"1,000+",https://www.aliexpress.com/item/1005008678729834.html,sourcing/A2-search-10.json,2026-09-03T16:05:39.391010+00:00,"C — liste de découverte, pertinence non garantie"
A2,DC203,4001213602885,"Voltmètre numérique DC 5V-48V pour voiture et moto, testeur de tension pour voiture, moto, ATV, bateau, 12V 24V 36V, étanche",2.32,EUR,4.7,"1,000+",https://www.aliexpress.com/item/4001213602885.html,sourcing/A2-search-10.json,2026-09-03T16:05:39.391010+00:00,"C — liste de découverte, pertinence non garantie"
A2,DC203,1005003607703427,"Voltmètre numérique LED pour voiture, testeur de tension d'alimentation mobile, détecteur automatique, rouge, vert, bleu, DC, 0-0.28 V, 0.36 pouces, 100 pouces, 12V",1.02,EUR,4.8,"1,000+",https://www.aliexpress.com/item/1005003607703427.html,sourcing/A2-search-10.json,2026-09-03T16:05:39.391010+00:00,"C — liste de découverte, pertinence non garantie"
A2,DC203,1005008649510584,DC 12 V-24 V LED variateur 30A LED contrôleur monochrome PWM numérique gradation continue pour bande de lampe lampe monochrome,4.09,EUR,4.6,"1,000+",https://www.aliexpress.com/item/1005008649510584.html,sourcing/A2-search-10.json,2026-09-03T16:05:39.391010+00:00,"C — liste de découverte, pertinence non garantie"
A2,FHD 1080P digital camera,1005009707114080,"Mini caméra de Vision nocturne thermique infrarouge 1280x1024 50fps, sortie vidéo Mipi/analogique/USB Flir pour Drone",17894.99,EUR,,,https://www.aliexpress.com/item/1005009707114080.html,sourcing/A2-search-2.json,2026-09-03T14:43:23.225093+00:00,"C — liste de découverte, pertinence non garantie"
A2,FHD 1080P digital camera,1005010318243091,"Machine à grains verts de café, trieur de couleurs, caméra CCD haute définition, meilleure vente, avec excellentes fonctionnalités du moulin à riz",8283.39,EUR,,,https://www.aliexpress.com/item/1005010318243091.html,sourcing/A2-search-2.json,2026-09-03T14:43:23.225093+00:00,"C — liste de découverte, pertinence non garantie"
A2,FHD 1080P digital camera,1005010140028687,"Machine de placement de composants SMT D600Plus 69 bits avec vision complète HDMI, monteur de puces de bureau à 6 têtes pour l'assemblage de composants électroniques",5760.99,EUR,5.0,2,https://www.aliexpress.com/item/1005010140028687.html,sourcing/A2-search-2.json,2026-09-03T14:43:23.225093+00:00,"C — liste de découverte, pertinence non garantie"
A2,FHD 1080P digital camera,1005010061221788,Nouvelle version originale T1020 IR résolution 1024x768/30Hz avec objectif 45 degrés 72501-0103,5785.20,EUR,,,https://www.aliexpress.com/item/1005010061221788.html,sourcing/A2-search-2.json,2026-09-03T14:43:23.225093+00:00,"C — liste de découverte, pertinence non garantie"
A2,FHD 1080P digital camera,1005011592674530,Caméra de fond d'œil portable FC-1000P - Équipement de diagnostic ophtalmique,3492.09,EUR,,,https://www.aliexpress.com/item/1005011592674530.html,sourcing/A2-search-2.json,2026-09-03T14:43:23.225093+00:00,"C — liste de découverte, pertinence non garantie"
A2,FHD 1080P digital camera,1005007534857568,"Système d'Endoscopie HD 1920x1080P, Caméra d'ret",2468.49,EUR,0.0,,https://www.aliexpress.com/item/1005007534857568.html,sourcing/A2-search-2.json,2026-09-03T14:43:23.225093+00:00,"C — liste de découverte, pertinence non garantie"
A2,FHD 1080P digital camera,1005012218882887,ALINX AXU7EV AMD Zynq UltraScale+ MPSoC XCZU7EV Calcul IA Entrée/Sortie HDMI 4K PCIe3.0 H.265 ADAS Automobile Vitis-AI,2544.39,EUR,,,https://www.aliexpress.com/item/1005012218882887.html,sourcing/A2-search-2.json,2026-09-03T14:43:23.225093+00:00,"C — liste de découverte, pertinence non garantie"
A2,FHD 1080P digital camera,1005012912072990,Commutateur vidéo NDI 8 canaux Sprolink MC-NDI 8 sources d'entrée HDMI/SDI/NDI pour des configurations multi-caméras flexibles,2463.39,EUR,,1,https://www.aliexpress.com/item/1005012912072990.html,sourcing/A2-search-2.json,2026-09-03T14:43:23.225093+00:00,"C — liste de découverte, pertinence non garantie"
A2,FHD 1080P digital camera,1005010546123391,"Pack de 3 caméras HDMI POE 4K avec zoom optique 12x/20x et clavier de contrôle PTZ pour diffusion en direct, vidéoconférence/église",1773.39,EUR,5.0,2,https://www.aliexpress.com/item/1005010546123391.html,sourcing/A2-search-2.json,2026-09-03T14:43:23.225093+00:00,"C — liste de découverte, pertinence non garantie"
A2,FHD 1080P digital camera,1005008356272382,"Caméra IP Dahua 4K 8MP 4X Zoom IPC-HFW3841T-ZAS-S2, IR 60M, IP67 IK10, motorisée, 2.7MM-13.5MM, Bullet, POE, fente pour carte SD, alarme, 8 pièces",1798.39,EUR,,1,https://www.aliexpress.com/item/1005008356272382.html,sourcing/A2-search-2.json,2026-09-03T14:43:23.225093+00:00,"C — liste de découverte, pertinence non garantie"
A2,FHD 1080P digital camera,1005012855590124,"204B collecte la carte fille FMC-AD96951300M, ADC numérique-analogique haute vitesse à 4 canaux",1782.39,EUR,,1,https://www.aliexpress.com/item/1005012855590124.html,sourcing/A2-search-2.json,2026-09-03T14:43:23.225093+00:00,"C — liste de découverte, pertinence non garantie"
A2,FHD 1080P digital camera,1005008001256153,"Kit de système de sécurité de caméra de vidéosurveillance en métal, caméra IP POE, vision nocturne, NVR, 4K, 8MP, 32CH, 24CH",1768.69,EUR,,,https://www.aliexpress.com/item/1005008001256153.html,sourcing/A2-search-2.json,2026-09-03T14:43:23.225093+00:00,"C — liste de découverte, pertinence non garantie"
A2,FHD 1080P digital camera,1005008666187564,"Kit de système de sécurité de caméra de vidéosurveillance 32CH, système de sécurité NVR POE 4K, caméra IP extérieure en métal de rue, Kit de vidéosurveillance XMEYE 8MP",1707.69,EUR,,2,https://www.aliexpress.com/item/1005008666187564.html,sourcing/A2-search-2.json,2026-09-03T14:43:23.225093+00:00,"C — liste de découverte, pertinence non garantie"
A2,FHD 1080P digital camera,1005008613403904,Modulateur IP vers analogique multicanal 16 24 32 40 48 canaux NTSC PAL BG PAL DK SECAM hôtel TV système frontal IP vers RF,1652.69,EUR,5.0,5,https://www.aliexpress.com/item/1005008613403904.html,sourcing/A2-search-2.json,2026-09-03T14:43:23.225093+00:00,"C — liste de découverte, pertinence non garantie"
A2,FHD 1080P digital camera,1005006522785159,"1-6 Caméras NDI 4K 60FPS avec Zoom 30X, Suivi Automatique IA, PTZ, PoE, HDMI, SDI, USB + 1 Contrôleur PTZ NDI pour Diffusion en Direct",1389.39,EUR,5.0,4,https://www.aliexpress.com/item/1005006522785159.html,sourcing/A2-search-2.json,2026-09-03T14:43:23.225093+00:00,"C — liste de découverte, pertinence non garantie"
A2,FHD 1080P digital camera,1005012016139270,"Système d'imagerie endoscopique médicale portable FHD, système d'endoscopie vidéo ORL avec enregistrement pour hystéroscopie, cystoscopie et diagnostic",1433.91,EUR,5.0,18,https://www.aliexpress.com/item/1005012016139270.html,sourcing/A2-search-2.json,2026-09-03T14:43:23.225093+00:00,"C — liste de découverte, pertinence non garantie"
A2,FHD 1080P digital camera,1005012513625160,"Caméra sphérique XAERO 1080p avec zoom optique 10x, capteur CMOS 1/3, cardan 3 axes pour drone FPV et applications aériennes UAV",1431.39,EUR,,,https://www.aliexpress.com/item/1005012513625160.html,sourcing/A2-search-2.json,2026-09-03T14:43:23.225093+00:00,"C — liste de découverte, pertinence non garantie"
A2,FHD 1080P digital camera,1005011839584876,"Tableau de bord numérique HD 15,1 pouces pour Ford F150 2015 2016-2021, panneau d'instruments, cockpit, écran LCD, compteur de vitesse",1306.63,EUR,,,https://www.aliexpress.com/item/1005011839584876.html,sourcing/A2-search-2.json,2026-09-03T14:43:23.225093+00:00,"C — liste de découverte, pertinence non garantie"
A2,FHD 1080P digital camera,1005008473353573,Caméra numérique monoculaire portative TA32-LRF/TA62-LRF NETD 25mk,1471.52,EUR,0.0,3,https://www.aliexpress.com/item/1005008473353573.html,sourcing/A2-search-2.json,2026-09-03T14:43:23.225093+00:00,"C — liste de découverte, pertinence non garantie"
A2,CCD digital camera,1005009995148997,"Imprimante numérique entièrement automatique pour étui de téléphone portable, écran tactile, bricolage intelligent, impression de photos personnalisées, distributeur automatique avec SDK",13541.39,EUR,,,https://www.aliexpress.com/item/1005009995148997.html,sourcing/A2-search-3.json,2026-09-03T14:43:23.522115+00:00,"C — liste de découverte, pertinence non garantie"
A2,CCD digital camera,1005010663319732,"Imprimante numérique à passage unique personnalisée, jet d'encre CMYK à vitesse rapide pour l'impression d'étiquettes d'emballage",13006.39,EUR,,,https://www.aliexpress.com/item/1005010663319732.html,sourcing/A2-search-3.json,2026-09-03T14:43:23.522115+00:00,"C — liste de découverte, pertinence non garantie"
A2,CCD digital camera,1005010318243091,"Machine à grains verts de café, trieur de couleurs, caméra CCD haute définition, meilleure vente, avec excellentes fonctionnalités du moulin à riz",8283.39,EUR,,,https://www.aliexpress.com/item/1005010318243091.html,sourcing/A2-search-3.json,2026-09-03T14:43:23.522115+00:00,"C — liste de découverte, pertinence non garantie"
A2,CCD digital camera,1005012633420972,Machine de tri optique commerciale par couleurs avec caméra CCD couleur complète qui détecte les petits défauts de couleur de surface sur tous types de produits.,7688.69,EUR,,,https://www.aliexpress.com/item/1005012633420972.html,sourcing/A2-search-3.json,2026-09-03T14:43:23.522115+00:00,"C — liste de découverte, pertinence non garantie"
A2,CCD digital camera,1005011876070719,"Machine de découpe Delta informatisée à double tête multifonction avec caméra CCD et servomoteur, système d'alimentation automatique haute performance",7435.03,EUR,,,https://www.aliexpress.com/item/1005011876070719.html,sourcing/A2-search-3.json,2026-09-03T14:43:23.522115+00:00,"C — liste de découverte, pertinence non garantie"
A2,CCD digital camera,1005012905928149,"Machine de comptage de bonbons entièrement automatique, haute précision, écologique, avec compteur électronique et vision par caméra",6375.69,EUR,,,https://www.aliexpress.com/item/1005012905928149.html,sourcing/A2-search-3.json,2026-09-03T14:43:23.522115+00:00,"C — liste de découverte, pertinence non garantie"
A2,CCD digital camera,1005012622772482,"Bras robotique professionnel personnalisé pour photomaton, machine photo automatique pour la photographie reflex et les prises de vue commerciales",6316.99,EUR,,,https://www.aliexpress.com/item/1005012622772482.html,sourcing/A2-search-3.json,2026-09-03T14:43:23.522115+00:00,"C — liste de découverte, pertinence non garantie"
A2,CCD digital camera,1005012622772124,"Trieuse chromatique CCD pour melons, citrouilles et graines oléagineuses avec Wi-Fi, machine automatique télécommandée, personnalisable",5200.99,EUR,,,https://www.aliexpress.com/item/1005012622772124.html,sourcing/A2-search-3.json,2026-09-03T14:43:23.522115+00:00,"C — liste de découverte, pertinence non garantie"
A2,CCD digital camera,1005012507378127,Microscope électronique à balayage rapide avec caméra industrielle,5131.28,EUR,,,https://www.aliexpress.com/item/1005012507378127.html,sourcing/A2-search-3.json,2026-09-03T14:43:23.522115+00:00,"C — liste de découverte, pertinence non garantie"
A2,CCD digital camera,1005012788877746,"Trieuse optique CCD professionnelle intelligente et personnalisée à grande échelle, machine de tri de couleur Realtech",4003.99,EUR,,,https://www.aliexpress.com/item/1005012788877746.html,sourcing/A2-search-3.json,2026-09-03T14:43:23.522115+00:00,"C — liste de découverte, pertinence non garantie"
A2,CCD digital camera,1005009260410862,Capteur de dispositif portable numérique à l'intérieur,3393.69,EUR,,,https://www.aliexpress.com/item/1005009260410862.html,sourcing/A2-search-3.json,2026-09-03T14:43:23.522115+00:00,"C — liste de découverte, pertinence non garantie"
A2,CCD digital camera,1005012191175406,Traceur de découpe grand format de qualité industrielle avec positionnement par caméra CCD et alimentation automatique,2909.64,EUR,,,https://www.aliexpress.com/item/1005012191175406.html,sourcing/A2-search-3.json,2026-09-03T14:43:23.522115+00:00,"C — liste de découverte, pertinence non garantie"
A2,CCD digital camera,1005007534857568,"Système d'Endoscopie HD 1920x1080P, Caméra d'ret",2468.49,EUR,0.0,,https://www.aliexpress.com/item/1005007534857568.html,sourcing/A2-search-3.json,2026-09-03T14:43:23.522115+00:00,"C — liste de découverte, pertinence non garantie"
A2,CCD digital camera,1005012498786296,"Photomaton personnalisé de style appareil photo rétro, kiosque LED pour mariage, anniversaire et studio photo",2449.69,EUR,,,https://www.aliexpress.com/item/1005012498786296.html,sourcing/A2-search-3.json,2026-09-03T14:43:23.522115+00:00,"C — liste de découverte, pertinence non garantie"
A2,CCD digital camera,1005012912072990,Commutateur vidéo NDI 8 canaux Sprolink MC-NDI 8 sources d'entrée HDMI/SDI/NDI pour des configurations multi-caméras flexibles,2463.39,EUR,,1,https://www.aliexpress.com/item/1005012912072990.html,sourcing/A2-search-3.json,2026-09-03T14:43:23.522115+00:00,"C — liste de découverte, pertinence non garantie"
A2,CCD digital camera,1005011899804919,"Écran d'affichage numérique LCD 12,3'' pour tableau de bord Ford F150 2008-2014",1974.99,EUR,,,https://www.aliexpress.com/item/1005011899804919.html,sourcing/A2-search-3.json,2026-09-03T14:43:23.522115+00:00,"C — liste de découverte, pertinence non garantie"
A2,CCD digital camera,1005010546123391,"Pack de 3 caméras HDMI POE 4K avec zoom optique 12x/20x et clavier de contrôle PTZ pour diffusion en direct, vidéoconférence/église",1773.39,EUR,5.0,2,https://www.aliexpress.com/item/1005010546123391.html,sourcing/A2-search-3.json,2026-09-03T14:43:23.522115+00:00,"C — liste de découverte, pertinence non garantie"
A2,CCD digital camera,1005008356272382,"Caméra IP Dahua 4K 8MP 4X Zoom IPC-HFW3841T-ZAS-S2, IR 60M, IP67 IK10, motorisée, 2.7MM-13.5MM, Bullet, POE, fente pour carte SD, alarme, 8 pièces",1798.39,EUR,,1,https://www.aliexpress.com/item/1005008356272382.html,sourcing/A2-search-3.json,2026-09-03T14:43:23.522115+00:00,"C — liste de découverte, pertinence non garantie"
A2,CCD digital camera,1005012235628391,"Photomaton à écran tactile de 21,5 pouces avec élévateur électrique - Kiosque multifonctionnel pour appareil photo reflex numérique et selfies pour fêtes et mariages",1848.69,EUR,5.0,5,https://www.aliexpress.com/item/1005012235628391.html,sourcing/A2-search-3.json,2026-09-03T14:43:23.522115+00:00,"C — liste de découverte, pertinence non garantie"
A2,CCD digital camera,1005012251475300,Carte-cadeau Can-Am Defender Maverick R 9999T DCT Code numérique prépayé 2024 Catégorie spéciale Véhicule tout-terrain,1845.63,EUR,,,https://www.aliexpress.com/item/1005012251475300.html,sourcing/A2-search-3.json,2026-09-03T14:43:23.522115+00:00,"C — liste de découverte, pertinence non garantie"
A2,CCD digital camera,1005005826531173,Carte SD 64 Go 128 Go 256 Go V10 16 Go 32 Go Carte mémoire Flash SD pleine grandeur normale haute vitesse pour appareil photo,4.19,EUR,4.1,"10,000+",https://www.aliexpress.com/item/1005005826531173.html,sourcing/A2-search-4.json,2026-09-03T14:45:14.672006+00:00,"C — liste de découverte, pertinence non garantie"
A2,CCD digital camera,1005010428506117,Magecam appareil photo numérique 0.96 pouces porte-clés caméra rétro Support carte mémoire 1080P très petit caméscope enregistreur vidéo avec Flash,14.29,EUR,4.7,"10,000+",https://www.aliexpress.com/item/1005010428506117.html,sourcing/A2-search-4.json,2026-09-03T14:45:14.672006+00:00,"C — liste de découverte, pertinence non garantie"
A2,CCD digital camera,1005002798995605,"Carte SD SDA1XC/SDA1XC, 8/16/32/64/128/256 go, haute vitesse, classe 10, carte mémoire Flash usb pour appareil photo",3.49,EUR,4.3,"5,000+",https://www.aliexpress.com/item/1005002798995605.html,sourcing/A2-search-4.json,2026-09-03T14:45:14.672006+00:00,"C — liste de découverte, pertinence non garantie"
A2,CCD digital camera,1005007118463161,"Carte mémoire TF pour vidéosurveillance ou caméra, classe 10, haute vitesse, petite capacité, 64m, 128m, 256m, 512m",1.73,EUR,4.3,"5,000+",https://www.aliexpress.com/item/1005007118463161.html,sourcing/A2-search-4.json,2026-09-03T14:45:14.672006+00:00,"C — liste de découverte, pertinence non garantie"
A2,CCD digital camera,1005012365719172,"Mini caméra X5 1080P HD Wifi sans fil, vision nocturne, détection de mouvement, caméra vidéo, caméra de sécurité domestique, enregistreur audio-vidéo",5.49,EUR,3.7,"5,000+",https://www.aliexpress.com/item/1005012365719172.html,sourcing/A2-search-4.json,2026-09-03T14:45:14.672006+00:00,"C — liste de découverte, pertinence non garantie"
A2,CCD digital camera,1005006915475056,"Webcam 4K pour Streaming, Caméra Web 1080P 60FPS USB EMEET S600 avec Autofocus et Micros pour TikTok/YouTube",52.07,EUR,4.8,"4,000+",https://www.aliexpress.com/item/1005006915475056.html,sourcing/A2-search-4.json,2026-09-03T14:45:14.672006+00:00,"C — liste de découverte, pertinence non garantie"
A2,CCD digital camera,1005009303487448,"Microscope numérique avec écran IPS de 4.3 pouces, miroir à pièces de monnaie 1600X avec lumières, Microscope vidéo HD 1920P pour PCB, pièces de monnaie, plantes",32.99,EUR,4.8,"4,000+",https://www.aliexpress.com/item/1005009303487448.html,sourcing/A2-search-4.json,2026-09-03T14:45:14.672006+00:00,"C — liste de découverte, pertinence non garantie"
A2,CCD digital camera,1005006140588434,Cdycam nouveau 3.5 pouces sans fil vidéo bébé moniteur Vision nocturne surveillance de la température 2 voies Audio parler bébé nounou caméra de sécurité,46.39,EUR,4.7,"3,000+",https://www.aliexpress.com/item/1005006140588434.html,sourcing/A2-search-4.json,2026-09-03T14:45:14.672006+00:00,"C — liste de découverte, pertinence non garantie"
A2,CCD digital camera,1005011819258093,"Caméra de sécurité intelligente WiFi Ourlife HD Mini, caméra de surveillance domestique, caméscope avec suivi de mouvement",11.29,EUR,4.1,"3,000+",https://www.aliexpress.com/item/1005011819258093.html,sourcing/A2-search-4.json,2026-09-03T14:45:14.672006+00:00,"C — liste de découverte, pertinence non garantie"
A2,CCD digital camera,1005012276049331,"Carte SD, carte mémoire portable pour l'extension de la mémoire des appareils mobiles et des appareils photo",8.19,EUR,4.5,"3,000+",https://www.aliexpress.com/item/1005012276049331.html,sourcing/A2-search-4.json,2026-09-03T14:45:14.672006+00:00,"C — liste de découverte, pertinence non garantie"
A2,CCD digital camera,1005004918533559,"Carte de capture vidéo USB 3.0 4K, HDTV 1080P 60Hz, enregistreur vidéo HD pour PS4 OBS, enregistrement de jeux, diffusion en direct",9.57,EUR,4.7,"3,000+",https://www.aliexpress.com/item/1005004918533559.html,sourcing/A2-search-4.json,2026-09-03T14:45:14.672006+00:00,"C — liste de découverte, pertinence non garantie"
A2,CCD digital camera,1005010595140254,Kit universel d'écouvillon de nettoyage de capteur de caméra pour capteur CCD ou CMOS d'appareil photo numérique pour le nettoyage complet des capteurs APS-C M4/3,1.92,EUR,4.6,"2,000+",https://www.aliexpress.com/item/1005010595140254.html,sourcing/A2-search-4.json,2026-09-03T14:45:14.672006+00:00,"C — liste de découverte, pertinence non garantie"
A2,CCD digital camera,1005010779517265,"Mini caméra à clé USB rétro G6, enregistreur HD 1080P, flash intégré, mise au point automatique 130 °   Appareil photo portable avec écran LCD et objectif grand angle",9.29,EUR,4.6,"2,000+",https://www.aliexpress.com/item/1005010779517265.html,sourcing/A2-search-4.json,2026-09-03T14:45:14.672006+00:00,"C — liste de découverte, pertinence non garantie"
A2,CCD digital camera,1005006667142588,"KAWA-Mini Caméra de Tableau de Bord 2K pour Voiture, DVR, Enregistreur Vidéo, Commande Vocale d'Urgence, Vision Nocturne, Wifi, Moniteur",38.39,EUR,4.7,"2,000+",https://www.aliexpress.com/item/1005006667142588.html,sourcing/A2-search-4.json,2026-09-03T14:45:14.672006+00:00,"C — liste de découverte, pertinence non garantie"
A2,CCD digital camera,1005006640622538,"Caméra de tableau de bord sans fil pour voiture, K2 Pro, DVR 4K, Carplay, Android Auto, écran AI, enregistreur vidéo Len pour touristes, navigation GPS, tableau Prada, 11.3 pouces",84.39,EUR,4.7,"2,000+",https://www.aliexpress.com/item/1005006640622538.html,sourcing/A2-search-4.json,2026-09-03T14:45:14.672006+00:00,"C — liste de découverte, pertinence non garantie"
A2,CCD digital camera,1005008781966705,"Caméra de tableau de bord avec enregistrement en boucle de Vision nocturne IR et écran IPS 2 ""1080P 3 caméras, enregistreur DVR, enregistreur vidéo, DVR de véhicule",18.49,EUR,4.4,"2,000+",https://www.aliexpress.com/item/1005008781966705.html,sourcing/A2-search-4.json,2026-09-03T14:45:14.672006+00:00,"C — liste de découverte, pertinence non garantie"
A2,CCD digital camera,1005009522688651,"Caméra embarquée pour voitures, 4 canaux, boîte noire, WiFi, caméra de conduite FHD 1080P, vision nocturne, enregistrement en boucle, kit de câblage additionnel, accessoires de voiture",39.19,EUR,4.5,"2,000+",https://www.aliexpress.com/item/1005009522688651.html,sourcing/A2-search-4.json,2026-09-03T14:45:14.672006+00:00,"C — liste de découverte, pertinence non garantie"
A2,CCD digital camera,1005007272943317,"Carte Micro SD KODAK 100% originale 16 Go 32 Go 64 Go 128 Go 256 Go, carte mémoire MicroSD classe 10 SDXC U3 4K TF pour drone et téléphone",4.19,EUR,4.8,"2,000+",https://www.aliexpress.com/item/1005007272943317.html,sourcing/A2-search-4.json,2026-09-03T14:45:14.672006+00:00,"C — liste de découverte, pertinence non garantie"
A2,CCD digital camera,1005006761768656,"KODAK PIXPRO FZ55-RD 16MP appareil photo numérique 5X Zoom optique 28mm grand Angle 1080P Full HD vidéo 2.7 ""LCD Vlogging caméra",173.99,EUR,4.7,"2,000+",https://www.aliexpress.com/item/1005006761768656.html,sourcing/A2-search-4.json,2026-09-03T14:45:14.672006+00:00,"C — liste de découverte, pertinence non garantie"
A2,CCD digital camera,1005010518187801,"Mini appareil photo numérique Palm-Sized 180 °   Écran à Selfie rabattable avec lampe de poche, plusieurs filtres, porte-clés, appareil photo numérique Portable LK027",10.79,EUR,4.8,"1,000+",https://www.aliexpress.com/item/1005010518187801.html,sourcing/A2-search-4.json,2026-09-03T14:45:14.672006+00:00,"C — liste de découverte, pertinence non garantie"
A5,Xteink X4,1005007701940021,Ultra HD 4K Android TV Stick MX10-F3 Stick Mini Home TV Stick H313 façades Core Support 2.4/5G touristes Wifi 2GB RAM 16GB Dean,26.99,EUR,4.3,"5,000+",https://www.aliexpress.com/item/1005007701940021.html,sourcing/A5-search-0.json,2026-09-03T14:38:21.720769+00:00,"C — liste de découverte, pertinence non garantie"
A5,Xteink X4,1005008632475317,"Processeur Intel Xeon E5 2680 V4 2,4 GHz 14 cœurs 120 W LGA 2011-3 2680V4 CPU",19.99,EUR,4.9,"3,000+",https://www.aliexpress.com/item/1005008632475317.html,sourcing/A5-search-0.json,2026-09-03T14:38:21.720769+00:00,"C — liste de découverte, pertinence non garantie"
A5,Xteink X4,1005004442329383,Processeur CPU E5 2680V4 Xeon E5-2680V4 CPU 2.40GHz 14 cœurs 35M 14NM E5-2680 V4 FCLGA2011-3 TPD 120W,13.69,EUR,4.8,"1,000+",https://www.aliexpress.com/item/1005004442329383.html,sourcing/A5-search-0.json,2026-09-03T14:38:21.720769+00:00,"C — liste de découverte, pertinence non garantie"
A5,Xteink X4,1005011903519226,"Pour XTEINK X4 E-Book 4.3 ""XteinkX4, étui en TPU souple résistant aux chutes, transparent, original, tout compris, housse de protection arrière avec airbag",2.08,EUR,4.8,"1,000+",https://www.aliexpress.com/item/1005011903519226.html,sourcing/A5-search-0.json,2026-09-03T14:38:21.720769+00:00,"C — liste de découverte, pertinence non garantie"
A5,Xteink X4,1005011934707290,"Protecteur d'écran transparent mat et HD pour liseuse X4, Film de protection anti-empreintes digitales à couverture complète, Films de protection en PET pour X4",1.37,EUR,4.8,"1,000+",https://www.aliexpress.com/item/1005011934707290.html,sourcing/A5-search-0.json,2026-09-03T14:38:21.720769+00:00,"C — liste de découverte, pertinence non garantie"
A5,Xteink X4,1005011591665600,"Étui Anti-chute pour XTEINK X4 E-Book, 4.3 pouces, coque arrière de protection originale, souple, résistant aux chocs, transparente, pour Xteink X4",2.89,EUR,4.9,"1,000+",https://www.aliexpress.com/item/1005011591665600.html,sourcing/A5-search-0.json,2026-09-03T14:38:21.720769+00:00,"C — liste de découverte, pertinence non garantie"
A5,Xteink X4,1005012950585273,"Étui magnétique XTEINK pour liseuse électronique X3 X4 X4 Pro, housse de protection fine antichoc, conception magnétique robuste, plusieurs couleurs",8.39,EUR,4.8,"1,000+",https://www.aliexpress.com/item/1005012950585273.html,sourcing/A5-search-0.json,2026-09-03T14:38:21.720769+00:00,"C — liste de découverte, pertinence non garantie"
A5,Xteink X4,1005007475870632,E5-2667V4 Xeon E5 2667 V4 3.20GHZ 8 cœurs 25M E5 2667V4 2400MHz FCLGA2011-3 135W,25.19,EUR,4.9,900+,https://www.aliexpress.com/item/1005007475870632.html,sourcing/A5-search-0.json,2026-09-03T14:38:21.720769+00:00,"C — liste de découverte, pertinence non garantie"
A5,Xteink X4,1005012134297394,"Liseur électronique portable magnétique Xteink X4 X3, écran ultra fin de 4,3 pouces, lecteur de papier électronique pour la lecture quotidienne à la maison et en extérieur",76.69,EUR,4.6,800+,https://www.aliexpress.com/item/1005012134297394.html,sourcing/A5-search-0.json,2026-09-03T14:38:21.720769+00:00,"C — liste de découverte, pertinence non garantie"
A5,Xteink X4,1005008654803566,Mémoire serveur SK Hynix DDR4 8 Go 16 Go 2133P 2400T 2666V 1Rx4 2RX4 PC4 2133 MHz 2400 MHz 2666 ECC REG RDIMM X99 RAM 32 Go,51.69,EUR,4.9,800+,https://www.aliexpress.com/item/1005008654803566.html,sourcing/A5-search-0.json,2026-09-03T14:38:21.720769+00:00,"C — liste de découverte, pertinence non garantie"
A5,Xteink X4,1005004492393905,"Tanix-Boîtier Smart TV W2, Android 11, Amlogic S905W2, 2 Go/16 Go, lecteur multimédia décodeur, avec WiFi HDR 10 +, compatible H.disparates AV1, pour touristes",38.79,EUR,4.9,800+,https://www.aliexpress.com/item/1005004492393905.html,sourcing/A5-search-0.json,2026-09-03T14:38:21.720769+00:00,"C — liste de découverte, pertinence non garantie"
A5,Xteink X4,1005007532369181,"Xeon E5 2690 V4 LGA 2011-3 2,6 Ghz E5-2690 V4 14 cœurs et 28 fils 135W E5-2690V4",19.79,EUR,4.9,700+,https://www.aliexpress.com/item/1005007532369181.html,sourcing/A5-search-0.json,2026-09-03T14:38:21.720769+00:00,"C — liste de découverte, pertinence non garantie"
A5,Xteink X4,1005010389553844,Tanix TX1 Android TV Box Quad Core H313 2.4G Wifi 4k HD décodeur intelligent,19.99,EUR,4.9,700+,https://www.aliexpress.com/item/1005010389553844.html,sourcing/A5-search-0.json,2026-09-03T14:38:21.720769+00:00,"C — liste de découverte, pertinence non garantie"
A5,Xteink X4,1005005844078284,BIGTREETacétone Carte mère pour imprimante 3D accessoires pour Ender 3  mise à niveau BTT SKR V1.4 Turbo  SKR MINI E3 V3.0 MINI E3 V2 TMC2209,27.10,EUR,4.7,700+,https://www.aliexpress.com/item/1005005844078284.html,sourcing/A5-search-0.json,2026-09-03T14:38:21.720769+00:00,"C — liste de découverte, pertinence non garantie"
A5,Xteink X4,1005012150261412,"Étui de protection magnétique multicolore XTEINK X4, housse de protection pour lecteur de livres électroniques à écran d'encre Xtrink X4, accessoires, cadeaux",18.69,EUR,4.8,600+,https://www.aliexpress.com/item/1005012150261412.html,sourcing/A5-search-0.json,2026-09-03T14:38:21.720769+00:00,"C — liste de découverte, pertinence non garantie"
A5,Xteink X4,1005010691119713,Intel Xeon E5 2667 V4 E5-2667V4 utilisé processeur d'unité centrale 3.2GHz 8 cœurs 16 threads L3 = 25M 135W LGA 2011-3 ﻿,44.99,EUR,5.0,500+,https://www.aliexpress.com/item/1005010691119713.html,sourcing/A5-search-0.json,2026-09-03T14:38:21.720769+00:00,"C — liste de découverte, pertinence non garantie"
A5,Xteink X4,1005012547893278,"Étui magnétique pour carnet de composition twosheep, adapté pour XTEINK X4 X3, coque de protection arrière transparente en TPU détachable",10.39,EUR,4.9,500+,https://www.aliexpress.com/item/1005012547893278.html,sourcing/A5-search-0.json,2026-09-03T14:38:21.720769+00:00,"C — liste de découverte, pertinence non garantie"
A5,Xteink X4,1005004319665418,"Xeon E5-2640V4 E5-2640V4 2,40 GHZ 10 cœurs 25 Mo SmartCache E5 2640 V4 FCLGA2011-3 90 W E5-2640 V4",7.29,EUR,4.9,500+,https://www.aliexpress.com/item/1005004319665418.html,sourcing/A5-search-0.json,2026-09-03T14:38:21.720769+00:00,"C — liste de découverte, pertinence non garantie"
A5,Xteink X4,1005012247477594,"Liseuse électronique XTEINK X3 avec écran E-Ink respectueux des yeux, mini appareil de lecture numérique portable. Le X3 est plus avancé que le X4.",58.99,EUR,4.7,493,https://www.aliexpress.com/item/1005012247477594.html,sourcing/A5-search-0.json,2026-09-03T14:38:21.720769+00:00,"C — liste de découverte, pertinence non garantie"
A5,Xteink X4,1005006379273044,"Lot de 5 clés télécommandes Xhorse XEB520EN (mise à niveau de l'XEB510EN B5) avec puce XT27B Super Chip, 3 boutons, pour clés de voiture Volkswagen, compatibles avec VVDI Key Tool",50.39,EUR,4.9,500+,https://www.aliexpress.com/item/1005006379273044.html,sourcing/A5-search-0.json,2026-09-03T14:38:21.720769+00:00,"C — liste de découverte, pertinence non garantie"
A5,inkpalm 5,1005011662290398,"Machine d'impression par tampon entièrement électrique Inkcup, quatre couleurs, avec coupelle d'encre à huile scellée à glissière automatique, pour écouteurs et vêtements",11778.72,EUR,,,https://www.aliexpress.com/item/1005011662290398.html,sourcing/A5-search-1.json,2026-09-03T14:38:22.053314+00:00,"C — liste de découverte, pertinence non garantie"
A5,inkpalm 5,1005006058196468,Un ensemble de KKCMY adapté pour VP700 VP700 VIP imprimante à jet d'encre d'étiquettes couleur cartouche d'encre de haute qualité cartouche d'encre Memjet couleur VIP,297.69,EUR,0.0,5,https://www.aliexpress.com/item/1005006058196468.html,sourcing/A5-search-1.json,2026-09-03T14:38:22.053314+00:00,"C — liste de découverte, pertinence non garantie"
A5,inkpalm 5,1005009442806357,Amortisseur d'encre adapté aux pièces d'imprimante EPSON Stylus Pro 4910 4900 P5000,173.99,EUR,,,https://www.aliexpress.com/item/1005009442806357.html,sourcing/A5-search-1.json,2026-09-03T14:38:22.053314+00:00,"C — liste de découverte, pertinence non garantie"
A5,inkpalm 5,1005010792622138,"Encre de tatouage fluorescente KVM 30 ml, 7 couleurs, pigment pour art corporel, équipée d'une lampe d'éclairage à ultraviolet, fournitures de tatouage",28.89,EUR,,18,https://www.aliexpress.com/item/1005010792622138.html,sourcing/A5-search-1.json,2026-09-03T14:38:22.053314+00:00,"C — liste de découverte, pertinence non garantie"
A5,inkpalm 5,1005012332087071,"Pigments KVM PMU 5ml 5pcs 8pcs Encre de tatouage pour sourcils et lèvres, ensemble de pigments de maquillage permanent pour microblading et lip blushing",4.82,EUR,,3,https://www.aliexpress.com/item/1005012332087071.html,sourcing/A5-search-1.json,2026-09-03T14:38:22.053314+00:00,"C — liste de découverte, pertinence non garantie"
A5,inkpalm 5,1005006227974742,"Cartouche d'encre à base de solvant à séchage rapide pour imprimante à jet d'encre, compatible 600 ug I 3180K, IQ800, JS12, 12.7mm, déterminer en ligne, 5 pièces",127.99,EUR,5.0,7,https://www.aliexpress.com/item/1005006227974742.html,sourcing/A5-search-1.json,2026-09-03T14:38:22.053314+00:00,"C — liste de découverte, pertinence non garantie"
A5,inkpalm 5,1005012092415008,"Stylet actif InkSense Plus uniquement compatible avec Palma2 Pro, Go Color 7 Gen II, Go 7, non compatible avec Go Color 7 Gen I",64.69,EUR,5.0,14,https://www.aliexpress.com/item/1005012092415008.html,sourcing/A5-search-1.json,2026-09-03T14:38:22.053314+00:00,"C — liste de découverte, pertinence non garantie"
A5,inkpalm 5,1005007418536765,"Amortisseur d'encre pour Epson, compatible avec Epson Surecolor P 8080 P8080",82.39,EUR,,,https://www.aliexpress.com/item/1005007418536765.html,sourcing/A5-search-1.json,2026-09-03T14:38:22.053314+00:00,"C — liste de découverte, pertinence non garantie"
A5,inkpalm 5,1005002034158755,"Turnsun-Pompe à encre pour imprimante UV Dtf, Epson 1390 1400 1410 1500 L1800",81.39,EUR,1.0,3,https://www.aliexpress.com/item/1005002034158755.html,sourcing/A5-search-1.json,2026-09-03T14:38:22.053314+00:00,"C — liste de découverte, pertinence non garantie"
A5,inkpalm 5,1005006828525028,"Encre pigmentée 1000ml pour imprimante Epson Stylus Pro, 7890, 9890, 7908, 9908, 7900, 9900, 7910, 9910, 7710, 9710, 7700, 9700, T6361-T6369 T5961",51.39,EUR,,7,https://www.aliexpress.com/item/1005006828525028.html,sourcing/A5-search-1.json,2026-09-03T14:38:22.053314+00:00,"C — liste de découverte, pertinence non garantie"
A5,inkpalm 5,32706370071,"Rouleau de toile polyester jet d'encre mat imperméable 220 g/m² 24"" 36"" 42"" 44"" 50"" 60"" pour la vente en gros",65.99,EUR,5.0,19,https://www.aliexpress.com/item/32706370071.html,sourcing/A5-search-1.json,2026-09-03T14:38:22.053314+00:00,"C — liste de découverte, pertinence non garantie"
A5,inkpalm 5,1005012398124141,Pompe à encre compatible avec EPSON R3000 SureColor P408 R3000 P608 P400 P600,62.69,EUR,,,https://www.aliexpress.com/item/1005012398124141.html,sourcing/A5-search-1.json,2026-09-03T14:38:22.053314+00:00,"C — liste de découverte, pertinence non garantie"
A5,inkpalm 5,1005012836667440,Pompe à encre compatible avec Epson PM-G4500 R1390 EP-4004 1500 1500W 1410 EP-4004 1390 1400,54.69,EUR,,,https://www.aliexpress.com/item/1005012836667440.html,sourcing/A5-search-1.json,2026-09-03T14:38:22.053314+00:00,"C — liste de découverte, pertinence non garantie"
A5,inkpalm 5,1005006184707093,"Bouteille d'encre précieuse 1,5 L, 4 pièces, pour système, en vrac, alimentation continue, pour Mimaki Roland Mutoh, grand format Prquinze",39.59,EUR,4.0,11,https://www.aliexpress.com/item/1005006184707093.html,sourcing/A5-search-1.json,2026-09-03T14:38:22.053314+00:00,"C — liste de découverte, pertinence non garantie"
A5,inkpalm 5,4001062416067,"Encre UV dédiée pour imprimante, tête d'impression GEN 4 SEN5, 5 couleurs, bouteille de 1000ml",57.99,EUR,0.0,12,https://www.aliexpress.com/item/4001062416067.html,sourcing/A5-search-1.json,2026-09-03T14:38:22.053314+00:00,"C — liste de découverte, pertinence non garantie"
A5,inkpalm 5,1005003949436096,Encre pigmentée étanche 1000ml pour imprimante IL PFI 120 320 307 707 TM-200 TM200 TM-205 TM-300 TM-305 TM300 idissolvant 830 840 850,50.99,EUR,0.0,12,https://www.aliexpress.com/item/1005003949436096.html,sourcing/A5-search-1.json,2026-09-03T14:38:22.053314+00:00,"C — liste de découverte, pertinence non garantie"
A5,inkpalm 5,1005012573394051,Ohuhu Kahuku Série Marqueurs à Peinture Acrylique à Encre Directe Contrôle Automatique d'Encre Marqueurs Acryliques Peinture à Haute Opacité,48.79,EUR,5.0,54,https://www.aliexpress.com/item/1005012573394051.html,sourcing/A5-search-1.json,2026-09-03T14:38:22.053314+00:00,"C — liste de découverte, pertinence non garantie"
A5,inkpalm 5,1005006394799360,Cartouche d'encre à séchage rapide 12.7mm 2588 cartouche d'encre 42L hauteur d'impression universelle pour imprimante jet d'encre portable,29.79,EUR,4.8,33,https://www.aliexpress.com/item/1005006394799360.html,sourcing/A5-search-1.json,2026-09-03T14:38:22.053314+00:00,"C — liste de découverte, pertinence non garantie"
A5,inkpalm 5,1005006968727037,Encre de pigment d'étiquette de 1000ml pour Epson Turnnous-mêmes C3500 C7500 TM-C3500 TM-C3510 TM-C3520 TM-C7520G CW-C6500A/P encre de haute qualité,49.99,EUR,5.0,2,https://www.aliexpress.com/item/1005006968727037.html,sourcing/A5-search-1.json,2026-09-03T14:38:22.053314+00:00,"C — liste de découverte, pertinence non garantie"
A5,inkpalm 5,1005009620998957,Pompe à encre pour EPSON L4268 L4170 L4163 L4260 L4266 L4151 L4168 L4261 L4160 L4150 L4156 L4158 L4167 L4153 L4165 L4166 L4169,47.59,EUR,5.0,,https://www.aliexpress.com/item/1005009620998957.html,sourcing/A5-search-1.json,2026-09-03T14:38:22.053314+00:00,"C — liste de découverte, pertinence non garantie"
A5,Xteink,1005012448255730,"T-shirt graphique vintage Xtreme pour hommes, style rétro punk des années 2000, t-shirt en coton surdimensionné, streetwear hip-hop, col rond, manches courtes",15.69,EUR,,3,https://www.aliexpress.com/item/1005012448255730.html,sourcing/A5-search-2.json,2026-09-03T14:43:32.430123+00:00,"C — liste de découverte, pertinence non garantie"
A6,safety shaving set,1005006930863642,"Ensemble de machine à couper les cheveux rétro T9 pour hommes, tondeuse à vestes, rasoir électrique pour hommes, Lence Pro Barber, rasoir pour zones sensibles, original",3.69,EUR,4.1,"50,000+",https://www.aliexpress.com/item/1005006930863642.html,sourcing/A6-search-0.json,2026-09-03T14:38:30.213690+00:00,"C — liste de découverte, pertinence non garantie"
A6,safety shaving set,1005009100800166,"Ensemble de 1/4 pinces à épiler professionnelles pour la suppression des poils des sourcils, parfaites pour une épilation très facile et décontractée",1.27,EUR,4.4,"10,000+",https://www.aliexpress.com/item/1005009100800166.html,sourcing/A6-search-0.json,2026-09-03T14:38:30.213690+00:00,"C — liste de découverte, pertinence non garantie"
A6,safety shaving set,1005008305048332,"Ensemble de rasoir de sécurité à 6 couches pour hommes, rasoir tranchant en acier inoxydable de haute qualité, lame de tête de rasoir modifiable ﻿",2.81,EUR,4.4,"10,000+",https://www.aliexpress.com/item/1005008305048332.html,sourcing/A6-search-0.json,2026-09-03T14:38:30.213690+00:00,"C — liste de découverte, pertinence non garantie"
A6,safety shaving set,1005005235572701,"Mini rasoir électrique pour hommes, épilateur Rechargeable, Machine à raser pour femmes et hommes, Mini rasoir de voiture, outils de rasage électriques",3.29,EUR,4.5,"10,000+",https://www.aliexpress.com/item/1005005235572701.html,sourcing/A6-search-0.json,2026-09-03T14:38:30.213690+00:00,"C — liste de découverte, pertinence non garantie"
A6,safety shaving set,1005010456419793,ENCHEN MS003 rasoir à feuille compacte avec tondeuse de précision POP-UP type-c charge avec indicateur 7000 tr/min moteur fort,8.69,EUR,4.6,"10,000+",https://www.aliexpress.com/item/1005010456419793.html,sourcing/A6-search-0.json,2026-09-03T14:38:30.213690+00:00,"C — liste de découverte, pertinence non garantie"
A6,safety shaving set,1005011739151115,"Coupe-ongles épais en acier inoxydable robuste, avec poignée souple de sécurité, lame ultra-affûtée inclinée à 25 degrés, pour seniors, anti-éclaboussures",3.29,EUR,4.8,"10,000+",https://www.aliexpress.com/item/1005011739151115.html,sourcing/A6-search-0.json,2026-09-03T14:38:30.213690+00:00,"C — liste de découverte, pertinence non garantie"
A6,safety shaving set,1005008274539984,"Support mural en acier inoxydable pour rasoir de salle de bain, crochet de rangement sans perçage pour rasoirs et accessoires de rasage pour hommes",0.89,EUR,4.7,"5,000+",https://www.aliexpress.com/item/1005008274539984.html,sourcing/A6-search-0.json,2026-09-03T14:38:30.213690+00:00,"C — liste de découverte, pertinence non garantie"
A6,safety shaving set,1005006705170364,"Affûteur de tondeuse à gazon électrique avec tête de meulage à degré d'usure et ponceuse à pierre à aiguiser, affûtage facile",2.37,EUR,4.6,"5,000+",https://www.aliexpress.com/item/1005006705170364.html,sourcing/A6-search-0.json,2026-09-03T14:38:30.213690+00:00,"C — liste de découverte, pertinence non garantie"
A6,safety shaving set,1005010539293066,"Marteau de sécurité de voiture 2 en 1, brise-vitre d'urgence, coupe-ceinture de sécurité, outil de sauvetage d'évasion, dispositif de brattage de verre Compact, accessoire de voiture",3.09,EUR,4.6,"5,000+",https://www.aliexpress.com/item/1005010539293066.html,sourcing/A6-search-0.json,2026-09-03T14:38:30.213690+00:00,"C — liste de découverte, pertinence non garantie"
A6,safety shaving set,1005008394277908,"Ensemble de Pommeau de Douche en Acier Inoxydable, Adapté aux Pommeaux de Douche Multi-Tailles, Accessoire de Salle de Bain, Outils de Livres, 10 Pièces",1.89,EUR,4.8,"5,000+",https://www.aliexpress.com/item/1005008394277908.html,sourcing/A6-search-0.json,2026-09-03T14:38:30.213690+00:00,"C — liste de découverte, pertinence non garantie"
A6,safety shaving set,1005007128472825,"Ensemble de ciseaux professionnels pour ongles des pieds - Ouverture extra large, facile à recortar, haute qualité, ergonomique, facile à saisir, imperméable, super tranchante, durable - Convient aux ongles épais, durs, style classique",2.53,EUR,4.7,"5,000+",https://www.aliexpress.com/item/1005007128472825.html,sourcing/A6-search-0.json,2026-09-03T14:38:30.213690+00:00,"C — liste de découverte, pertinence non garantie"
A6,safety shaving set,1005007346832581,6/2 pièces porte-rasoir 304 en acier inoxydable hommes rasage rasoir support étagère rasage rasoir support de rangement salle de bain crochet organisateur,2.28,EUR,4.6,"5,000+",https://www.aliexpress.com/item/1005007346832581.html,sourcing/A6-search-0.json,2026-09-03T14:38:30.213690+00:00,"C — liste de découverte, pertinence non garantie"
A6,safety shaving set,1005003262297978,3/4/10 pièces rasoir de sourcils lame rasoir Portable visage rasoir yeux sourcils épilation coupe-épilation sécurité rasoir femme maquillage,1.17,EUR,4.8,"5,000+",https://www.aliexpress.com/item/1005003262297978.html,sourcing/A6-search-0.json,2026-09-03T14:38:30.213690+00:00,"C — liste de découverte, pertinence non garantie"
A6,safety shaving set,1005012677479105,"3/6/12 pièces/ Lames de rasoir de sécurité pour homme de haute qualité, cartouches de rasage en acier inoxydable allemand à 6 couches compatibles avec les rasoirs Mach",3.89,EUR,4.5,"5,000+",https://www.aliexpress.com/item/1005012677479105.html,sourcing/A6-search-0.json,2026-09-03T14:38:30.213690+00:00,"C — liste de découverte, pertinence non garantie"
A6,safety shaving set,1005010780617417,Nouvelles lames de rechange 360° compatibles avec les rasoirs électriques One Blade QP2520 QP2630 QP2724 QP2834 QP6510 QP6520 QP6530,3.69,EUR,4.3,"5,000+",https://www.aliexpress.com/item/1005010780617417.html,sourcing/A6-search-0.json,2026-09-03T14:38:30.213690+00:00,"C — liste de découverte, pertinence non garantie"
A6,safety shaving set,1005009492413763,MLG rasoir électrique pour hommes et femmes Portable tondeuse complète du corps USB lame en forme de T rasoir pour barbe aisselles pour lavable,12.19,EUR,4.6,"5,000+",https://www.aliexpress.com/item/1005009492413763.html,sourcing/A6-search-0.json,2026-09-03T14:38:30.213690+00:00,"C — liste de découverte, pertinence non garantie"
A6,safety shaving set,1005006438309431,Étui rigide Portable en EVA pour Philips OneBlade/une lame QP2520 QP2530 QP2620 QP2630 rasoir voyage housse de protection sac de rangement,5.39,EUR,4.8,"5,000+",https://www.aliexpress.com/item/1005006438309431.html,sourcing/A6-search-0.json,2026-09-03T14:38:30.213690+00:00,"C — liste de découverte, pertinence non garantie"
A6,safety shaving set,1005010106203768,Rasoir de sourcils maquillage outils de beauté sûr sourcils rasoir visage corps épilation lames de rasoir femme sourcils façonnage couteau,1.99,EUR,4.8,"4,000+",https://www.aliexpress.com/item/1005010106203768.html,sourcing/A6-search-0.json,2026-09-03T14:38:30.213690+00:00,"C — liste de découverte, pertinence non garantie"
A6,safety shaving set,1005005068506071,Vintage T9 tondeuse à cheveux barbe rasage corps tondeuse à cheveux tondeuses électrique hommes coupe de cheveux Machine 0mm barbier rasoir,3.49,EUR,4.3,"5,000+",https://www.aliexpress.com/item/1005005068506071.html,sourcing/A6-search-0.json,2026-09-03T14:38:30.213690+00:00,"C — liste de découverte, pertinence non garantie"
A6,safety shaving set,1005010066267141,"Tondeuse électrique pour le nez et les poils du nez, pour hommes et femmes, oreilles, cou, sourcils, Kit de dissolvant de rasoir propre",3.49,EUR,4.4,"4,000+",https://www.aliexpress.com/item/1005010066267141.html,sourcing/A6-search-0.json,2026-09-03T14:38:30.213690+00:00,"C — liste de découverte, pertinence non garantie"
A6,Yaqi razor,1005012619827517,"Machines personnalisées pour la fabrication de fil de fer barbelé en maille diamantée, manuelles et automatiques, machine à fil de fer barbelé concertina, machine à ligaturer le fil de fer barbelé",7973.69,EUR,,,https://www.aliexpress.com/item/1005012619827517.html,sourcing/A6-search-1.json,2026-09-03T14:38:30.445133+00:00,"C — liste de découverte, pertinence non garantie"
A6,Yaqi razor,1005008341473722,"Lame de coupe de viande Lijin QE/QSJ-A/QH/QW, ensemble de couteaux, personnalisable",420.69,EUR,,1,https://www.aliexpress.com/item/1005008341473722.html,sourcing/A6-search-1.json,2026-09-03T14:38:30.445133+00:00,"C — liste de découverte, pertinence non garantie"
A6,Yaqi razor,1005010295297941,Rasoir de sécurité réglable en acier inoxydable de couleur mate Yaqi Avanti,166.39,EUR,5.0,29,https://www.aliexpress.com/item/1005010295297941.html,sourcing/A6-search-1.json,2026-09-03T14:38:30.445133+00:00,"C — liste de découverte, pertinence non garantie"
A6,Yaqi razor,1005012958165034,"Rasoir de sécurité YAQI Ghost 2026 en titane léger à motifs multiples pour hommes - Écartement de lame de 0,70 mm",152.99,EUR,,,https://www.aliexpress.com/item/1005012958165034.html,sourcing/A6-search-1.json,2026-09-03T14:38:30.445133+00:00,"C — liste de découverte, pertinence non garantie"
A6,Yaqi razor,1005012942602593,Vente Flash 2026 ! Rasoir de sécurité léger en titane YAQI Ghost à motifs multiples pour un rasage en douceur,152.99,EUR,,,https://www.aliexpress.com/item/1005012942602593.html,sourcing/A6-search-1.json,2026-09-03T14:38:30.445133+00:00,"C — liste de découverte, pertinence non garantie"
A6,Yaqi razor,1005013065312178,2026 YAQI Professional Ultima Rasoir de sécurité réglable en acier inoxydable avec différents espacages de lame,148.39,EUR,,,https://www.aliexpress.com/item/1005013065312178.html,sourcing/A6-search-1.json,2026-09-03T14:38:30.445133+00:00,"C — liste de découverte, pertinence non garantie"
A6,Yaqi razor,1005009421181904,Yaqi Ultima Slope Rasoir de sécurité pour hommes à tête inclinée réglable en acier inoxydable,153.39,EUR,5.0,4,https://www.aliexpress.com/item/1005009421181904.html,sourcing/A6-search-1.json,2026-09-03T14:38:30.445133+00:00,"C — liste de découverte, pertinence non garantie"
A6,Yaqi razor,1005012961222075,Nouveauté 2026 ! YAQI 100% Laiton Réglable La Coupe Finale - Rasoir de Sécurité Professionnel en Laiton V2 - Longueur du manche 90 mm,140.69,EUR,,,https://www.aliexpress.com/item/1005012961222075.html,sourcing/A6-search-1.json,2026-09-03T14:38:30.445133+00:00,"C — liste de découverte, pertinence non garantie"
A6,Yaqi razor,1005009493967160,"Yaqi Ultima – rasoir de sécurité réglable en acier inoxydable pour hommes, poignée en acier inoxydable de 77mm, fournit une poignée confortable et antidérapante pour hommes",152.99,EUR,5.0,9,https://www.aliexpress.com/item/1005009493967160.html,sourcing/A6-search-1.json,2026-09-03T14:38:30.445133+00:00,"C — liste de découverte, pertinence non garantie"
A6,Yaqi razor,1005012726917050,Rasoir de sécurité YAQI 2026 Ghost 90DC à motif grain croisé en titane léger,159.39,EUR,,1,https://www.aliexpress.com/item/1005012726917050.html,sourcing/A6-search-1.json,2026-09-03T14:38:30.445133+00:00,"C — liste de découverte, pertinence non garantie"
A6,Yaqi razor,1005012295527132,"Épilateur Laser IPL Indolore 20J à Éclairs Illimités avec Refroidissement Glacé pour Soin de la Peau et Rajeunissement Féminin, Station de Recharge Incluse",133.99,EUR,5.0,3,https://www.aliexpress.com/item/1005012295527132.html,sourcing/A6-search-1.json,2026-09-03T14:38:30.445133+00:00,"C — liste de découverte, pertinence non garantie"
A6,Yaqi razor,1005012431877416,Rasoir de sécurité réglable en acier inoxydable Yaqi Ultima 2026 pour hommes - Offre à durée limitée - Outil de toilettage masculin,133.39,EUR,,1,https://www.aliexpress.com/item/1005012431877416.html,sourcing/A6-search-1.json,2026-09-03T14:38:30.445133+00:00,"C — liste de découverte, pertinence non garantie"
A6,Yaqi razor,1005011857350057,Rasoir de sécurité réglable en acier inoxydable pour homme Yaqi Ultima - Expérience de rasage confortable,132.99,EUR,5.0,4,https://www.aliexpress.com/item/1005011857350057.html,sourcing/A6-search-1.json,2026-09-03T14:38:30.445133+00:00,"C — liste de découverte, pertinence non garantie"
A6,Yaqi razor,1005013073344136,Rasoir de sécurité réglable pour homme en acier inoxydable Yaqi Ultima 2026,123.39,EUR,,,https://www.aliexpress.com/item/1005013073344136.html,sourcing/A6-search-1.json,2026-09-03T14:38:30.445133+00:00,"C — liste de découverte, pertinence non garantie"
A6,Yaqi razor,1005011625547486,"Ensemble de rasoirs Gillette Fusion 5 : 1 manche, 25 cartouches, 5 lames ultra-fines, bande lubrifiante, tondeuse dorsale",127.39,EUR,,3,https://www.aliexpress.com/item/1005011625547486.html,sourcing/A6-search-1.json,2026-09-03T14:38:30.445133+00:00,"C — liste de découverte, pertinence non garantie"
A6,Yaqi razor,1005010741920208,"Rasoir électrique MIJIA Pro – Double anneau de verrouillage, 360° °   Tête flottante, écran couleur intelligent, IPX8 résistant à l'eau et à la poussière, USB-C, rasoir à longue autonomie",95.69,EUR,4.9,87,https://www.aliexpress.com/item/1005010741920208.html,sourcing/A6-search-1.json,2026-09-03T14:38:30.445133+00:00,"C — liste de découverte, pertinence non garantie"
A6,Yaqi razor,1005010418737127,Chargeur d'ordinateur portable 260W pour Razer Blade 14 (2025) 15 16 17 Pro 17/4K Base/ordinateur portable de jeu avancé RC30-024801 adaptateur d'alimentation RZ09-0248,104.99,EUR,5.0,9,https://www.aliexpress.com/item/1005010418737127.html,sourcing/A6-search-1.json,2026-09-03T14:38:30.445133+00:00,"C — liste de découverte, pertinence non garantie"
A6,Yaqi razor,1005012357729432,Rasoir de sécurité Ghost en acier inoxydable 316 YAQI 2026,99.99,EUR,5.0,2,https://www.aliexpress.com/item/1005012357729432.html,sourcing/A6-search-1.json,2026-09-03T14:38:30.445133+00:00,"C — liste de découverte, pertinence non garantie"
A6,Yaqi razor,1005010745935935,"Rasoir électrique MIJIA Pro – 360 °   Tête flottante, double anneau de verrouillage, écran couleur intelligent, IPX8 résistant à l'eau et à la poussière, USB-C, rasoir à longue autonomie",99.69,EUR,4.8,223,https://www.aliexpress.com/item/1005010745935935.html,sourcing/A6-search-1.json,2026-09-03T14:38:30.445133+00:00,"C — liste de découverte, pertinence non garantie"
A6,Yaqi razor,1005009683907905,WMARK rasoir homme rasoir électrique hommes rasoir rasoir electrique homme Rasoir Professionnel Tondeuse à barbe Rasoir électrique 10 000 tr/min Moteur Vector Rasoir Machine à raser Métal Rasoir pour homme NG-XS1,76.39,EUR,4.8,61,https://www.aliexpress.com/item/1005009683907905.html,sourcing/A6-search-1.json,2026-09-03T14:38:30.445133+00:00,"C — liste de découverte, pertinence non garantie"
A6,Yaqi Mellon,32861769048,Tête de rasoir de sécurité pour hommes Yaqi Chrome Mellon pour rasoirs,8.59,EUR,4.8,77,https://www.aliexpress.com/item/32861769048.html,sourcing/A6-search-11.json,2026-09-03T16:05:09.000354+00:00,"C — liste de découverte, pertinence non garantie"
A6,Yaqi Mellon,1005011873678037,"Tête de rasoir de sécurité Yaqi Chrome pour homme, légère, pour un rasage impeccable",9.89,EUR,5.0,8,https://www.aliexpress.com/item/1005011873678037.html,sourcing/A6-search-11.json,2026-09-03T16:05:09.000354+00:00,"C — liste de découverte, pertinence non garantie"
A6,Yaqi Mellon,1005012370047131,Nouveauté 2026 ! Tête de rasoir de sécurité YAQI Chrome Mellon pour homme,9.89,EUR,5.0,6,https://www.aliexpress.com/item/1005012370047131.html,sourcing/A6-search-11.json,2026-09-03T16:05:09.000354+00:00,"C — liste de découverte, pertinence non garantie"
A6,Yaqi Mellon,1005012751983876,2026 Yaqi Noble Creamy Black White Color Shaving Brush And Razor Holder,6.09,EUR,,5,https://www.aliexpress.com/item/1005012751983876.html,sourcing/A6-search-11.json,2026-09-03T16:05:09.000354+00:00,"C — liste de découverte, pertinence non garantie"
A6,Yaqi Mellon,1005012693712982,Tête de rasoir de sécurité Yaqi Chrome Mellon pour hommes 2026 pour rasoirs à raser,9.89,EUR,,2,https://www.aliexpress.com/item/1005012693712982.html,sourcing/A6-search-11.json,2026-09-03T16:05:09.000354+00:00,"C — liste de découverte, pertinence non garantie"
A6,Yaqi Mellon,4000102090122,"Yaqi – support pour rasoir pour hommes, couleur Chrome mat",9.39,EUR,4.9,55,https://www.aliexpress.com/item/4000102090122.html,sourcing/A6-search-11.json,2026-09-03T16:05:09.000354+00:00,"C — liste de découverte, pertinence non garantie"
A6,Yaqi Mellon,1005003811756988,"Yaqi – rasoir de sécurité réglable pour hommes, couleur Chrome et bronze à coupe finale",28.79,EUR,4.8,53,https://www.aliexpress.com/item/1005003811756988.html,sourcing/A6-search-11.json,2026-09-03T16:05:09.000354+00:00,"C — liste de découverte, pertinence non garantie"
A6,Yaqi Mellon,1005002180952674,"Yaqi – rasoir de sécurité pour hommes, ajustable, coupe finale, couleur chromée",28.59,EUR,4.6,43,https://www.aliexpress.com/item/1005002180952674.html,sourcing/A6-search-11.json,2026-09-03T16:05:09.000354+00:00,"C — liste de découverte, pertinence non garantie"
A6,Yaqi Mellon,4001365851491,"Yaqi – support pour rasoir pour hommes, couleur Chrome mat",8.39,EUR,4.6,31,https://www.aliexpress.com/item/4001365851491.html,sourcing/A6-search-11.json,2026-09-03T16:05:09.000354+00:00,"C — liste de découverte, pertinence non garantie"
A6,Yaqi Mellon,32853918904,"Yaqi – tête de rasoir de sécurité Mellon, sans Logo",8.59,EUR,4.4,27,https://www.aliexpress.com/item/32853918904.html,sourcing/A6-search-11.json,2026-09-03T16:05:09.000354+00:00,"C — liste de découverte, pertinence non garantie"
A6,Yaqi Mellon,1005001274879109,YAQI SE Katana /Globe Trotter rasoir de sécurité à bord unique pour hommes,24.19,EUR,4.9,25,https://www.aliexpress.com/item/1005001274879109.html,sourcing/A6-search-11.json,2026-09-03T16:05:09.000354+00:00,"C — liste de découverte, pertinence non garantie"
A6,Yaqi Mellon,1005002745288769,"Yaqi – brosse de rasage humide pour hommes, grotte, lac, nœud de smoking",19.49,EUR,5.0,18,https://www.aliexpress.com/item/1005002745288769.html,sourcing/A6-search-11.json,2026-09-03T16:05:09.000354+00:00,"C — liste de découverte, pertinence non garantie"
A6,Yaqi Mellon,1005011707854022,Rasoir de sécurité pour homme Yaqi THE FINAL CUT OC couleur Gunmetal réglable,33.39,EUR,4.8,14,https://www.aliexpress.com/item/1005011707854022.html,sourcing/A6-search-11.json,2026-09-03T16:05:09.000354+00:00,"C — liste de découverte, pertinence non garantie"
A6,Yaqi Mellon,1005006219833859,Rasoir de sécurité Yaqi Duomo en acier inoxydable,82.39,EUR,5.0,8,https://www.aliexpress.com/item/1005006219833859.html,sourcing/A6-search-11.json,2026-09-03T16:05:09.000354+00:00,"C — liste de découverte, pertinence non garantie"
A6,Yaqi Mellon,1005006159329878,"Rasoir YAQI Remus en acier inoxydable, couleur mate",71.39,EUR,5.0,7,https://www.aliexpress.com/item/1005006159329878.html,sourcing/A6-search-11.json,2026-09-03T16:05:09.000354+00:00,"C — liste de découverte, pertinence non garantie"
A6,Yaqi,1005007700676889,Rasoir de sécurité réglable en acier inoxydable Yaqi Avanti,166.39,EUR,4.8,40,https://www.aliexpress.com/item/1005007700676889.html,sourcing/A6-search-2.json,2026-09-03T14:43:32.827803+00:00,"C — liste de découverte, pertinence non garantie"
A6,Yaqi,1005012958165034,"Rasoir de sécurité YAQI Ghost 2026 en titane léger à motifs multiples pour hommes - Écartement de lame de 0,70 mm",152.99,EUR,,,https://www.aliexpress.com/item/1005012958165034.html,sourcing/A6-search-2.json,2026-09-03T14:43:32.827803+00:00,"C — liste de découverte, pertinence non garantie"
A6,Yaqi,1005013065312178,2026 YAQI Professional Ultima Rasoir de sécurité réglable en acier inoxydable avec différents espacages de lame,148.39,EUR,,,https://www.aliexpress.com/item/1005013065312178.html,sourcing/A6-search-2.json,2026-09-03T14:43:32.827803+00:00,"C — liste de découverte, pertinence non garantie"
A6,Yaqi,1005009421181904,Yaqi Ultima Slope Rasoir de sécurité pour hommes à tête inclinée réglable en acier inoxydable,153.39,EUR,5.0,4,https://www.aliexpress.com/item/1005009421181904.html,sourcing/A6-search-2.json,2026-09-03T14:43:32.827803+00:00,"C — liste de découverte, pertinence non garantie"
A6,Yaqi,1005010597149335,YAQI rasoir à barbe YAQI fantôme titane léger rasoir de sécurité rasoir à barbe à collectionner cadeau de noël pour petit ami,143.39,EUR,,7,https://www.aliexpress.com/item/1005010597149335.html,sourcing/A6-search-2.json,2026-09-03T14:43:32.827803+00:00,"C — liste de découverte, pertinence non garantie"
A6,Yaqi,1005012431877416,Rasoir de sécurité réglable en acier inoxydable Yaqi Ultima 2026 pour hommes - Offre à durée limitée - Outil de toilettage masculin,133.39,EUR,,1,https://www.aliexpress.com/item/1005012431877416.html,sourcing/A6-search-2.json,2026-09-03T14:43:32.827803+00:00,"C — liste de découverte, pertinence non garantie"
A6,Yaqi,1005011857350057,Rasoir de sécurité réglable en acier inoxydable pour homme Yaqi Ultima - Expérience de rasage confortable,132.99,EUR,5.0,4,https://www.aliexpress.com/item/1005011857350057.html,sourcing/A6-search-2.json,2026-09-03T14:43:32.827803+00:00,"C — liste de découverte, pertinence non garantie"
A6,Yaqi,1005013038255331,"2026 YAQI Ultima Rasoir de sécurité en acier inoxydable réglable, outil professionnel de coiffure pour hommes",123.39,EUR,,,https://www.aliexpress.com/item/1005013038255331.html,sourcing/A6-search-2.json,2026-09-03T14:43:32.827803+00:00,"C — liste de découverte, pertinence non garantie"
A6,Yaqi,1005012940763184,Rasoir de sécurité pour homme Yaqi Ultima en acier inoxydable réglable 2026,123.39,EUR,,,https://www.aliexpress.com/item/1005012940763184.html,sourcing/A6-search-2.json,2026-09-03T14:43:32.827803+00:00,"C — liste de découverte, pertinence non garantie"
A6,Yaqi,1005012956281524,"Rasoir de sécurité en métal YAQI, rasoir de sécurité manuel à double lame, manche antidérapant pour hommes, rasage humide et toilettage",112.39,EUR,,,https://www.aliexpress.com/item/1005012956281524.html,sourcing/A6-search-2.json,2026-09-03T14:43:32.827803+00:00,"C — liste de découverte, pertinence non garantie"
A6,Yaqi,1005012002672771,"Rasoir de sécurité pour homme YAQI 2026 Bohemia en acier inoxydable 316 avec plaque de base réglable, version couleur brute",112.39,EUR,5.0,1,https://www.aliexpress.com/item/1005012002672771.html,sourcing/A6-search-2.json,2026-09-03T14:43:32.827803+00:00,"C — liste de découverte, pertinence non garantie"
A6,Yaqi,1005012697548860,Rasoir de sécurité Yaqi Cerberus en acier inoxydable 2026 - Offre à durée limitée - Outil de toilettage pour hommes,86.39,EUR,5.0,2,https://www.aliexpress.com/item/1005012697548860.html,sourcing/A6-search-2.json,2026-09-03T14:43:32.827803+00:00,"C — liste de découverte, pertinence non garantie"
A6,Yaqi,1005009835867677,Nouveau jeu de puces IC d'origine EN5394QI,48.99,EUR,,,https://www.aliexpress.com/item/1005009835867677.html,sourcing/A6-search-2.json,2026-09-03T14:43:32.827803+00:00,"C — liste de découverte, pertinence non garantie"
A6,Yaqi,1005010508561498,YAQI Ghost (Version en aluminium) rasoir de sécurité léger écart de lame de 0.7mm rasoir de sécurité léger pour le rasage confortable des hommes,105.99,EUR,4.9,19,https://www.aliexpress.com/item/1005010508561498.html,sourcing/A6-search-2.json,2026-09-03T14:43:32.827803+00:00,"C — liste de découverte, pertinence non garantie"
A6,Yaqi,1005004674224883,"YAQUICKA Pour Hyundai IX35 2010 2011 2012 2013 2014 2015 – Cache de décoration du tableau de bord central de voiture, garniture intérieure, 4 pièces",37.19,EUR,4.8,7,https://www.aliexpress.com/item/1005004674224883.html,sourcing/A6-search-2.json,2026-09-03T14:43:32.827803+00:00,"C — liste de découverte, pertinence non garantie"
A6,Yaqi,1005008406277519,"Yaqi – rasoir de sécurité réglable en couleur chromée, coupe finale",24.39,EUR,4.9,147,https://www.aliexpress.com/item/1005008406277519.html,sourcing/A6-search-2.json,2026-09-03T14:43:32.827803+00:00,"C — liste de découverte, pertinence non garantie"
A6,Yaqi,1005001789253205,"Crème pour le visage YiQi A originale, 3 pièces",24.99,EUR,3.7,31,https://www.aliexpress.com/item/1005001789253205.html,sourcing/A6-search-2.json,2026-09-03T14:43:32.827803+00:00,"C — liste de découverte, pertinence non garantie"
A6,Yaqi,1005005811536199,"Ensemble de soins de beauté Yiqi original, couverture rouge, crème ABC, Bai Li Tou Hong, efficace en 7 jours, pour femmes",23.39,EUR,5.0,9,https://www.aliexpress.com/item/1005005811536199.html,sourcing/A6-search-2.json,2026-09-03T14:43:32.827803+00:00,"C — liste de découverte, pertinence non garantie"
A6,Yaqi,33020505178,"YQI-Bracelet de Montre en Cuir group, Grande Largeur, Veau, Noir, Marron, 34mm",16.69,EUR,5.0,13,https://www.aliexpress.com/item/33020505178.html,sourcing/A6-search-2.json,2026-09-03T14:43:32.827803+00:00,"C — liste de découverte, pertinence non garantie"
A6,Yaqi,1005010248093335,Ceinture Q2 à axe X et Y,14.19,EUR,5.0,15,https://www.aliexpress.com/item/1005010248093335.html,sourcing/A6-search-2.json,2026-09-03T14:43:32.827803+00:00,"C — liste de découverte, pertinence non garantie"
A6,DE shaving kit,1005012631994006,"Découpeuse automatique de têtes de crevettes, éplucheuse et désveletteuse de crevettes sur mesure, prix compétitif",10059.69,EUR,,,https://www.aliexpress.com/item/1005012631994006.html,sourcing/A6-search-3.json,2026-09-03T14:43:40.830212+00:00,"C — liste de découverte, pertinence non garantie"
A6,DE shaving kit,1005008598407468,Machine de fabrication et de rasage et de découpe de copeaux de chocolat simples,1484.69,EUR,,,https://www.aliexpress.com/item/1005008598407468.html,sourcing/A6-search-3.json,2026-09-03T14:43:40.830212+00:00,"C — liste de découverte, pertinence non garantie"
A6,DE shaving kit,1005010449341083,"Machine de découpe de légumes, Machine de découpe de légumes et de fruits, broyeur, trancheuse multifonctionnelle de légumes",1468.39,EUR,,,https://www.aliexpress.com/item/1005010449341083.html,sourcing/A6-search-3.json,2026-09-03T14:43:40.830212+00:00,"C — liste de découverte, pertinence non garantie"
A6,DE shaving kit,1005011884695767,"Épilateur laser à diode portable, pointe glacée, sans douleur, pour une peau soyeuse, machine d'épilation et de rajeunissement cutané pour la maison et le salon",1219.99,EUR,5.0,4,https://www.aliexpress.com/item/1005011884695767.html,sourcing/A6-search-3.json,2026-09-03T14:43:40.830212+00:00,"C — liste de découverte, pertinence non garantie"
A6,DE shaving kit,1005012395375830,"Nouvelle machine d'épilation au laser diode 16 bars 4 longueurs d'onde Ice Titanium 808Nm, épilation au laser diode permanente POUR SALON",774.39,EUR,5.0,13,https://www.aliexpress.com/item/1005012395375830.html,sourcing/A6-search-3.json,2026-09-03T14:43:40.830212+00:00,"C — liste de découverte, pertinence non garantie"
A6,DE shaving kit,1005008257752453,Accessoire de beauté : Poignée pour épilation au laser diode 808 nm à 3 longueurs d'onde – Produits professionnels à succès,357.99,EUR,5.0,13,https://www.aliexpress.com/item/1005008257752453.html,sourcing/A6-search-3.json,2026-09-03T14:43:40.830212+00:00,"C — liste de découverte, pertinence non garantie"
A6,DE shaving kit,1005012911074971,"Nouvelle conception de chicha électrique rechargeable, sans charbon, portable, avec kit d'emballage EVA",331.99,EUR,,1,https://www.aliexpress.com/item/1005012911074971.html,sourcing/A6-search-3.json,2026-09-03T14:43:40.830212+00:00,"C — liste de découverte, pertinence non garantie"
A6,DE shaving kit,1005010321160579,WMARK tondeuse homme tondeuse cheveux hommes tondeuse Tondeuse à cheveux Professionnelle Tondeuse Coupe de cheveux Électrique Rasoir 10 000 tr/min Tondeuse 3 en 1 Moteur vectoriel Tondeuse pour hommes Kit NG-X1,342.69,EUR,5.0,10,https://www.aliexpress.com/item/1005010321160579.html,sourcing/A6-search-3.json,2026-09-03T14:43:40.830212+00:00,"C — liste de découverte, pertinence non garantie"
A6,DE shaving kit,1005008383001533,VGR tondeuse homme tondeuse cheveux hommes tondeuse Tondeuse à cheveux Professionnelle Électrique Tondeuse Barbier 9000 tr/min Rasoir Moteur BLDC Sèche-cheveux Réglage continu Pro 4 en 1 Tondeuse pour homme,309.39,EUR,4.8,43,https://www.aliexpress.com/item/1005008383001533.html,sourcing/A6-search-3.json,2026-09-03T14:43:40.830212+00:00,"C — liste de découverte, pertinence non garantie"
A6,DE shaving kit,1005013088810101,Ensemble de peignes en plastique pour le toilettage des chats à poil court,303.99,EUR,,,https://www.aliexpress.com/item/1005013088810101.html,sourcing/A6-search-3.json,2026-09-03T14:43:40.830212+00:00,"C — liste de découverte, pertinence non garantie"
A6,DE shaving kit,1005012199585689,"Appareil d'épilation définitive pour toutes les couleurs de poils, machine d'épilation par électrolyse pour hommes et femmes, usage domestique et professionnel, corps et maillot de bain",290.18,EUR,5.0,9,https://www.aliexpress.com/item/1005012199585689.html,sourcing/A6-search-3.json,2026-09-03T14:43:40.830212+00:00,"C — liste de découverte, pertinence non garantie"
A6,DE shaving kit,1005008232384622,"Mathiateur de bois portable en forme de V, fendeuses de lame, outils à main de sécurité efficaces, fendage de bois de chauffage, ménage, hacher",108.69,EUR,,,https://www.aliexpress.com/item/1005008232384622.html,sourcing/A6-search-3.json,2026-09-03T14:43:40.830212+00:00,"C — liste de découverte, pertinence non garantie"
A6,DE shaving kit,1005011982768852,"Ensemble d'outils électriques sans fil professionnels 21V, perceuse, clé à chocs, cisailles de taille-haie, avec batterie 4.0Ah, coffret rigide",217.69,EUR,,,https://www.aliexpress.com/item/1005011982768852.html,sourcing/A6-search-3.json,2026-09-03T14:43:40.830212+00:00,"C — liste de découverte, pertinence non garantie"
A6,DE shaving kit,1005012443936165,"Kit d'outils de greffe de cheveux pour sourcils et barbe, comprenant micro-poinçons FUE, pinces d'implantation et stylos-instruments pour la chirurgie de greffe capillaire",197.99,EUR,,8,https://www.aliexpress.com/item/1005012443936165.html,sourcing/A6-search-3.json,2026-09-03T14:43:40.830212+00:00,"C — liste de découverte, pertinence non garantie"
A6,DE shaving kit,1005011919367620,"Appareil d'épilation au laser diode Salon 4000W haute puissance, 4 longueurs d'onde, refroidissement par glace, pour tous types de peau, épilation permanente indolore",142.69,EUR,5.0,3,https://www.aliexpress.com/item/1005011919367620.html,sourcing/A6-search-3.json,2026-09-03T14:43:40.830212+00:00,"C — liste de découverte, pertinence non garantie"
A6,DE shaving kit,1005009584633380,XinSheng tête chauffante SPA Circulation d'eau shampooing bassin Salon de coiffure dispositif de Salon de lavage de cheveux avec Machine de Fumigation et couvercle,181.69,EUR,5.0,13,https://www.aliexpress.com/item/1005009584633380.html,sourcing/A6-search-3.json,2026-09-03T14:43:40.830212+00:00,"C — liste de découverte, pertinence non garantie"
A6,DE shaving kit,1005010585983648,Kemei S3 KM-1798 KM-3023 KM-T402 tondeuses à cheveux hommes Kit professionnel avec lame DLC entièrement en métal lampe UV stérilisation coupe de cheveux,186.39,EUR,,1,https://www.aliexpress.com/item/1005010585983648.html,sourcing/A6-search-3.json,2026-09-03T14:43:40.830212+00:00,"C — liste de découverte, pertinence non garantie"
A6,DE shaving kit,1005010577895422,Kemei S3 1798 3023 T402 Kit de tondeuse à cheveux professionnelle pour hommes lame DLC entièrement en métal avec chargeur de Base tondeuse de coupe de cheveux rasoir,186.39,EUR,,6,https://www.aliexpress.com/item/1005010577895422.html,sourcing/A6-search-3.json,2026-09-03T14:43:40.830212+00:00,"C — liste de découverte, pertinence non garantie"
A6,DE shaving kit,1005012958165034,"Rasoir de sécurité YAQI Ghost 2026 en titane léger à motifs multiples pour hommes - Écartement de lame de 0,70 mm",152.99,EUR,,,https://www.aliexpress.com/item/1005012958165034.html,sourcing/A6-search-3.json,2026-09-03T14:43:40.830212+00:00,"C — liste de découverte, pertinence non garantie"
A6,DE shaving kit,1005012942602593,Vente Flash 2026 ! Rasoir de sécurité léger en titane YAQI Ghost à motifs multiples pour un rasage en douceur,152.99,EUR,,,https://www.aliexpress.com/item/1005012942602593.html,sourcing/A6-search-3.json,2026-09-03T14:43:40.830212+00:00,"C — liste de découverte, pertinence non garantie"
A6,Yaqi razor,1005008305048332,"Ensemble de rasoir de sécurité à 6 couches pour hommes, rasoir tranchant en acier inoxydable de haute qualité, lame de tête de rasoir modifiable ﻿",2.81,EUR,4.4,"10,000+",https://www.aliexpress.com/item/1005008305048332.html,sourcing/A6-search-4.json,2026-09-03T14:45:24.447568+00:00,"C — liste de découverte, pertinence non garantie"
A6,Yaqi razor,1005005235572701,"Mini rasoir électrique pour hommes, épilateur Rechargeable, Machine à raser pour femmes et hommes, Mini rasoir de voiture, outils de rasage électriques",3.29,EUR,4.5,"10,000+",https://www.aliexpress.com/item/1005005235572701.html,sourcing/A6-search-4.json,2026-09-03T14:45:24.447568+00:00,"C — liste de découverte, pertinence non garantie"
A6,Yaqi razor,1005012604738105,"Rasoir à sourcils et rasoir pour le visage pour femmes et hommes, tondeuse et rasoir pour poils des sourcils avec couvercle de protection, sûr et pratique (5/10/30/40 pièces)",1.46,EUR,4.8,"10,000+",https://www.aliexpress.com/item/1005012604738105.html,sourcing/A6-search-4.json,2026-09-03T14:45:24.447568+00:00,"C — liste de découverte, pertinence non garantie"
A6,Yaqi razor,1005010219464872,"Rasoir à sourcils pour femmes, 10/30/40 pièces, outils de Dermaplanage exfoliants polyvalents avec couvercle de précision, beauté de sécurité",5.99,EUR,4.8,"5,000+",https://www.aliexpress.com/item/1005010219464872.html,sourcing/A6-search-4.json,2026-09-03T14:45:24.447568+00:00,"C — liste de découverte, pertinence non garantie"
A6,Yaqi razor,1005007346832581,6/2 pièces porte-rasoir 304 en acier inoxydable hommes rasage rasoir support étagère rasage rasoir support de rangement salle de bain crochet organisateur,2.28,EUR,4.6,"5,000+",https://www.aliexpress.com/item/1005007346832581.html,sourcing/A6-search-4.json,2026-09-03T14:45:24.447568+00:00,"C — liste de découverte, pertinence non garantie"
A6,Yaqi razor,1005012677479105,"3/6/12 pièces/ Lames de rasoir de sécurité pour homme de haute qualité, cartouches de rasage en acier inoxydable allemand à 6 couches compatibles avec les rasoirs Mach",3.89,EUR,4.5,"5,000+",https://www.aliexpress.com/item/1005012677479105.html,sourcing/A6-search-4.json,2026-09-03T14:45:24.447568+00:00,"C — liste de découverte, pertinence non garantie"
A6,Yaqi razor,1005010106203768,Rasoir de sourcils maquillage outils de beauté sûr sourcils rasoir visage corps épilation lames de rasoir femme sourcils façonnage couteau,1.99,EUR,4.8,"4,000+",https://www.aliexpress.com/item/1005010106203768.html,sourcing/A6-search-4.json,2026-09-03T14:45:24.447568+00:00,"C — liste de découverte, pertinence non garantie"
A6,Yaqi razor,1005010526249984,Rasoir Rechargeable Intelligent pour hommes rasoir à barbe humide/sec ABS Tondeuse dissolvant barbe rasoir Rechargeable pour peau lisse,12.29,EUR,4.2,"4,000+",https://www.aliexpress.com/item/1005010526249984.html,sourcing/A6-search-4.json,2026-09-03T14:45:24.447568+00:00,"C — liste de découverte, pertinence non garantie"
A6,Yaqi razor,1005008299548936,"Lame de rasoir à 6 couches, lame en acier inoxydable pour hommes, rasoir classique lavable à l'eau, lame tranchante pour un rasage propre",2.95,EUR,4.4,"4,000+",https://www.aliexpress.com/item/1005008299548936.html,sourcing/A6-search-4.json,2026-09-03T14:45:24.447568+00:00,"C — liste de découverte, pertinence non garantie"
A6,Yaqi razor,1005005653230347,"ENCHEN-Rasoir électrique 3D Blackstone 3 pour hommes, étanche IPX7, support de rasoir et utilisation sèche du visage des touristes, batterie à barbe, affichage numérique",18.19,EUR,4.8,"3,000+",https://www.aliexpress.com/item/1005005653230347.html,sourcing/A6-search-4.json,2026-09-03T14:45:24.447568+00:00,"C — liste de découverte, pertinence non garantie"
A6,Yaqi razor,1005010189104812,"Rasoir manuel professionnel pour le soin du visage et de la barbe, avec lame à 3 couches, support de rasoir et base de rasoir pour homme",2.16,EUR,4.6,"3,000+",https://www.aliexpress.com/item/1005010189104812.html,sourcing/A6-search-4.json,2026-09-03T14:45:24.447568+00:00,"C — liste de découverte, pertinence non garantie"
A6,Yaqi razor,1005006250810836,2 pièces porte-rasoir 304 en acier inoxydable hommes rasage rasoir support étagère rasage rasoir support de rangement salle de bain crochet organisateur,3.09,EUR,4.7,"3,000+",https://www.aliexpress.com/item/1005006250810836.html,sourcing/A6-search-4.json,2026-09-03T14:45:24.447568+00:00,"C — liste de découverte, pertinence non garantie"
A6,Yaqi razor,1005010552713166,"Rasoir électrique 2 en 1 pour femmes, épilation indolore, tondeuse corporelle Rechargeable, aisselles, moustache, épilateur",9.79,EUR,4.2,"2,000+",https://www.aliexpress.com/item/1005010552713166.html,sourcing/A6-search-4.json,2026-09-03T14:45:24.447568+00:00,"C — liste de découverte, pertinence non garantie"
A6,Yaqi razor,1005012351501421,"Compatible avec les modèles de rasoirs Philips QP2520, QP2630, QP6510, QP6523, tondeuse à cheveux avec tête de remplacement à lame unique",4.19,EUR,4.4,"2,000+",https://www.aliexpress.com/item/1005012351501421.html,sourcing/A6-search-4.json,2026-09-03T14:45:24.447568+00:00,"C — liste de découverte, pertinence non garantie"
A6,Yaqi razor,1005011692042339,"Couteau de rasage pliable pour hommes, outil d'épilation unisexe, couteau à sourcils (lames non incluses)",2.76,EUR,4.6,"2,000+",https://www.aliexpress.com/item/1005011692042339.html,sourcing/A6-search-4.json,2026-09-03T14:45:24.447568+00:00,"C — liste de découverte, pertinence non garantie"
A6,Yaqi razor,1005008790857282,LISI tondeuse à poils de nez pour hommes rasoir manuel en acier inoxydable adapté au nez rasoir lavable Portable tondeuse à cheveux d'oreille,1.69,EUR,4.5,"2,000+",https://www.aliexpress.com/item/1005008790857282.html,sourcing/A6-search-4.json,2026-09-03T14:45:24.447568+00:00,"C — liste de découverte, pertinence non garantie"
A6,Yaqi razor,1005007579216158,VGR Rasoir tondeuse homme professionnelle Rechargeable Rasoir Professionnel rasoir Tondeuse rasoir électrique homme à barbe Électrique Tondeuse Réciproque Rasoir Finition Rasoir pour tondeuse hommes Homme V-375,8.29,EUR,4.4,"2,000+",https://www.aliexpress.com/item/1005007579216158.html,sourcing/A6-search-4.json,2026-09-03T14:45:24.447568+00:00,"C — liste de découverte, pertinence non garantie"
A6,Yaqi razor,1005010442417701,Rasoir de sourcils 12/30/40/66 pièces rasoir à sourcils marron sûr visage corps épilation lames de rasoir femme couteau de mise en forme des sourcils rasoirs,8.19,EUR,4.8,"2,000+",https://www.aliexpress.com/item/1005010442417701.html,sourcing/A6-search-4.json,2026-09-03T14:45:24.447568+00:00,"C — liste de découverte, pertinence non garantie"
A6,Yaqi razor,1005010421565317,5/10/30/40 pièces Kit de rasoirs à sourcils tondeuse à sourcils pour le visage outil d'épilation du visage multifonction avec conteneur beauté de sécurité,1.91,EUR,4.8,"2,000+",https://www.aliexpress.com/item/1005010421565317.html,sourcing/A6-search-4.json,2026-09-03T14:45:24.447568+00:00,"C — liste de découverte, pertinence non garantie"
A6,Yaqi razor,1005010007827817,Rasoirs électriques pour femmes 2 en 1 rasoir électrique pour tondeuse pubienne IPX7 étanche utilisation humide et sèche rasoir bikini pour le corps,13.87,EUR,4.6,"2,000+",https://www.aliexpress.com/item/1005010007827817.html,sourcing/A6-search-4.json,2026-09-03T14:45:24.447568+00:00,"C — liste de découverte, pertinence non garantie"
A6,Qshave,1005004609243607,Tête de rasoir de remplacement SH90 pour Philips RQ12 SH70 S7310 S9711 S9511 S9522 S9111 S9000 S9731 RQ1250 RQ1280,6.19,EUR,4.6,349,https://www.aliexpress.com/item/1005004609243607.html,sourcing/A6-search-5.json,2026-09-03T14:45:24.635722+00:00,"C — liste de découverte, pertinence non garantie"
A6,Qshave,32810912313,"Yaqi Shayish 24MM Brosse à raser pour homme, manche en résine, poils en nylon, pour barbe, barbier professionnel, nettoyage du visage",12.19,EUR,4.9,321,https://www.aliexpress.com/item/32810912313.html,sourcing/A6-search-5.json,2026-09-03T14:45:24.635722+00:00,"C — liste de découverte, pertinence non garantie"
A6,Qshave,1005007813390164,"Tête de rechange pour rasoir électrique Philips RQ12, SensoTouch 3D série RQ11xx, série RQ12xx",6.59,EUR,4.4,197,https://www.aliexpress.com/item/1005007813390164.html,sourcing/A6-search-5.json,2026-09-03T14:45:24.635722+00:00,"C — liste de découverte, pertinence non garantie"
A6,Qshave,1005007226551683,"Têtes de rasoir de rechange pour Philips YQ6008 YQ6108 YQ6188 YQ6308 HQ6990 HQ6920 HQ6900 HQ6950 HQ6970 HQ6405 HQ6415, lame de rasoir",5.49,EUR,4.7,119,https://www.aliexpress.com/item/1005007226551683.html,sourcing/A6-search-5.json,2026-09-03T14:45:24.635722+00:00,"C — liste de découverte, pertinence non garantie"
A6,Qshave,32708415651,Têtes de rasoir de rechange RQ12 pour Philips RQ1250 RQ1260 RQ1280 RQ1290 RQ1250CC RQ1260CC RQ1280CC RQ1050 RQ1060,10.29,EUR,4.1,89,https://www.aliexpress.com/item/32708415651.html,sourcing/A6-search-5.json,2026-09-03T14:45:24.635722+00:00,"C — liste de découverte, pertinence non garantie"
A6,Qshave,1005005297383546,"Têtes de rasoir de rechange, pour Philips RQ12 RQ1250 RQ1260 RQ1275 RQ1280 RQ1290 RQ1250CC RQ1260CC RQ1280CC RQ 1050 1060",9.29,EUR,4.2,63,https://www.aliexpress.com/item/1005005297383546.html,sourcing/A6-search-5.json,2026-09-03T14:45:24.635722+00:00,"C — liste de découverte, pertinence non garantie"
A6,Qshave,1005006081983221,"Têtes de rasoir de rechange pour Philips, RQ12, RQ1250, RQ1260, RQ1280, RQ1290, RQ1150X, RQ1160X, RQ1180X, RQ1185, RQ1050, RQ1060, livraison gratuite",11.99,EUR,4.0,53,https://www.aliexpress.com/item/1005006081983221.html,sourcing/A6-search-5.json,2026-09-03T14:45:24.635722+00:00,"C — liste de découverte, pertinence non garantie"
A6,Qshave,1005004523072320,Têtes de rasoir de rechange pour rasoir Philips YQ6008 YQ6108 YQ6188 YQ6308 HQ6926 HQ6900 HQ6990 HQ6945 HQ6946 HQ6947,5.59,EUR,4.8,39,https://www.aliexpress.com/item/1005004523072320.html,sourcing/A6-search-5.json,2026-09-03T14:45:24.635722+00:00,"C — liste de découverte, pertinence non garantie"
A6,Qshave,1005004661106699,"Têtes de rasoir de rechange RQ12, pour rasoir Philips RQ1250 RQ1260 RQ1275 RQ1280 RQ1290 RQ1250CC RQ1260CC RQ1280CC RQ 1050 1060 1090",11.69,EUR,5.0,34,https://www.aliexpress.com/item/1005004661106699.html,sourcing/A6-search-5.json,2026-09-03T14:45:24.635722+00:00,"C — liste de découverte, pertinence non garantie"
A6,Qshave,1005011866570954,Tête de rasoir de rechange RQ10/RQ12 compatible avec Philips Sensotouch 3D 1260X RQ1250 RQ1295 RQ1180 Arcitec,10.99,EUR,5.0,37,https://www.aliexpress.com/item/1005011866570954.html,sourcing/A6-search-5.json,2026-09-03T14:45:24.635722+00:00,"C — liste de découverte, pertinence non garantie"
A6,Qshave,1005007327994270,"Tête de rasoir de rechange HQ64, 3 pièces, pour Philips HQ64 HQ54 HQ6070 HQ6073 7310XL PT710",7.59,EUR,4.6,24,https://www.aliexpress.com/item/1005007327994270.html,sourcing/A6-search-5.json,2026-09-03T14:45:24.635722+00:00,"C — liste de découverte, pertinence non garantie"
A6,Qshave,1005011977668179,Tête de rasoir de sécurité inclinée Yaqi SLOPE 2026 en acier inoxydable 316 pour un rasage en douceur,39.39,EUR,5.0,13,https://www.aliexpress.com/item/1005011977668179.html,sourcing/A6-search-5.json,2026-09-03T14:45:24.635722+00:00,"C — liste de découverte, pertinence non garantie"
A6,Qshave,32846137829,"Lame de rasoir remplaçable pour rasoir Philips, HQ3, HQ4, HQ54, hq56, hq46, HQ6900, HQ6920, HQ6940, HQ6970, HQ6990, YQ6008, YQ6108, YQ6188, 3 pièces",10.69,EUR,4.4,13,https://www.aliexpress.com/item/32846137829.html,sourcing/A6-search-5.json,2026-09-03T14:45:24.635722+00:00,"C — liste de découverte, pertinence non garantie"
A6,Qshave,1005001326494800,"Têtes de rasoir de rechange RQ12, pour Philips RQ1250 RQ1260 RQ1280 RQ1290 RQ1150X RQ1160X RQ1180X RQ1185 RQ1050 RQ1060 RQ1150 RQ32",8.69,EUR,3.8,10,https://www.aliexpress.com/item/1005001326494800.html,sourcing/A6-search-5.json,2026-09-03T14:45:24.635722+00:00,"C — liste de découverte, pertinence non garantie"
A6,Qshave,1005012198958777,Tête de rasoir de rechange HQ9 pour rasoir Philips HQ8200 HQ8240 HQ8241 HQ8260 HQ8261 HQ8270 HQ8260XL HQ8270XL HQ8290XL,26.59,EUR,5.0,10,https://www.aliexpress.com/item/1005012198958777.html,sourcing/A6-search-5.json,2026-09-03T14:45:24.635722+00:00,"C — liste de découverte, pertinence non garantie"
A6,Qshave,1005004988252968,Tête de rasoir de remplacement RQ32 pour rasoir Philips RQ371 RQ380 RQ310 RQ311 RQ312 YS524 YS526 YS528 YS536 YQ300 YQ306,10.19,EUR,4.7,10,https://www.aliexpress.com/item/1005004988252968.html,sourcing/A6-search-5.json,2026-09-03T14:45:24.635722+00:00,"C — liste de découverte, pertinence non garantie"
A6,Qshave,1005011788613665,‌ Vente flash ‌ Tête de rasoir à peigne ouvert chromé professionnel pour homme YAQI |   Expédition rapide,6.29,EUR,5.0,9,https://www.aliexpress.com/item/1005011788613665.html,sourcing/A6-search-5.json,2026-09-03T14:45:24.635722+00:00,"C — liste de découverte, pertinence non garantie"
A6,Qshave,1005012321761440,RQ11 Compatible avec les rasoirs Philips RQ1150/RQ1190/RQ1180/RQ1160/YS1106,12.59,EUR,,8,https://www.aliexpress.com/item/1005012321761440.html,sourcing/A6-search-5.json,2026-09-03T14:45:24.635722+00:00,"C — liste de découverte, pertinence non garantie"
A6,Qshave,1005012962570313,Tête de rasoir de remplacement HQ64 pour Philips AT750 AT890 PT860 PT866 AT798 PT721 PT722 PT720 PT725,5.99,EUR,,8,https://www.aliexpress.com/item/1005012962570313.html,sourcing/A6-search-5.json,2026-09-03T14:45:24.635722+00:00,"C — liste de découverte, pertinence non garantie"
A6,Qshave,1005012320295331,"Lames de rechange HQ9 pour rasoir Philips, série Speedxl 8140XL 8150XL 8160XL 8170XL HQ9070/80 HQ8240/8260 PT",11.59,EUR,,5,https://www.aliexpress.com/item/1005012320295331.html,sourcing/A6-search-5.json,2026-09-03T14:45:24.635722+00:00,"C — liste de découverte, pertinence non garantie"
B1,folding drying,1005009696627914,"Cintres pliants portables épais, support de séchage de vêtements de voyage extensible, installation et transport faciles, gain de place",3.29,EUR,4.3,"3,000+",https://www.aliexpress.com/item/1005009696627914.html,sourcing/B1-search-0.json,2026-09-03T14:38:39.631256+00:00,"C — liste de découverte, pertinence non garantie"
B1,folding drying,1005009940102397,"Étagère à bouteilles sans poussière, support de séchage multifonctionnel pliable, égouttoir pour sucette, filtre de sucette, étagère à eau, boîte de rangement",10.79,EUR,4.7,"1,000+",https://www.aliexpress.com/item/1005009940102397.html,sourcing/B1-search-0.json,2026-09-03T14:38:39.631256+00:00,"C — liste de découverte, pertinence non garantie"
B1,folding drying,1005005951056140,Cintre de séchage de vêtements avec 32 Clips/8 Clips chaussettes séchage de sous-vêtements support de suspension de linge pliant,7.69,EUR,4.7,"1,000+",https://www.aliexpress.com/item/1005005951056140.html,sourcing/B1-search-0.json,2026-09-03T14:38:39.631256+00:00,"C — liste de découverte, pertinence non garantie"
B1,folding drying,1005009466957654,"Support de séchage de vêtements Portable, cintre pliable pour voyage, hôtel, armoire, tiroir, porte montée, support de séchage de tissu sans poinçon",3.39,EUR,4.4,"1,000+",https://www.aliexpress.com/item/1005009466957654.html,sourcing/B1-search-0.json,2026-09-03T14:38:39.631256+00:00,"C — liste de découverte, pertinence non garantie"
B1,folding drying,1005008824615512,"Étendoir à vêtements pliable à cinq trous, support de séchage de voyage Portable pour usage domestique, hôtels, dortoirs, crochet universel pour vêtements",3.49,EUR,4.2,700+,https://www.aliexpress.com/item/1005008824615512.html,sourcing/B1-search-0.json,2026-09-03T14:38:39.631256+00:00,"C — liste de découverte, pertinence non garantie"
B1,folding drying,1005007148473228,Support de séchage clip de chaussette support de séchage extérieur coupe-vent dip clip en plastique support de séchage Dip porte-manteau en plastique veste antidérapante domestique,4.69,EUR,4.6,700+,https://www.aliexpress.com/item/1005007148473228.html,sourcing/B1-search-0.json,2026-09-03T14:38:39.631256+00:00,"C — liste de découverte, pertinence non garantie"
B1,folding drying,1005007300203895,"Filet de séchage suspendu multifonctionnel, Portable et pliable, multicouche, pour produits secs, légumes, fruits, herbes, vêtements, Polyester Non toxique",5.89,EUR,4.8,600+,https://www.aliexpress.com/item/1005007300203895.html,sourcing/B1-search-0.json,2026-09-03T14:38:39.631256+00:00,"C — liste de découverte, pertinence non garantie"
B1,folding drying,1005005871565706,"Sèche-linge en maille portable, sèche-linge, herbe pliée, bourgeons, fruits, fleurs hydroponiques, vêtements de poisson, beurre, T1, 1 niveau, 2/3 niveaux",12.99,EUR,4.8,500+,https://www.aliexpress.com/item/1005005871565706.html,sourcing/B1-search-0.json,2026-09-03T14:38:39.631256+00:00,"C — liste de découverte, pertinence non garantie"
B1,folding drying,1005012321936547,"Nouveau 2026 – Séchoir à linge pliable pour hôtels, cintre multifonction à cinq trous, réglable en angle, idéal pour les voyages",1.86,EUR,4.4,455,https://www.aliexpress.com/item/1005012321936547.html,sourcing/B1-search-0.json,2026-09-03T14:38:39.631256+00:00,"C — liste de découverte, pertinence non garantie"
B1,folding drying,1005008251866956,"Éventail pliant chinois élégant en soie - Imperméable, résistant aux déchirures, portable et léger, conçu avec un matériau de protection en tissu",5.89,EUR,4.6,454,https://www.aliexpress.com/item/1005008251866956.html,sourcing/B1-search-0.json,2026-09-03T14:38:39.631256+00:00,"C — liste de découverte, pertinence non garantie"
B1,folding drying,1005007928179381,"Cintres pliants de voyage multifonctionnels, séchage en plastique portable T1 pour les voyages d'affaires, organisateur de garde-robe domestique",3.39,EUR,4.4,442,https://www.aliexpress.com/item/1005007928179381.html,sourcing/B1-search-0.json,2026-09-03T14:38:39.631256+00:00,"C — liste de découverte, pertinence non garantie"
B1,folding drying,1005005853909578,"Trousse de toilette pliable et étanche pour voyage, séparation sèche et humide, sac de rangement pour cosmétiques, sac à cosmétiques de grande capacité",9.29,EUR,4.8,454,https://www.aliexpress.com/item/1005005853909578.html,sourcing/B1-search-0.json,2026-09-03T14:38:39.631256+00:00,"C — liste de découverte, pertinence non garantie"
B1,folding drying,1005006123066348,"Support de séchage pliant avec 35/20 Clips, en acier inoxydable, coupe-vent, pour sous-vêtements, chaussettes, crochet pivotant, gain de place",8.49,EUR,4.6,423,https://www.aliexpress.com/item/1005006123066348.html,sourcing/B1-search-0.json,2026-09-03T14:38:39.631256+00:00,"C — liste de découverte, pertinence non garantie"
B1,folding drying,1005005973163418,"Sèche-linge pliant à 24 Clips, cintre rotatif, coupe-vent, chaussettes, sous-vêtements, support de séchage, rangement à domicile, nouveau, livraison directe",6.49,EUR,4.7,412,https://www.aliexpress.com/item/1005005973163418.html,sourcing/B1-search-0.json,2026-09-03T14:38:39.631256+00:00,"C — liste de découverte, pertinence non garantie"
B1,folding drying,1005010227763591,"Ensemble de rideaux de douche à tige pliante, cloison de douche Invisible, salle de bains, imperméable, Polyester, séparation sèche-humide rétractable",36.59,EUR,4.6,378,https://www.aliexpress.com/item/1005010227763591.html,sourcing/B1-search-0.json,2026-09-03T14:38:39.631256+00:00,"C — liste de découverte, pertinence non garantie"
B1,folding drying,1005010538671782,"Panier à linge pour Machine à sécher, nouveau tissu en Nylon fin, Machine à laver pliable, rangement Pop up, panier en tissu sale, 2024",10.59,EUR,4.8,367,https://www.aliexpress.com/item/1005010538671782.html,sourcing/B1-search-0.json,2026-09-03T14:38:39.631256+00:00,"C — liste de découverte, pertinence non garantie"
B1,folding drying,1005006210706822,"Filet de pêche à séchage pliable, suspendu pour légumes, plats de poisson, sac de séchage, cintre pour poisson, fleurs, bourgeons, plantes, organisateur 3 couches",9.49,EUR,4.8,347,https://www.aliexpress.com/item/1005006210706822.html,sourcing/B1-search-0.json,2026-09-03T14:38:39.631256+00:00,"C — liste de découverte, pertinence non garantie"
B1,folding drying,1005010671515354,"Ensemble de tringles à rideaux de douche pliables, cloison de salle de bain Invisible, étanche, haut de gamme, séparation sèche et humide, Protection des yeux incluse",38.99,EUR,4.8,335,https://www.aliexpress.com/item/1005010671515354.html,sourcing/B1-search-0.json,2026-09-03T14:38:39.631256+00:00,"C — liste de découverte, pertinence non garantie"
B1,folding drying,1005012485811445,"Panier à linge pliable pour machine à laver, panier de rangement pop-up pour vêtements sales",8.19,EUR,4.4,298,https://www.aliexpress.com/item/1005012485811445.html,sourcing/B1-search-0.json,2026-09-03T14:38:39.631256+00:00,"C — liste de découverte, pertinence non garantie"
B1,retractable laundry,1005012470358983,"Lave-vaisselle fiable avec paniers, faible entretien et panneaux faciles d'accès, facilitant l'entretien régulier et l'accès rapide aux pièces.",6018.44,EUR,,,https://www.aliexpress.com/item/1005012470358983.html,sourcing/B1-search-1.json,2026-09-03T14:38:39.707604+00:00,"C — liste de découverte, pertinence non garantie"
B1,retractable laundry,1005012399089828,"Laveuse industrielle automatique de caisses et de plateaux pour le nettoyage des équipements de restauration, personnalisable",3816.39,EUR,,,https://www.aliexpress.com/item/1005012399089828.html,sourcing/B1-search-1.json,2026-09-03T14:38:39.707604+00:00,"C — liste de découverte, pertinence non garantie"
B1,retractable laundry,1005010587720336,Machine à laver industrielle utilisée par le linge de 30 kg,3735.39,EUR,,,https://www.aliexpress.com/item/1005010587720336.html,sourcing/B1-search-1.json,2026-09-03T14:38:39.707604+00:00,"C — liste de découverte, pertinence non garantie"
B1,retractable laundry,1005009301195327,Plateau de câbles de terre rétractable pour réservoir de stockage de toit flottant,3446.69,EUR,,,https://www.aliexpress.com/item/1005009301195327.html,sourcing/B1-search-1.json,2026-09-03T14:38:39.707604+00:00,"C — liste de découverte, pertinence non garantie"
B1,retractable laundry,1005012450482215,"Système de nettoyage à sec automatique pour lave-linge et sèche-linge, idéal pour les laveries commerciales, personnalisable",3074.99,EUR,,,https://www.aliexpress.com/item/1005012450482215.html,sourcing/B1-search-1.json,2026-09-03T14:38:39.707604+00:00,"C — liste de découverte, pertinence non garantie"
B1,retractable laundry,1005012823547522,"Lave-linge industriel 25 kg à prix d'usine, équipement de blanchisserie commercial pour usage extérieur, personnalisable",2658.99,EUR,,,https://www.aliexpress.com/item/1005012823547522.html,sourcing/B1-search-1.json,2026-09-03T14:38:39.707604+00:00,"C — liste de découverte, pertinence non garantie"
B1,retractable laundry,1005012045856619,"Auvent rétractable, 2 x 1,5 m, auvent de balcon en aluminium, auvent de fenêtre extérieur imperméable, auvent cassette extensible manuel",1579.39,EUR,,,https://www.aliexpress.com/item/1005012045856619.html,sourcing/B1-search-1.json,2026-09-03T14:38:39.707604+00:00,"C — liste de découverte, pertinence non garantie"
B1,retractable laundry,1005010589124759,"Chariot de nettoyage pliant robuste pour hôtel, hôpital et maison, chariot de nettoyage en lin, chariot de rangement utilitaire roulant",818.50,EUR,,,https://www.aliexpress.com/item/1005010589124759.html,sourcing/B1-search-1.json,2026-09-03T14:38:39.707604+00:00,"C — liste de découverte, pertinence non garantie"
B1,retractable laundry,1005012090946338,"Auvent rétractable pour camping-car, pare-soleil motorisé, tissu Oxford imperméable, alliage d'aluminium, adapté aux camping-cars, caravanes, motorhomes",452.99,EUR,,,https://www.aliexpress.com/item/1005012090946338.html,sourcing/B1-search-1.json,2026-09-03T14:38:39.707604+00:00,"C — liste de découverte, pertinence non garantie"
B1,retractable laundry,1005010058870133,"Chariot de blanchisserie pour hôtel, chariot de service pour chambres d'hôtes et buanderie, chariot de nettoyage et d'entretien multifonctionnel manuel pour hôtels",518.39,EUR,,,https://www.aliexpress.com/item/1005010058870133.html,sourcing/B1-search-1.json,2026-09-03T14:38:39.707604+00:00,"C — liste de découverte, pertinence non garantie"
B1,retractable laundry,1005009393672587,"Grand panier à linge, paniers à linge sales, boîte de rangement avec roulettes, organisateurs multifonctions, organisateur de salle de bain",245.39,EUR,,,https://www.aliexpress.com/item/1005009393672587.html,sourcing/B1-search-1.json,2026-09-03T14:38:39.707604+00:00,"C — liste de découverte, pertinence non garantie"
B1,retractable laundry,1005009644398069,"Paniers à linge oblongs de couleur unie, style nordique, mobiles, de grande capacité, pour chambre à coucher, hydrofuges, rangement Simple pour la maison",92.99,EUR,,,https://www.aliexpress.com/item/1005009644398069.html,sourcing/B1-search-1.json,2026-09-03T14:38:39.707604+00:00,"C — liste de découverte, pertinence non garantie"
B1,retractable laundry,1005013082732435,"Paniers à linge en maille bon marché, poubelle à roulettes, grand panier à linge, chariot en plastique, panier à linge sale, accessoires de salle de bain",111.46,EUR,,,https://www.aliexpress.com/item/1005013082732435.html,sourcing/B1-search-1.json,2026-09-03T14:38:39.707604+00:00,"C — liste de découverte, pertinence non garantie"
B1,retractable laundry,1005009421972739,Paniers à linge en fer panier à linge à 2 couches panier à vêtements panier à vêtements Portable amovible chariot de grande capacité avec roues,152.99,EUR,,,https://www.aliexpress.com/item/1005009421972739.html,sourcing/B1-search-1.json,2026-09-03T14:38:39.707604+00:00,"C — liste de découverte, pertinence non garantie"
B1,retractable laundry,1005005951752802,"Polymères de rideau de coffre pour Toyota, accessoires de rideau arrière rétractable, anti-peeping, auto, RAV4 RAV 4 XA40 40 2013 ~ 2018 2017 2016 2014",70.39,EUR,0.0,1,https://www.aliexpress.com/item/1005005951752802.html,sourcing/B1-search-1.json,2026-09-03T14:38:39.707604+00:00,"C — liste de découverte, pertinence non garantie"
B1,retractable laundry,1005010479291339,"Armoire à linge de balcon pour petit appartement, lavabo intégré, piscine à linge avec planche à laver, armoire de machine à laver à tambour",163.99,EUR,,5,https://www.aliexpress.com/item/1005010479291339.html,sourcing/B1-search-1.json,2026-09-03T14:38:39.707604+00:00,"C — liste de découverte, pertinence non garantie"
B1,retractable laundry,1005012232882108,"Chariot de buanderie mobile spacieux avec tour de rangement, organisateur de linge sur pied, chariot de salle de bain, support de plantes d'extérieur, vente en gros",88.39,EUR,,4,https://www.aliexpress.com/item/1005012232882108.html,sourcing/B1-search-1.json,2026-09-03T14:38:39.707604+00:00,"C — liste de découverte, pertinence non garantie"
B1,retractable laundry,1005011922900528,"Séchoir à linge rétractable et coulissant, cintre à rebond réglable, pour balcon, armoire ou rangement invisible en hauteur",98.69,EUR,5.0,12,https://www.aliexpress.com/item/1005011922900528.html,sourcing/B1-search-1.json,2026-09-03T14:38:39.707604+00:00,"C — liste de découverte, pertinence non garantie"
B1,retractable laundry,1005009831577183,"Panier à linge tissé en cuir, paniers de salle à linge de luxe abordables, organisateur de vêtements de chambre à coucher, panier à vêtements sales",91.99,EUR,,,https://www.aliexpress.com/item/1005009831577183.html,sourcing/B1-search-1.json,2026-09-03T14:38:39.707604+00:00,"C — liste de découverte, pertinence non garantie"
B1,étendoir mural,1005008059797629,"Étagère murale de rangement pour la maison, support de douche pour salle de bain, crochet sans trace, organisateur de balais, support de balai étanche",1.99,EUR,4.5,"10,000+",https://www.aliexpress.com/item/1005008059797629.html,sourcing/B1-search-10.json,2026-09-03T16:05:18.294923+00:00,"C — liste de découverte, pertinence non garantie"
B1,étendoir mural,1005007530439463,"1pc chambre porte cintre vêtements suspendus support sur la porte en plastique stockage à domicile Organization crochets, porte-monnaie pour sacs Rails",1.93,EUR,4.3,"10,000+",https://www.aliexpress.com/item/1005007530439463.html,sourcing/B1-search-10.json,2026-09-03T16:05:18.294923+00:00,"C — liste de découverte, pertinence non garantie"
B1,étendoir mural,1005006809559358,"Routeur sans fil pour ordinateur et écran TV, décodeur T1, pas de stockage perforé, outil divin, 1 pièce",3.19,EUR,4.6,"10,000+",https://www.aliexpress.com/item/1005006809559358.html,sourcing/B1-search-10.json,2026-09-03T16:05:18.294923+00:00,"C — liste de découverte, pertinence non garantie"
B1,étendoir mural,1005008119002572,"Support de rangement pour sèche-cheveux, support mural de salle de bains Non perforé, stockage de conduit d'air de salle de bains 1 pièce",3.49,EUR,4.4,"10,000+",https://www.aliexpress.com/item/1005008119002572.html,sourcing/B1-search-10.json,2026-09-03T16:05:18.294923+00:00,"C — liste de découverte, pertinence non garantie"
B1,étendoir mural,1005009394012739,"Porte-serviettes en fil métallique d'acier sur armoire, organisateur de rangement, porte de salle de bain, porte-serviettes suspendu, cintre de chiffon sans poinçon",2.61,EUR,4.1,"10,000+",https://www.aliexpress.com/item/1005009394012739.html,sourcing/B1-search-10.json,2026-09-03T16:05:18.294923+00:00,"C — liste de découverte, pertinence non garantie"
B1,étendoir mural,1005007179829111,Cuisine salle de bain cintre Clips supports de rangement blanc clair cintre chauffé serviette radiateur Rail vêtements écharpe cintre crochets support,1.80,EUR,4.5,"10,000+",https://www.aliexpress.com/item/1005007179829111.html,sourcing/B1-search-10.json,2026-09-03T16:05:18.294923+00:00,"C — liste de découverte, pertinence non garantie"
B1,étendoir mural,1005010400097731,"Support de Drainage créatif, 1 pièce, étagère d'évier de cuisine domestique, brosse à vaisselle, lingette d'évier, panier de Drainage mural",2.16,EUR,4.5,"10,000+",https://www.aliexpress.com/item/1005010400097731.html,sourcing/B1-search-10.json,2026-09-03T16:05:18.294923+00:00,"C — liste de découverte, pertinence non garantie"
B1,étendoir mural,1005007370571569,"Crochet Mural Adhésif Multi-Usages, Cintre T1 pour Balai, Accessoire de Cuisine",0.99,EUR,4.6,"10,000+",https://www.aliexpress.com/item/1005007370571569.html,sourcing/B1-search-10.json,2026-09-03T16:05:18.294923+00:00,"C — liste de découverte, pertinence non garantie"
B1,étendoir mural,1005007486256293,"HOShelf-Rangement de toilette mural en aluminium T1, sans perceuse, bouteille de shampoing, coin de douche, accessoires de cuisine",1.54,EUR,4.4,"5,000+",https://www.aliexpress.com/item/1005007486256293.html,sourcing/B1-search-10.json,2026-09-03T16:05:18.294923+00:00,"C — liste de découverte, pertinence non garantie"
B1,étendoir mural,1005008837051426,"Étagère de cuisine en acier inoxydable, égouttoir à éponge, égouttoir d'évier, fournitures de vaisselle, rangement de torchons, égouttoir",5.59,EUR,4.2,"5,000+",https://www.aliexpress.com/item/1005008837051426.html,sourcing/B1-search-10.json,2026-09-03T16:05:18.294923+00:00,"C — liste de découverte, pertinence non garantie"
B1,étendoir mural,1005006145964081,"Porte-rasoir en acier inoxydable pour salle de bain, crochet de rangement mural pour hommes, étagère pour rasoir, sans poinçon, accessoires de salle de bains",0.87,EUR,4.8,"5,000+",https://www.aliexpress.com/item/1005006145964081.html,sourcing/B1-search-10.json,2026-09-03T16:05:18.294923+00:00,"C — liste de découverte, pertinence non garantie"
B1,étendoir mural,1005006749070634,"Porte-serviettes en fil métallique d'acier sur armoire, organisateur de rangement, porte de salle de bain, porte-serviettes suspendu, cintre de chiffon sans poinçon",3.29,EUR,4.6,"5,000+",https://www.aliexpress.com/item/1005006749070634.html,sourcing/B1-search-10.json,2026-09-03T16:05:18.294923+00:00,"C — liste de découverte, pertinence non garantie"
B1,étendoir mural,1005007368030364,"Porte-serviettes sur porte en acier inoxydable, organisateur de rangement, salle de bains, armoire de cuisine, porte-serviettes suspendue",3.49,EUR,4.7,"5,000+",https://www.aliexpress.com/item/1005007368030364.html,sourcing/B1-search-10.json,2026-09-03T16:05:18.294923+00:00,"C — liste de découverte, pertinence non garantie"
B1,étendoir mural,1005008832372124,"Support de banane en bois suspendu, support de cuisine, feuille simulée, support de rangement Vertical de fruits décoratifs avec crochet, décoration de cuisine",8.69,EUR,4.6,"5,000+",https://www.aliexpress.com/item/1005008832372124.html,sourcing/B1-search-10.json,2026-09-03T16:05:18.294923+00:00,"C — liste de découverte, pertinence non garantie"
B1,étendoir mural,1005008522565492,"Boîte de rangement murale, support de prise de téléphone portable, support de télécommande, étui organisateur de rangement pour climatiseur TV",1.91,EUR,4.6,"5,000+",https://www.aliexpress.com/item/1005008522565492.html,sourcing/B1-search-10.json,2026-09-03T16:05:18.294923+00:00,"C — liste de découverte, pertinence non garantie"
B1,étendoir mural,1005010602061306,"Étagère à chaussures multicouche et peu encombrante de type X à 4 couches, étagère à chaussures Simple à assemblage domestique de couleur unie, adaptée au porche et au salon",5.49,EUR,4.0,"5,000+",https://www.aliexpress.com/item/1005010602061306.html,sourcing/B1-search-10.json,2026-09-03T16:05:18.294923+00:00,"C — liste de découverte, pertinence non garantie"
B1,étendoir mural,1005006791145743,"Support mural pour sèche-cheveux, lisseur, support pour cheveux, organisateur de salle de bain, étagères d'organisation pour toilettes",3.39,EUR,4.6,"5,000+",https://www.aliexpress.com/item/1005006791145743.html,sourcing/B1-search-10.json,2026-09-03T16:05:18.294923+00:00,"C — liste de découverte, pertinence non garantie"
B1,étendoir mural,1005007399461420,"Crochets ronds muraux multifonctionnels, 10 pièces, poinçonnage gratuit, support de rangement de pâte sans couture, cuisine salle de bains, anneau domestique",2.95,EUR,4.6,"5,000+",https://www.aliexpress.com/item/1005007399461420.html,sourcing/B1-search-10.json,2026-09-03T16:05:18.294923+00:00,"C — liste de découverte, pertinence non garantie"
B1,étendoir mural,1005008274020920,"Support de salle de bain à ventouse sans perceuse, étagère de salle de bain, espace de toilette, support suspendu en aluminium, organisateur de salle de bains à accrocher au mur",10.69,EUR,4.5,"5,000+",https://www.aliexpress.com/item/1005008274020920.html,sourcing/B1-search-10.json,2026-09-03T16:05:18.294923+00:00,"C — liste de découverte, pertinence non garantie"
B1,étendoir mural,1005006632329855,"HOTowel-Porte-serviettes auto-adhésif, rail de serviette T1, blanc sans propositions, HOBlack",3.49,EUR,4.5,"5,000+",https://www.aliexpress.com/item/1005006632329855.html,sourcing/B1-search-10.json,2026-09-03T16:05:18.294923+00:00,"C — liste de découverte, pertinence non garantie"
B1,étendoir mural,1005010534264019,Plateau tournant de table d'affichage rotatif robuste de meubles de présentoir de cintre,22464.59,EUR,,,https://www.aliexpress.com/item/1005010534264019.html,sourcing/B1-search-2.json,2026-09-03T14:43:41.528431+00:00,"C — liste de découverte, pertinence non garantie"
B1,étendoir mural,1005012773958509,Séchoir à pulvérisation personnalisé pour le séchage de matériaux spéciaux selon les exigences du client,11622.99,EUR,,,https://www.aliexpress.com/item/1005012773958509.html,sourcing/B1-search-2.json,2026-09-03T14:43:41.528431+00:00,"C — liste de découverte, pertinence non garantie"
B1,étendoir mural,1005012595890182,"Four de séchage à plateaux sur mesure, séchoir industriel pour matières premières de fruits et légumes",10059.69,EUR,,,https://www.aliexpress.com/item/1005012595890182.html,sourcing/B1-search-2.json,2026-09-03T14:43:41.528431+00:00,"C — liste de découverte, pertinence non garantie"
B1,étendoir mural,1005012893492805,"Four rotatif personnalisé en acier inoxydable, électrique/gaz, avec protection contre la cuisson à sec, haute productivité, pour boulangerie commerciale (farine, lait)",6151.39,EUR,,,https://www.aliexpress.com/item/1005012893492805.html,sourcing/B1-search-2.json,2026-09-03T14:43:41.528431+00:00,"C — liste de découverte, pertinence non garantie"
B1,étendoir mural,1005012406549555,"Laveuse tunnel à séchage par le vent entièrement automatique pour paniers, boîtes, palettes, plateaux et caisses en plastique – Machine de nettoyage continu sur mesure",5357.69,EUR,,,https://www.aliexpress.com/item/1005012406549555.html,sourcing/B1-search-2.json,2026-09-03T14:43:41.528431+00:00,"C — liste de découverte, pertinence non garantie"
B1,étendoir mural,1005010358318819,"Déshydrateur alimentaire industriel, armoire de séchage, plateau statique, séchoir à mangue, four de séchage à circulation d'air chaud pour fruits",4576.39,EUR,,,https://www.aliexpress.com/item/1005010358318819.html,sourcing/B1-search-2.json,2026-09-03T14:43:41.528431+00:00,"C — liste de découverte, pertinence non garantie"
B1,étendoir mural,1005011978698350,"Barres de toit avec échelle, porte-bagages en alliage d'aluminium pour W464 W465 2019-2025+, porte-charge robuste",2526.39,EUR,,,https://www.aliexpress.com/item/1005011978698350.html,sourcing/B1-search-2.json,2026-09-03T14:43:41.528431+00:00,"C — liste de découverte, pertinence non garantie"
B1,étendoir mural,1005012963294697,"Table de présentation de gâteaux en acier inoxydable, support de décoration de desserts commercial pour la maison, taille personnalisable, plateau en MDF.",2457.69,EUR,,1,https://www.aliexpress.com/item/1005012963294697.html,sourcing/B1-search-2.json,2026-09-03T14:43:41.528431+00:00,"C — liste de découverte, pertinence non garantie"
B1,étendoir mural,1005010588576234,"Support de panneau d'affiche double face du sol au plafond, présentoir publicitaire en métal avec roulettes",2210.99,EUR,,,https://www.aliexpress.com/item/1005010588576234.html,sourcing/B1-search-2.json,2026-09-03T14:43:41.528431+00:00,"C — liste de découverte, pertinence non garantie"
B1,étendoir mural,1005010269302338,Machine commerciale de séchage de déshydrateur de fruits de viande de nourriture de plateaux de déshydratation rotative de grande capacité 20,2015.99,EUR,,,https://www.aliexpress.com/item/1005010269302338.html,sourcing/B1-search-2.json,2026-09-03T14:43:41.528431+00:00,"C — liste de découverte, pertinence non garantie"
B1,étendoir mural,1005012257113669,"Meuble de rangement de luxe pour chaussures, étagère de présentation pour entrée, organisateur de chaussures, meuble de rangement fermé pour la maison",2135.91,EUR,,,https://www.aliexpress.com/item/1005012257113669.html,sourcing/B1-search-2.json,2026-09-03T14:43:41.528431+00:00,"C — liste de découverte, pertinence non garantie"
B1,étendoir mural,1005009990073794,Dressing chambre armoires multifonctions étagères en bois grands armoires tiroir moderne Armario Ropero dortoir meubles de maison,2288.18,EUR,,,https://www.aliexpress.com/item/1005009990073794.html,sourcing/B1-search-2.json,2026-09-03T14:43:41.528431+00:00,"C — liste de découverte, pertinence non garantie"
B1,étendoir mural,1005011974681831,"Étagère de stockage pour moules, étagère robuste en acier à 3 niveaux, rayonnage d'entrepôt sans boulons, rayonnage empilable pour stockage industriel",1742.39,EUR,,,https://www.aliexpress.com/item/1005011974681831.html,sourcing/B1-search-2.json,2026-09-03T14:43:41.528431+00:00,"C — liste de découverte, pertinence non garantie"
B1,étendoir mural,1005010035804292,Support de Rangement Commercial pour Haltères à 3 Niveaux – Équipement de Musculation et de Sport pour Salle de Sport,1600.69,EUR,,,https://www.aliexpress.com/item/1005010035804292.html,sourcing/B1-search-2.json,2026-09-03T14:43:41.528431+00:00,"C — liste de découverte, pertinence non garantie"
B1,étendoir mural,1005009698652643,"Armoire latérale de salle de bain, meuble de rangement léger de luxe à Induction intelligente, moderne et minimaliste, toilettes verticales en bois massif, magasin terrestre",1546.16,EUR,5.0,,https://www.aliexpress.com/item/1005009698652643.html,sourcing/B1-search-2.json,2026-09-03T14:43:41.528431+00:00,"C — liste de découverte, pertinence non garantie"
B1,étendoir mural,1005010393480987,Chambres étagère à chaussures de luxe verticale moderne Ultra mince blanc étagère à chaussures polyvalent robuste Meuble Chausssure meubles d'entrée,1546.30,EUR,,,https://www.aliexpress.com/item/1005010393480987.html,sourcing/B1-search-2.json,2026-09-03T14:43:41.528431+00:00,"C — liste de découverte, pertinence non garantie"
B1,étendoir mural,1005010262507648,Support de rangement mural doré personnalisé,1428.39,EUR,,,https://www.aliexpress.com/item/1005010262507648.html,sourcing/B1-search-2.json,2026-09-03T14:43:41.528431+00:00,"C — liste de découverte, pertinence non garantie"
B1,étendoir mural,1005012672037043,"Meuble TV mural mobile avec rangement au sol et étagères, design moderne, pour salon",1349.08,EUR,,,https://www.aliexpress.com/item/1005012672037043.html,sourcing/B1-search-2.json,2026-09-03T14:43:41.528431+00:00,"C — liste de découverte, pertinence non garantie"
B1,étendoir mural,1005012536608745,"Comptoir promotionnel détachable, présentoir extérieur, stand de marché, chariot de stand amovible et portable pour centre commercial",1258.39,EUR,,,https://www.aliexpress.com/item/1005012536608745.html,sourcing/B1-search-2.json,2026-09-03T14:43:41.528431+00:00,"C — liste de découverte, pertinence non garantie"
B1,étendoir mural,1005010036063509,"Caméra de photographie robuste, grand support de prise de vue DSLR, support de positionnement, support coulissant vidéo professionnel",1264.39,EUR,,,https://www.aliexpress.com/item/1005010036063509.html,sourcing/B1-search-2.json,2026-09-03T14:43:41.528431+00:00,"C — liste de découverte, pertinence non garantie"
B1,accordion drying rack,1005010409915945,"Séchoir à pompe à chaleur à source d'air, spécialement conçu pour le séchage à haute efficacité des légumes déshydratés, des céréales et des fruits",33342.39,EUR,,,https://www.aliexpress.com/item/1005010409915945.html,sourcing/B1-search-3.json,2026-09-03T14:43:49.738860+00:00,"C — liste de découverte, pertinence non garantie"
B1,accordion drying rack,1005012592663018,"Armoire de séchage à pompe à chaleur personnalisée, machine de séchage industrielle à plateaux pour la déshydratation des mangues, des oignons, des dattes et des légumes",19608.99,EUR,,,https://www.aliexpress.com/item/1005012592663018.html,sourcing/B1-search-3.json,2026-09-03T14:43:49.738860+00:00,"C — liste de découverte, pertinence non garantie"
B1,accordion drying rack,1005012402948951,"Laveuse de plateaux industriels efficace avec système de séchage intégré pour les usines de transformation alimentaire, usage commercial, personnalisable",11171.39,EUR,,,https://www.aliexpress.com/item/1005012402948951.html,sourcing/B1-search-3.json,2026-09-03T14:43:49.738860+00:00,"C — liste de découverte, pertinence non garantie"
B1,accordion drying rack,1005012468273696,Laveur de caisses automatique haut de gamme avec section de séchage à lame d'air pour éliminer les gouttelettes d'eau en surplus avant que les caisses sortent de la machine,5650.81,EUR,,,https://www.aliexpress.com/item/1005012468273696.html,sourcing/B1-search-3.json,2026-09-03T14:43:49.738860+00:00,"C — liste de découverte, pertinence non garantie"
B1,accordion drying rack,1005012252350654,"Équipement de séchage des céréales agricoles, solution professionnelle de déshydratation des cultures pour la saison de récolte, traitement rapide des grains",4805.39,EUR,,,https://www.aliexpress.com/item/1005012252350654.html,sourcing/B1-search-3.json,2026-09-03T14:43:49.738860+00:00,"C — liste de découverte, pertinence non garantie"
B1,accordion drying rack,1005010358318819,"Déshydrateur alimentaire industriel, armoire de séchage, plateau statique, séchoir à mangue, four de séchage à circulation d'air chaud pour fruits",4576.39,EUR,,,https://www.aliexpress.com/item/1005010358318819.html,sourcing/B1-search-3.json,2026-09-03T14:43:49.738860+00:00,"C — liste de découverte, pertinence non garantie"
B1,accordion drying rack,1005012599387093,"Équipement de séchage de céréales agricoles personnalisé, sécheuse à céréales de grande capacité, efficacité améliorée pour le traitement des céréales à la ferme",2717.99,EUR,,,https://www.aliexpress.com/item/1005012599387093.html,sourcing/B1-search-3.json,2026-09-03T14:43:49.738860+00:00,"C — liste de découverte, pertinence non garantie"
B1,accordion drying rack,1005012258009510,"Meuble à chaussures nordique en bois vintage vertical de luxe pour hall, rangement multifonctionnel, meubles pour la maison",2018.55,EUR,,,https://www.aliexpress.com/item/1005012258009510.html,sourcing/B1-search-3.json,2026-09-03T14:43:49.738860+00:00,"C — liste de découverte, pertinence non garantie"
B1,accordion drying rack,1005011974681831,"Étagère de stockage pour moules, étagère robuste en acier à 3 niveaux, rayonnage d'entrepôt sans boulons, rayonnage empilable pour stockage industriel",1742.39,EUR,,,https://www.aliexpress.com/item/1005011974681831.html,sourcing/B1-search-3.json,2026-09-03T14:43:49.738860+00:00,"C — liste de découverte, pertinence non garantie"
B1,accordion drying rack,1005010418377612,Étagère à chaussures blanche nordique Ultra mince salon rangement étagère à chaussures gain De place Armarios Para Sala De Estar maison accessoires,1088.81,EUR,,,https://www.aliexpress.com/item/1005010418377612.html,sourcing/B1-search-3.json,2026-09-03T14:43:49.738860+00:00,"C — liste de découverte, pertinence non garantie"
B1,accordion drying rack,1005012484270784,"Porte-vêtements mural en bois, style japonais vintage, pour couloir, rangement de vêtements, chambre à coucher, Perchero Para Bolsos, meubles de luxe pour chambre",1095.96,EUR,,,https://www.aliexpress.com/item/1005012484270784.html,sourcing/B1-search-3.json,2026-09-03T14:43:49.738860+00:00,"C — liste de découverte, pertinence non garantie"
B1,accordion drying rack,1005009083853897,"Supports de rangement d'angle extractibles, mobiles, rotatifs, réglables, plusieurs couches, support de rangement classifié, fournitures de cuisine",418.39,EUR,,,https://www.aliexpress.com/item/1005009083853897.html,sourcing/B1-search-3.json,2026-09-03T14:43:49.738860+00:00,"C — liste de découverte, pertinence non garantie"
B1,accordion drying rack,1005009902558017,Armoire en bois massif De luxe moderne porte-vêtements armoire Organization rangement Ropero Armable De Ropa meubles nordiques chambre,1152.10,EUR,,,https://www.aliexpress.com/item/1005009902558017.html,sourcing/B1-search-3.json,2026-09-03T14:43:49.738860+00:00,"C — liste de découverte, pertinence non garantie"
B1,accordion drying rack,1005008742027016,"Porte-manteau en bois massif de chêne, rangement suspendu au sol, porte-vêtements sur pied pour salon, support européen, meubles de maison",345.99,EUR,,,https://www.aliexpress.com/item/1005008742027016.html,sourcing/B1-search-3.json,2026-09-03T14:43:49.738860+00:00,"C — liste de découverte, pertinence non garantie"
B1,accordion drying rack,1005010538637456,Support de séchage pliant en grain de bois/cintre en métal sur pied/cintre pour serviettes à linge,674.00,EUR,,,https://www.aliexpress.com/item/1005010538637456.html,sourcing/B1-search-3.json,2026-09-03T14:43:49.738860+00:00,"C — liste de découverte, pertinence non garantie"
B1,accordion drying rack,1005012933839835,"Meubles d'entrée : Meuble de rangement de chaussures de luxe pour la salle d'entrée, étagère à chaussures blanche fermée, mobilier de chambre d'hôtel.",672.57,EUR,,,https://www.aliexpress.com/item/1005012933839835.html,sourcing/B1-search-3.json,2026-09-03T14:43:49.738860+00:00,"C — liste de découverte, pertinence non garantie"
B1,accordion drying rack,1005009298205104,"Supports de rangement en bois, supports esthétiques pour salon, organisateurs de sol modernes, étagères multifonctions pour la maison, décoration de chambre à coucher",431.99,EUR,,,https://www.aliexpress.com/item/1005009298205104.html,sourcing/B1-search-3.json,2026-09-03T14:43:49.738860+00:00,"C — liste de découverte, pertinence non garantie"
B1,accordion drying rack,1005011962281689,"Porte-bagages de toit en aluminium, acier et fer 2/4 portes avec éclairage LED, échelle d'accès et panier de chargement pour Wrangler JK JL JT",588.39,EUR,5.0,23,https://www.aliexpress.com/item/1005011962281689.html,sourcing/B1-search-3.json,2026-09-03T14:43:49.738860+00:00,"C — liste de découverte, pertinence non garantie"
B1,accordion drying rack,1005013003811666,"Armoires bibliothèques sur rail, meubles de rangement hauts de luxe, organisateurs de placards, meubles artisanaux pour la maison, mobilier de salon",543.41,EUR,,,https://www.aliexpress.com/item/1005013003811666.html,sourcing/B1-search-3.json,2026-09-03T14:43:49.738860+00:00,"C — liste de découverte, pertinence non garantie"
B1,accordion drying rack,1005007822284717,"Étagère murale suspendue pour magasin de vêtements pour femmes, présentoir à vêtements",509.39,EUR,,,https://www.aliexpress.com/item/1005007822284717.html,sourcing/B1-search-3.json,2026-09-03T14:43:49.738860+00:00,"C — liste de découverte, pertinence non garantie"
B1,étendoir mural,1005008059797629,"Étagère murale de rangement pour la maison, support de douche pour salle de bain, crochet sans trace, organisateur de balais, support de balai étanche",1.99,EUR,4.5,"10,000+",https://www.aliexpress.com/item/1005008059797629.html,sourcing/B1-search-4.json,2026-09-03T14:45:34.319838+00:00,"C — liste de découverte, pertinence non garantie"
B1,étendoir mural,1005007530439463,"1pc chambre porte cintre vêtements suspendus support sur la porte en plastique stockage à domicile Organization crochets, porte-monnaie pour sacs Rails",1.93,EUR,4.3,"10,000+",https://www.aliexpress.com/item/1005007530439463.html,sourcing/B1-search-4.json,2026-09-03T14:45:34.319838+00:00,"C — liste de découverte, pertinence non garantie"
B1,étendoir mural,1005009905982018,"Organisateur de télécommande à 4 compartiments, support de rangement de bureau créatif, support en plastique, organisateur de bureau polyvalent",3.19,EUR,4.3,"10,000+",https://www.aliexpress.com/item/1005009905982018.html,sourcing/B1-search-4.json,2026-09-03T14:45:34.319838+00:00,"C — liste de découverte, pertinence non garantie"
B1,étendoir mural,1005008119002572,"Support de rangement pour sèche-cheveux, support mural de salle de bains Non perforé, stockage de conduit d'air de salle de bains 1 pièce",3.49,EUR,4.4,"10,000+",https://www.aliexpress.com/item/1005008119002572.html,sourcing/B1-search-4.json,2026-09-03T14:45:34.319838+00:00,"C — liste de découverte, pertinence non garantie"
B1,étendoir mural,1005009394012739,"Porte-serviettes en fil métallique d'acier sur armoire, organisateur de rangement, porte de salle de bain, porte-serviettes suspendu, cintre de chiffon sans poinçon",2.61,EUR,4.1,"10,000+",https://www.aliexpress.com/item/1005009394012739.html,sourcing/B1-search-4.json,2026-09-03T14:45:34.319838+00:00,"C — liste de découverte, pertinence non garantie"
B1,étendoir mural,1005010796812930,"Étagère à chaussures en X à 4 niveaux, multifonctionnelle, anti-poussière, pour dortoirs, entrées, couloirs, chambres à coucher",5.59,EUR,3.9,"10,000+",https://www.aliexpress.com/item/1005010796812930.html,sourcing/B1-search-4.json,2026-09-03T14:45:34.319838+00:00,"C — liste de découverte, pertinence non garantie"
B1,étendoir mural,1005010400097731,"Support de Drainage créatif, 1 pièce, étagère d'évier de cuisine domestique, brosse à vaisselle, lingette d'évier, panier de Drainage mural",2.16,EUR,4.5,"10,000+",https://www.aliexpress.com/item/1005010400097731.html,sourcing/B1-search-4.json,2026-09-03T14:45:34.319838+00:00,"C — liste de découverte, pertinence non garantie"
B1,étendoir mural,1005007370571569,"Crochet Mural Adhésif Multi-Usages, Cintre T1 pour Balai, Accessoire de Cuisine",0.99,EUR,4.6,"10,000+",https://www.aliexpress.com/item/1005007370571569.html,sourcing/B1-search-4.json,2026-09-03T14:45:34.319838+00:00,"C — liste de découverte, pertinence non garantie"
B1,étendoir mural,1005010627007272,"Porte-serviettes rétractable automatique, porte-serviettes mural auto-adhésif sans poinçonnage, rebond automatique avec clip solide",3.59,EUR,4.6,"10,000+",https://www.aliexpress.com/item/1005010627007272.html,sourcing/B1-search-4.json,2026-09-03T14:45:34.319838+00:00,"C — liste de découverte, pertinence non garantie"
B1,étendoir mural,1005007486256293,"HOShelf-Rangement de toilette mural en aluminium T1, sans perceuse, bouteille de shampoing, coin de douche, accessoires de cuisine",1.54,EUR,4.4,"5,000+",https://www.aliexpress.com/item/1005007486256293.html,sourcing/B1-search-4.json,2026-09-03T14:45:34.319838+00:00,"C — liste de découverte, pertinence non garantie"
B1,étendoir mural,1005008274539984,"Support mural en acier inoxydable pour rasoir de salle de bain, crochet de rangement sans perçage pour rasoirs et accessoires de rasage pour hommes",0.89,EUR,4.7,"5,000+",https://www.aliexpress.com/item/1005008274539984.html,sourcing/B1-search-4.json,2026-09-03T14:45:34.319838+00:00,"C — liste de découverte, pertinence non garantie"
B1,étendoir mural,1005006918869698,"Crochet mural transparent auto-adhésif robuste, porte-manteau, porte-clés, support pour serviettes, organisateur, accessoires de salle de bain",0.77,EUR,4.8,"5,000+",https://www.aliexpress.com/item/1005006918869698.html,sourcing/B1-search-4.json,2026-09-03T14:45:34.319838+00:00,"C — liste de découverte, pertinence non garantie"
B1,étendoir mural,1005008837051426,"Étagère de cuisine en acier inoxydable, égouttoir à éponge, égouttoir d'évier, fournitures de vaisselle, rangement de torchons, égouttoir",5.59,EUR,4.2,"5,000+",https://www.aliexpress.com/item/1005008837051426.html,sourcing/B1-search-4.json,2026-09-03T14:45:34.319838+00:00,"C — liste de découverte, pertinence non garantie"
B1,étendoir mural,1005006145964081,"Porte-rasoir en acier inoxydable pour salle de bain, crochet de rangement mural pour hommes, étagère pour rasoir, sans poinçon, accessoires de salle de bains",0.87,EUR,4.8,"5,000+",https://www.aliexpress.com/item/1005006145964081.html,sourcing/B1-search-4.json,2026-09-03T14:45:34.319838+00:00,"C — liste de découverte, pertinence non garantie"
B1,étendoir mural,1005006749070634,"Porte-serviettes en fil métallique d'acier sur armoire, organisateur de rangement, porte de salle de bain, porte-serviettes suspendu, cintre de chiffon sans poinçon",3.29,EUR,4.6,"5,000+",https://www.aliexpress.com/item/1005006749070634.html,sourcing/B1-search-4.json,2026-09-03T14:45:34.319838+00:00,"C — liste de découverte, pertinence non garantie"
B1,étendoir mural,1005007067588826,Support mural universel sans perçage pour caméra de vidéosurveillance – Support de rangement durable et peu encombrant,2.56,EUR,4.7,"5,000+",https://www.aliexpress.com/item/1005007067588826.html,sourcing/B1-search-4.json,2026-09-03T14:45:34.319838+00:00,"C — liste de découverte, pertinence non garantie"
B1,étendoir mural,1005008832372124,"Support de banane en bois suspendu, support de cuisine, feuille simulée, support de rangement Vertical de fruits décoratifs avec crochet, décoration de cuisine",8.69,EUR,4.6,"5,000+",https://www.aliexpress.com/item/1005008832372124.html,sourcing/B1-search-4.json,2026-09-03T14:45:34.319838+00:00,"C — liste de découverte, pertinence non garantie"
B1,étendoir mural,1005007368030364,"Porte-serviettes sur porte en acier inoxydable, organisateur de rangement, salle de bains, armoire de cuisine, porte-serviettes suspendue",3.49,EUR,4.7,"5,000+",https://www.aliexpress.com/item/1005007368030364.html,sourcing/B1-search-4.json,2026-09-03T14:45:34.319838+00:00,"C — liste de découverte, pertinence non garantie"
B1,étendoir mural,1005006741412473,"Égouttoir d'évier de cuisine, rangement d'éponge, porte-robinet Flexible, égouttoir à savon, porte-serviettes, organisateur d'étagère, accessoires de cuisine",4.09,EUR,4.6,"5,000+",https://www.aliexpress.com/item/1005006741412473.html,sourcing/B1-search-4.json,2026-09-03T14:45:34.319838+00:00,"C — liste de découverte, pertinence non garantie"
B1,étendoir mural,1005008522565492,"Boîte de rangement murale, support de prise de téléphone portable, support de télécommande, étui organisateur de rangement pour climatiseur TV",1.91,EUR,4.6,"5,000+",https://www.aliexpress.com/item/1005008522565492.html,sourcing/B1-search-4.json,2026-09-03T14:45:34.319838+00:00,"C — liste de découverte, pertinence non garantie"
B1,wall mounted drying rack,1005008059797629,"Étagère murale de rangement pour la maison, support de douche pour salle de bain, crochet sans trace, organisateur de balais, support de balai étanche",1.99,EUR,4.5,"10,000+",https://www.aliexpress.com/item/1005008059797629.html,sourcing/B1-search-5.json,2026-09-03T14:45:34.623695+00:00,"C — liste de découverte, pertinence non garantie"
B1,wall mounted drying rack,1005007530439463,"1pc chambre porte cintre vêtements suspendus support sur la porte en plastique stockage à domicile Organization crochets, porte-monnaie pour sacs Rails",1.93,EUR,4.3,"10,000+",https://www.aliexpress.com/item/1005007530439463.html,sourcing/B1-search-5.json,2026-09-03T14:45:34.623695+00:00,"C — liste de découverte, pertinence non garantie"
B1,wall mounted drying rack,1005009905982018,"Organisateur de télécommande à 4 compartiments, support de rangement de bureau créatif, support en plastique, organisateur de bureau polyvalent",3.19,EUR,4.3,"10,000+",https://www.aliexpress.com/item/1005009905982018.html,sourcing/B1-search-5.json,2026-09-03T14:45:34.623695+00:00,"C — liste de découverte, pertinence non garantie"
B1,wall mounted drying rack,1005008119002572,"Support de rangement pour sèche-cheveux, support mural de salle de bains Non perforé, stockage de conduit d'air de salle de bains 1 pièce",3.49,EUR,4.4,"10,000+",https://www.aliexpress.com/item/1005008119002572.html,sourcing/B1-search-5.json,2026-09-03T14:45:34.623695+00:00,"C — liste de découverte, pertinence non garantie"
B1,wall mounted drying rack,1005009394012739,"Porte-serviettes en fil métallique d'acier sur armoire, organisateur de rangement, porte de salle de bain, porte-serviettes suspendu, cintre de chiffon sans poinçon",2.61,EUR,4.1,"10,000+",https://www.aliexpress.com/item/1005009394012739.html,sourcing/B1-search-5.json,2026-09-03T14:45:34.623695+00:00,"C — liste de découverte, pertinence non garantie"
B1,wall mounted drying rack,1005010796812930,"Étagère à chaussures en X à 4 niveaux, multifonctionnelle, anti-poussière, pour dortoirs, entrées, couloirs, chambres à coucher",5.59,EUR,3.9,"10,000+",https://www.aliexpress.com/item/1005010796812930.html,sourcing/B1-search-5.json,2026-09-03T14:45:34.623695+00:00,"C — liste de découverte, pertinence non garantie"
B1,wall mounted drying rack,1005010400097731,"Support de Drainage créatif, 1 pièce, étagère d'évier de cuisine domestique, brosse à vaisselle, lingette d'évier, panier de Drainage mural",2.16,EUR,4.5,"10,000+",https://www.aliexpress.com/item/1005010400097731.html,sourcing/B1-search-5.json,2026-09-03T14:45:34.623695+00:00,"C — liste de découverte, pertinence non garantie"
B1,wall mounted drying rack,1005007370571569,"Crochet Mural Adhésif Multi-Usages, Cintre T1 pour Balai, Accessoire de Cuisine",0.99,EUR,4.6,"10,000+",https://www.aliexpress.com/item/1005007370571569.html,sourcing/B1-search-5.json,2026-09-03T14:45:34.623695+00:00,"C — liste de découverte, pertinence non garantie"
B1,wall mounted drying rack,1005010627007272,"Porte-serviettes rétractable automatique, porte-serviettes mural auto-adhésif sans poinçonnage, rebond automatique avec clip solide",3.59,EUR,4.6,"10,000+",https://www.aliexpress.com/item/1005010627007272.html,sourcing/B1-search-5.json,2026-09-03T14:45:34.623695+00:00,"C — liste de découverte, pertinence non garantie"
B1,wall mounted drying rack,1005008123484737,"Support de rangement en plastique pour salle de bain, porte-shampooing, caddie de douche adhésif, sans perceuse, étagère d'angle pour serviettes, 1/2/3 pièces",1.08,EUR,4.4,"10,000+",https://www.aliexpress.com/item/1005008123484737.html,sourcing/B1-search-5.json,2026-09-03T14:45:34.623695+00:00,"C — liste de découverte, pertinence non garantie"
B1,wall mounted drying rack,1005007486256293,"HOShelf-Rangement de toilette mural en aluminium T1, sans perceuse, bouteille de shampoing, coin de douche, accessoires de cuisine",1.54,EUR,4.4,"5,000+",https://www.aliexpress.com/item/1005007486256293.html,sourcing/B1-search-5.json,2026-09-03T14:45:34.623695+00:00,"C — liste de découverte, pertinence non garantie"
B1,wall mounted drying rack,1005008274539984,"Support mural en acier inoxydable pour rasoir de salle de bain, crochet de rangement sans perçage pour rasoirs et accessoires de rasage pour hommes",0.89,EUR,4.7,"5,000+",https://www.aliexpress.com/item/1005008274539984.html,sourcing/B1-search-5.json,2026-09-03T14:45:34.623695+00:00,"C — liste de découverte, pertinence non garantie"
B1,wall mounted drying rack,1005007535568235,"Support mural pour téléphone portable, blanc, sans poinçon, support de chargement pour téléphone portable, boîte de rangement pour télécommande paresseuse et collante",1.73,EUR,4.2,"5,000+",https://www.aliexpress.com/item/1005007535568235.html,sourcing/B1-search-5.json,2026-09-03T14:45:34.623695+00:00,"C — liste de découverte, pertinence non garantie"
B1,wall mounted drying rack,1005008837051426,"Étagère de cuisine en acier inoxydable, égouttoir à éponge, égouttoir d'évier, fournitures de vaisselle, rangement de torchons, égouttoir",5.59,EUR,4.2,"5,000+",https://www.aliexpress.com/item/1005008837051426.html,sourcing/B1-search-5.json,2026-09-03T14:45:34.623695+00:00,"C — liste de découverte, pertinence non garantie"
B1,wall mounted drying rack,1005006145964081,"Porte-rasoir en acier inoxydable pour salle de bain, crochet de rangement mural pour hommes, étagère pour rasoir, sans poinçon, accessoires de salle de bains",0.87,EUR,4.8,"5,000+",https://www.aliexpress.com/item/1005006145964081.html,sourcing/B1-search-5.json,2026-09-03T14:45:34.623695+00:00,"C — liste de découverte, pertinence non garantie"
B1,wall mounted drying rack,1005006749070634,"Porte-serviettes en fil métallique d'acier sur armoire, organisateur de rangement, porte de salle de bain, porte-serviettes suspendu, cintre de chiffon sans poinçon",3.29,EUR,4.6,"5,000+",https://www.aliexpress.com/item/1005006749070634.html,sourcing/B1-search-5.json,2026-09-03T14:45:34.623695+00:00,"C — liste de découverte, pertinence non garantie"
B1,wall mounted drying rack,1005007067588826,Support mural universel sans perçage pour caméra de vidéosurveillance – Support de rangement durable et peu encombrant,2.56,EUR,4.7,"5,000+",https://www.aliexpress.com/item/1005007067588826.html,sourcing/B1-search-5.json,2026-09-03T14:45:34.623695+00:00,"C — liste de découverte, pertinence non garantie"
B1,wall mounted drying rack,1005008832372124,"Support de banane en bois suspendu, support de cuisine, feuille simulée, support de rangement Vertical de fruits décoratifs avec crochet, décoration de cuisine",8.69,EUR,4.6,"5,000+",https://www.aliexpress.com/item/1005008832372124.html,sourcing/B1-search-5.json,2026-09-03T14:45:34.623695+00:00,"C — liste de découverte, pertinence non garantie"
B1,wall mounted drying rack,1005007368030364,"Porte-serviettes sur porte en acier inoxydable, organisateur de rangement, salle de bains, armoire de cuisine, porte-serviettes suspendue",3.49,EUR,4.7,"5,000+",https://www.aliexpress.com/item/1005007368030364.html,sourcing/B1-search-5.json,2026-09-03T14:45:34.623695+00:00,"C — liste de découverte, pertinence non garantie"
B1,wall mounted drying rack,1005008522565492,"Boîte de rangement murale, support de prise de téléphone portable, support de télécommande, étui organisateur de rangement pour climatiseur TV",1.91,EUR,4.6,"5,000+",https://www.aliexpress.com/item/1005008522565492.html,sourcing/B1-search-5.json,2026-09-03T14:45:34.623695+00:00,"C — liste de découverte, pertinence non garantie"
B2,swivel bike rack,1005007391573890,"Sangles de fixation élastiques pour casque de moto SEAMETAL, sangles de réglage pour siège arrière de moto, 60cm/90cm",2.33,EUR,4.7,"10,000+",https://www.aliexpress.com/item/1005007391573890.html,sourcing/B2-search-0.json,2026-09-03T14:38:47.929556+00:00,"C — liste de découverte, pertinence non garantie"
B2,swivel bike rack,1005007904000837,"ROCKBROS – manchons de vélo en soie glacée, Protection des bras de cyclisme respirants d'été, Protection contre le soleil et les UV en plein air, pour sport, vtt, vélo de route",2.76,EUR,4.8,"10,000+",https://www.aliexpress.com/item/1005007904000837.html,sourcing/B2-search-0.json,2026-09-03T14:38:47.929556+00:00,"C — liste de découverte, pertinence non garantie"
B2,swivel bike rack,1005005204654201,"Porte-brosse à dents électrique réglable, Base en Silicone, antidérapant, support mural, adapté 99%",1.94,EUR,4.8,"10,000+",https://www.aliexpress.com/item/1005005204654201.html,sourcing/B2-search-0.json,2026-09-03T14:38:47.929556+00:00,"C — liste de découverte, pertinence non garantie"
B2,swivel bike rack,1005006965958373,"Support de téléphone portable rotatif à 360 degrés pour vélo et moto, Support de sécurité en Silicone, Type de traction pour tous les supports de téléphone",2.48,EUR,4.6,"10,000+",https://www.aliexpress.com/item/1005006965958373.html,sourcing/B2-search-0.json,2026-09-03T14:38:47.929556+00:00,"C — liste de découverte, pertinence non garantie"
B2,swivel bike rack,1005011848504195,"Organisateur multifonctionnel pour coffre de voiture, support de rangement pour bagages, support anti-choc, support de stockage pour outils.",5.29,EUR,4.7,"5,000+",https://www.aliexpress.com/item/1005011848504195.html,sourcing/B2-search-0.json,2026-09-03T14:38:47.929556+00:00,"C — liste de découverte, pertinence non garantie"
B2,swivel bike rack,1005010776036798,"Support de guidon de vélo multifonctionnel, support de guidon de vélo tout-terrain, stabilisateur de guidon de vélo à clipser, accessoire de cyclisme",2.52,EUR,4.8,"5,000+",https://www.aliexpress.com/item/1005010776036798.html,sourcing/B2-search-0.json,2026-09-03T14:38:47.929556+00:00,"C — liste de découverte, pertinence non garantie"
B2,swivel bike rack,1005008362873907,"Support universel de téléphone portable pour vélo et moto, rotatif à 360 °, antichoc, clip GPS",4.49,EUR,4.3,"5,000+",https://www.aliexpress.com/item/1005008362873907.html,sourcing/B2-search-0.json,2026-09-03T14:38:47.929556+00:00,"C — liste de découverte, pertinence non garantie"
B2,swivel bike rack,1005006941079004,WEST BIKING porte-bouteille d'eau de vélo dégradé coloré porte-bouteille de cyclisme ultraléger vtt vélo de route support de bouteille d'eau,2.99,EUR,4.8,"5,000+",https://www.aliexpress.com/item/1005006941079004.html,sourcing/B2-search-0.json,2026-09-03T14:38:47.929556+00:00,"C — liste de découverte, pertinence non garantie"
B2,swivel bike rack,1005008226144228,Serrure de vélo serrure à chaîne en fil d'acier VTT moto Code antivol serrure à câble métallique en acier serrure à bagages serrure de casque,3.89,EUR,4.5,"5,000+",https://www.aliexpress.com/item/1005008226144228.html,sourcing/B2-search-0.json,2026-09-03T14:38:47.929556+00:00,"C — liste de découverte, pertinence non garantie"
B2,swivel bike rack,1005007399461420,"Crochets ronds muraux multifonctionnels, 10 pièces, poinçonnage gratuit, support de rangement de pâte sans couture, cuisine salle de bains, anneau domestique",2.95,EUR,4.6,"5,000+",https://www.aliexpress.com/item/1005007399461420.html,sourcing/B2-search-0.json,2026-09-03T14:38:47.929556+00:00,"C — liste de découverte, pertinence non garantie"
B2,swivel bike rack,1005010253821040,"Porte-gobelet réglable pour moto et vélo, guidon, bouteille d'eau, support de vélo pour 32-77mm pour Harley Honda Suzuki Yamaha,Kawasaki KTM",5.99,EUR,4.7,"5,000+",https://www.aliexpress.com/item/1005010253821040.html,sourcing/B2-search-0.json,2026-09-03T14:38:47.929556+00:00,"C — liste de découverte, pertinence non garantie"
B2,swivel bike rack,1005007392299425,"Barre de poussée musculaire en forme de U, 1 paire, équipement de fitness T1, poignée en éponge, entraînement de poitrine, gymnastique à domicile, musculation",8.39,EUR,4.7,"5,000+",https://www.aliexpress.com/item/1005007392299425.html,sourcing/B2-search-0.json,2026-09-03T14:38:47.929556+00:00,"C — liste de découverte, pertinence non garantie"
B2,swivel bike rack,1005005323933643,"Joyroom – support de téléphone portable universel pour vélo, vue à 360 °, pour 4.7-7 pouces, anti-choc, Clip GPS",14.59,EUR,4.8,"5,000+",https://www.aliexpress.com/item/1005005323933643.html,sourcing/B2-search-0.json,2026-09-03T14:38:47.929556+00:00,"C — liste de découverte, pertinence non garantie"
B2,swivel bike rack,1005009827316901,"Boîte de rangement de routeur domestique, 2 pièces, décodeur d'artefact mural, Support de fixation mural, Support de Placement Wifi pour salon",3.19,EUR,4.6,"5,000+",https://www.aliexpress.com/item/1005009827316901.html,sourcing/B2-search-0.json,2026-09-03T14:38:47.929556+00:00,"C — liste de découverte, pertinence non garantie"
B2,swivel bike rack,1005009733635138,"Porte-éponge en acier inoxydable, 1 pièce, support pour évier, organisateur de rangement mural, garde l'épurateur d'éponge sec avec ventouse",0.98,EUR,4.6,"5,000+",https://www.aliexpress.com/item/1005009733635138.html,sourcing/B2-search-0.json,2026-09-03T14:38:47.929556+00:00,"C — liste de découverte, pertinence non garantie"
B2,swivel bike rack,1005008053900653,"Plaque de Support de Pied Latéral en Alliage d'Aluminium pour Scooter, Accessoire pour Moto et Vélo",2.89,EUR,4.5,"4,000+",https://www.aliexpress.com/item/1005008053900653.html,sourcing/B2-search-0.json,2026-09-03T14:38:47.929556+00:00,"C — liste de découverte, pertinence non garantie"
B2,swivel bike rack,1005010399923413,"Support de rangement pour colliers, maillons pour bracelets et boucles d'oreilles avec 8 crochets, présentoir mural Anti-emmêlement pour bijoux, 3/6/12/18 pièces",1.79,EUR,4.9,"4,000+",https://www.aliexpress.com/item/1005010399923413.html,sourcing/B2-search-0.json,2026-09-03T14:38:47.929556+00:00,"C — liste de découverte, pertinence non garantie"
B2,swivel bike rack,1005008597971053,"Crochets robustes en alliage d'aluminium, 2 pièces, solides et épais multifonctionnels pour moto, vélo électrique, Scooter et utilisation en extérieur",3.39,EUR,4.7,"4,000+",https://www.aliexpress.com/item/1005008597971053.html,sourcing/B2-search-0.json,2026-09-03T14:38:47.929556+00:00,"C — liste de découverte, pertinence non garantie"
B2,pivot bicycle rack,1005011639692593,"Remorque de vélo personnalisée, légère, pliable, pour vélo, vélo électrique, camping en plein air et voyages",22740.69,EUR,,,https://www.aliexpress.com/item/1005011639692593.html,sourcing/B2-search-1.json,2026-09-03T14:38:48.126655+00:00,"C — liste de découverte, pertinence non garantie"
B2,pivot bicycle rack,1005010796151482,Personnaliser une caravane de voyage tout-terrain de 12 pieds 4x suspendue indépendamment avec cadre de moto,25856.39,EUR,,,https://www.aliexpress.com/item/1005010796151482.html,sourcing/B2-search-1.json,2026-09-03T14:38:48.126655+00:00,"C — liste de découverte, pertinence non garantie"
B2,pivot bicycle rack,1005010811929107,Vélo à pédales à cadre en alliage d'aluminium 27 vitesses 4 roues vélo à pédales couché quad route,12100.39,EUR,,,https://www.aliexpress.com/item/1005010811929107.html,sourcing/B2-search-1.json,2026-09-03T14:38:48.126655+00:00,"C — liste de découverte, pertinence non garantie"
B2,pivot bicycle rack,1005008197694057,"Vélo électrique de luxe avec toit, taxi bon marché, tricycle cargo à 3 roues, 2024",5899.99,EUR,,6,https://www.aliexpress.com/item/1005008197694057.html,sourcing/B2-search-1.json,2026-09-03T14:38:48.126655+00:00,"C — liste de découverte, pertinence non garantie"
B2,pivot bicycle rack,1005012894051426,Four rotatif commercial robuste en acier inoxydable personnalisé avec panneau de commande numérique pour la cuisson du pain et des gâteaux,5351.69,EUR,,,https://www.aliexpress.com/item/1005012894051426.html,sourcing/B2-search-1.json,2026-09-03T14:38:48.126655+00:00,"C — liste de découverte, pertinence non garantie"
B2,pivot bicycle rack,1005011577655914,Support de stationnement robuste en acier pour moto avec protection de sécurité et roues anti-chute puissantes,5027.39,EUR,,,https://www.aliexpress.com/item/1005011577655914.html,sourcing/B2-search-1.json,2026-09-03T14:38:48.126655+00:00,"C — liste de découverte, pertinence non garantie"
B2,pivot bicycle rack,1005011983772871,"Système de nivellement pour camping-car, vérins hydrauliques en acier, pieds stabilisateurs pour camping-car de 3 à 20 tonnes, pour Fiat Ducato, caravane",4816.39,EUR,,,https://www.aliexpress.com/item/1005011983772871.html,sourcing/B2-search-1.json,2026-09-03T14:38:48.126655+00:00,"C — liste de découverte, pertinence non garantie"
B2,pivot bicycle rack,1005007667237231,"Remorque de Bateau à Moteur Haut de Gamme, Support de Remorque",3759.39,EUR,,,https://www.aliexpress.com/item/1005007667237231.html,sourcing/B2-search-1.json,2026-09-03T14:38:48.126655+00:00,"C — liste de découverte, pertinence non garantie"
B2,pivot bicycle rack,1005012644024391,"Tricycle électrique 750W, 24 pouces, 7 vitesses, pneus larges, batterie lithium 48V18AH, tricycle cargo robuste pour adultes, capacité 200 kg",1455.99,EUR,,,https://www.aliexpress.com/item/1005012644024391.html,sourcing/B2-search-1.json,2026-09-03T14:38:48.126655+00:00,"C — liste de découverte, pertinence non garantie"
B2,pivot bicycle rack,1005011847669544,"Équipement de musculation professionnel ROSEN Sport Fitness, machine à rames réglable avec poids, pour le renforcement des muscles du dos.",3408.69,EUR,,,https://www.aliexpress.com/item/1005011847669544.html,sourcing/B2-search-1.json,2026-09-03T14:38:48.126655+00:00,"C — liste de découverte, pertinence non garantie"
B2,pivot bicycle rack,1005012608312380,"Tricycle électrique à grande vitesse, tricycle motorisé à 3 roues, vélo à 3 roues, scooter électrique, tricycle électrique pour passagers",2763.69,EUR,,,https://www.aliexpress.com/item/1005012608312380.html,sourcing/B2-search-1.json,2026-09-03T14:38:48.126655+00:00,"C — liste de découverte, pertinence non garantie"
B2,pivot bicycle rack,1005010546820236,"Support de levage de moto amovible, fixation de réparation de garage en acier avec rampe de capacité et roulettes pivotantes",2713.38,EUR,,,https://www.aliexpress.com/item/1005010546820236.html,sourcing/B2-search-1.json,2026-09-03T14:38:48.126655+00:00,"C — liste de découverte, pertinence non garantie"
B2,pivot bicycle rack,1005012744447609,Vélo cargo électrique familial à longue portée 250W/500W/750W avec porte-bagages arrière et batterie lithium 48V double batterie,2374.69,EUR,,,https://www.aliexpress.com/item/1005012744447609.html,sourcing/B2-search-1.json,2026-09-03T14:38:48.126655+00:00,"C — liste de découverte, pertinence non garantie"
B2,pivot bicycle rack,1005010267416967,"Tricycle à moteur à essence 250cc, Tricycle à 9 roues, refroidissement par eau 250cc, Double roue personnalisée",2491.99,EUR,,,https://www.aliexpress.com/item/1005010267416967.html,sourcing/B2-search-1.json,2026-09-03T14:38:48.126655+00:00,"C — liste de découverte, pertinence non garantie"
B2,pivot bicycle rack,1005009305319773,Support de réparation support de réparation électronique à domicile support de réparation de montagne de route,2394.69,EUR,,,https://www.aliexpress.com/item/1005009305319773.html,sourcing/B2-search-1.json,2026-09-03T14:38:48.126655+00:00,"C — liste de découverte, pertinence non garantie"
B2,pivot bicycle rack,1005012441527063,"Chariot de golf pliable à 2 roues avec frein au pied et support parapluie, léger, pour hommes et femmes, idéal pour les matchs sur le parcours",2628.39,EUR,,,https://www.aliexpress.com/item/1005012441527063.html,sourcing/B2-search-1.json,2026-09-03T14:38:48.126655+00:00,"C — liste de découverte, pertinence non garantie"
B2,pivot bicycle rack,1005012179553869,"Porte-bagages de toit universel 2025y W465 avec échelle G500 G63 G450D, support de bagages, installation facile, pièces automobiles, accessoire de voiture",2166.69,EUR,,1,https://www.aliexpress.com/item/1005012179553869.html,sourcing/B2-search-1.json,2026-09-03T14:38:48.126655+00:00,"C — liste de découverte, pertinence non garantie"
B2,pivot bicycle rack,1005011961086521,"Support de roue de secours, support de roue en fibre de carbone 20 pouces/508 mm, porte-roue arrière, compatible avec Mercedes Benz Classe G W463A G500 G63",2133.39,EUR,,,https://www.aliexpress.com/item/1005011961086521.html,sourcing/B2-search-1.json,2026-09-03T14:38:48.126655+00:00,"C — liste de découverte, pertinence non garantie"
B2,pivot bicycle rack,1005011982713089,Vente en gros d'usine de nouveaux produits : vélos électriques de montagne et vélos d'exercice – Fournisseur,2036.99,EUR,,,https://www.aliexpress.com/item/1005011982713089.html,sourcing/B2-search-1.json,2026-09-03T14:38:48.126655+00:00,"C — liste de découverte, pertinence non garantie"
B2,pivot bicycle rack,1005008613180398,Tricycle de vélo électrique pliable à 3 roues pour adultes hors route avec panier de chargement vélo électrique à gros pneus de 20 pouces pour hommes pliant,1951.68,EUR,,,https://www.aliexpress.com/item/1005008613180398.html,sourcing/B2-search-1.json,2026-09-03T14:38:48.126655+00:00,"C — liste de découverte, pertinence non garantie"
B2,bike swivel,1005007468611482,"Bande coordonnante en PU pour guidon de vélo de route, éblles chocs, avec bouchons d'extrémité, pour raquette, outils de cyclisme, 2 pièces",6.09,EUR,4.8,"10,000+",https://www.aliexpress.com/item/1005007468611482.html,sourcing/B2-search-10.json,2026-09-03T16:05:19.004736+00:00,"C — liste de découverte, pertinence non garantie"
B2,bike swivel,1005006061276513,"Rétroviseur de vélo réglable à 360 degrés, 1/2 pièces, rétroviseurs universels pour guidon de vélo, pour VTT et vélo de route",2.32,EUR,4.4,"10,000+",https://www.aliexpress.com/item/1005006061276513.html,sourcing/B2-search-10.json,2026-09-03T16:05:19.004736+00:00,"C — liste de découverte, pertinence non garantie"
B2,bike swivel,1005012372072890,"Support de téléphone pour voiture, support de téléphone antidérapant en silicone pour tableau de bord, rotation libre à 360 degrés, support universel de navigation tête haute",3.39,EUR,4.4,"10,000+",https://www.aliexpress.com/item/1005012372072890.html,sourcing/B2-search-10.json,2026-09-03T16:05:19.004736+00:00,"C — liste de découverte, pertinence non garantie"
B2,bike swivel,1005006965958373,"Support de téléphone portable rotatif à 360 degrés pour vélo et moto, Support de sécurité en Silicone, Type de traction pour tous les supports de téléphone",2.48,EUR,4.6,"10,000+",https://www.aliexpress.com/item/1005006965958373.html,sourcing/B2-search-10.json,2026-09-03T16:05:19.004736+00:00,"C — liste de découverte, pertinence non garantie"
B2,bike swivel,1005006425127399,Joyroom Support pour téléphone de vélo 360 °   Ver support de téléphone de vélo universel pour support de téléphone portable de 4.7 à 7 pouces support antichoc Clip GPS,14.89,EUR,4.7,"5,000+",https://www.aliexpress.com/item/1005006425127399.html,sourcing/B2-search-10.json,2026-09-03T16:05:19.004736+00:00,"C — liste de découverte, pertinence non garantie"
B2,bike swivel,1005010776036798,"Support de guidon de vélo multifonctionnel, support de guidon de vélo tout-terrain, stabilisateur de guidon de vélo à clipser, accessoire de cyclisme",2.52,EUR,4.8,"5,000+",https://www.aliexpress.com/item/1005010776036798.html,sourcing/B2-search-10.json,2026-09-03T16:05:19.004736+00:00,"C — liste de découverte, pertinence non garantie"
B2,bike swivel,1005010298862051,"Mini pompe à vélo Portable, gonfleur d'air électrique Rechargeable 100PSI 5V, accessoires de vélo de Type C pour pneus de vélo Schrader Presta.",31.39,EUR,4.7,"5,000+",https://www.aliexpress.com/item/1005010298862051.html,sourcing/B2-search-10.json,2026-09-03T16:05:19.004736+00:00,"C — liste de découverte, pertinence non garantie"
B2,bike swivel,1005008362873907,"Support universel de téléphone portable pour vélo et moto, rotatif à 360 °, antichoc, clip GPS",4.49,EUR,4.3,"5,000+",https://www.aliexpress.com/item/1005008362873907.html,sourcing/B2-search-10.json,2026-09-03T16:05:19.004736+00:00,"C — liste de découverte, pertinence non garantie"
B2,bike swivel,1005012300804828,"Support de guidon de moto, support de téléphone universel pour vélo, support de téléphone VTT, détachable et universel 360° °   Rotatif",2.70,EUR,4.6,"5,000+",https://www.aliexpress.com/item/1005012300804828.html,sourcing/B2-search-10.json,2026-09-03T16:05:19.004736+00:00,"C — liste de découverte, pertinence non garantie"
B2,bike swivel,1005008226144228,Serrure de vélo serrure à chaîne en fil d'acier VTT moto Code antivol serrure à câble métallique en acier serrure à bagages serrure de casque,3.89,EUR,4.5,"5,000+",https://www.aliexpress.com/item/1005008226144228.html,sourcing/B2-search-10.json,2026-09-03T16:05:19.004736+00:00,"C — liste de découverte, pertinence non garantie"
B2,bike swivel,1005008352117358,"Support de téléphone portable anti-tremblement pour moto, support de téléphone portable pour vélo avec amortisseur de vibrations, dégagement rapide des rêves, poignées de téléphone",13.39,EUR,4.7,"5,000+",https://www.aliexpress.com/item/1005008352117358.html,sourcing/B2-search-10.json,2026-09-03T16:05:19.004736+00:00,"C — liste de découverte, pertinence non garantie"
B2,bike swivel,1005010253821040,"Porte-gobelet réglable pour moto et vélo, guidon, bouteille d'eau, support de vélo pour 32-77mm pour Harley Honda Suzuki Yamaha,Kawasaki KTM",5.99,EUR,4.7,"5,000+",https://www.aliexpress.com/item/1005010253821040.html,sourcing/B2-search-10.json,2026-09-03T16:05:19.004736+00:00,"C — liste de découverte, pertinence non garantie"
B2,bike swivel,1005005323933643,"Joyroom – support de téléphone portable universel pour vélo, vue à 360 °, pour 4.7-7 pouces, anti-choc, Clip GPS",14.59,EUR,4.8,"5,000+",https://www.aliexpress.com/item/1005005323933643.html,sourcing/B2-search-10.json,2026-09-03T16:05:19.004736+00:00,"C — liste de découverte, pertinence non garantie"
B2,bike swivel,1005008929963108,"Adaptateur de douille de joint universel d'entraînement de 1/2 pouces, 360 °   Douille d'impact à bille pivotante en acier pour l'amélioration de l'efficacité des clés électriques,",4.59,EUR,4.8,"5,000+",https://www.aliexpress.com/item/1005008929963108.html,sourcing/B2-search-10.json,2026-09-03T16:05:19.004736+00:00,"C — liste de découverte, pertinence non garantie"
B2,bike swivel,1005005659879996,"Rétroviseur d'angle mort de voiture grand angle, résistant à 360, réglable, petit rétroviseur rond, barrage de voiture, rétroviseur auxiliaire convexe",1.83,EUR,4.6,"5,000+",https://www.aliexpress.com/item/1005005659879996.html,sourcing/B2-search-10.json,2026-09-03T16:05:19.004736+00:00,"C — liste de découverte, pertinence non garantie"
B2,bike swivel,1005004962837671,"WEST BIKING-Mini pompe à air manuelle en alliage d'aluminium pour vélo, gonfleur d'opathie, assujetSchrader Presta, vélo de route VTT, 100Psi",5.79,EUR,4.8,"5,000+",https://www.aliexpress.com/item/1005004962837671.html,sourcing/B2-search-10.json,2026-09-03T16:05:19.004736+00:00,"C — liste de découverte, pertinence non garantie"
B2,bike swivel,1005004858796013,"Support de téléphone pour vélo, rotation à 360°, support de téléphone pour vélo pour appareils de 4,7 à 7,0 pouces, support de téléphone portable pour guidon de moto",6.89,EUR,4.8,"4,000+",https://www.aliexpress.com/item/1005004858796013.html,sourcing/B2-search-10.json,2026-09-03T16:05:19.004736+00:00,"C — liste de découverte, pertinence non garantie"
B2,bike swivel,1005010485060674,"Sac triangulaire de vélo, sacs de rangement de selle de cadre de Tube avant de vélo, pochette de cyclisme vtt, sac polyvalent Durable, accessoires de vélo",4.89,EUR,4.8,"4,000+",https://www.aliexpress.com/item/1005010485060674.html,sourcing/B2-search-10.json,2026-09-03T16:05:19.004736+00:00,"C — liste de découverte, pertinence non garantie"
B2,bike swivel,1005006317581620,"Support de téléphone pour rétroviseur de voiture, rotatif à 360 ° et rétractable, support de téléphone multifonctionnel pour toutes les voitures",4.99,EUR,4.6,"5,000+",https://www.aliexpress.com/item/1005006317581620.html,sourcing/B2-search-10.json,2026-09-03T16:05:19.004736+00:00,"C — liste de découverte, pertinence non garantie"
B2,bike swivel,1005010183147134,"Porte-gobelet universel pour moto 360 °   Porte-bouteille d'eau pour moto, guidon réglable, pour cyclisme, moto ADV",4.99,EUR,4.4,"4,000+",https://www.aliexpress.com/item/1005010183147134.html,sourcing/B2-search-10.json,2026-09-03T16:05:19.004736+00:00,"C — liste de découverte, pertinence non garantie"
B2,steadyrack,1005010035675325,"Équipement de force de support multifonction de haute qualité, entraîneur intégré standard",3176.39,EUR,,,https://www.aliexpress.com/item/1005010035675325.html,sourcing/B2-search-2.json,2026-09-03T14:43:50.322505+00:00,"C — liste de découverte, pertinence non garantie"
B2,steadyrack,1005011975459459,"Porte-bagages de toit pour SUV, porte-bagages antidérapant en aluminium, porte-bagages de toit en acier au carbone, support de bagages pour SUV après 2019",2199.99,EUR,,,https://www.aliexpress.com/item/1005011975459459.html,sourcing/B2-search-2.json,2026-09-03T14:43:50.322505+00:00,"C — liste de découverte, pertinence non garantie"
B2,steadyrack,1005011974681831,"Étagère de stockage pour moules, étagère robuste en acier à 3 niveaux, rayonnage d'entrepôt sans boulons, rayonnage empilable pour stockage industriel",1742.39,EUR,,,https://www.aliexpress.com/item/1005011974681831.html,sourcing/B2-search-2.json,2026-09-03T14:43:50.322505+00:00,"C — liste de découverte, pertinence non garantie"
B2,steadyrack,1005012141746311,"Meuble de rangement pour chaussures en bois pour enfants, étagère de présentation, armoire à chaussures mince de style farmhouse pour couloir d'hôtel, bureau, chambre, Rangement Chaussures",1213.29,EUR,,,https://www.aliexpress.com/item/1005012141746311.html,sourcing/B2-search-2.json,2026-09-03T14:43:50.322505+00:00,"C — liste de découverte, pertinence non garantie"
B2,steadyrack,1005011540728483,"Système de barres de toit en aluminium sur mesure/OEM, plateformes de barres de toit, barres de toit de voiture, bagages, camionnette, 4x4 pour voiture 4x4",966.39,EUR,,,https://www.aliexpress.com/item/1005011540728483.html,sourcing/B2-search-2.json,2026-09-03T14:43:50.322505+00:00,"C — liste de découverte, pertinence non garantie"
B2,steadyrack,1005010549530371,"Support anidé pour chariot à roulettes, équipement de chargement et de stockage",915.94,EUR,,,https://www.aliexpress.com/item/1005010549530371.html,sourcing/B2-search-2.json,2026-09-03T14:43:50.322505+00:00,"C — liste de découverte, pertinence non garantie"
B2,steadyrack,1005010413559517,Vintage noir étagère à chaussures bois luxe étroit Vertical étagère à chaussures gain de place Meuble Chausssure Rangement Meuble d'entrée Hall,888.38,EUR,,,https://www.aliexpress.com/item/1005010413559517.html,sourcing/B2-search-2.json,2026-09-03T14:43:50.322505+00:00,"C — liste de découverte, pertinence non garantie"
B2,steadyrack,1005012783608892,"Plateforme de toit robuste en acier Q235A de haute qualité pour Cybertruck, idéale pour le 4x4 tout-terrain",570.39,EUR,,5,https://www.aliexpress.com/item/1005012783608892.html,sourcing/B2-search-2.json,2026-09-03T14:43:50.322505+00:00,"C — liste de découverte, pertinence non garantie"
B2,steadyrack,1005012378559418,"Barres de toit HASUR pour Cybertruck 2024-2025, en acier robuste, capacité de 500 kg, installation boulonnée pour utilisation hors route",523.39,EUR,,4,https://www.aliexpress.com/item/1005012378559418.html,sourcing/B2-search-2.json,2026-09-03T14:43:50.322505+00:00,"C — liste de découverte, pertinence non garantie"
B2,steadyrack,1005012298576878,"Support audio Hi-Fi en bois massif, support trépied antichoc pour amplificateur de puissance et meuble d'équipement d'enceintes",431.69,EUR,5.0,6,https://www.aliexpress.com/item/1005012298576878.html,sourcing/B2-search-2.json,2026-09-03T14:43:50.322505+00:00,"C — liste de découverte, pertinence non garantie"
B2,steadyrack,1005010232198567,Étagère à chaussures organisateur étagère à chaussures armoires pour salon étagère à chaussures armoire à chaussures Ultra-mince stockage lockersystem meubles,380.92,EUR,,,https://www.aliexpress.com/item/1005010232198567.html,sourcing/B2-search-2.json,2026-09-03T14:43:50.322505+00:00,"C — liste de découverte, pertinence non garantie"
B2,steadyrack,1005011832364884,Support de bagages Holdfast Sissy Bar avec matériel de fixation pour Harley Softail 2018 et plus Fat Boy FLFB FLFBS Breakout FXBR RXBRS,241.69,EUR,5.0,8,https://www.aliexpress.com/item/1005011832364884.html,sourcing/B2-search-2.json,2026-09-03T14:43:50.322505+00:00,"C — liste de découverte, pertinence non garantie"
B2,steadyrack,1005011652855006,"Support à bois de chauffage extérieur 185 x 70 x 185 cm, capacité de stockage de 2,4 m³/3,5 SRM, abri en bois pour bois de chauffage extérieur avec housse de protection",234.39,EUR,,,https://www.aliexpress.com/item/1005011652855006.html,sourcing/B2-search-2.json,2026-09-03T14:43:50.322505+00:00,"C — liste de découverte, pertinence non garantie"
B2,steadyrack,1005012221747220,Système de barres de toit premium pour Ford Bronco 2021-2025 - Échelle latérale + Sac de rangement + Plateforme de toit,194.69,EUR,5.0,8,https://www.aliexpress.com/item/1005012221747220.html,sourcing/B2-search-2.json,2026-09-03T14:43:50.322505+00:00,"C — liste de découverte, pertinence non garantie"
B2,steadyrack,1005008315172162,"Porte-bagages de dossier arrière de passager, barre Sissy pour Harley Davidson 2014 –2025 Road King Street Glide Ultra Electra Limited CVO",202.99,EUR,5.0,7,https://www.aliexpress.com/item/1005008315172162.html,sourcing/B2-search-2.json,2026-09-03T14:43:50.322505+00:00,"C — liste de découverte, pertinence non garantie"
B2,steadyrack,1005012065007865,"Organiseur de chaussures, banc robuste, étagère à chaussures au design nordique, multifonction, minimaliste, rangement pour chaussures, accessoires de meubles pour salles de rangement",216.52,EUR,,,https://www.aliexpress.com/item/1005012065007865.html,sourcing/B2-search-2.json,2026-09-03T14:43:50.322505+00:00,"C — liste de découverte, pertinence non garantie"
B2,steadyrack,1005005684678061,"Mir de rangement en métal conviviale ré pour super vélo électrique, panier de siège arrière, panier de queue, accessoires RX, super 73",184.69,EUR,,,https://www.aliexpress.com/item/1005005684678061.html,sourcing/B2-search-2.json,2026-09-03T14:43:50.322505+00:00,"C — liste de découverte, pertinence non garantie"
B2,steadyrack,1005011652498414,Porte-bagages arrière pour Suzuki DR650S DR650SE DR650S/SE 1996-2025,134.39,EUR,5.0,5,https://www.aliexpress.com/item/1005011652498414.html,sourcing/B2-search-2.json,2026-09-03T14:43:50.322505+00:00,"C — liste de découverte, pertinence non garantie"
B2,steadyrack,1005008367639628,"FitQJMotor-Étagère arrière pour bagages T1, support rapide, dossier pour QJMotor SRK800RR, SRK800 RR, SRK 800 RR, SRK800RR, SRK800 RR, SRK 800 RR, nouveau",149.39,EUR,5.0,5,https://www.aliexpress.com/item/1005008367639628.html,sourcing/B2-search-2.json,2026-09-03T14:43:50.322505+00:00,"C — liste de découverte, pertinence non garantie"
B2,bicycle wall hanger,1005010534264019,Plateau tournant de table d'affichage rotatif robuste de meubles de présentoir de cintre,22464.59,EUR,,,https://www.aliexpress.com/item/1005010534264019.html,sourcing/B2-search-3.json,2026-09-03T14:43:59.719162+00:00,"C — liste de découverte, pertinence non garantie"
B2,bicycle wall hanger,1005009306125704,Bras de levage à crochet direct d'usine avec support de montage renforcé,8481.69,EUR,,,https://www.aliexpress.com/item/1005009306125704.html,sourcing/B2-search-3.json,2026-09-03T14:43:59.719162+00:00,"C — liste de découverte, pertinence non garantie"
B2,bicycle wall hanger,1005011577655914,Support de stationnement robuste en acier pour moto avec protection de sécurité et roues anti-chute puissantes,5027.39,EUR,,,https://www.aliexpress.com/item/1005011577655914.html,sourcing/B2-search-3.json,2026-09-03T14:43:59.719162+00:00,"C — liste de découverte, pertinence non garantie"
B2,bicycle wall hanger,1005010741153202,"Mur d'escalade gonflable, parcours d'obstacles en montagne 7x4x5,5 mètres (23x13x18 pieds) en bâche PVC durable",1948.69,EUR,,,https://www.aliexpress.com/item/1005010741153202.html,sourcing/B2-search-3.json,2026-09-03T14:43:59.719162+00:00,"C — liste de découverte, pertinence non garantie"
B2,bicycle wall hanger,1005011982713089,Vente en gros d'usine de nouveaux produits : vélos électriques de montagne et vélos d'exercice – Fournisseur,2036.99,EUR,,,https://www.aliexpress.com/item/1005011982713089.html,sourcing/B2-search-3.json,2026-09-03T14:43:59.719162+00:00,"C — liste de découverte, pertinence non garantie"
B2,bicycle wall hanger,1005009607860544,Équipement d'entraînement de rééducation de liaison de membres membres supérieurs et inférieurs rééducation puissance vélo vélo personnes âgées horizontales,1637.39,EUR,,,https://www.aliexpress.com/item/1005009607860544.html,sourcing/B2-search-3.json,2026-09-03T14:43:59.719162+00:00,"C — liste de découverte, pertinence non garantie"
B2,bicycle wall hanger,1005008026366385,"Tricycle électrique pliable pour femme Fatbike, vélo électrique à 3 roues avec panier de chargement, batterie amovible",1532.69,EUR,5.0,3,https://www.aliexpress.com/item/1005008026366385.html,sourcing/B2-search-3.json,2026-09-03T14:43:59.719162+00:00,"C — liste de découverte, pertinence non garantie"
B2,bicycle wall hanger,1005012740808854,"Écran publicitaire mural vertical pour centre commercial, magasin, ascenseur – Lecteur intelligent HD LCD",1359.39,EUR,,,https://www.aliexpress.com/item/1005012740808854.html,sourcing/B2-search-3.json,2026-09-03T14:43:59.719162+00:00,"C — liste de découverte, pertinence non garantie"
B2,bicycle wall hanger,1005009974336588,"Armoires De rangement en bois, cintre De chambre à coucher, chemises, vêtements, appartement superposé, Ropero Armable De Ropa, accessoires De maison",1632.70,EUR,,,https://www.aliexpress.com/item/1005009974336588.html,sourcing/B2-search-3.json,2026-09-03T14:43:59.719162+00:00,"C — liste de découverte, pertinence non garantie"
B2,bicycle wall hanger,1005008615859985,"Vélo électrique familial pliable pour adultes, avec panier arrière, Double freins, Tricycles électriques puissants 400W, vélo Cargo électrique à 3 roues",1302.99,EUR,5.0,5,https://www.aliexpress.com/item/1005008615859985.html,sourcing/B2-search-3.json,2026-09-03T14:43:59.719162+00:00,"C — liste de découverte, pertinence non garantie"
B2,bicycle wall hanger,1005012470856621,"Portemanteaux Métalliques pour Armoire, Organisateur Moderne pour Rangement de Garde-Robe, Armoire à Portes Coulissantes, Style Minimaliste, Meuble de Rangement",1351.45,EUR,,,https://www.aliexpress.com/item/1005012470856621.html,sourcing/B2-search-3.json,2026-09-03T14:43:59.719162+00:00,"C — liste de découverte, pertinence non garantie"
B2,bicycle wall hanger,1005010542483073,W1702A système multi-pulleies simple mural entraîneur fonctionnel câble d'entraînement de force croisé,1063.69,EUR,,,https://www.aliexpress.com/item/1005010542483073.html,sourcing/B2-search-3.json,2026-09-03T14:43:59.719162+00:00,"C — liste de découverte, pertinence non garantie"
B2,bicycle wall hanger,1005009567542902,"Escalier pliant mural, Escalier de loft en bois massif, Échelle domestique, Escalier télescopique invisible mural pour loft",1057.39,EUR,5.0,7,https://www.aliexpress.com/item/1005009567542902.html,sourcing/B2-search-3.json,2026-09-03T14:43:59.719162+00:00,"C — liste de découverte, pertinence non garantie"
B2,bicycle wall hanger,1005010096224826,"Porte-vêtements sur pied, gain de place, étagères de rangement en bois détachables, présentoir pour vêtements, accessoires pour la maison",1069.90,EUR,,,https://www.aliexpress.com/item/1005010096224826.html,sourcing/B2-search-3.json,2026-09-03T14:43:59.719162+00:00,"C — liste de découverte, pertinence non garantie"
B2,bicycle wall hanger,1005012729044099,"Support de transport pliable robuste pour vélos et motos, à fixer sur le hayon, pour voitures et SUV",786.39,EUR,,,https://www.aliexpress.com/item/1005012729044099.html,sourcing/B2-search-3.json,2026-09-03T14:43:59.719162+00:00,"C — liste de découverte, pertinence non garantie"
B2,bicycle wall hanger,1005009306787606,Machine d'entraînement de levage latéral de bras hydraulique de force de deltoïde de côté d'épaule de gymnase fixée au mur sur le support de Squat,797.39,EUR,,,https://www.aliexpress.com/item/1005009306787606.html,sourcing/B2-search-3.json,2026-09-03T14:43:59.719162+00:00,"C — liste de découverte, pertinence non garantie"
B2,bicycle wall hanger,1005011983113543,"Étagère murale, étagères flottantes en métal aluminium, 1850x320x200mm, épaisseur 2,0mm, rangement suspendu pour la décoration du salon",781.69,EUR,,,https://www.aliexpress.com/item/1005011983113543.html,sourcing/B2-search-3.json,2026-09-03T14:43:59.719162+00:00,"C — liste de découverte, pertinence non garantie"
B2,bicycle wall hanger,1005009504221568,"Cadres de vélo de route et de gravel en fibre de carbone VeloBuild, boîtier de pédalier T47, nouveau support arrière UDH",680.69,EUR,5.0,11,https://www.aliexpress.com/item/1005009504221568.html,sourcing/B2-search-3.json,2026-09-03T14:43:59.719162+00:00,"C — liste de découverte, pertinence non garantie"
B2,bicycle wall hanger,1005012073999485,"Meuble TV mural brillant design, commode TV moderne pour salon, meubles haut de gamme pour téléviseur",767.86,EUR,,,https://www.aliexpress.com/item/1005012073999485.html,sourcing/B2-search-3.json,2026-09-03T14:43:59.719162+00:00,"C — liste de découverte, pertinence non garantie"
B2,bicycle wall hanger,1005012294977803,"Cadre de vélo de gravier en carbone Spcycle G028 700x57C avec patte de dérailleur UDH et câblage entièrement intégré, ensemble cadre de vélo de gravier avec guidon HB-068",646.99,EUR,5.0,22,https://www.aliexpress.com/item/1005012294977803.html,sourcing/B2-search-3.json,2026-09-03T14:43:59.719162+00:00,"C — liste de découverte, pertinence non garantie"
B2,bicycle storage wall,1005008059797629,"Étagère murale de rangement pour la maison, support de douche pour salle de bain, crochet sans trace, organisateur de balais, support de balai étanche",1.99,EUR,4.5,"10,000+",https://www.aliexpress.com/item/1005008059797629.html,sourcing/B2-search-4.json,2026-09-03T14:45:44.241080+00:00,"C — liste de découverte, pertinence non garantie"
B2,bicycle storage wall,1005006809559358,"Routeur sans fil pour ordinateur et écran TV, décodeur T1, pas de stockage perforé, outil divin, 1 pièce",3.19,EUR,4.6,"10,000+",https://www.aliexpress.com/item/1005006809559358.html,sourcing/B2-search-4.json,2026-09-03T14:45:44.241080+00:00,"C — liste de découverte, pertinence non garantie"
B2,bicycle storage wall,1005008119002572,"Support de rangement pour sèche-cheveux, support mural de salle de bains Non perforé, stockage de conduit d'air de salle de bains 1 pièce",3.49,EUR,4.4,"10,000+",https://www.aliexpress.com/item/1005008119002572.html,sourcing/B2-search-4.json,2026-09-03T14:45:44.241080+00:00,"C — liste de découverte, pertinence non garantie"
B2,bicycle storage wall,1005010184187117,"Porte-sac poubelle mural, 2/6 pièces, boîte de rangement de sacs poubelles, organisateur de sacs en plastique, conteneur de Film distributeur pour étagère de cuisine",2.59,EUR,4.8,"10,000+",https://www.aliexpress.com/item/1005010184187117.html,sourcing/B2-search-4.json,2026-09-03T14:45:44.241080+00:00,"C — liste de découverte, pertinence non garantie"
B2,bicycle storage wall,1005012252787980,"Ensemble de boîtes de rangement pour outils, 1/7 pièces, organisateur d'outils multi-compartiments, boîte de tri pour vis, clés, accessoires de quincaillerie et jouets",4.79,EUR,4.5,"10,000+",https://www.aliexpress.com/item/1005012252787980.html,sourcing/B2-search-4.json,2026-09-03T14:45:44.241080+00:00,"C — liste de découverte, pertinence non garantie"
B2,bicycle storage wall,1005010621757600,"Étagère de rangement de cuisine à 5 couches, chariot mobile, support de rangement multicouche sur pied, pour bibliothèque, collations, fruits et légumes",18.99,EUR,4.0,"10,000+",https://www.aliexpress.com/item/1005010621757600.html,sourcing/B2-search-4.json,2026-09-03T14:45:44.241080+00:00,"C — liste de découverte, pertinence non garantie"
B2,bicycle storage wall,1005007486256293,"HOShelf-Rangement de toilette mural en aluminium T1, sans perceuse, bouteille de shampoing, coin de douche, accessoires de cuisine",1.54,EUR,4.4,"5,000+",https://www.aliexpress.com/item/1005007486256293.html,sourcing/B2-search-4.json,2026-09-03T14:45:44.241080+00:00,"C — liste de découverte, pertinence non garantie"
B2,bicycle storage wall,1005008274539984,"Support mural en acier inoxydable pour rasoir de salle de bain, crochet de rangement sans perçage pour rasoirs et accessoires de rasage pour hommes",0.89,EUR,4.7,"5,000+",https://www.aliexpress.com/item/1005008274539984.html,sourcing/B2-search-4.json,2026-09-03T14:45:44.241080+00:00,"C — liste de découverte, pertinence non garantie"
B2,bicycle storage wall,1005009720333965,BKPTX sangle de transport de vélo sangles à main bagages cravate sangles d'organisation sangles portables d'économie d'effort sangle d'attache équipement de vélo,2.54,EUR,4.6,"5,000+",https://www.aliexpress.com/item/1005009720333965.html,sourcing/B2-search-4.json,2026-09-03T14:45:44.241080+00:00,"C — liste de découverte, pertinence non garantie"
B2,bicycle storage wall,1005008833344507,"Cintre rotatif à 12 crochets – Organisateur de placard peu encombrant pour cravates, ceintures, sous-vêtements, jupes |   Rangement portable pour la maison et le dortoir",1.91,EUR,4.3,"5,000+",https://www.aliexpress.com/item/1005008833344507.html,sourcing/B2-search-4.json,2026-09-03T14:45:44.241080+00:00,"C — liste de découverte, pertinence non garantie"
B2,bicycle storage wall,1005007535568235,"Support mural pour téléphone portable, blanc, sans poinçon, support de chargement pour téléphone portable, boîte de rangement pour télécommande paresseuse et collante",1.73,EUR,4.2,"5,000+",https://www.aliexpress.com/item/1005007535568235.html,sourcing/B2-search-4.json,2026-09-03T14:45:44.241080+00:00,"C — liste de découverte, pertinence non garantie"
B2,bicycle storage wall,1005006145964081,"Porte-rasoir en acier inoxydable pour salle de bain, crochet de rangement mural pour hommes, étagère pour rasoir, sans poinçon, accessoires de salle de bains",0.87,EUR,4.8,"5,000+",https://www.aliexpress.com/item/1005006145964081.html,sourcing/B2-search-4.json,2026-09-03T14:45:44.241080+00:00,"C — liste de découverte, pertinence non garantie"
B2,bicycle storage wall,1005006749070634,"Porte-serviettes en fil métallique d'acier sur armoire, organisateur de rangement, porte de salle de bain, porte-serviettes suspendu, cintre de chiffon sans poinçon",3.29,EUR,4.6,"5,000+",https://www.aliexpress.com/item/1005006749070634.html,sourcing/B2-search-4.json,2026-09-03T14:45:44.241080+00:00,"C — liste de découverte, pertinence non garantie"
B2,bicycle storage wall,1005007929639066,"Support de casque multifonctionnel, support de rangement suspendu sur le côté du Table pour Sony/Airpods Max, sac de casque de jeu, support métallique universel",2.28,EUR,4.8,"5,000+",https://www.aliexpress.com/item/1005007929639066.html,sourcing/B2-search-4.json,2026-09-03T14:45:44.241080+00:00,"C — liste de découverte, pertinence non garantie"
B2,bicycle storage wall,1005007067588826,Support mural universel sans perçage pour caméra de vidéosurveillance – Support de rangement durable et peu encombrant,2.56,EUR,4.7,"5,000+",https://www.aliexpress.com/item/1005007067588826.html,sourcing/B2-search-4.json,2026-09-03T14:45:44.241080+00:00,"C — liste de découverte, pertinence non garantie"
B2,bicycle storage wall,1005011848504195,"Organisateur multifonctionnel pour coffre de voiture, support de rangement pour bagages, support anti-choc, support de stockage pour outils.",5.29,EUR,4.7,"5,000+",https://www.aliexpress.com/item/1005011848504195.html,sourcing/B2-search-4.json,2026-09-03T14:45:44.241080+00:00,"C — liste de découverte, pertinence non garantie"
B2,bicycle storage wall,1005010776036798,"Support de guidon de vélo multifonctionnel, support de guidon de vélo tout-terrain, stabilisateur de guidon de vélo à clipser, accessoire de cyclisme",2.52,EUR,4.8,"5,000+",https://www.aliexpress.com/item/1005010776036798.html,sourcing/B2-search-4.json,2026-09-03T14:45:44.241080+00:00,"C — liste de découverte, pertinence non garantie"
B2,bicycle storage wall,1005008832372124,"Support de banane en bois suspendu, support de cuisine, feuille simulée, support de rangement Vertical de fruits décoratifs avec crochet, décoration de cuisine",8.69,EUR,4.6,"5,000+",https://www.aliexpress.com/item/1005008832372124.html,sourcing/B2-search-4.json,2026-09-03T14:45:44.241080+00:00,"C — liste de découverte, pertinence non garantie"
B2,bicycle storage wall,1005007368030364,"Porte-serviettes sur porte en acier inoxydable, organisateur de rangement, salle de bains, armoire de cuisine, porte-serviettes suspendue",3.49,EUR,4.7,"5,000+",https://www.aliexpress.com/item/1005007368030364.html,sourcing/B2-search-4.json,2026-09-03T14:45:44.241080+00:00,"C — liste de découverte, pertinence non garantie"
B2,bicycle storage wall,1005006941079004,WEST BIKING porte-bouteille d'eau de vélo dégradé coloré porte-bouteille de cyclisme ultraléger vtt vélo de route support de bouteille d'eau,2.99,EUR,4.8,"5,000+",https://www.aliexpress.com/item/1005006941079004.html,sourcing/B2-search-4.json,2026-09-03T14:45:44.241080+00:00,"C — liste de découverte, pertinence non garantie"
B3,magnetic window mesh,1005007843239932,"Moustiquaire de fenêtre anti-moustiques, filet anti-insectes facile à appliquer, bande de réparation imperméable pour moustiquaire, patch en maille auto-adhésif",1.84,EUR,4.6,"10,000+",https://www.aliexpress.com/item/1005007843239932.html,sourcing/B3-search-0.json,2026-09-03T14:38:56.431519+00:00,"C — liste de découverte, pertinence non garantie"
B3,magnetic window mesh,1005007539345167,"Moustiquaire d'intérieur en maille auto-adhésive, pour fenêtre de lit, Textile de maison, anti-insectes et moustiquaire, rideaux de jardin, DIY",2.06,EUR,4.6,"10,000+",https://www.aliexpress.com/item/1005007539345167.html,sourcing/B3-search-0.json,2026-09-03T14:38:56.431519+00:00,"C — liste de découverte, pertinence non garantie"
B3,magnetic window mesh,1005006738087409,1ps de ruban de réparation d'écran de fenêtre étanche facile à appliquer – Gardez les moustiques sort avec notre patch en maille anti-insectes et auto-adhésif,1.81,EUR,4.6,"10,000+",https://www.aliexpress.com/item/1005006738087409.html,sourcing/B3-search-0.json,2026-09-03T14:38:56.431519+00:00,"C — liste de découverte, pertinence non garantie"
B3,magnetic window mesh,1005006113482389,"Panier à linge pop-up en maille, panier à linge, panier de rangement pliable pour vêtements sales, panier de rangement de grande capacité",3.79,EUR,4.6,"10,000+",https://www.aliexpress.com/item/1005006113482389.html,sourcing/B3-search-0.json,2026-09-03T14:38:56.431519+00:00,"C — liste de découverte, pertinence non garantie"
B3,magnetic window mesh,1005009367196618,"Aimants ronds solides 6x2mm, 100 pièces, pour réfrigérateur, bricolage, construction, scientifique, artisanat, éducation",3.99,EUR,4.9,"10,000+",https://www.aliexpress.com/item/1005009367196618.html,sourcing/B3-search-0.json,2026-09-03T14:38:56.431519+00:00,"C — liste de découverte, pertinence non garantie"
B3,magnetic window mesh,1005007124715854,SEAMETAL pare-soleil de voiture rideau de fenêtre latérale avant fenêtre arrière pare-soleil été UV blocage ventouse rideaux de Protection solaire de voiture,3.19,EUR,4.4,"10,000+",https://www.aliexpress.com/item/1005007124715854.html,sourcing/B3-search-0.json,2026-09-03T14:38:56.431519+00:00,"C — liste de découverte, pertinence non garantie"
B3,magnetic window mesh,1005007331855478,"Maille de Fenêtre de Grande Taille DIY, Résistante aux Animaux et aux Moustiques/Insectes, Convient pour Balcons, Jardins et Plus",1.52,EUR,4.7,"10,000+",https://www.aliexpress.com/item/1005007331855478.html,sourcing/B3-search-0.json,2026-09-03T14:38:56.431519+00:00,"C — liste de découverte, pertinence non garantie"
B3,magnetic window mesh,1005007474514099,"Rideau anti-moustiques pour fenêtre, moustiquaire, fermeture automatique de porte, rideaux de Ventilation domestique, filet magnétique",5.89,EUR,4.4,"10,000+",https://www.aliexpress.com/item/1005007474514099.html,sourcing/B3-search-0.json,2026-09-03T14:38:56.431519+00:00,"C — liste de découverte, pertinence non garantie"
B3,magnetic window mesh,1005007469156424,5/10/20 pièces fenêtre écran réparation autocollant fenêtre filet anti-moustique maille porte moustiquaire Patch réparation trou cassé écran Net,1.46,EUR,4.5,"5,000+",https://www.aliexpress.com/item/1005007469156424.html,sourcing/B3-search-0.json,2026-09-03T14:38:56.431519+00:00,"C — liste de découverte, pertinence non garantie"
B3,magnetic window mesh,1005008599773261,Réfrigérateur magnétique effaçable à sec calendrier planificateur mensuel tableau blanc enregistrement tableau d'affichage bloc-notes aimants de réfrigérateur décor de cuisine,3.69,EUR,4.3,"5,000+",https://www.aliexpress.com/item/1005008599773261.html,sourcing/B3-search-0.json,2026-09-03T14:38:56.431519+00:00,"C — liste de découverte, pertinence non garantie"
B3,magnetic window mesh,1005012059582077,"Brosse multifonctionnelle anti-moustiques, brosse à vitres, brosse à poussière double usage sec et humide, outil de nettoyage domestique pour fenêtres",7.49,EUR,4.4,"5,000+",https://www.aliexpress.com/item/1005012059582077.html,sourcing/B3-search-0.json,2026-09-03T14:38:56.431519+00:00,"C — liste de découverte, pertinence non garantie"
B3,magnetic window mesh,1005007561092101,"Moustiquaire de fenêtre noire auto-adhésive, écrans de fenêtre anti-moustiques, maille anti-insectes, Tulle d'air, moustiques et mouches invisibles",3.89,EUR,4.8,"5,000+",https://www.aliexpress.com/item/1005007561092101.html,sourcing/B3-search-0.json,2026-09-03T14:38:56.431519+00:00,"C — liste de découverte, pertinence non garantie"
B3,magnetic window mesh,1005009993791557,"Aimant super puissant en néodyme avec adhésif double face, aimant rond NdfeB N35, aimant permanent puissant, aimants pour réfrigérateur",2.59,EUR,4.5,"5,000+",https://www.aliexpress.com/item/1005009993791557.html,sourcing/B3-search-0.json,2026-09-03T14:38:56.431519+00:00,"C — liste de découverte, pertinence non garantie"
B3,magnetic window mesh,1005006253683512,"Pare-soleil arrière pour véhicule, visière de Protection pour fenêtre arrière de voiture, maille, isolation thermique, Protection UV",3.09,EUR,4.5,"5,000+",https://www.aliexpress.com/item/1005006253683512.html,sourcing/B3-search-0.json,2026-09-03T14:38:56.431519+00:00,"C — liste de découverte, pertinence non garantie"
B3,magnetic window mesh,1005009705771159,"Rideau anti-moustiques de fenêtre, écran de fenêtre en gaze, serrure de porte automatique, rideau de Ventilation domestique, couverture en maille magnétique",6.19,EUR,4.4,"5,000+",https://www.aliexpress.com/item/1005009705771159.html,sourcing/B3-search-0.json,2026-09-03T14:38:56.431519+00:00,"C — liste de découverte, pertinence non garantie"
B3,magnetic window mesh,1005008563710564,SEAMETAL pare-soleil électrostatique pour fenêtre latérale de voiture rideaux pare-soleil 4 couches Anti-éblouissement bloqueur UV couverture de Protection solaire automatique,3.59,EUR,4.5,"5,000+",https://www.aliexpress.com/item/1005008563710564.html,sourcing/B3-search-0.json,2026-09-03T14:38:56.431519+00:00,"C — liste de découverte, pertinence non garantie"
B3,magnetic window mesh,1005009771019951,"Ruban adhésif de réparation de moustiquaire étanche et solide pour fenêtre, couvrir trous, déchirures, anti-insectes, moustiquaire porte, patch résistant, durable, facile à appliquer, haute qualité, maille auto-adhésiv",2.53,EUR,4.6,"5,000+",https://www.aliexpress.com/item/1005009771019951.html,sourcing/B3-search-0.json,2026-09-03T14:38:56.431519+00:00,"C — liste de découverte, pertinence non garantie"
B3,magnetic window mesh,1005008148359428,"Loquet magnétique pour armoire, porte Ultra fine, aimants puissants, bouchon adhésif Invisible, serrure magnétique pour tiroir, pour ferme- placard de cuisine",2.00,EUR,4.7,"5,000+",https://www.aliexpress.com/item/1005008148359428.html,sourcing/B3-search-0.json,2026-09-03T14:38:56.431519+00:00,"C — liste de découverte, pertinence non garantie"
B3,magnetic window mesh,1005009812162168,"Protections magnétiques pour rideaux, pare-soleil pour fenêtres latérales, protection UV, adaptées à la plupart des modèles, universelles en toutes saisons",4.69,EUR,4.3,"5,000+",https://www.aliexpress.com/item/1005009812162168.html,sourcing/B3-search-0.json,2026-09-03T14:38:56.431519+00:00,"C — liste de découverte, pertinence non garantie"
B3,magnetic window mesh,1005005632048914,"Pare-soleil de vitre latérale arrière de voiture, protection UV, bouclier en maille, prévention des moustiques, phare, protection de la vie privée, rideau pliable, 2 pièces",3.29,EUR,4.4,"5,000+",https://www.aliexpress.com/item/1005005632048914.html,sourcing/B3-search-0.json,2026-09-03T14:38:56.431519+00:00,"C — liste de découverte, pertinence non garantie"
B3,magnetic window frame,1005011968525473,Tente de réception permanente en verre transparent avec structure en alliage d'aluminium sur mesure pour mariage et exposition,3158.69,EUR,,,https://www.aliexpress.com/item/1005011968525473.html,sourcing/B3-search-1.json,2026-09-03T14:38:56.666422+00:00,"C — liste de découverte, pertinence non garantie"
B3,magnetic window frame,1005010607320606,"Écran de fenêtre fixe d'angle soudé, porte de protection de fenêtre en maille d'aluminium, maille en acier inoxydable",2668.53,EUR,,,https://www.aliexpress.com/item/1005010607320606.html,sourcing/B3-search-1.json,2026-09-03T14:38:56.666422+00:00,"C — liste de découverte, pertinence non garantie"
B3,magnetic window frame,1005012485991174,"Vitrine à gâteaux commerciale avec cadre extérieur décoratif, identique à la vitrine en verre pour boulangerie, s'adaptant aux intérieurs modernes de centres commerciaux.",2329.69,EUR,,,https://www.aliexpress.com/item/1005012485991174.html,sourcing/B3-search-1.json,2026-09-03T14:38:56.666422+00:00,"C — liste de découverte, pertinence non garantie"
B3,magnetic window frame,1005012077268616,Lien pour commande personnalisée,2075.39,EUR,5.0,11,https://www.aliexpress.com/item/1005012077268616.html,sourcing/B3-search-1.json,2026-09-03T14:38:56.666422+00:00,"C — liste de découverte, pertinence non garantie"
B3,magnetic window frame,1005012042893144,"Système de auvent en verre avec structure en acier inoxydable, auvent de porte d'entrée 1200-1600 x 900 mm, auvent de pluie à toit courbé, auvent de porte",1579.39,EUR,,,https://www.aliexpress.com/item/1005012042893144.html,sourcing/B3-search-1.json,2026-09-03T14:38:56.666422+00:00,"C — liste de découverte, pertinence non garantie"
B3,magnetic window frame,1005008781038797,"Fenêtre de rangement extérieure 10x8 pieds, grand hangar de jardin avec Structure de cadre mis à jour et portes verrouillables, hangars à outils en métal",1362.99,EUR,,,https://www.aliexpress.com/item/1005008781038797.html,sourcing/B3-search-1.json,2026-09-03T14:38:56.666422+00:00,"C — liste de découverte, pertinence non garantie"
B3,magnetic window frame,1005012288123734,"Lève-charge magnétique permanent 600 kg, palan manuel robuste pour la manutention de plaques d'acier et de métaux, levage industriel par grue",801.04,EUR,,,https://www.aliexpress.com/item/1005012288123734.html,sourcing/B3-search-1.json,2026-09-03T14:38:56.666422+00:00,"C — liste de découverte, pertinence non garantie"
B3,magnetic window frame,1005012197441869,"Système de rail de porte coulissante automatique à lévitation magnétique électrique pour porte escamotable, porte simple en bois dissimulée, avec capteur tactile intelligent",835.55,EUR,,,https://www.aliexpress.com/item/1005012197441869.html,sourcing/B3-search-1.json,2026-09-03T14:38:56.666422+00:00,"C — liste de découverte, pertinence non garantie"
B3,magnetic window frame,1005012400813296,"Lit mural pliant simple en métal, double, de luxe japonais, invisible, pour adultes, cadre de lit mural italien, taille complète, mobilier de chambre à coucher",856.30,EUR,,,https://www.aliexpress.com/item/1005012400813296.html,sourcing/B3-search-1.json,2026-09-03T14:38:56.666422+00:00,"C — liste de découverte, pertinence non garantie"
B3,magnetic window frame,1005010756473032,"Porte de caravane, camping-car, remorque, avec cadre en alliage d'aluminium TONGFA 2024, 600-900 mm, serrure à point unique, fenêtre en acrylique à double vitrage",642.39,EUR,,,https://www.aliexpress.com/item/1005010756473032.html,sourcing/B3-search-1.json,2026-09-03T14:38:56.666422+00:00,"C — liste de découverte, pertinence non garantie"
B3,magnetic window frame,1005010593666416,"Panneau d'affichage de jouets Double face pour enfants, conception moderne, peinture magnétique, Exploration",574.69,EUR,,,https://www.aliexpress.com/item/1005010593666416.html,sourcing/B3-search-1.json,2026-09-03T14:38:56.666422+00:00,"C — liste de découverte, pertinence non garantie"
B3,magnetic window frame,1005012147311000,Lien pour la personnalisation selon la taille sur mesure que nous avons discutée,593.69,EUR,,8,https://www.aliexpress.com/item/1005012147311000.html,sourcing/B3-search-1.json,2026-09-03T14:38:56.666422+00:00,"C — liste de découverte, pertinence non garantie"
B3,magnetic window frame,1005008186986547,"Meilleure Machine de fabrication de boutons magnétiques pour réfrigérateur, fabricant d'aimants carrés 50x50mm (Machine + coupe + 100 aimants), 2025",569.39,EUR,4.9,95,https://www.aliexpress.com/item/1005008186986547.html,sourcing/B3-search-1.json,2026-09-03T14:38:56.666422+00:00,"C — liste de découverte, pertinence non garantie"
B3,magnetic window frame,1005010166263818,"3 tailles globales carré fumée aluminium bateau trapèze trappe trou de vigne fenêtre verre trempé pour Marine, bateau, bateau, Yacht",417.69,EUR,,,https://www.aliexpress.com/item/1005010166263818.html,sourcing/B3-search-1.json,2026-09-03T14:38:56.666422+00:00,"C — liste de découverte, pertinence non garantie"
B3,magnetic window frame,1005010487288999,"Fenêtre coulissante américaine élégante, nouveau Design et 660x914mm, avec Grille en verre trempé, porte en forme de larme pour RV",369.39,EUR,,,https://www.aliexpress.com/item/1005010487288999.html,sourcing/B3-search-1.json,2026-09-03T14:38:56.666422+00:00,"C — liste de découverte, pertinence non garantie"
B3,magnetic window frame,1005010344374999,Shades Celluar en nid d'abeille 2 en 1 jour et nuit avec tissu occultant et moustiquaire. 100 % occultant et anti-insectes pour porte coulissante,381.39,EUR,5.0,19,https://www.aliexpress.com/item/1005010344374999.html,sourcing/B3-search-1.json,2026-09-03T14:38:56.666422+00:00,"C — liste de découverte, pertinence non garantie"
B3,magnetic window frame,1104252835,"Rideau de luxe pour fenêtre, magnifique draperie Wow Tenda Finestra Valance pour salon, draperie Riririb Hotel avec cantonnière",303.39,EUR,5.0,3,https://www.aliexpress.com/item/1104252835.html,sourcing/B3-search-1.json,2026-09-03T14:38:56.666422+00:00,"C — liste de découverte, pertinence non garantie"
B3,magnetic window frame,1005012025043269,"Fenêtre de camping-car MOBORV 2025 de haute qualité en aluminium et acrylique pour voiture et caravane, taille personnalisée",311.69,EUR,,,https://www.aliexpress.com/item/1005012025043269.html,sourcing/B3-search-1.json,2026-09-03T14:38:56.666422+00:00,"C — liste de découverte, pertinence non garantie"
B3,magnetic window frame,1005012668865524,Quincaillerie de porte coulissante sans rail en aluminium de qualité supérieure avec amortisseur bidirectionnel pour porte en verre pleine hauteur à suspension,250.99,EUR,,,https://www.aliexpress.com/item/1005012668865524.html,sourcing/B3-search-1.json,2026-09-03T14:38:56.666422+00:00,"C — liste de découverte, pertinence non garantie"
B3,magnetic window frame,1005009346231686,"Sixinalu – porte pliante française, pause thermique, profil en aluminium, cadre en alliage, porte accordéon, sur mesure, trempé, Double vitrée, pour la maison",294.69,EUR,5.0,1,https://www.aliexpress.com/item/1005009346231686.html,sourcing/B3-search-1.json,2026-09-03T14:38:56.666422+00:00,"C — liste de découverte, pertinence non garantie"
B3,magnetic window,1005007843239932,"Moustiquaire de fenêtre anti-moustiques, filet anti-insectes facile à appliquer, bande de réparation imperméable pour moustiquaire, patch en maille auto-adhésif",1.84,EUR,4.6,"10,000+",https://www.aliexpress.com/item/1005007843239932.html,sourcing/B3-search-10.json,2026-09-03T16:05:44.818610+00:00,"C — liste de découverte, pertinence non garantie"
B3,magnetic window,1005009367196618,"Aimants ronds solides 6x2mm, 100 pièces, pour réfrigérateur, bricolage, construction, scientifique, artisanat, éducation",3.99,EUR,4.9,"10,000+",https://www.aliexpress.com/item/1005009367196618.html,sourcing/B3-search-10.json,2026-09-03T16:05:44.818610+00:00,"C — liste de découverte, pertinence non garantie"
B3,magnetic window,1005007474514099,"Rideau anti-moustiques pour fenêtre, moustiquaire, fermeture automatique de porte, rideaux de Ventilation domestique, filet magnétique",5.89,EUR,4.4,"10,000+",https://www.aliexpress.com/item/1005007474514099.html,sourcing/B3-search-10.json,2026-09-03T16:05:44.818610+00:00,"C — liste de découverte, pertinence non garantie"
B3,magnetic window,1005011720118633,"Aimants puissants ronds en néodyme avec adhésif double face, magnétiques pour la fixation au bureau et en cuisine, multi-usages pour le bricolage et l'artisanat",1.81,EUR,4.4,"10,000+",https://www.aliexpress.com/item/1005011720118633.html,sourcing/B3-search-10.json,2026-09-03T16:05:44.818610+00:00,"C — liste de découverte, pertinence non garantie"
B3,magnetic window,1005008599773261,Réfrigérateur magnétique effaçable à sec calendrier planificateur mensuel tableau blanc enregistrement tableau d'affichage bloc-notes aimants de réfrigérateur décor de cuisine,3.69,EUR,4.3,"5,000+",https://www.aliexpress.com/item/1005008599773261.html,sourcing/B3-search-10.json,2026-09-03T16:05:44.818610+00:00,"C — liste de découverte, pertinence non garantie"
B3,magnetic window,1005011848160297,"Support magnétique pour téléphone pliable, aimant puissant, 360° °   Support de téléphone mobile rotatif pour voiture, fixation par ventouse pour pare-brise et tableau de bord",5.99,EUR,4.0,"5,000+",https://www.aliexpress.com/item/1005011848160297.html,sourcing/B3-search-10.json,2026-09-03T16:05:44.818610+00:00,"C — liste de découverte, pertinence non garantie"
B3,magnetic window,1005012219671192,"Attaches magnétiques puissantes pour rideaux, sans perçage, clips de fermeture occultants, maintiennent les rideaux fermés, empêchent la fuite de lumière pour chambre et bureau",2.19,EUR,4.0,"5,000+",https://www.aliexpress.com/item/1005012219671192.html,sourcing/B3-search-10.json,2026-09-03T16:05:44.818610+00:00,"C — liste de découverte, pertinence non garantie"
B3,magnetic window,1005007561092101,"Moustiquaire de fenêtre noire auto-adhésive, écrans de fenêtre anti-moustiques, maille anti-insectes, Tulle d'air, moustiques et mouches invisibles",3.89,EUR,4.8,"5,000+",https://www.aliexpress.com/item/1005007561092101.html,sourcing/B3-search-10.json,2026-09-03T16:05:44.818610+00:00,"C — liste de découverte, pertinence non garantie"
B3,magnetic window,1005006366707117,10/20x broches magnétiques aimants néodyme broche conseil aimant pour conseil cône aimants Super fort aimants de réfrigérateur pour outil de stockage à domicile,3.99,EUR,4.8,"5,000+",https://www.aliexpress.com/item/1005006366707117.html,sourcing/B3-search-10.json,2026-09-03T16:05:44.818610+00:00,"C — liste de découverte, pertinence non garantie"
B3,magnetic window,1005009705771159,"Rideau anti-moustiques de fenêtre, écran de fenêtre en gaze, serrure de porte automatique, rideau de Ventilation domestique, couverture en maille magnétique",6.19,EUR,4.4,"5,000+",https://www.aliexpress.com/item/1005009705771159.html,sourcing/B3-search-10.json,2026-09-03T16:05:44.818610+00:00,"C — liste de découverte, pertinence non garantie"
B3,magnetic window,1005009812162168,"Protections magnétiques pour rideaux, pare-soleil pour fenêtres latérales, protection UV, adaptées à la plupart des modèles, universelles en toutes saisons",4.69,EUR,4.3,"5,000+",https://www.aliexpress.com/item/1005009812162168.html,sourcing/B3-search-10.json,2026-09-03T16:05:44.818610+00:00,"C — liste de découverte, pertinence non garantie"
B3,magnetic window,1005008148359428,"Loquet magnétique pour armoire, porte Ultra fine, aimants puissants, bouchon adhésif Invisible, serrure magnétique pour tiroir, pour ferme- placard de cuisine",2.00,EUR,4.7,"5,000+",https://www.aliexpress.com/item/1005008148359428.html,sourcing/B3-search-10.json,2026-09-03T16:05:44.818610+00:00,"C — liste de découverte, pertinence non garantie"
B3,magnetic window,1005005632048914,"Pare-soleil de vitre latérale arrière de voiture, protection UV, bouclier en maille, prévention des moustiques, phare, protection de la vie privée, rideau pliable, 2 pièces",3.29,EUR,4.4,"5,000+",https://www.aliexpress.com/item/1005005632048914.html,sourcing/B3-search-10.json,2026-09-03T16:05:44.818610+00:00,"C — liste de découverte, pertinence non garantie"
B3,magnetic window,1005007783732156,20/50PCS Feuilles magnétiques Aimant rond auto-adhésif Aimant magnétique flexible pour le bureau et le réfrigérateur Aimant magnétique flexible pour la maison Vente à chaud,1.81,EUR,4.4,"5,000+",https://www.aliexpress.com/item/1005007783732156.html,sourcing/B3-search-10.json,2026-09-03T16:05:44.818610+00:00,"C — liste de découverte, pertinence non garantie"
B3,magnetic window,1005007676464040,"Crochet magnétique en métal moderne, adapté aux rideaux – boucle magnétique murale facile à installer",1.92,EUR,4.6,"5,000+",https://www.aliexpress.com/item/1005007676464040.html,sourcing/B3-search-10.json,2026-09-03T16:05:44.818610+00:00,"C — liste de découverte, pertinence non garantie"
B3,magnetic window,1005008642232416,"【Personnalisé invisible · Protection améliorée】 Écrans de fenêtre/porte anti-moustiques et d'insectes – Sans perçage à crochet et boucle, plusieurs tailles",2.99,EUR,4.8,"4,000+",https://www.aliexpress.com/item/1005008642232416.html,sourcing/B3-search-10.json,2026-09-03T16:05:44.818610+00:00,"C — liste de découverte, pertinence non garantie"
B3,magnetic window,1005008605246912,"Crochet magnétique 5 pièces, crochet magnétique robuste, crochet de croisière magnétique suspendu, grand crochet magnétique en métal, peut être utilisé pour le gril,",3.79,EUR,4.6,"4,000+",https://www.aliexpress.com/item/1005008605246912.html,sourcing/B3-search-10.json,2026-09-03T16:05:44.818610+00:00,"C — liste de découverte, pertinence non garantie"
B3,magnetic window,1005009457958658,"Pare-soleil magnétique pour fenêtre latérale de voiture, 2 pièces, rideaux de confidentialité, réflexion UV, Anti-éblouissement, bloc UV, pare-soleil pour fenêtre avant/arrière",3.99,EUR,4.5,"4,000+",https://www.aliexpress.com/item/1005009457958658.html,sourcing/B3-search-10.json,2026-09-03T16:05:44.818610+00:00,"C — liste de découverte, pertinence non garantie"
B3,magnetic window,1005012060602264,"Support magnétique pour voiture, version améliorée, réglage multi-angles, aimant puissant, pliable, support de téléphone pour navigation automobile",4.79,EUR,3.8,"4,000+",https://www.aliexpress.com/item/1005012060602264.html,sourcing/B3-search-10.json,2026-09-03T16:05:44.818610+00:00,"C — liste de découverte, pertinence non garantie"
B3,magnetic window,1005007543425423,"Pare-soleil magnétique pour voiture, protection UV, rideaux pare-soleil, couverture double face, protection de fenêtre automobile, accessoires DIY",2.99,EUR,4.4,"3,000+",https://www.aliexpress.com/item/1005007543425423.html,sourcing/B3-search-10.json,2026-09-03T16:05:44.818610+00:00,"C — liste de découverte, pertinence non garantie"
B3,moustiquaire magnetique,1005012619775806,"Machines de fabrication de grillages métalliques sur mesure, machines de fabrication de clôtures en grillage métallique, machines de fabrication de fil barbelé en acier, machines automatiques.",7973.69,EUR,,,https://www.aliexpress.com/item/1005012619775806.html,sourcing/B3-search-2.json,2026-09-03T14:44:01.550645+00:00,"C — liste de découverte, pertinence non garantie"
B3,moustiquaire magnetique,1005011935077364,"Machine de broyage et de fabrication sur mesure pour la farine de bois et les coquilles de noix, pour la production de poudre de sciure de bois et la fabrication de spirales anti-moustiques",5363.99,EUR,,,https://www.aliexpress.com/item/1005011935077364.html,sourcing/B3-search-2.json,2026-09-03T14:44:01.550645+00:00,"C — liste de découverte, pertinence non garantie"
B3,moustiquaire magnetique,1005012698023679,"Camper escamotable pour camion 4x4, abri de camping compatible avec plusieurs pick-up, porte moustiquaire pour un sommeil confortable, camper pour camion.",4069.39,EUR,,,https://www.aliexpress.com/item/1005012698023679.html,sourcing/B3-search-2.json,2026-09-03T14:44:01.550645+00:00,"C — liste de découverte, pertinence non garantie"
B3,moustiquaire magnetique,1005011903427415,"Vente directe d'usine, tente pneumatique personnalisée imperméable, tente de camping gonflable, résistante au vent, hermétique, tente dôme X Spider",2368.99,EUR,,,https://www.aliexpress.com/item/1005011903427415.html,sourcing/B3-search-2.json,2026-09-03T14:44:01.550645+00:00,"C — liste de découverte, pertinence non garantie"
B3,moustiquaire magnetique,1005012566258051,"Machines de fabrication de grillages à haute vitesse personnalisées, machines à clôtures en treillis métallique à vendre, machines à grillages galvanisés pour nasses à poissons",2277.69,EUR,,,https://www.aliexpress.com/item/1005012566258051.html,sourcing/B3-search-2.json,2026-09-03T14:44:01.550645+00:00,"C — liste de découverte, pertinence non garantie"
B3,moustiquaire magnetique,1005010386608647,"Tente d'ombrage de Camping en PVC pour 5 à 8 personnes, imperméable, coupe-vent, anti-moustiques, pour voiture",1728.39,EUR,,,https://www.aliexpress.com/item/1005010386608647.html,sourcing/B3-search-2.json,2026-09-03T14:44:01.550645+00:00,"C — liste de découverte, pertinence non garantie"
B3,moustiquaire magnetique,1005010682674048,"Tente de filet de frappe de simulateur de Golf personnalisée en usine pour l'entraînement de Golf intérieur et extérieur, boîtier de simulateur de Golf facile à installer",1605.69,EUR,,,https://www.aliexpress.com/item/1005010682674048.html,sourcing/B3-search-2.json,2026-09-03T14:44:01.550645+00:00,"C — liste de découverte, pertinence non garantie"
B3,moustiquaire magnetique,1005009466293209,"Hamac moustiquaire multifonctionnel pour Camping en plein air, étanche, anti-moustiques, simple, équipement de Camping professionnel",688.99,EUR,,,https://www.aliexpress.com/item/1005009466293209.html,sourcing/B3-search-2.json,2026-09-03T14:44:01.550645+00:00,"C — liste de découverte, pertinence non garantie"
B3,moustiquaire magnetique,1005010161837111,Brumisateur thermique portable alimenté pour la désinfection forestière agricole et le contrôle des moustiques,846.63,EUR,,2,https://www.aliexpress.com/item/1005010161837111.html,sourcing/B3-search-2.json,2026-09-03T14:44:01.550645+00:00,"C — liste de découverte, pertinence non garantie"
B3,moustiquaire magnetique,1005010427967791,"Cage Faraday mise à la terre de Protection EMF, moustiquaire en maille de Fiber d'argent, réduisant les radiations, auvent de lit cuboïde, Signal de blocage WIFI",785.39,EUR,,2,https://www.aliexpress.com/item/1005010427967791.html,sourcing/B3-search-2.json,2026-09-03T14:44:01.550645+00:00,"C — liste de découverte, pertinence non garantie"
B3,moustiquaire magnetique,1005012592930017,"Tente de lit double pliable personnalisée, type yourte mongole, avec moustiquaire et fond intégral, pour usage domestique",677.69,EUR,,,https://www.aliexpress.com/item/1005012592930017.html,sourcing/B3-search-2.json,2026-09-03T14:44:01.550645+00:00,"C — liste de découverte, pertinence non garantie"
B3,moustiquaire magnetique,1005010164767460,"Pulvérisateur de pesticides de Type sac à dos, Spray de gaz agricole, désinfectant, Insecticide de moustiques, Spray de particules chaudes",663.99,EUR,,,https://www.aliexpress.com/item/1005010164767460.html,sourcing/B3-search-2.json,2026-09-03T14:44:01.550645+00:00,"C — liste de découverte, pertinence non garantie"
B3,moustiquaire magnetique,1005010126620611,"Filet anti-insectes amélioré pour BMW G80 G81 M3 G82 G83 M4 2021 + calandre avant en Fiber de carbone véritable et sèche, Style CSL avec remplacement de maille métallique",471.99,EUR,5.0,7,https://www.aliexpress.com/item/1005010126620611.html,sourcing/B3-search-2.json,2026-09-03T14:44:01.550645+00:00,"C — liste de découverte, pertinence non garantie"
B3,moustiquaire magnetique,1005010344374999,Shades Celluar en nid d'abeille 2 en 1 jour et nuit avec tissu occultant et moustiquaire. 100 % occultant et anti-insectes pour porte coulissante,381.39,EUR,5.0,19,https://www.aliexpress.com/item/1005010344374999.html,sourcing/B3-search-2.json,2026-09-03T14:44:01.550645+00:00,"C — liste de découverte, pertinence non garantie"
B3,moustiquaire magnetique,1005010660983626,Meilleure vente chaise suspendue jardin balcon balançoire ensemble meubles d'extérieur auvent Patio balançoire chaise lit avec moustiquaire,313.74,EUR,,,https://www.aliexpress.com/item/1005010660983626.html,sourcing/B3-search-2.json,2026-09-03T14:44:01.550645+00:00,"C — liste de découverte, pertinence non garantie"
B3,moustiquaire magnetique,1005006042990246,"Tente arrière de voiture arc-en-ciel, automatique, pop-up, 4-6, tentes hypothécaires, camping en plein air, étanche, voyage, moustiquaire pliante, accessoires",251.69,EUR,0.0,5,https://www.aliexpress.com/item/1005006042990246.html,sourcing/B3-search-2.json,2026-09-03T14:44:01.550645+00:00,"C — liste de découverte, pertinence non garantie"
B3,moustiquaire magnetique,1005009918617058,"Tentes de parc anti-pluie et anti-moustiques, tentes d'extérieur multifonctions épaisses et élargies, mobilier de Camping relaxant pour plage de sable",232.99,EUR,,5,https://www.aliexpress.com/item/1005009918617058.html,sourcing/B3-search-2.json,2026-09-03T14:44:01.550645+00:00,"C — liste de découverte, pertinence non garantie"
B3,moustiquaire magnetique,1005012172116646,"Tente de camping, moustiquaire d'extérieur, répulsif anti-moustiques, pique-nique en prairie, tente de voiture portable",280.99,EUR,,,https://www.aliexpress.com/item/1005012172116646.html,sourcing/B3-search-2.json,2026-09-03T14:44:01.550645+00:00,"C — liste de découverte, pertinence non garantie"
B3,moustiquaire magnetique,1005012027864271,"MOBORV Moustiquaire de fenêtre pour camping-car en acrylique double couche anti-UV de haute qualité, sur mesure pour voiture et caravane",272.69,EUR,,,https://www.aliexpress.com/item/1005012027864271.html,sourcing/B3-search-2.json,2026-09-03T14:44:01.550645+00:00,"C — liste de découverte, pertinence non garantie"
B3,moustiquaire magnetique,1005010043442676,Cadre de filet de badminton portable standard mobile jeu à domicile cadre de badminton en plein air colonne de filet de volley-ball aérien,242.88,EUR,,,https://www.aliexpress.com/item/1005010043442676.html,sourcing/B3-search-2.json,2026-09-03T14:44:01.550645+00:00,"C — liste de découverte, pertinence non garantie"
B3,window flyscreen magnetic,1005010607320606,"Écran de fenêtre fixe d'angle soudé, porte de protection de fenêtre en maille d'aluminium, maille en acier inoxydable",2668.53,EUR,,,https://www.aliexpress.com/item/1005010607320606.html,sourcing/B3-search-3.json,2026-09-03T14:44:11.846660+00:00,"C — liste de découverte, pertinence non garantie"
B3,window flyscreen magnetic,1005005961632148,VisualMr 133 150 pouces onglet électrique Tension plancher montant ALR UST écran de Projection grille noire PET cristal écran motorisé 4K 3D,1793.99,EUR,0.0,,https://www.aliexpress.com/item/1005005961632148.html,sourcing/B3-search-3.json,2026-09-03T14:44:11.846660+00:00,"C — liste de découverte, pertinence non garantie"
B3,window flyscreen magnetic,1005011706684476,"Écran vibrant rotatif multicouche en maille pour le criblage de la farine de maïs, séparateur vibrant circulaire avec moteur",1452.99,EUR,,,https://www.aliexpress.com/item/1005011706684476.html,sourcing/B3-search-3.json,2026-09-03T14:44:11.846660+00:00,"C — liste de découverte, pertinence non garantie"
B3,window flyscreen magnetic,4001341443870,Écran de projection motorisé électrique Mivision MV-ETH-USTALR Advanced 100'' 120'' à tension par languettes avec matériau ALR pour projecteurs UST,882.93,EUR,5.0,15,https://www.aliexpress.com/item/4001341443870.html,sourcing/B3-search-3.json,2026-09-03T14:44:11.846660+00:00,"C — liste de découverte, pertinence non garantie"
B3,window flyscreen magnetic,1005012197441869,"Système de rail de porte coulissante automatique à lévitation magnétique électrique pour porte escamotable, porte simple en bois dissimulée, avec capteur tactile intelligent",835.55,EUR,,,https://www.aliexpress.com/item/1005012197441869.html,sourcing/B3-search-3.json,2026-09-03T14:44:11.846660+00:00,"C — liste de découverte, pertinence non garantie"
B3,window flyscreen magnetic,1005010682587129,Rideau d'impact de golf à écran intérieur haut de gamme 9*12 pour simulateur de golf,827.39,EUR,,,https://www.aliexpress.com/item/1005010682587129.html,sourcing/B3-search-3.json,2026-09-03T14:44:11.846660+00:00,"C — liste de découverte, pertinence non garantie"
B3,window flyscreen magnetic,1005012029133736,"Porte d'entrée pour camping-car avec moustiquaire métallique, porte extérieure en panneau sandwich aluminium pour camping-car, caravane, motorhome, mur de 30 mm à 80 mm",733.69,EUR,,,https://www.aliexpress.com/item/1005012029133736.html,sourcing/B3-search-3.json,2026-09-03T14:44:11.846660+00:00,"C — liste de découverte, pertinence non garantie"
B3,window flyscreen magnetic,33004182207,"THMFGH 80-150 ""écran de Projection/projecteur électrique/motorisé monté au plafond avec fibre de verre blanc mat pour Home cinéma",708.39,EUR,0.0,,https://www.aliexpress.com/item/33004182207.html,sourcing/B3-search-3.json,2026-09-03T14:44:11.846660+00:00,"C — liste de découverte, pertinence non garantie"
B3,window flyscreen magnetic,1005010543844697,Panneau d'écran pliant de cloison de pièce d'écran pliant d'acier inoxydable de 4 panneaux,547.39,EUR,,,https://www.aliexpress.com/item/1005010543844697.html,sourcing/B3-search-3.json,2026-09-03T14:44:11.846660+00:00,"C — liste de découverte, pertinence non garantie"
B3,window flyscreen magnetic,1005009306996429,NOUVEAU 2 propriétés magnétiques fortes Portes d'armoires en acier inoxydable avec propriétés magnétiques. Accessoires de quincaillerie pour meubles,359.69,EUR,5.0,11,https://www.aliexpress.com/item/1005009306996429.html,sourcing/B3-search-3.json,2026-09-03T14:44:11.846660+00:00,"C — liste de découverte, pertinence non garantie"
B3,window flyscreen magnetic,1005010786229147,"Écran de projection portable manuel sur pied, blanc, en fibre de verre, 100 pouces, universel pour la maison, le bureau et les films en extérieur",370.99,EUR,,2,https://www.aliexpress.com/item/1005010786229147.html,sourcing/B3-search-3.json,2026-09-03T14:44:11.846660+00:00,"C — liste de découverte, pertinence non garantie"
B3,window flyscreen magnetic,1005007668666427,"Cloison d'écran pliable mobile pour bureau, mur de fond, cloison d'exposition commerciale, papier d'art moderne, meubles d'écran",331.99,EUR,0.0,3,https://www.aliexpress.com/item/1005007668666427.html,sourcing/B3-search-3.json,2026-09-03T14:44:11.846660+00:00,"C — liste de découverte, pertinence non garantie"
B3,window flyscreen magnetic,1005012839320515,"Moustiquaire plissée en aluminium sur mesure, rideau pare-soleil plissé alvéolé avec moustiquaire, écran de fenêtre ventilé",282.39,EUR,,11,https://www.aliexpress.com/item/1005012839320515.html,sourcing/B3-search-3.json,2026-09-03T14:44:11.846660+00:00,"C — liste de découverte, pertinence non garantie"
B3,window flyscreen magnetic,1005011895857675,"Film teinté cristallin 3m pour vitres de voiture, film de protection solaire pour vitres",278.69,EUR,,,https://www.aliexpress.com/item/1005011895857675.html,sourcing/B3-search-3.json,2026-09-03T14:44:11.846660+00:00,"C — liste de découverte, pertinence non garantie"
B3,window flyscreen magnetic,1005010368188508,"Onduleur sinusoïdale Pure 32 tubes MOS, carte onduleur de fréquence de puissance UPS, version anglaise, écran LCD, affichage 24v-96v, charge de courte durée 15000kw",250.87,EUR,5.0,1,https://www.aliexpress.com/item/1005010368188508.html,sourcing/B3-search-3.json,2026-09-03T14:44:11.846660+00:00,"C — liste de découverte, pertinence non garantie"
B3,window flyscreen magnetic,1005008352153245,"Clips aimantés pour réfrigérateur, 31mm de large, anti-rayures, pour la maison, le bureau, l'école, la décoration de la maison, les présentoirs de photos, 500 pièces",229.39,EUR,,,https://www.aliexpress.com/item/1005008352153245.html,sourcing/B3-search-3.json,2026-09-03T14:44:11.846660+00:00,"C — liste de découverte, pertinence non garantie"
B3,window flyscreen magnetic,1005010295573300,"Déflecteurs de vent de pare-brise avant de moto, carénage pour Harley Road King FLHR 94-2022 FLHRC 1998-2013 FLHRXS 2021-25",210.69,EUR,,,https://www.aliexpress.com/item/1005010295573300.html,sourcing/B3-search-3.json,2026-09-03T14:44:11.846660+00:00,"C — liste de découverte, pertinence non garantie"
B3,window flyscreen magnetic,1005008936570673,"Kit de déflecteurs de vent pour pare-brise de moto, accessoires de moto 14 pouces, ABS de haute qualité pour Harley Road King Special FLHRXS 2021 – 2025",199.39,EUR,5.0,3,https://www.aliexpress.com/item/1005008936570673.html,sourcing/B3-search-3.json,2026-09-03T14:44:11.846660+00:00,"C — liste de découverte, pertinence non garantie"
B3,window flyscreen magnetic,1005010536804391,Glissière de coins ronds de remplacement de fenêtre de camping-car avec écran anti-insectes pour remorque camping-car véhicules de Construction fenêtre de remorque de fenêtre de camping-car,178.99,EUR,,6,https://www.aliexpress.com/item/1005010536804391.html,sourcing/B3-search-3.json,2026-09-03T14:44:11.846660+00:00,"C — liste de découverte, pertinence non garantie"
B3,window flyscreen magnetic,1005009267202787,"Rideaux d'écran de fenêtre dorés pour salon, Tulle haut de gamme de luxe, Villa française, chambre à coucher, balcon, fil creux personnalisé",182.48,EUR,,,https://www.aliexpress.com/item/1005009267202787.html,sourcing/B3-search-3.json,2026-09-03T14:44:11.846660+00:00,"C — liste de découverte, pertinence non garantie"
B3,window flyscreen magnetic,1005007843239932,"Moustiquaire de fenêtre anti-moustiques, filet anti-insectes facile à appliquer, bande de réparation imperméable pour moustiquaire, patch en maille auto-adhésif",1.84,EUR,4.6,"10,000+",https://www.aliexpress.com/item/1005007843239932.html,sourcing/B3-search-4.json,2026-09-03T14:45:45.125530+00:00,"C — liste de découverte, pertinence non garantie"
B3,window flyscreen magnetic,1005007539345167,"Moustiquaire d'intérieur en maille auto-adhésive, pour fenêtre de lit, Textile de maison, anti-insectes et moustiquaire, rideaux de jardin, DIY",2.06,EUR,4.6,"10,000+",https://www.aliexpress.com/item/1005007539345167.html,sourcing/B3-search-4.json,2026-09-03T14:45:45.125530+00:00,"C — liste de découverte, pertinence non garantie"
B3,window flyscreen magnetic,1005006738087409,1ps de ruban de réparation d'écran de fenêtre étanche facile à appliquer – Gardez les moustiques sort avec notre patch en maille anti-insectes et auto-adhésif,1.81,EUR,4.6,"10,000+",https://www.aliexpress.com/item/1005006738087409.html,sourcing/B3-search-4.json,2026-09-03T14:45:45.125530+00:00,"C — liste de découverte, pertinence non garantie"
B3,window flyscreen magnetic,1005009367196618,"Aimants ronds solides 6x2mm, 100 pièces, pour réfrigérateur, bricolage, construction, scientifique, artisanat, éducation",3.99,EUR,4.9,"10,000+",https://www.aliexpress.com/item/1005009367196618.html,sourcing/B3-search-4.json,2026-09-03T14:45:45.125530+00:00,"C — liste de découverte, pertinence non garantie"
B3,window flyscreen magnetic,1005007221058021,"Moustiquaires d'été pour portes et fenêtres, résistantes aux coups, disponibles en différentes tailles (blanc)",3.99,EUR,4.7,"10,000+",https://www.aliexpress.com/item/1005007221058021.html,sourcing/B3-search-4.json,2026-09-03T14:45:45.125530+00:00,"C — liste de découverte, pertinence non garantie"
B3,window flyscreen magnetic,1005007331855478,"Maille de Fenêtre de Grande Taille DIY, Résistante aux Animaux et aux Moustiques/Insectes, Convient pour Balcons, Jardins et Plus",1.52,EUR,4.7,"10,000+",https://www.aliexpress.com/item/1005007331855478.html,sourcing/B3-search-4.json,2026-09-03T14:45:45.125530+00:00,"C — liste de découverte, pertinence non garantie"
B3,window flyscreen magnetic,1005007474514099,"Rideau anti-moustiques pour fenêtre, moustiquaire, fermeture automatique de porte, rideaux de Ventilation domestique, filet magnétique",5.89,EUR,4.4,"10,000+",https://www.aliexpress.com/item/1005007474514099.html,sourcing/B3-search-4.json,2026-09-03T14:45:45.125530+00:00,"C — liste de découverte, pertinence non garantie"
B3,window flyscreen magnetic,1005007469156424,5/10/20 pièces fenêtre écran réparation autocollant fenêtre filet anti-moustique maille porte moustiquaire Patch réparation trou cassé écran Net,1.46,EUR,4.5,"5,000+",https://www.aliexpress.com/item/1005007469156424.html,sourcing/B3-search-4.json,2026-09-03T14:45:45.125530+00:00,"C — liste de découverte, pertinence non garantie"
B3,window flyscreen magnetic,1005008599773261,Réfrigérateur magnétique effaçable à sec calendrier planificateur mensuel tableau blanc enregistrement tableau d'affichage bloc-notes aimants de réfrigérateur décor de cuisine,3.69,EUR,4.3,"5,000+",https://www.aliexpress.com/item/1005008599773261.html,sourcing/B3-search-4.json,2026-09-03T14:45:45.125530+00:00,"C — liste de découverte, pertinence non garantie"
B3,window flyscreen magnetic,1005012059582077,"Brosse multifonctionnelle anti-moustiques, brosse à vitres, brosse à poussière double usage sec et humide, outil de nettoyage domestique pour fenêtres",7.49,EUR,4.4,"5,000+",https://www.aliexpress.com/item/1005012059582077.html,sourcing/B3-search-4.json,2026-09-03T14:45:45.125530+00:00,"C — liste de découverte, pertinence non garantie"
B3,window flyscreen magnetic,1005012219671192,"Attaches magnétiques puissantes pour rideaux, sans perçage, clips de fermeture occultants, maintiennent les rideaux fermés, empêchent la fuite de lumière pour chambre et bureau",2.19,EUR,4.0,"5,000+",https://www.aliexpress.com/item/1005012219671192.html,sourcing/B3-search-4.json,2026-09-03T14:45:45.125530+00:00,"C — liste de découverte, pertinence non garantie"
B3,window flyscreen magnetic,1005007561092101,"Moustiquaire de fenêtre noire auto-adhésive, écrans de fenêtre anti-moustiques, maille anti-insectes, Tulle d'air, moustiques et mouches invisibles",3.89,EUR,4.8,"5,000+",https://www.aliexpress.com/item/1005007561092101.html,sourcing/B3-search-4.json,2026-09-03T14:45:45.125530+00:00,"C — liste de découverte, pertinence non garantie"
B3,window flyscreen magnetic,1005009993791557,"Aimant super puissant en néodyme avec adhésif double face, aimant rond NdfeB N35, aimant permanent puissant, aimants pour réfrigérateur",2.59,EUR,4.5,"5,000+",https://www.aliexpress.com/item/1005009993791557.html,sourcing/B3-search-4.json,2026-09-03T14:45:45.125530+00:00,"C — liste de découverte, pertinence non garantie"
B3,window flyscreen magnetic,1005009705771159,"Rideau anti-moustiques de fenêtre, écran de fenêtre en gaze, serrure de porte automatique, rideau de Ventilation domestique, couverture en maille magnétique",6.19,EUR,4.4,"5,000+",https://www.aliexpress.com/item/1005009705771159.html,sourcing/B3-search-4.json,2026-09-03T14:45:45.125530+00:00,"C — liste de découverte, pertinence non garantie"
B3,window flyscreen magnetic,1005009771019951,"Ruban adhésif de réparation de moustiquaire étanche et solide pour fenêtre, couvrir trous, déchirures, anti-insectes, moustiquaire porte, patch résistant, durable, facile à appliquer, haute qualité, maille auto-adhésiv",2.53,EUR,4.6,"5,000+",https://www.aliexpress.com/item/1005009771019951.html,sourcing/B3-search-4.json,2026-09-03T14:45:45.125530+00:00,"C — liste de découverte, pertinence non garantie"
B3,window flyscreen magnetic,1005009452155816,Télécommande bande magnétique TV climatisation télécommande mur fixe stockage sans perçage mural fort crochet magnétique,1.79,EUR,4.2,"5,000+",https://www.aliexpress.com/item/1005009452155816.html,sourcing/B3-search-4.json,2026-09-03T14:45:45.125530+00:00,"C — liste de découverte, pertinence non garantie"
B3,window flyscreen magnetic,1005008148359428,"Loquet magnétique pour armoire, porte Ultra fine, aimants puissants, bouchon adhésif Invisible, serrure magnétique pour tiroir, pour ferme- placard de cuisine",2.00,EUR,4.7,"5,000+",https://www.aliexpress.com/item/1005008148359428.html,sourcing/B3-search-4.json,2026-09-03T14:45:45.125530+00:00,"C — liste de découverte, pertinence non garantie"
B3,window flyscreen magnetic,1005009812162168,"Protections magnétiques pour rideaux, pare-soleil pour fenêtres latérales, protection UV, adaptées à la plupart des modèles, universelles en toutes saisons",4.69,EUR,4.3,"5,000+",https://www.aliexpress.com/item/1005009812162168.html,sourcing/B3-search-4.json,2026-09-03T14:45:45.125530+00:00,"C — liste de découverte, pertinence non garantie"
B3,window flyscreen magnetic,1005005632048914,"Pare-soleil de vitre latérale arrière de voiture, protection UV, bouclier en maille, prévention des moustiques, phare, protection de la vie privée, rideau pliable, 2 pièces",3.29,EUR,4.4,"5,000+",https://www.aliexpress.com/item/1005005632048914.html,sourcing/B3-search-4.json,2026-09-03T14:45:45.125530+00:00,"C — liste de découverte, pertinence non garantie"
B3,window flyscreen magnetic,1005008033675028,"Ruban de réparation d'écran de fenêtre auto-adhésif, filet de maille, patch de fixation de porte, anti-insectes, maille de moustique, réparation de trous cassés, 5 cm, 10cm",1.95,EUR,4.6,"5,000+",https://www.aliexpress.com/item/1005008033675028.html,sourcing/B3-search-4.json,2026-09-03T14:45:45.125530+00:00,"C — liste de découverte, pertinence non garantie"
C2,tv wireless headphone,1005008358373725,"Écouteurs sans fil Bluetooth à conduction osseuse de haute qualité TWS, avec micro, pour le sport et réduction du bruit",3.49,EUR,4.6,"10,000+",https://www.aliexpress.com/item/1005008358373725.html,sourcing/C2-search-0.json,2026-09-03T14:39:08.320721+00:00,"C — liste de découverte, pertinence non garantie"
C2,tv wireless headphone,1005008549911526,Nouveauté M10 écouteur sans fil casque de haute qualité son parfait écouteurs sport jeu musique BT casque avec batterie externe,5.99,EUR,4.1,"10,000+",https://www.aliexpress.com/item/1005008549911526.html,sourcing/C2-search-0.json,2026-09-03T14:39:08.320721+00:00,"C — liste de découverte, pertinence non garantie"
C2,tv wireless headphone,1005007006134184,"Écouteurs filaires de Type C pour Samsung Galaxy S23 S21 S22 Ultra Plus, écouteurs de 3.5mm, accessoires A54 A34 A53 A53",1.59,EUR,4.4,"10,000+",https://www.aliexpress.com/item/1005007006134184.html,sourcing/C2-search-0.json,2026-09-03T14:39:08.320721+00:00,"C — liste de découverte, pertinence non garantie"
C2,tv wireless headphone,1005010140466425,"Stylo de nettoyage pour écouteurs Airpods Pro, brosse de nettoyage Portable sans fil Bluetooth, outil de nettoyage d'appareil photo",0.99,EUR,4.8,"10,000+",https://www.aliexpress.com/item/1005010140466425.html,sourcing/C2-search-0.json,2026-09-03T14:39:08.320721+00:00,"C — liste de découverte, pertinence non garantie"
C2,tv wireless headphone,1005007140743658,Original QKZ AK6 dans l'oreille écouteur 6 unité de pilote dynamique casque avec micro stéréo sport HIFI caisson de basses casque moniteur écouteurs,4.09,EUR,4.4,"10,000+",https://www.aliexpress.com/item/1005007140743658.html,sourcing/C2-search-0.json,2026-09-03T14:39:08.320721+00:00,"C — liste de découverte, pertinence non garantie"
C2,tv wireless headphone,1005012323403801,"Microphone Lavalier Sans Fil Professionnel avec Port Type-C pour Smartphones, Ordinateurs, Tablettes, Plug and Play",4.19,EUR,4.7,"10,000+",https://www.aliexpress.com/item/1005012323403801.html,sourcing/C2-search-0.json,2026-09-03T14:39:08.320721+00:00,"C — liste de découverte, pertinence non garantie"
C2,tv wireless headphone,1005009361746399,"QCY MeloBuds N70 Écouteurs sans fil ANC Bluetooth 6.0, réduction de bruit adaptative, LDAC, audio haute résolution, 6 micros, ENC, 50 h d'autonomie, charge sans fil, détection intra-auriculaire",49.39,EUR,4.7,"10,000+",https://www.aliexpress.com/item/1005009361746399.html,sourcing/C2-search-0.json,2026-09-03T14:39:08.320721+00:00,"C — liste de découverte, pertinence non garantie"
C2,tv wireless headphone,1005006352637590,"Sangle de poignée de haut-parleur sans fil pour JBL Bombox 3/2/1, coussretours de bracelet, autocollant léger, accessoires universels, épais",4.49,EUR,4.0,"10,000+",https://www.aliexpress.com/item/1005006352637590.html,sourcing/C2-search-0.json,2026-09-03T14:39:08.320721+00:00,"C — liste de découverte, pertinence non garantie"
C2,tv wireless headphone,1005007228440475,TWS casque sans fil Bluetooth affichage LED écouteurs de joueur avec micro casque sans fil suppression de bruit écouteurs Bluetooth X15,3.49,EUR,4.5,"10,000+",https://www.aliexpress.com/item/1005007228440475.html,sourcing/C2-search-0.json,2026-09-03T14:39:08.320721+00:00,"C — liste de découverte, pertinence non garantie"
C2,tv wireless headphone,1005008870372901,"Écouteurs sans fil Baseus EP10 Pro ANC Bluetooth 6.0, écouteurs adaptatifs en temps réel 50 dB, 6 micros, haute résolution LDAC, IP55",29.39,EUR,4.8,"10,000+",https://www.aliexpress.com/item/1005008870372901.html,sourcing/C2-search-0.json,2026-09-03T14:39:08.320721+00:00,"C — liste de découverte, pertinence non garantie"
C2,tv wireless headphone,1005009881248536,"Manette de jeu mobile sans fil G6 avec déclencheur et joystick à effet Hall, compatible Switch/PC/Android/iOS",15.49,EUR,4.6,"10,000+",https://www.aliexpress.com/item/1005009881248536.html,sourcing/C2-search-0.json,2026-09-03T14:39:08.320721+00:00,"C — liste de découverte, pertinence non garantie"
C2,tv wireless headphone,1005005957986417,KZ EDX PRO Dynamique Écouteurs HIFI Basse Dans L'oreille Moniteur Sport Antibruit Casque,6.29,EUR,4.8,"10,000+",https://www.aliexpress.com/item/1005005957986417.html,sourcing/C2-search-0.json,2026-09-03T14:39:08.320721+00:00,"C — liste de découverte, pertinence non garantie"
C2,tv wireless headphone,1005006737907603,EJEAS V6 PRO +/PLUS casque de moto Bluetooth talkie-walkie 6 cavalier Distance 800 mètres étanche IP67,27.79,EUR,4.8,"10,000+",https://www.aliexpress.com/item/1005006737907603.html,sourcing/C2-search-0.json,2026-09-03T14:39:08.320721+00:00,"C — liste de découverte, pertinence non garantie"
C2,tv wireless headphone,1005007527959022,Écouteurs d'origine pour Apple iPhone 14 Pro Max casque Lightning 13 12 11 Mini X XS XR SE 6 7 8 Plus écouteurs intra-auriculaires filaires,1.71,EUR,4.0,"10,000+",https://www.aliexpress.com/item/1005007527959022.html,sourcing/C2-search-0.json,2026-09-03T14:39:08.320721+00:00,"C — liste de découverte, pertinence non garantie"
C2,tv wireless headphone,1005010306856532,"Support de casque universel adhésif en plastique, Support mural sous le bureau, Support de casque pour Support d'écouteurs de jeu,",1.75,EUR,4.8,"10,000+",https://www.aliexpress.com/item/1005010306856532.html,sourcing/C2-search-0.json,2026-09-03T14:39:08.320721+00:00,"C — liste de découverte, pertinence non garantie"
C2,tv wireless headphone,1005007961638171,Bluetooth 5.4 crochet d'oreille casque TWS sans fil écouteurs HiFi stéréo étanche casques LED affichage longue veille tactile écouteurs,5.79,EUR,4.5,"10,000+",https://www.aliexpress.com/item/1005007961638171.html,sourcing/C2-search-0.json,2026-09-03T14:39:08.320721+00:00,"C — liste de découverte, pertinence non garantie"
C2,tv wireless headphone,1005008965105486,Lunettes de randonnée Bluetooth lunettes intelligentes écoute stéréo casque sans fil Protection UV lentilles polarisées lunettes de soleil écouteurs,6.99,EUR,4.5,"10,000+",https://www.aliexpress.com/item/1005008965105486.html,sourcing/C2-search-0.json,2026-09-03T14:39:08.320721+00:00,"C — liste de découverte, pertinence non garantie"
C2,tv wireless headphone,1005009233727833,KZ EDX Pro écouteurs dynamique dans l'oreille moniteur HiFi filaire casque basse stéréo jeu musique bouchons d'oreilles suppression du bruit casque,6.89,EUR,4.8,"10,000+",https://www.aliexpress.com/item/1005009233727833.html,sourcing/C2-search-0.json,2026-09-03T14:39:08.320721+00:00,"C — liste de découverte, pertinence non garantie"
C2,optical headphone transmitter,1005010489718347,Beta62 casque directionnel cardioïde Microphone pour Sennheise G2 G3 G4 Audio Technica AKG Shure MiPro sans fil vente en gros 5000 pièces,159596.39,EUR,,,https://www.aliexpress.com/item/1005010489718347.html,sourcing/C2-search-1.json,2026-09-03T14:39:08.762051+00:00,"C — liste de découverte, pertinence non garantie"
C2,optical headphone transmitter,1005012697422506,"REKETESS TT106 Système de guide audio UHF 2,4 GHz avec écouteurs intra-auriculaires pour le tourisme, les églises, la traduction et les conférences",2027.39,EUR,,,https://www.aliexpress.com/item/1005012697422506.html,sourcing/C2-search-1.json,2026-09-03T14:39:08.762051+00:00,"C — liste de découverte, pertinence non garantie"
C2,optical headphone transmitter,1005009775888478,"Kit émetteur radio FM Premium pour campus et églises : Équipement de diffusion FM YXHT-2 350W, antenne 1 baie et câble de 30 m",2075.39,EUR,,7,https://www.aliexpress.com/item/1005009775888478.html,sourcing/C2-search-1.json,2026-09-03T14:39:08.762051+00:00,"C — liste de découverte, pertinence non garantie"
C2,optical headphone transmitter,1005011669678813,Casque supra-auriculaire à diaphragme planaire EFEP NAN-7 Gold - Casque audiophile haute sensibilité,1154.99,EUR,,6,https://www.aliexpress.com/item/1005011669678813.html,sourcing/C2-search-1.json,2026-09-03T14:39:08.762051+00:00,"C — liste de découverte, pertinence non garantie"
C2,optical headphone transmitter,1005006833733798,"MOONDROP COSMO-Téléphone ultra fin à l'échelle nanométrique, 100mm, pour sauna, planaire phare",1091.39,EUR,5.0,7,https://www.aliexpress.com/item/1005006833733798.html,sourcing/C2-search-1.json,2026-09-03T14:39:08.762051+00:00,"C — liste de découverte, pertinence non garantie"
C2,optical headphone transmitter,1005008395382938,"Amplificateur de casque DAC de bureau FiiO K17, audio haute résolution, AK4191, double AK4499EX, PEQ 31 bandes, MQA, DSD512, PCM768 avec télécommande",944.99,EUR,4.8,26,https://www.aliexpress.com/item/1005008395382938.html,sourcing/C2-search-1.json,2026-09-03T14:39:08.762051+00:00,"C — liste de découverte, pertinence non garantie"
C2,optical headphone transmitter,1005007622097151,Précommande des écouteurs intra-auriculaires THIEAUDIO Origin 1DD+4BA+2EST+1BC Quadbrid Hifi avec câble personnalisé amélioré pour audiophiles et musiciens,927.39,EUR,4.8,12,https://www.aliexpress.com/item/1005007622097151.html,sourcing/C2-search-1.json,2026-09-03T14:39:08.762051+00:00,"C — liste de découverte, pertinence non garantie"
C2,optical headphone transmitter,1005012321548671,"Aide auditive rechargeable Oticon Jet PX 2 MiniRITE AI DNN 48 canaux, programmation par ordinateur Bluetooth, pour pertes auditives légères à sévères",648.99,EUR,5.0,22,https://www.aliexpress.com/item/1005012321548671.html,sourcing/C2-search-1.json,2026-09-03T14:39:08.762051+00:00,"C — liste de découverte, pertinence non garantie"
C2,optical headphone transmitter,1005010651858303,"COMPTYCO A-10 Soudeuse par fusion de fibres optiques, 10 langues, écran tactile, FTTH, six moteurs, machine à fusion de fibres optiques intégrée avec VFL et OPM",741.39,EUR,,,https://www.aliexpress.com/item/1005010651858303.html,sourcing/C2-search-1.json,2026-09-03T14:39:08.762051+00:00,"C — liste de découverte, pertinence non garantie"
C2,optical headphone transmitter,1005009117920562,FiiO FT7 diaphragme doré dos ouvert 106mm grand casque planaire haute résolution Audio musique casque filaire 4.4mm grand corps en Fiber de carbone,763.99,EUR,5.0,8,https://www.aliexpress.com/item/1005009117920562.html,sourcing/C2-search-1.json,2026-09-03T14:39:08.762051+00:00,"C — liste de découverte, pertinence non garantie"
C2,optical headphone transmitter,1005009092195191,"Lecteur multimédia Bluetooth, unité principale pour Acura TL 2008 – 2012, Android 12.3 pouces, autoradio stéréo, Carplay, Navigation GPS, écran Qled",613.15,EUR,5.0,5,https://www.aliexpress.com/item/1005009092195191.html,sourcing/C2-search-1.json,2026-09-03T14:39:08.762051+00:00,"C — liste de découverte, pertinence non garantie"
C2,optical headphone transmitter,1005009567830027,"Casque audio Fosi Audio I5 à conception ouverte, à transducteurs magnétiques planaires, avec diaphragme de 97 mm, casque filaire professionnel Hi-Fi pour studio.",573.38,EUR,4.8,40,https://www.aliexpress.com/item/1005009567830027.html,sourcing/C2-search-1.json,2026-09-03T14:39:08.762051+00:00,"C — liste de découverte, pertinence non garantie"
C2,optical headphone transmitter,1005012111083497,Écouteurs intra-auriculaires hybrides TANGZU LIZHI Flagship avec diaphragme diamanté de 10 mm et câble détachable,615.99,EUR,5.0,36,https://www.aliexpress.com/item/1005012111083497.html,sourcing/C2-search-1.json,2026-09-03T14:39:08.762051+00:00,"C — liste de découverte, pertinence non garantie"
C2,optical headphone transmitter,1005010651339064,COMPTYCO KP800 OTDR 100KM 1310/1550/1625nm Outil de test de fibre optique Réflectomètre optique temporel intégré OPM VFL LED LS,615.39,EUR,,,https://www.aliexpress.com/item/1005010651339064.html,sourcing/C2-search-1.json,2026-09-03T14:39:08.762051+00:00,"C — liste de découverte, pertinence non garantie"
C2,optical headphone transmitter,1005012413645870,"COMPTYCO S-90 Épisseuse par fusion de fibres optiques à écran tactile multilingue, 6 moteurs, machine à fusion à chaud pour fibres optiques avec VFL et OPM intégrés",550.39,EUR,,,https://www.aliexpress.com/item/1005012413645870.html,sourcing/C2-search-1.json,2026-09-03T14:39:08.762051+00:00,"C — liste de découverte, pertinence non garantie"
C2,optical headphone transmitter,1005009120356295,SIMGOT EM10 HiFi écouteurs précommande 1DD + 8BA + 1PZT IEMs écouteurs filaires avec câble en cuivre plaqué argent Litz pour audiophiles,491.69,EUR,5.0,8,https://www.aliexpress.com/item/1005009120356295.html,sourcing/C2-search-1.json,2026-09-03T14:39:08.762051+00:00,"C — liste de découverte, pertinence non garantie"
C2,optical headphone transmitter,32755347424,"Écouteurs sans fil silencieux Chang Compete System, noir, pliable, fête, 20 ensembles de sauna",495.99,EUR,5.0,7,https://www.aliexpress.com/item/32755347424.html,sourcing/C2-search-1.json,2026-09-03T14:39:08.762051+00:00,"C — liste de découverte, pertinence non garantie"
C2,optical headphone transmitter,1005012222662158,"Casque d'audiométrie professionnel avec fiches 6,35 mm pour test auditif",512.79,EUR,,8,https://www.aliexpress.com/item/1005012222662158.html,sourcing/C2-search-1.json,2026-09-03T14:39:08.762051+00:00,"C — liste de découverte, pertinence non garantie"
C2,optical headphone transmitter,1005011890911395,"Câble de signal optique QBH pour laser à fibre, 20M, 50um, 3000W, pour sources laser Raycus, MAX, Reci, BWT, etc., refroidies à l'eau et à l'air",1289.39,EUR,,1,https://www.aliexpress.com/item/1005011890911395.html,sourcing/C2-search-1.json,2026-09-03T14:39:08.762051+00:00,"C — liste de découverte, pertinence non garantie"
C2,Retekess TA008,1005009681742524,AKKO TAC75 HE clavier à interrupteur magnétique 75% claviers de jeu déclencheur rapide 0.005mm 8K RGB filaire Esports clavier personnalisé pour Gamer,51.69,EUR,4.9,"2,000+",https://www.aliexpress.com/item/1005009681742524.html,sourcing/C2-search-10.json,2026-09-03T16:05:28.755578+00:00,"C — liste de découverte, pertinence non garantie"
C2,Retekess TA008,1005005225467394,Retekess V115 Radio Fm Am Portable Mini Radio Fm Numérique De Poche Rechargeable Enregistrer Petit Radio Avec Modulation De Fréquence Enceinte Stereo Minuterie De Sommeil Enregistreur Support De La Carte TF pour cadeau,23.39,EUR,4.8,"1,000+",https://www.aliexpress.com/item/1005005225467394.html,sourcing/C2-search-10.json,2026-09-03T16:05:28.755578+00:00,"C — liste de découverte, pertinence non garantie"
C2,Retekess TA008,32696764096,RETEKESS V115 Radio portable radio rechargeable AM FM récepteur multifonctionnel à ondes courtes Bon son pour le camping et comme cadeau,24.90,EUR,4.9,500+,https://www.aliexpress.com/item/32696764096.html,sourcing/C2-search-10.json,2026-09-03T16:05:28.755578+00:00,"C — liste de découverte, pertinence non garantie"
C2,Retekess TA008,1005008324243654,"DTC Remover pour KESS KTAG FGTAone OBD2, logiciel MTX DTC 1.8.pig avec Keygen + 9 ECU supplémentaire, logiciel de réglage, 2025",6.09,EUR,4.6,298,https://www.aliexpress.com/item/1005008324243654.html,sourcing/C2-search-10.json,2026-09-03T16:05:28.755578+00:00,"C — liste de découverte, pertinence non garantie"
C2,Retekess TA008,1005006014112328,RETEVIS HK006 IP54 Microphone étanche talkie-walkie micro haut-parleur d'épaule PTT pour Kenwood Baofeng UV-5R Quansheng UV K5 UV K6,8.10,EUR,4.9,258,https://www.aliexpress.com/item/1005006014112328.html,sourcing/C2-search-10.json,2026-09-03T16:05:28.755578+00:00,"C — liste de découverte, pertinence non garantie"
C2,Retekess TA008,1005011895828704,KESS V2.80 V5.017 KTAG 4LED V7.020 V2.25 Illimité KTAG 4LED V7.020 V2.25 en ligne PCB rouge sans token OBD2 Manager V2 Programmeur ECU,51.39,EUR,4.5,185,https://www.aliexpress.com/item/1005011895828704.html,sourcing/C2-search-10.json,2026-09-03T16:05:28.755578+00:00,"C — liste de découverte, pertinence non garantie"
C2,Retekess TA008,1005006854121417,Twotrees 80w Laser Enagraver Lentille De Remplacement Pour TTS-55 PRO/TTS-10 PRO/TTS-20 PRO/TS2-10W/TS2-20W Laser Machine De Gravure,4.99,EUR,4.8,155,https://www.aliexpress.com/item/1005006854121417.html,sourcing/C2-search-10.json,2026-09-03T16:05:28.755578+00:00,"C — liste de découverte, pertinence non garantie"
C2,Retekess TA008,1005008281645629,"Filtre Murata rouge ue en ligne Kess V2 V2.80 V5.017 et KTAG V7.020 4 LED OBD2, Kit de réglage de puces ECU pour voiture et camion, réparation illimitée Ki",100.39,EUR,4.4,136,https://www.aliexpress.com/item/1005008281645629.html,sourcing/C2-search-10.json,2026-09-03T16:05:28.755578+00:00,"C — liste de découverte, pertinence non garantie"
C2,Retekess TA008,1005011895915630,Kit de réglage de puce ECU pour voitures et camions 2026 Kess V2 V5.017 V2.80 OBD2 OBD 2 avec boîte à outils de réparation illimitée et outil de flash ECU en ligne 2.80,70.99,EUR,4.3,99,https://www.aliexpress.com/item/1005011895915630.html,sourcing/C2-search-10.json,2026-09-03T16:05:28.755578+00:00,"C — liste de découverte, pertinence non garantie"
C2,Retekess TA008,4000509951188,En ligne illimité Kess ECU Master 2.80 5.017 K-TAG V2.25 V7.020 Kit de réglage de gestionnaire OBD2 à puce complète KSuite 2.7 KTAG 2.25 programmeur,55.99,EUR,4.7,84,https://www.aliexpress.com/item/4000509951188.html,sourcing/C2-search-10.json,2026-09-03T16:05:28.755578+00:00,"C — liste de découverte, pertinence non garantie"
C2,Retekess TA008,1005011868155942,"2026 EU Red Kess V2 V5.017 Online 2.80 KTAG 7.020 2.25 avec filtre Murata OBD 2 pour voiture et camion, kit de réglage de puce ECU et de réparation illimitée",70.99,EUR,4.3,79,https://www.aliexpress.com/item/1005011868155942.html,sourcing/C2-search-10.json,2026-09-03T16:05:28.755578+00:00,"C — liste de découverte, pertinence non garantie"
C2,Retekess TA008,1005012281190051,A+++ Version UE KESS V2 V5.017 KTAG V7.020 Outil de programmation ECU OBD2 BDM Programmeur ECU pour voiture et camion Kess Ktag,57.69,EUR,4.9,69,https://www.aliexpress.com/item/1005012281190051.html,sourcing/C2-search-10.json,2026-09-03T16:05:28.755578+00:00,"C — liste de découverte, pertinence non garantie"
C2,Retekess TA008,1005006403293033,10PCS Original LTK8002D LTK8002E HAA8002D LTK5128D 8002A HAA2018 MIX2018A Puce IC d'amplificateur de puissance audio haut de gamme de classe AB,0.98,EUR,4.9,74,https://www.aliexpress.com/item/1005006403293033.html,sourcing/C2-search-10.json,2026-09-03T16:05:28.755578+00:00,"C — liste de découverte, pertinence non garantie"
C2,Retekess TA008,32468124364,"TZT – clavier matriciel à matrice 1x4, 4x4, 4, 12, 16, 20 touches, 1x4, 3x4, 4x4, 4x5, interrupteur à Membrane, pour voiture intelligente arduino",0.47,EUR,4.8,71,https://www.aliexpress.com/item/32468124364.html,sourcing/C2-search-10.json,2026-09-03T16:05:28.755578+00:00,"C — liste de découverte, pertinence non garantie"
C2,Retekess TA008,32419675507,RETEVIS-Oreillette PTT pour Baofeng UV 5R Quansheng UV K5 UV K6 K58 pour Kenwood,11.96,EUR,5.0,68,https://www.aliexpress.com/item/32419675507.html,sourcing/C2-search-10.json,2026-09-03T16:05:28.755578+00:00,"C — liste de découverte, pertinence non garantie"
C2,Retekess TA008,1005008988441228,"Akko – testeur de commutateurs linéaires/Taciles/silencieux, 16 pièces, pour personnaliser les accessoires de clavier de jeu mécanique, lubrifié en usine",14.69,EUR,4.5,65,https://www.aliexpress.com/item/1005008988441228.html,sourcing/C2-search-10.json,2026-09-03T16:05:28.755578+00:00,"C — liste de découverte, pertinence non garantie"
C2,Retekess TA008,1005009926190262,"Kit de réglage de la puce ECU KESS V2 en ligne illimité pour l'UE, KESS V5.017 2.80, K Tag V7.020, outil de programmation ECU de voiture OBD2",71.39,EUR,4.7,58,https://www.aliexpress.com/item/1005009926190262.html,sourcing/C2-search-10.json,2026-09-03T16:05:28.755578+00:00,"C — liste de découverte, pertinence non garantie"
C2,Retekess TA008,1005008562502167,KTAG V7.020 V2.25 rouge PCB rouge programmeur ECU européen Points illimités en réseau en ligne KESS V5.017 K-TAG 7.020 réglage OBD2,47.59,EUR,4.4,58,https://www.aliexpress.com/item/1005008562502167.html,sourcing/C2-search-10.json,2026-09-03T16:05:28.755578+00:00,"C — liste de découverte, pertinence non garantie"
C2,Retekess TA008,1005009089158655,"Module émetteur Laser KY-008 650nm avec Module de capteur Laser, Kit de Module récepteur Laser à Tube Non modulateur pour Arduino",1.59,EUR,5.0,59,https://www.aliexpress.com/item/1005009089158655.html,sourcing/C2-search-10.json,2026-09-03T16:05:28.755578+00:00,"C — liste de découverte, pertinence non garantie"
C2,Retekess TA008,1005009834472238,RK ROYAL KLUDGE R98Pro bouton enfichable clavier mécanique filaire 98 touches joint rvb clavier de jeu échangeable à chaud MDA Keycaps,69.99,EUR,5.0,55,https://www.aliexpress.com/item/1005009834472238.html,sourcing/C2-search-10.json,2026-09-03T16:05:28.755578+00:00,"C — liste de découverte, pertinence non garantie"
C2,Avantree HT5009,1005011579560039,"Feux avant automatiques pour Honda Fit GR9 2021-2024, ensemble de phares LED pour voiture, mise à niveau avec double lentille de projecteur, accessoires d'éclairage dynamique",707.99,EUR,,,https://www.aliexpress.com/item/1005011579560039.html,sourcing/C2-search-2.json,2026-09-03T14:44:12.274709+00:00,"C — liste de découverte, pertinence non garantie"
C2,Avantree HT5009,1005009006299922,"Ensemble de phares avant de voiture, mise à niveau, accessoires de phare LED, double lentille de projecteur, clignotant, pour Hyundai Sonata 9 2015 – 2018",587.99,EUR,,,https://www.aliexpress.com/item/1005009006299922.html,sourcing/C2-search-2.json,2026-09-03T14:44:12.274709+00:00,"C — liste de découverte, pertinence non garantie"
C2,Avantree HT5009,1005010660747762,Ensemble différentiel arrière pour Honda Fourtrax Rancher ATV420 TRX420FE/FM/FPE ES4x4 07-13 41300-HP5-600 41300HP5600 PQY-SDC14,348.39,EUR,,,https://www.aliexpress.com/item/1005010660747762.html,sourcing/C2-search-2.json,2026-09-03T14:44:12.274709+00:00,"C — liste de découverte, pertinence non garantie"
C2,Avantree HT5009,1005010478318461,"Chargeur EV portable Feyree 3,5 kW 16A Type 2 |   Écran tactile de 4,3 pouces, contrôle par application WiFi, historique des charges |   Câble de 5 m pour véhicule électrique",223.99,EUR,5.0,16,https://www.aliexpress.com/item/1005010478318461.html,sourcing/C2-search-2.json,2026-09-03T14:44:12.274709+00:00,"C — liste de découverte, pertinence non garantie"
C2,Avantree HT5009,1005010785163815,"Vélo électrique Ebike H9 500W/1000W 48V, vélo électrique à pneus gras 20X4.0 pouces, vélo électrique de ville et de montagne",206.69,EUR,,3,https://www.aliexpress.com/item/1005010785163815.html,sourcing/C2-search-2.json,2026-09-03T14:44:12.274709+00:00,"C — liste de découverte, pertinence non garantie"
C2,Avantree HT5009,1005008734469746,Topteng KIT de vues de culasse pour HONDA TRX420 TRX500 SXS500 2009-2024 12200-HP7-A01,180.39,EUR,,,https://www.aliexpress.com/item/1005008734469746.html,sourcing/C2-search-2.json,2026-09-03T14:44:12.274709+00:00,"C — liste de découverte, pertinence non garantie"
C2,Avantree HT5009,1005010275877266,Nouveau filtre à Air avant HEPA 1045566-00-H 104556600H pour Tesla modèle X 2016-2020,145.52,EUR,,,https://www.aliexpress.com/item/1005010275877266.html,sourcing/C2-search-2.json,2026-09-03T14:44:12.274709+00:00,"C — liste de découverte, pertinence non garantie"
C2,Avantree HT5009,1005009620335914,【Hantek Officiel Authentique】 Sonde différentielle Hantek HT8100 HT8050 100Mhz/50M ±1300V pour oscilloscope à isolation haute tension vers BNC,193.39,EUR,5.0,30,https://www.aliexpress.com/item/1005009620335914.html,sourcing/C2-search-2.json,2026-09-03T14:44:12.274709+00:00,"C — liste de découverte, pertinence non garantie"
C2,Avantree HT5009,1005008820611434,Kit de soupapes de culasse Artudatech pour Honda Pioneer 500 SXS500 2015-2023 12200-HP7-A01,163.99,EUR,,,https://www.aliexpress.com/item/1005008820611434.html,sourcing/C2-search-2.json,2026-09-03T14:44:12.274709+00:00,"C — liste de découverte, pertinence non garantie"
C2,Avantree HT5009,1005010648136946,"Ensemble de phares LED pour motos, E9-Mark, pour BMW R1200GS 1200GSR R 1200 GS 2004-2012 R1200GS ADV 2005 – 2013, lampe frontale avant",131.69,EUR,4.7,71,https://www.aliexpress.com/item/1005010648136946.html,sourcing/C2-search-2.json,2026-09-03T14:44:12.274709+00:00,"C — liste de découverte, pertinence non garantie"
C2,Avantree HT5009,1005009932766917,Pour Honda CB500F CB750 Hornet moto CNC course Rearset repose-pieds ensemble arrière CBR500R PC62 (2021-2024),135.99,EUR,5.0,16,https://www.aliexpress.com/item/1005009932766917.html,sourcing/C2-search-2.json,2026-09-03T14:44:12.274709+00:00,"C — liste de découverte, pertinence non garantie"
C2,Avantree HT5009,1005010299451192,Hantek 1008C HT201 8 canaux générateur Programmable Oscilloscope automobile Portable stockage PC numérique Oscilloscope automobile,138.69,EUR,5.0,4,https://www.aliexpress.com/item/1005010299451192.html,sourcing/C2-search-2.json,2026-09-03T14:44:12.274709+00:00,"C — liste de découverte, pertinence non garantie"
C2,Avantree HT5009,1005012213097444,Poignées chauffantes d'origine 2024 et plus pour CFMOTO CForce X8 X10 CF800AU CF1000A 500 800 1000 CF800AU CF500ATR 9AWV-808100-8001,132.99,EUR,5.0,18,https://www.aliexpress.com/item/1005012213097444.html,sourcing/C2-search-2.json,2026-09-03T14:44:12.274709+00:00,"C — liste de découverte, pertinence non garantie"
C2,Avantree HT5009,1005011799222373,Les commutateurs auxiliaires P9FD Type lourd 50A adaptés aux modèles wildtraks améliorent le contrôle électrique pour accès,122.99,EUR,,3,https://www.aliexpress.com/item/1005011799222373.html,sourcing/C2-search-2.json,2026-09-03T14:44:12.274709+00:00,"C — liste de découverte, pertinence non garantie"
C2,Avantree HT5009,1005012403855200,Filtre hydraulique CH1247T compatible avec HENGTE HT80-8,113.69,EUR,,,https://www.aliexpress.com/item/1005012403855200.html,sourcing/C2-search-2.json,2026-09-03T14:44:12.274709+00:00,"C — liste de découverte, pertinence non garantie"
C2,Avantree HT5009,1005003890950714,Kit d'amortisseurs avant ou arrière CF 500 450 400AU X5 520 550 600 X6 Goes ATV 9010-050600-1000 9010-060600-1000,120.69,EUR,5.0,11,https://www.aliexpress.com/item/1005003890950714.html,sourcing/C2-search-2.json,2026-09-03T14:44:12.274709+00:00,"C — liste de découverte, pertinence non garantie"
C2,Avantree HT5009,1005010420341787,Haute qualité nouveau pour 12100-HR0-F00 TRX500 FOREMAN 12-19 RUBICON 15-19 pour HONDA 12-19 KIT de extrémité supérieure avec cylindre,116.15,EUR,5.0,10,https://www.aliexpress.com/item/1005010420341787.html,sourcing/C2-search-2.json,2026-09-03T14:44:12.274709+00:00,"C — liste de découverte, pertinence non garantie"
C2,Avantree HT5009,1005007375699711,"Carburateur pour Honda Foreman, Rubicon 500, TRX500, FA, FPA, 2001-2014, 16par, HN2-013",67.46,EUR,,,https://www.aliexpress.com/item/1005007375699711.html,sourcing/C2-search-2.json,2026-09-03T14:44:12.274709+00:00,"C — liste de découverte, pertinence non garantie"
C2,Avantree HT5009,1005008902943100,SEQURE HT140 pince à dessouder fer à souder Portable 2 en 1 avec Kit d'accessoires de fil GND de 1.8m,102.69,EUR,4.8,194,https://www.aliexpress.com/item/1005008902943100.html,sourcing/C2-search-2.json,2026-09-03T14:44:12.274709+00:00,"C — liste de découverte, pertinence non garantie"
C2,Avantree HT5009,1005005976374352,"Repose-pieds arrière réglable CNC, pédale pour Honda CBR929RR CBR954RR CBR 929 954 RR Fireblade SC44 SC50 2000-2003 2001 2002",98.39,EUR,4.5,6,https://www.aliexpress.com/item/1005005976374352.html,sourcing/C2-search-2.json,2026-09-03T14:44:12.274709+00:00,"C — liste de découverte, pertinence non garantie"
C2,retekess TV headphones,1005010489718347,Beta62 casque directionnel cardioïde Microphone pour Sennheise G2 G3 G4 Audio Technica AKG Shure MiPro sans fil vente en gros 5000 pièces,159596.39,EUR,,,https://www.aliexpress.com/item/1005010489718347.html,sourcing/C2-search-3.json,2026-09-03T14:44:22.763723+00:00,"C — liste de découverte, pertinence non garantie"
C2,retekess TV headphones,1005012697422506,"REKETESS TT106 Système de guide audio UHF 2,4 GHz avec écouteurs intra-auriculaires pour le tourisme, les églises, la traduction et les conférences",2027.39,EUR,,,https://www.aliexpress.com/item/1005012697422506.html,sourcing/C2-search-3.json,2026-09-03T14:44:22.763723+00:00,"C — liste de découverte, pertinence non garantie"
C2,retekess TV headphones,1005008176421387,"THIEAUDIO-Écouteurs intra-auriculaires Valhalla 19, avec système de basses de précision, pour Audiophiles et Musiciens",2183.69,EUR,5.0,20,https://www.aliexpress.com/item/1005008176421387.html,sourcing/C2-search-3.json,2026-09-03T14:44:22.763723+00:00,"C — liste de découverte, pertinence non garantie"
C2,retekess TV headphones,1005009921258338,AFUL DAWN-X écouteurs phare 1DD + 8BA + 4EST + 1BC pilotes hybrides moniteur intra-auriculaire écouteur avec câble en cuivre monocristallin 6N,1277.99,EUR,5.0,37,https://www.aliexpress.com/item/1005009921258338.html,sourcing/C2-search-3.json,2026-09-03T14:44:22.763723+00:00,"C — liste de découverte, pertinence non garantie"
C2,retekess TV headphones,1005010730560996,"Casque audio circum-auriculaire EFEP à diaphragme planaire ouvert, avec le même transducteur que le Suvara, nouveau et amélioré, modèle Serene NAN-7",1122.39,EUR,5.0,52,https://www.aliexpress.com/item/1005010730560996.html,sourcing/C2-search-3.json,2026-09-03T14:44:22.763723+00:00,"C — liste de découverte, pertinence non garantie"
C2,retekess TV headphones,1005009249626540,Précommande Thieaudio Monarch MKIV 2DD + 6BA + 2EST écouteurs Hifi IEM phare avec Construction en aluminium de qualité avion T6,1255.39,EUR,5.0,42,https://www.aliexpress.com/item/1005009249626540.html,sourcing/C2-search-3.json,2026-09-03T14:44:22.763723+00:00,"C — liste de découverte, pertinence non garantie"
C2,retekess TV headphones,1005009010764293,Modèle de casque personnalisé personnalisé de 3X3 mètres pour les promotions et les événements de musique,1073.39,EUR,,,https://www.aliexpress.com/item/1005009010764293.html,sourcing/C2-search-3.json,2026-09-03T14:44:22.763723+00:00,"C — liste de découverte, pertinence non garantie"
C2,retekess TV headphones,1005005851865649,"Vention HIFI-Câble pour écouteurs, service après-vente uniquement, veuillez ne pas passer commande sans notre autorisation, merci de votre compréhension",1091.39,EUR,5.0,8,https://www.aliexpress.com/item/1005005851865649.html,sourcing/C2-search-3.json,2026-09-03T14:44:22.763723+00:00,"C — liste de découverte, pertinence non garantie"
C2,retekess TV headphones,1005010726526462,"Casque audio pleine taille HiFi MOONDROP SKYLAND à conception ouverte avec transducteur planaire breveté de 100 mm et câble interchangeable double 3,5 mm",873.99,EUR,4.9,24,https://www.aliexpress.com/item/1005010726526462.html,sourcing/C2-search-3.json,2026-09-03T14:44:22.763723+00:00,"C — liste de découverte, pertinence non garantie"
C2,retekess TV headphones,1005011954659622,"Boîtier rack 4U, Flight Case ATA robuste en aluminium et contreplaqué pour Sennheiser G3, Novastar VX600, VX1000, mixeurs, microphones",734.69,EUR,,,https://www.aliexpress.com/item/1005011954659622.html,sourcing/C2-search-3.json,2026-09-03T14:44:22.763723+00:00,"C — liste de découverte, pertinence non garantie"
C2,retekess TV headphones,1005009117920562,FiiO FT7 diaphragme doré dos ouvert 106mm grand casque planaire haute résolution Audio musique casque filaire 4.4mm grand corps en Fiber de carbone,763.99,EUR,5.0,8,https://www.aliexpress.com/item/1005009117920562.html,sourcing/C2-search-3.json,2026-09-03T14:44:22.763723+00:00,"C — liste de découverte, pertinence non garantie"
C2,retekess TV headphones,1005009567830027,"Casque audio Fosi Audio I5 à conception ouverte, à transducteurs magnétiques planaires, avec diaphragme de 97 mm, casque filaire professionnel Hi-Fi pour studio.",573.38,EUR,4.8,40,https://www.aliexpress.com/item/1005009567830027.html,sourcing/C2-search-3.json,2026-09-03T14:44:22.763723+00:00,"C — liste de découverte, pertinence non garantie"
C2,retekess TV headphones,1005012402409173,"Écouteurs intra-auriculaires Softears EDGE avec transducteur dynamique de 11 mm, structure labyrinthe, prise 4,4 mm, câble 2 broches 0,78 mm",541.39,EUR,,6,https://www.aliexpress.com/item/1005012402409173.html,sourcing/C2-search-3.json,2026-09-03T14:44:22.763723+00:00,"C — liste de découverte, pertinence non garantie"
C2,retekess TV headphones,1005011762315516,"Écouteurs intra-auriculaires HiFi Sound Rhyme SR10 avec double transducteur dynamique à membrane PU+LCP de 10 mm, moniteurs de musique IEM",423.99,EUR,,9,https://www.aliexpress.com/item/1005011762315516.html,sourcing/C2-search-3.json,2026-09-03T14:44:22.763723+00:00,"C — liste de découverte, pertinence non garantie"
C2,retekess TV headphones,1005010272825843,Son Rhyme SR10 écouteurs intra-auriculaires HiFi 2DD + 4BA + 4PB haute qualité bobine Hifi fer 0.78mm 2Pin 2.5 + 3.5 + 4.4mm prise musique écouteur,413.99,EUR,4.8,8,https://www.aliexpress.com/item/1005010272825843.html,sourcing/C2-search-3.json,2026-09-03T14:44:22.763723+00:00,"C — liste de découverte, pertinence non garantie"
C2,retekess TV headphones,32755347424,"Écouteurs sans fil silencieux Chang Compete System, noir, pliable, fête, 20 ensembles de sauna",495.99,EUR,5.0,7,https://www.aliexpress.com/item/32755347424.html,sourcing/C2-search-3.json,2026-09-03T14:44:22.763723+00:00,"C — liste de découverte, pertinence non garantie"
C2,retekess TV headphones,1005012222662158,"Casque d'audiométrie professionnel avec fiches 6,35 mm pour test auditif",512.79,EUR,,8,https://www.aliexpress.com/item/1005012222662158.html,sourcing/C2-search-3.json,2026-09-03T14:44:22.763723+00:00,"C — liste de découverte, pertinence non garantie"
C2,retekess TV headphones,1005013021757669,"Écouteurs intra-auriculaires D222 IEM, moniteurs intra-auriculaires, écouteurs filaires Hi-Fi, casque hybride à conduction osseuse avec transducteur planaire, connecteurs 2pin 0.78 IEMs",721.99,EUR,,2,https://www.aliexpress.com/item/1005013021757669.html,sourcing/C2-search-3.json,2026-09-03T14:44:22.763723+00:00,"C — liste de découverte, pertinence non garantie"
C2,retekess TV headphones,1005012321724044,"Aides auditives rechargeables Oticon Jet PX 2 MiniRITE, 48 canaux programmables, aide auditive Bluetooth, prise en charge de la réglage par téléphone mobile",372.99,EUR,,8,https://www.aliexpress.com/item/1005012321724044.html,sourcing/C2-search-3.json,2026-09-03T14:44:22.763723+00:00,"C — liste de découverte, pertinence non garantie"
C2,RETEKESS,1005005225467394,Retekess V115 Radio Fm Am Portable Mini Radio Fm Numérique De Poche Rechargeable Enregistrer Petit Radio Avec Modulation De Fréquence Enceinte Stereo Minuterie De Sommeil Enregistreur Support De La Carte TF pour cadeau,23.39,EUR,4.8,"1,000+",https://www.aliexpress.com/item/1005005225467394.html,sourcing/C2-search-4.json,2026-09-03T14:45:53.313232+00:00,"C — liste de découverte, pertinence non garantie"
C2,RETEKESS,32696764096,RETEKESS V115 Radio portable radio rechargeable AM FM récepteur multifonctionnel à ondes courtes Bon son pour le camping et comme cadeau,24.90,EUR,4.9,500+,https://www.aliexpress.com/item/32696764096.html,sourcing/C2-search-4.json,2026-09-03T14:45:53.313232+00:00,"C — liste de découverte, pertinence non garantie"
C2,RETEKESS,32598291249,Illimité 2.80 EU rouge KTAG V7.020 4 LED 2.25 SW en ligne KESS V5.017 K-TAG 7.020 Master KESS 5.017 OBD2 Tricore ECU outil de réparation,59.99,EUR,4.7,373,https://www.aliexpress.com/item/32598291249.html,sourcing/C2-search-4.json,2026-09-03T14:45:53.313232+00:00,"C — liste de découverte, pertinence non garantie"
C2,RETEKESS,1005006899950323,Retekess TR606 Radio de lecture à Cassette blanche FM/AM enregistreur vocal Portable prise en charge de l'enregistrement de Microphone intégré/externe USB C,25.79,EUR,4.9,99,https://www.aliexpress.com/item/1005006899950323.html,sourcing/C2-search-4.json,2026-09-03T14:45:53.313232+00:00,"C — liste de découverte, pertinence non garantie"
C2,RETEKESS,1005011868155942,"2026 EU Red Kess V2 V5.017 Online 2.80 KTAG 7.020 2.25 avec filtre Murata OBD 2 pour voiture et camion, kit de réglage de puce ECU et de réparation illimitée",70.99,EUR,4.3,77,https://www.aliexpress.com/item/1005011868155942.html,sourcing/C2-search-4.json,2026-09-03T14:45:53.313232+00:00,"C — liste de découverte, pertinence non garantie"
C2,RETEKESS,1005009926190262,"Kit de réglage de la puce ECU KESS V2 en ligne illimité pour l'UE, KESS V5.017 2.80, K Tag V7.020, outil de programmation ECU de voiture OBD2",71.39,EUR,4.7,58,https://www.aliexpress.com/item/1005009926190262.html,sourcing/C2-search-4.json,2026-09-03T14:45:53.313232+00:00,"C — liste de découverte, pertinence non garantie"
C2,RETEKESS,1005008714560129,"Outils de programmation ECU EU Red Kess V2 V5.017 Online 2.80 et KTAG 7.020 2.25, outils de réglage OBD2, programmeur ECU Kess Ktag Carton",95.01,EUR,4.4,31,https://www.aliexpress.com/item/1005008714560129.html,sourcing/C2-search-4.json,2026-09-03T14:45:53.313232+00:00,"C — liste de découverte, pertinence non garantie"
C2,RETEKESS,1005007223398906,Filtre Murata Kess V2 V5.017 en ligne 2.80 EU rouge KTAG 7.020 2.25 OBD2 OBD 2 Kit de réglage de puce ECU pour camions de voiture Kit de réparation illimité,89.39,EUR,4.3,12,https://www.aliexpress.com/item/1005007223398906.html,sourcing/C2-search-4.json,2026-09-03T14:45:53.313232+00:00,"C — liste de découverte, pertinence non garantie"
C2,RETEKESS,1005007393691553,KESS V2.80 EU rouge KTAG V5.017 4 LED 2.25 SW en ligne illimité KESS K-TAG 7.020 Master KESS 5.017 OBD2 Tricore ECU outil de réparation,62.39,EUR,3.7,14,https://www.aliexpress.com/item/1005007393691553.html,sourcing/C2-search-4.json,2026-09-03T14:45:53.313232+00:00,"C — liste de découverte, pertinence non garantie"
C2,RETEKESS,1005010317317965,"Dernier logiciel de réparation KESS V2.80 2024 pour Kess V5.017 Ksuite 2.53 2.47 Ktag V2.25, Version en ligne, outil de réglage de puce maître ECU",3.99,EUR,,8,https://www.aliexpress.com/item/1005010317317965.html,sourcing/C2-search-4.json,2026-09-03T14:45:53.313232+00:00,"C — liste de découverte, pertinence non garantie"
C2,RETEKESS,1005008247048532,"Kit de réparation illimité avec boîte à outils, en ligne EU Red Kess V2 V5.017 en ligne 2.80 KTAG 7.020 2.25 OBD 2 voiture camions ECU Chip Tuning",52.39,EUR,5.0,4,https://www.aliexpress.com/item/1005008247048532.html,sourcing/C2-search-4.json,2026-09-03T14:45:53.313232+00:00,"C — liste de découverte, pertinence non garantie"
C2,RETEKESS,1005005905332784,Ensemble complet en ligne Kess V5.017 rouge EU kess ksuite 2.80 outil de puce ECU sans jeton 7.020 programmeur maître V2.25,150.69,EUR,2.3,2,https://www.aliexpress.com/item/1005005905332784.html,sourcing/C2-search-4.json,2026-09-03T14:45:53.313232+00:00,"C — liste de découverte, pertinence non garantie"
C2,RETEKESS,1005011645994163,Nouveau produit phare 2026 : Clone KESS & KTAG avec logiciel Ksuite 2.80 pour programmeur ECU Kess V5.017 et outil de reprogrammation de puces ECU,9.79,EUR,,3,https://www.aliexpress.com/item/1005011645994163.html,sourcing/C2-search-4.json,2026-09-03T14:45:53.313232+00:00,"C — liste de découverte, pertinence non garantie"
C2,RETEKESS,1005012758693711,Dernier logiciel de réparation KESS V2.80 2026 pour Kess V5.017 Ksuite 2.53 2.47 Ktag V2.25 Version en ligne Outil de réglage de puce ECU Master,5.99,EUR,,1,https://www.aliexpress.com/item/1005012758693711.html,sourcing/C2-search-4.json,2026-09-03T14:45:53.313232+00:00,"C — liste de découverte, pertinence non garantie"
C2,RETEKESS,1005007905032351,Retekess TR606 Radio de lecture à Cassette blanche FM/AM enregistreur vocal Portable prise en charge de l'enregistrement de Microphone intégré/externe USB C,21.59,EUR,4.9,178,https://www.aliexpress.com/item/1005007905032351.html,sourcing/C2-search-4.json,2026-09-03T14:45:53.313232+00:00,"C — liste de découverte, pertinence non garantie"
C2,RETEKESS,32823033342,Retevis EEK020 talkie-walkie casque nouveau type C écouteur talkie-walkie accessoires RTT pour Retevis RT23,6.99,EUR,0.0,,https://www.aliexpress.com/item/32823033342.html,sourcing/C2-search-4.json,2026-09-03T14:45:53.313232+00:00,"C — liste de découverte, pertinence non garantie"
C2,RETEKESS,1005012952645390,2026 Online EU Red Kess V2 V5.017 2.80 KTAG 7.020 2.25 avec filtre Murata OBD 2 Kit de réparation illimité pour le tuning de la puce ECU de voiture et de camion,100.69,EUR,,,https://www.aliexpress.com/item/1005012952645390.html,sourcing/C2-search-4.json,2026-09-03T14:45:53.313232+00:00,"C — liste de découverte, pertinence non garantie"
C2,RETEKESS,1005004824962506,"Radio portable RETEKESS V115 FM AM SW, radio rechargeable, batteries, bandes multiples, enregistreur USB, haut-parleur pour personnes âgées TX32",23.79,EUR,4.7,488,https://www.aliexpress.com/item/1005004824962506.html,sourcing/C2-search-4.json,2026-09-03T14:45:53.313232+00:00,"C — liste de découverte, pertinence non garantie"
C2,RETEKESS,1005005857697514,"Retekess TR111 Radio FM portable à ondes courtes, mini radio amateur, MW,SW, VHF, WB recepteur radio toutes bandes radioamateurs, Haut-parleur stéréo portable numérique,réveil,compatible con tarjeta TF,alarma SOS",63.99,EUR,4.9,471,https://www.aliexpress.com/item/1005005857697514.html,sourcing/C2-search-4.json,2026-09-03T14:45:53.313232+00:00,"C — liste de découverte, pertinence non garantie"
C6,titanium frying pan,1005006136022078,"Papier jetable pour friteuse à Air, 50 pièces, absorbant l'huile et Anti-huile, plateau en papier antiadhésif, tampon de cuisson, grande ténacité carrée",2.79,EUR,4.6,"5,000+",https://www.aliexpress.com/item/1005006136022078.html,sourcing/C6-search-0.json,2026-09-03T14:39:17.329866+00:00,"C — liste de découverte, pertinence non garantie"
C6,titanium frying pan,1005007227955123,"Maille résistante à l'huile en acier inoxydable, protection anti-éclaboussures, Gadget de cuisine, couvercle d'huile anti-éclaboussures, couvercle de Pot en maille, poêle à frire",3.79,EUR,4.6,"5,000+",https://www.aliexpress.com/item/1005007227955123.html,sourcing/C6-search-0.json,2026-09-03T14:39:17.329866+00:00,"C — liste de découverte, pertinence non garantie"
C6,titanium frying pan,1005007287183369,BrS-3000T titane Mini Camping brûleurs à gaz 25g une pièce cuisinière de poche en plein air randonnée pliant four de cuisson Portable ﻿,16.89,EUR,4.8,"5,000+",https://www.aliexpress.com/item/1005007287183369.html,sourcing/C6-search-0.json,2026-09-03T14:39:17.329866+00:00,"C — liste de découverte, pertinence non garantie"
C6,titanium frying pan,1005007464237310,"Mini poêle à frire en acier antiadhésif, marmite à frire, casserole pour ustensiles de cuisine, ustensiles de cuisine, outils pour œufs, 12cm, 14cm, 16cm",4.49,EUR,4.1,"4,000+",https://www.aliexpress.com/item/1005007464237310.html,sourcing/C6-search-0.json,2026-09-03T14:39:17.329866+00:00,"C — liste de découverte, pertinence non garantie"
C6,titanium frying pan,1005007038003022,"Cure-dents en titane portables, porte-cure-dents de poche en métal, pique-nique en plein air Camping, pratique, haute qualité",2.02,EUR,4.7,"4,000+",https://www.aliexpress.com/item/1005007038003022.html,sourcing/C6-search-0.json,2026-09-03T14:39:17.329866+00:00,"C — liste de découverte, pertinence non garantie"
C6,titanium frying pan,1005009886265850,"Pincettes précises en alliage de titane, outil professionnel de réparation de téléphone, pincettes à fil volant à empreintes digitales, pinces électroniques antimagnétiques",6.89,EUR,4.9,"4,000+",https://www.aliexpress.com/item/1005009886265850.html,sourcing/C6-search-0.json,2026-09-03T14:39:17.329866+00:00,"C — liste de découverte, pertinence non garantie"
C6,titanium frying pan,1005007989133428,Tiartisan extérieur titane léger Portable thé tasse à café poignée pliante Camping tasse d'eau pour randonnée voyage,12.49,EUR,4.9,"3,000+",https://www.aliexpress.com/item/1005007989133428.html,sourcing/C6-search-0.json,2026-09-03T14:39:17.329866+00:00,"C — liste de découverte, pertinence non garantie"
C6,titanium frying pan,1005008543922738,"Pincettes de précision en alliage de titane, pour réparation électronique professionnelle, ligne de mouche Anti-magnétique, pince de carte mère de téléphone",4.89,EUR,4.9,"3,000+",https://www.aliexpress.com/item/1005008543922738.html,sourcing/C6-search-0.json,2026-09-03T14:39:17.329866+00:00,"C — liste de découverte, pertinence non garantie"
C6,titanium frying pan,1005006721984601,"Doublure de poêle en silicone réutilisable pour friteuse à air, accessoires de cuisson au four, pizza frite, panier en silicone jetable, 1PC",3.99,EUR,4.7,"2,000+",https://www.aliexpress.com/item/1005006721984601.html,sourcing/C6-search-0.json,2026-09-03T14:39:17.329866+00:00,"C — liste de découverte, pertinence non garantie"
C6,titanium frying pan,1005009575210094,"Pince à barbecue en titane, Voyage sans limites, pince alimentaire ultralégère, résistante à la chaleur et à la rouille, pince à griller en titane Ti1014T",7.39,EUR,4.9,"2,000+",https://www.aliexpress.com/item/1005009575210094.html,sourcing/C6-search-0.json,2026-09-03T14:39:17.329866+00:00,"C — liste de découverte, pertinence non garantie"
C6,titanium frying pan,1005008798876202,"Spatule en silicone résistante à la chaleur, poêle antiadhésive de qualité alimentaire pour la maison, sushi, steak, poisson, crêpes, cuillère de cuisson, outil de cuisine, 1 pièce",2.96,EUR,4.7,"2,000+",https://www.aliexpress.com/item/1005008798876202.html,sourcing/C6-search-0.json,2026-09-03T14:39:17.329866+00:00,"C — liste de découverte, pertinence non garantie"
C6,titanium frying pan,1005008389644631,"Pince anti-magnétique en alliage de titane pour la réparation électronique, forceps ESD professionnel pour carte mère, PCB, SMD et bijoux",5.29,EUR,4.9,"2,000+",https://www.aliexpress.com/item/1005008389644631.html,sourcing/C6-search-0.json,2026-09-03T14:39:17.329866+00:00,"C — liste de découverte, pertinence non garantie"
C6,titanium frying pan,1005007606837432,"Four à friteuse à Air, gril Vertical, gril à brochettes, accessoires universels, aiguille de cuisson spéciale en acier inoxydable 304 de qualité alimentaire 10 pièces",2.96,EUR,4.7,"2,000+",https://www.aliexpress.com/item/1005007606837432.html,sourcing/C6-search-0.json,2026-09-03T14:39:17.329866+00:00,"C — liste de découverte, pertinence non garantie"
C6,titanium frying pan,1005006227651453,"Mini poêle à frire antiadhésive en acier, 12cm/14cm/16/18cm, casserole de couleur aléatoire pour ustensiles de cuisine, ustensiles de cuisine",5.89,EUR,4.1,"2,000+",https://www.aliexpress.com/item/1005006227651453.html,sourcing/C6-search-0.json,2026-09-03T14:39:17.329866+00:00,"C — liste de découverte, pertinence non garantie"
C6,titanium frying pan,1005008626234881,"Ustensiles de cuisine en acier inoxydable, casserole sèches avec poignée, cuisson à domicile, poêle Paella, fruits de mer, Pot de riz, assiettes de collation de pique-nique",6.49,EUR,4.5,"2,000+",https://www.aliexpress.com/item/1005008626234881.html,sourcing/C6-search-0.json,2026-09-03T14:39:17.329866+00:00,"C — liste de découverte, pertinence non garantie"
C6,titanium frying pan,1005007674880089,"Accessoires de revêtement de poêle pour friteuse à air réutilisables, friteuses à Air en Silicone, plateau de cuisson pour four, Pizza, poulet, moule antiadhésif en Silicone",2.91,EUR,4.8,"2,000+",https://www.aliexpress.com/item/1005007674880089.html,sourcing/C6-search-0.json,2026-09-03T14:39:17.329866+00:00,"C — liste de découverte, pertinence non garantie"
C6,titanium frying pan,1005007059666712,"BRS-Réchaud à gaz extérieur Mini Brûleur à gaz de camping 25g, Titane ultraléger Pique-nique Randonnée Cuisinière de cuisine Four de survie BRS-3000T",15.79,EUR,4.8,"2,000+",https://www.aliexpress.com/item/1005007059666712.html,sourcing/C6-search-0.json,2026-09-03T14:39:17.329866+00:00,"C — liste de découverte, pertinence non garantie"
C6,titanium frying pan,1005009952597498,Plateaux de cuisson professionnels en acier inoxydable! 3 pièces avec couvercles – Antiadhésif et facile à nettoyer. Parfait pour rôtir des légumes/carne. Grade maison et restaurant,11.59,EUR,4.3,"1,000+",https://www.aliexpress.com/item/1005009952597498.html,sourcing/C6-search-0.json,2026-09-03T14:39:17.329866+00:00,"C — liste de découverte, pertinence non garantie"
C6,titanium frying pan,1005012275806183,"MINI tasse à eau de camping en alliage de titane, tasse à thé et à café portable, équipement de cuisine en plein air, tasses de montagne 80/220ml",3.29,EUR,4.7,"1,000+",https://www.aliexpress.com/item/1005012275806183.html,sourcing/C6-search-0.json,2026-09-03T14:39:17.329866+00:00,"C — liste de découverte, pertinence non garantie"
C6,titanium frying pan,1005007101528696,"Pot de revêtement en Silicone pour friteuse à Air, panier de friteuse à Air, Gadgets de cuisine, plateau de cuisson réutilisable, poêle à Pizza antiadhésive, accessoires de cuisine pour four",2.69,EUR,4.5,"1,000+",https://www.aliexpress.com/item/1005007101528696.html,sourcing/C6-search-0.json,2026-09-03T14:39:17.329866+00:00,"C — liste de découverte, pertinence non garantie"
C6,pure titanium pan,1005010395731912,Nouveau Poêle à frire inclinable de grande capacité 320L 304 poêle à frire en acier inoxydable de haute qualité,4285.39,EUR,,,https://www.aliexpress.com/item/1005010395731912.html,sourcing/C6-search-1.json,2026-09-03T14:39:17.739020+00:00,"C — liste de découverte, pertinence non garantie"
C6,pure titanium pan,1005010040485136,"Tendeur de boulon hydraulique haute pression, 1500 bars, retour à ressort, fixation en acier",2250.15,EUR,,,https://www.aliexpress.com/item/1005010040485136.html,sourcing/C6-search-1.json,2026-09-03T14:39:17.739020+00:00,"C — liste de découverte, pertinence non garantie"
C6,pure titanium pan,1005009482886477,"OUCHI – Catback d'échappement en alliage de titane, usinage de haute précision, pour BMW 750i F02 4.4T, avec silencieux à Valve pneumatique, pièces automobiles",2226.69,EUR,,,https://www.aliexpress.com/item/1005009482886477.html,sourcing/C6-search-1.json,2026-09-03T14:39:17.739020+00:00,"C — liste de découverte, pertinence non garantie"
C6,pure titanium pan,1005010454232535,"Ustensiles de cuisine semi-automatiques pour sandwichs mixtes à gaz planétaire, casseroles à frire en acier inoxydable pour viande, marmite industrielle, 600l",2099.39,EUR,,,https://www.aliexpress.com/item/1005010454232535.html,sourcing/C6-search-1.json,2026-09-03T14:39:17.739020+00:00,"C — liste de découverte, pertinence non garantie"
C6,pure titanium pan,1005012452252466,"Système d'échappement Catback en alliage de titane ING pour AUDI SQ5 Q5 3.0T B8, sections à motif floral, accessoires de silencieux pour modèle de véhicule",2122.99,EUR,,,https://www.aliexpress.com/item/1005012452252466.html,sourcing/C6-search-1.json,2026-09-03T14:39:17.739020+00:00,"C — liste de découverte, pertinence non garantie"
C6,pure titanium pan,1005010595582433,"Tuyau de descente personnalisable pour BMW M4 F82, système d'échappement en alliage de titane, Installation Non destructive, pièces de voiture, Valve électronique HMD",1972.99,EUR,,,https://www.aliexpress.com/item/1005010595582433.html,sourcing/C6-search-1.json,2026-09-03T14:39:17.739020+00:00,"C — liste de découverte, pertinence non garantie"
C6,pure titanium pan,1005009886601707,"Catback en titane HMD pour Lamborghini Gallardo lp550 lp560 lp570, système d'échappement sans vannes électroniques, accessoires de voiture",1871.39,EUR,,,https://www.aliexpress.com/item/1005009886601707.html,sourcing/C6-search-1.json,2026-09-03T14:39:17.739020+00:00,"C — liste de découverte, pertinence non garantie"
C6,pure titanium pan,1005011602364338,"Barbecue à gaz autonome 4 brûleurs en titane noir pour fêtes, durable et élégant pour la cuisine en extérieur",1671.69,EUR,,1,https://www.aliexpress.com/item/1005011602364338.html,sourcing/C6-search-1.json,2026-09-03T14:39:17.739020+00:00,"C — liste de découverte, pertinence non garantie"
C6,pure titanium pan,1005011772631520,"Pour Audi TTRS : Collecteur d'échappement en alliage de titane, Downpipe, Valve électronique, Pièces de modification d'échappement de performance pour la course",1603.39,EUR,,,https://www.aliexpress.com/item/1005011772631520.html,sourcing/C6-search-1.json,2026-09-03T14:39:17.739020+00:00,"C — liste de découverte, pertinence non garantie"
C6,pure titanium pan,1005008497298471,"Table à manger ronde en marbre pour personnes âgées, acier inoxydable, style moderne, table à manger simple",1531.99,EUR,,,https://www.aliexpress.com/item/1005008497298471.html,sourcing/C6-search-1.json,2026-09-03T14:39:17.739020+00:00,"C — liste de découverte, pertinence non garantie"
C6,pure titanium pan,1005007773497386,"Épilateur professionnel Soprano Titanium 4-en-1, laser diode, Pico LPL, Nd Yag, laser picoseconde, épilation, élimination des tatouages",1410.99,EUR,5.0,76,https://www.aliexpress.com/item/1005007773497386.html,sourcing/C6-search-1.json,2026-09-03T14:39:17.739020+00:00,"C — liste de découverte, pertinence non garantie"
C6,pure titanium pan,1005011950226330,"Tuyau intermédiaire en alliage de titane OEM+ Valvetronic pour système d'échappement central BMW M3 E92 4.0L V8, qualité professionnelle",1132.21,EUR,,1,https://www.aliexpress.com/item/1005011950226330.html,sourcing/C6-search-1.json,2026-09-03T14:39:17.739020+00:00,"C — liste de découverte, pertinence non garantie"
C6,pure titanium pan,1005010568457044,Ensemble complet de clubs de golf chinois de couleur noire,1133.39,EUR,,,https://www.aliexpress.com/item/1005010568457044.html,sourcing/C6-search-1.json,2026-09-03T14:39:17.739020+00:00,"C — liste de découverte, pertinence non garantie"
C6,pure titanium pan,1005010311013553,HMD offre spéciale tuyau de descente en titane avec échappement Catback pour système d'échappement Porsche 718 GT4 RS 4.0L avec silencieux de Valve à vide,1125.99,EUR,,,https://www.aliexpress.com/item/1005010311013553.html,sourcing/C6-search-1.json,2026-09-03T14:39:17.739020+00:00,"C — liste de découverte, pertinence non garantie"
C6,pure titanium pan,1005010580705254,"Chariot électrique industriel domestique, plate-forme, chariot de jardin",884.39,EUR,,,https://www.aliexpress.com/item/1005010580705254.html,sourcing/C6-search-1.json,2026-09-03T14:39:17.739020+00:00,"C — liste de découverte, pertinence non garantie"
C6,pure titanium pan,1005009858109129,"CEES échappement complet pour Ferrari 812 Superfast 6,5L V12 2017-2023 SUS304 tuyau de descente tuyau d'échappement en titane",618.69,EUR,,1,https://www.aliexpress.com/item/1005009858109129.html,sourcing/C6-search-1.json,2026-09-03T14:39:17.739020+00:00,"C — liste de découverte, pertinence non garantie"
C6,pure titanium pan,1005006748518431,Volant moteur léger en titane pour tous les modèles Sea-Doo Rotax 1503CC 4-TEC,472.69,EUR,0.0,2,https://www.aliexpress.com/item/1005006748518431.html,sourcing/C6-search-1.json,2026-09-03T14:39:17.739020+00:00,"C — liste de découverte, pertinence non garantie"
C6,pure titanium pan,1005010081184747,"Pot en cuivre violet pur fait à la main, huit trésors, sculpture de précision, théière d'eau bouillante dorée, un service à thé épais",416.60,EUR,,,https://www.aliexpress.com/item/1005010081184747.html,sourcing/C6-search-1.json,2026-09-03T14:39:17.739020+00:00,"C — liste de découverte, pertinence non garantie"
C6,pure titanium pan,1005007462572916,Pour INDIAN FTR1200 S FTR 1200 carbone R championnat 2018 - 2025 système d'échappement de moto tuyau de liaison avant en alliage de titane,406.39,EUR,0.0,6,https://www.aliexpress.com/item/1005007462572916.html,sourcing/C6-search-1.json,2026-09-03T14:39:17.739020+00:00,"C — liste de découverte, pertinence non garantie"
C6,pure titanium pan,1005008727184605,transducteur ultrasonique de klaxon de soudure d'alliage de titane de 120x8mm pour la machine de soudure en plastique,440.99,EUR,,,https://www.aliexpress.com/item/1005008727184605.html,sourcing/C6-search-1.json,2026-09-03T14:39:17.739020+00:00,"C — liste de découverte, pertinence non garantie"
C6,titanium hammered,1005006809168260,"Forets revêtus de titane HSS, ensemble d'outils en acier rapide, outils électriques de qualité, 100mm, 1/1mm, 2/2mm, 3mm, 50 pièces",3.49,EUR,4.1,"10,000+",https://www.aliexpress.com/item/1005006809168260.html,sourcing/C6-search-10.json,2026-09-03T16:05:29.429253+00:00,"C — liste de découverte, pertinence non garantie"
C6,titanium hammered,1005006251722934,"Ensemble d'outils de perçage et de chanfrein en acier à grande vitesse, machine intégrée, taraud composite, plaqué titane 4341, 6 pièces",9.02,EUR,4.7,"5,000+",https://www.aliexpress.com/item/1005006251722934.html,sourcing/C6-search-10.json,2026-09-03T16:05:29.429253+00:00,"C — liste de découverte, pertinence non garantie"
C6,titanium hammered,1005007236390458,"Mini marteau de réparation en métal à double tête, portable, pour bricolage, réparation de bijoux et de montres, outils à main, 1 pièce",1.93,EUR,4.8,"3,000+",https://www.aliexpress.com/item/1005007236390458.html,sourcing/C6-search-10.json,2026-09-03T16:05:29.429253+00:00,"C — liste de découverte, pertinence non garantie"
C6,titanium hammered,1005008038778156,"Marteau de sécurité de voiture, brise-vitre de voiture, marteau d'urgence, coupe-ceinture de sécurité adapté au sauvetage de voiture, marteau de sécurité de sauvetage",6.19,EUR,4.7,"3,000+",https://www.aliexpress.com/item/1005008038778156.html,sourcing/C6-search-10.json,2026-09-03T16:05:29.429253+00:00,"C — liste de découverte, pertinence non garantie"
C6,titanium hammered,1005007894608447,"Tiartisan – cuillère Spork à Long manche en titane, couverts, vaisselle ultralégère, vaisselle Portable d'extérieur, équipement de Camping",4.39,EUR,4.9,"3,000+",https://www.aliexpress.com/item/1005007894608447.html,sourcing/C6-search-10.json,2026-09-03T16:05:29.429253+00:00,"C — liste de découverte, pertinence non garantie"
C6,titanium hammered,1005007464367207,"DEWALT – perceuse hélicoïdale originale SDS Plus, accessoires pour marteau électrique DT9635 DT9641 DT9644 DT9648, accessoires d'outils de haute dureté",2.95,EUR,4.8,"3,000+",https://www.aliexpress.com/item/1005007464367207.html,sourcing/C6-search-10.json,2026-09-03T16:05:29.429253+00:00,"C — liste de découverte, pertinence non garantie"
C6,titanium hammered,1005008543922738,"Pincettes de précision en alliage de titane, pour réparation électronique professionnelle, ligne de mouche Anti-magnétique, pince de carte mère de téléphone",4.89,EUR,4.9,"3,000+",https://www.aliexpress.com/item/1005008543922738.html,sourcing/C6-search-10.json,2026-09-03T16:05:29.429253+00:00,"C — liste de découverte, pertinence non garantie"
C6,titanium hammered,1005009575210094,"Pince à barbecue en titane, Voyage sans limites, pince alimentaire ultralégère, résistante à la chaleur et à la rouille, pince à griller en titane Ti1014T",7.39,EUR,4.9,"2,000+",https://www.aliexpress.com/item/1005009575210094.html,sourcing/C6-search-10.json,2026-09-03T16:05:29.429253+00:00,"C — liste de découverte, pertinence non garantie"
C6,titanium hammered,1005006022247794,"Marteau d'attendrisseur de viande en alliage de Zinc, outil de maillet pour frapper le bœuf, le Steak, le poulet, le porc, outil de cuisine, 1 pièce",3.99,EUR,4.4,"2,000+",https://www.aliexpress.com/item/1005006022247794.html,sourcing/C6-search-10.json,2026-09-03T16:05:29.429253+00:00,"C — liste de découverte, pertinence non garantie"
C6,titanium hammered,1005008658705503,"Marteau attendrisseur de viande de cuisine robuste avec poignée en caoutchouc, tête en acier inoxydable pour frapper et attendris sans effort",6.09,EUR,4.7,"2,000+",https://www.aliexpress.com/item/1005008658705503.html,sourcing/C6-search-10.json,2026-09-03T16:05:29.429253+00:00,"C — liste de découverte, pertinence non garantie"
C6,titanium hammered,1005011979737658,"Bâton de défense personnel rétractable, marteau de détection de tambour creux, rouge",4.59,EUR,4.2,"2,000+",https://www.aliexpress.com/item/1005011979737658.html,sourcing/C6-search-10.json,2026-09-03T16:05:29.429253+00:00,"C — liste de découverte, pertinence non garantie"
C6,titanium hammered,1005004451231628,TOOLEYE HSS titane étape foret forets de scène pour métal bois haute vitesse étage foret ensemble outils électriques 3-12 4-12 4-20 4-32mm,1.75,EUR,4.8,"2,000+",https://www.aliexpress.com/item/1005004451231628.html,sourcing/C6-search-10.json,2026-09-03T16:05:29.429253+00:00,"C — liste de découverte, pertinence non garantie"
C6,titanium hammered,1005008389644631,"Pince anti-magnétique en alliage de titane pour la réparation électronique, forceps ESD professionnel pour carte mère, PCB, SMD et bijoux",5.29,EUR,4.9,"2,000+",https://www.aliexpress.com/item/1005008389644631.html,sourcing/C6-search-10.json,2026-09-03T16:05:29.429253+00:00,"C — liste de découverte, pertinence non garantie"
C6,titanium hammered,1005006303050972,"Marteau de sécurité outil d'évacuation de voiture 3 en 1, brise-vitre, coupe-ceinture de sécurité, marteau d'urgence Compact, outil d'évacuation pour accessoires de voiture",2.25,EUR,4.4,"2,000+",https://www.aliexpress.com/item/1005006303050972.html,sourcing/C6-search-10.json,2026-09-03T16:05:29.429253+00:00,"C — liste de découverte, pertinence non garantie"
C6,titanium hammered,1005005792857903,"1 marteau d'installation à double tête, marteau en caoutchouc de 25 mm à 45 mm avec manche en caoutchouc, marteau d'installation isolé amovible",6.29,EUR,4.8,"2,000+",https://www.aliexpress.com/item/1005005792857903.html,sourcing/C6-search-10.json,2026-09-03T16:05:29.429253+00:00,"C — liste de découverte, pertinence non garantie"
C6,titanium hammered,1005008911996148,"Marteau de sécurité pour voiture 2 en 1, brise-verre d'urgence, coupe la ceinture de sécurité, outil de sauvetage en acier au tungstène de haute dureté, accessoires automobiles",3.19,EUR,4.8,"2,000+",https://www.aliexpress.com/item/1005008911996148.html,sourcing/C6-search-10.json,2026-09-03T16:05:29.429253+00:00,"C — liste de découverte, pertinence non garantie"
C6,titanium hammered,1005010670568773,"Marteau en caoutchouc à robinet souple Double Face de 25mm, outil manuel multifonctionnel avec plastique dur et poignée antidérapante pour les travaux de précision 1 pièce",7.29,EUR,4.6,"2,000+",https://www.aliexpress.com/item/1005010670568773.html,sourcing/C6-search-10.json,2026-09-03T16:05:29.429253+00:00,"C — liste de découverte, pertinence non garantie"
C6,titanium hammered,1005008165229493,"Nouveaux forets à ongles en acier tungstène, fraises en carbure pour pédicure, coupe-ongles pour manucure, outil de nail art",1.99,EUR,4.9,"2,000+",https://www.aliexpress.com/item/1005008165229493.html,sourcing/C6-search-10.json,2026-09-03T16:05:29.429253+00:00,"C — liste de découverte, pertinence non garantie"
C6,titanium hammered,1005009146516303,"Marteau en caoutchouc multifonctionnel, marteau à percussion en caoutchouc souple, marteau carré, outil manuel professionnel pour les ouvriers du bâtiment",8.02,EUR,4.8,"2,000+",https://www.aliexpress.com/item/1005009146516303.html,sourcing/C6-search-10.json,2026-09-03T16:05:29.429253+00:00,"C — liste de découverte, pertinence non garantie"
C6,titanium hammered,1005010001924006,"Forets à ongles en acier au tungstène 5 en 1 2XF, carbure multifonctionnel avec haute dureté pour Gel Rem à Long terme",2.27,EUR,4.6,"1,000+",https://www.aliexpress.com/item/1005010001924006.html,sourcing/C6-search-10.json,2026-09-03T16:05:29.429253+00:00,"C — liste de découverte, pertinence non garantie"
C6,hammered titanium pan,1005008598694858,"Machine commerciale de fabrication de coquilles de tarte entièrement automatique, équipement alimentaire cuit au four, machine de formage de tarte aux œufs",9187.69,EUR,,,https://www.aliexpress.com/item/1005008598694858.html,sourcing/C6-search-2.json,2026-09-03T14:44:22.763163+00:00,"C — liste de découverte, pertinence non garantie"
C6,hammered titanium pan,1005010656643494,"Marteau de pilote de Pile haute fréquence polyvalent, Options de montage de marteau multiples personnalisées, divers projets de Construction, pilote de Pile",6304.99,EUR,,,https://www.aliexpress.com/item/1005010656643494.html,sourcing/C6-search-2.json,2026-09-03T14:44:22.763163+00:00,"C — liste de découverte, pertinence non garantie"
C6,hammered titanium pan,1005012646196699,"Îlot de cuisine extérieur en acier inoxydable de haute qualité avec barbecue à gaz en titane noir, fumoir Kamado, évier et réfrigérateur",4979.39,EUR,,,https://www.aliexpress.com/item/1005012646196699.html,sourcing/C6-search-2.json,2026-09-03T14:44:22.763163+00:00,"C — liste de découverte, pertinence non garantie"
C6,hammered titanium pan,1005011757464759,Échappement en titane ING pour Toyota 86 2.0L / Subaru BRZ 2.0L |   Système d'échappement et de collecteur d'échappement |   Performances élevées |   Conception légère,3052.99,EUR,,,https://www.aliexpress.com/item/1005011757464759.html,sourcing/C6-search-2.json,2026-09-03T14:44:22.763163+00:00,"C — liste de découverte, pertinence non garantie"
C6,hammered titanium pan,1005010040485136,"Tendeur de boulon hydraulique haute pression, 1500 bars, retour à ressort, fixation en acier",2250.15,EUR,,,https://www.aliexpress.com/item/1005010040485136.html,sourcing/C6-search-2.json,2026-09-03T14:44:22.763163+00:00,"C — liste de découverte, pertinence non garantie"
C6,hammered titanium pan,1005009482886477,"OUCHI – Catback d'échappement en alliage de titane, usinage de haute précision, pour BMW 750i F02 4.4T, avec silencieux à Valve pneumatique, pièces automobiles",2226.69,EUR,,,https://www.aliexpress.com/item/1005009482886477.html,sourcing/C6-search-2.json,2026-09-03T14:44:22.763163+00:00,"C — liste de découverte, pertinence non garantie"
C6,hammered titanium pan,1005010595582433,"Tuyau de descente personnalisable pour BMW M4 F82, système d'échappement en alliage de titane, Installation Non destructive, pièces de voiture, Valve électronique HMD",1972.99,EUR,,,https://www.aliexpress.com/item/1005010595582433.html,sourcing/C6-search-2.json,2026-09-03T14:44:22.763163+00:00,"C — liste de découverte, pertinence non garantie"
C6,hammered titanium pan,1005009886601707,"Catback en titane HMD pour Lamborghini Gallardo lp550 lp560 lp570, système d'échappement sans vannes électroniques, accessoires de voiture",1871.39,EUR,,,https://www.aliexpress.com/item/1005009886601707.html,sourcing/C6-search-2.json,2026-09-03T14:44:22.763163+00:00,"C — liste de découverte, pertinence non garantie"
C6,hammered titanium pan,1005011565546603,"Système d'échappement en alliage de titane HMD, adapté aux modèles Audi A4 A5 B9, modification automobile, tuyau catback à soupape électronique",1822.99,EUR,,,https://www.aliexpress.com/item/1005011565546603.html,sourcing/C6-search-2.json,2026-09-03T14:44:22.763163+00:00,"C — liste de découverte, pertinence non garantie"
C6,hammered titanium pan,1005008497298471,"Table à manger ronde en marbre pour personnes âgées, acier inoxydable, style moderne, table à manger simple",1531.99,EUR,,,https://www.aliexpress.com/item/1005008497298471.html,sourcing/C6-search-2.json,2026-09-03T14:44:22.763163+00:00,"C — liste de découverte, pertinence non garantie"
C6,hammered titanium pan,1005010568457044,Ensemble complet de clubs de golf chinois de couleur noire,1133.39,EUR,,,https://www.aliexpress.com/item/1005010568457044.html,sourcing/C6-search-2.json,2026-09-03T14:44:22.763163+00:00,"C — liste de découverte, pertinence non garantie"
C6,hammered titanium pan,1005010296586319,"Kit d'outils de greffage osseux GBR, tente en titane et clous à membrane avec vis d'implant oral pour chirurgie dentaire",1083.65,EUR,,,https://www.aliexpress.com/item/1005010296586319.html,sourcing/C6-search-2.json,2026-09-03T14:44:22.763163+00:00,"C — liste de découverte, pertinence non garantie"
C6,hammered titanium pan,1005010588174037,"Vitrine multifonctionnelle double face en alliage de titane, design moderne personnalisé avec support perforé en métal",595.69,EUR,,,https://www.aliexpress.com/item/1005010588174037.html,sourcing/C6-search-2.json,2026-09-03T14:44:22.763163+00:00,"C — liste de découverte, pertinence non garantie"
C6,hammered titanium pan,1005009868426847,Downpipe de performance en titane personnalisé HMD Exclusive pour moteur BMW M3 M4 G80 G82 S58 3.0T,582.39,EUR,,,https://www.aliexpress.com/item/1005009868426847.html,sourcing/C6-search-2.json,2026-09-03T14:44:22.763163+00:00,"C — liste de découverte, pertinence non garantie"
C6,hammered titanium pan,1005009139052177,"Système d'échappement de moto, tuyau de liaison avant en alliage de titane pour INDIAN FTR1200 S FTR 1200 Carbon R Championship 2018 – 2025",423.69,EUR,,5,https://www.aliexpress.com/item/1005009139052177.html,sourcing/C6-search-2.json,2026-09-03T14:44:22.763163+00:00,"C — liste de découverte, pertinence non garantie"
C6,hammered titanium pan,1005008727184605,transducteur ultrasonique de klaxon de soudure d'alliage de titane de 120x8mm pour la machine de soudure en plastique,440.99,EUR,,,https://www.aliexpress.com/item/1005008727184605.html,sourcing/C6-search-2.json,2026-09-03T14:44:22.763163+00:00,"C — liste de découverte, pertinence non garantie"
C6,hammered titanium pan,1005005431016444,"Tige de guidon de vélo pliable en titane Gr9 ultra-légère, types P, H, M, S, 25,4 mm, pour Brompton",372.99,EUR,4.3,8,https://www.aliexpress.com/item/1005005431016444.html,sourcing/C6-search-2.json,2026-09-03T14:44:22.763163+00:00,"C — liste de découverte, pertinence non garantie"
C6,hammered titanium pan,1005012005993081,"Pièces en métal, laiton, cuivre, acier, titane, plastique, PEEK, PC, PVC, nylon, PE, PP, sur mesure, usinées CNC, boulons, écrous, rondelles, vis, fixations, quincaillerie",398.99,EUR,5.0,6,https://www.aliexpress.com/item/1005012005993081.html,sourcing/C6-search-2.json,2026-09-03T14:44:22.763163+00:00,"C — liste de découverte, pertinence non garantie"
C6,hammered titanium pan,1005006644419886,"Support de tambour professionnel Marteau double pas performant, conversion itude, accessoires cadeaux",341.69,EUR,4.5,,https://www.aliexpress.com/item/1005006644419886.html,sourcing/C6-search-2.json,2026-09-03T14:44:22.763163+00:00,"C — liste de découverte, pertinence non garantie"
C6,Keith frying,1005012616186859,"Ligne de production de frites surgelées 1T 2T 3T, éplucheuse à vapeur chauffée au gaz, hydro-coupeuse, machine de friture pour usine alimentaire",52082.39,EUR,,,https://www.aliexpress.com/item/1005012616186859.html,sourcing/C6-search-3.json,2026-09-03T14:44:28.023399+00:00,"C — liste de découverte, pertinence non garantie"
C6,Keith frying,1005009816620029,"Machine à frire sous vide industrielle de 200kg, pour ligne de traitement des frites, légumes, aliments, réservoir de frire de bonne qualité",30358.99,EUR,,,https://www.aliexpress.com/item/1005009816620029.html,sourcing/C6-search-3.json,2026-09-03T14:44:28.023399+00:00,"C — liste de découverte, pertinence non garantie"
C6,Keith frying,1005012302543062,"Friteuse industrielle à circulation continue en acier inoxydable sur mesure pour frites et snacks, avec système de levage",20297.39,EUR,,,https://www.aliexpress.com/item/1005012302543062.html,sourcing/C6-search-3.json,2026-09-03T14:44:28.023399+00:00,"C — liste de découverte, pertinence non garantie"
C6,Keith frying,1005012337387148,Friteuse industrielle personnalisée à haute efficacité avec conception économe en énergie pour les lignes de production de fritures à grande échelle,18367.99,EUR,,,https://www.aliexpress.com/item/1005012337387148.html,sourcing/C6-search-3.json,2026-09-03T14:44:28.023399+00:00,"C — liste de découverte, pertinence non garantie"
C6,Keith frying,1005010368832121,Machine à frire sous vide de grande capacité/Machine à frire sous vide automatique/friteuses électriques,14699.69,EUR,,,https://www.aliexpress.com/item/1005010368832121.html,sourcing/C6-search-3.json,2026-09-03T14:44:28.023399+00:00,"C — liste de découverte, pertinence non garantie"
C6,Keith frying,1005009354975013,"Machine à frire les aliments intelligente, ligne de friteuse commerciale automatique, équipement de friture à l'huile de grande capacité pour grands Restaurants",5091.99,EUR,,,https://www.aliexpress.com/item/1005009354975013.html,sourcing/C6-search-3.json,2026-09-03T14:44:28.023399+00:00,"C — liste de découverte, pertinence non garantie"
C6,Keith frying,1005011695248358,"Friteuse professionnelle grande capacité à chauffage électrique en acier inoxydable avec filtration d'huile automatique, personnalisée pour les usines",13860.99,EUR,,,https://www.aliexpress.com/item/1005011695248358.html,sourcing/C6-search-3.json,2026-09-03T14:44:28.023399+00:00,"C — liste de découverte, pertinence non garantie"
C6,Keith frying,1005010450399807,"Machine à frire les frites à gaz continu, friteuse pour frites, friteuse pour poulet frit, ligne de Production de friteuse aux noix",12999.99,EUR,,,https://www.aliexpress.com/item/1005010450399807.html,sourcing/C6-search-3.json,2026-09-03T14:44:28.023399+00:00,"C — liste de découverte, pertinence non garantie"
C6,Keith frying,1005012249945852,"Friteuse automatique personnalisée pour frites de poisson, machine à frire la peau de poisson croustillante en continu, ligne de friture profonde pour poulet",10525.39,EUR,,,https://www.aliexpress.com/item/1005012249945852.html,sourcing/C6-search-3.json,2026-09-03T14:44:28.023399+00:00,"C — liste de découverte, pertinence non garantie"
C6,Keith frying,1005010387709662,Machine à frire le Chicharron de porc friture profonde à gratter la peau de porc,10054.99,EUR,,,https://www.aliexpress.com/item/1005010387709662.html,sourcing/C6-search-3.json,2026-09-03T14:44:28.023399+00:00,"C — liste de découverte, pertinence non garantie"
C6,Keith frying,1005012164640733,"Machine à frire sous vide haute vitesse, friteuse sous vide, frites croustillantes",10392.39,EUR,,,https://www.aliexpress.com/item/1005012164640733.html,sourcing/C6-search-3.json,2026-09-03T14:44:28.023399+00:00,"C — liste de découverte, pertinence non garantie"
C6,Keith frying,1005012592721189,"Ligne de production personnalisée en acier inoxydable pour frites, poulet frit et poisson, avec friteuse électrique à immersion pour frites",10083.69,EUR,,,https://www.aliexpress.com/item/1005012592721189.html,sourcing/C6-search-3.json,2026-09-03T14:44:28.023399+00:00,"C — liste de découverte, pertinence non garantie"
C6,Keith frying,1005011854905744,"Machine à frire le poulet croustillant et machine à frites de haute qualité, pour une production de grande envergure et à faible coût",8928.39,EUR,,,https://www.aliexpress.com/item/1005011854905744.html,sourcing/C6-search-3.json,2026-09-03T14:44:28.023399+00:00,"C — liste de découverte, pertinence non garantie"
C6,Keith frying,1005011676711990,"Friteuse Industrielle Électrique Automatique Continue pour Frites Longues, Pommes de Terre et Poulet – Modèle Commercial Personnalisé",6367.39,EUR,,,https://www.aliexpress.com/item/1005011676711990.html,sourcing/C6-search-3.json,2026-09-03T14:44:28.023399+00:00,"C — liste de découverte, pertinence non garantie"
C6,Keith frying,1005011958822732,"Ligne de production de frites industrielles, machine à chips de pommes de terre, système automatique de friture, d'égouttage et d'assaisonnement pour usine alimentaire",6148.39,EUR,,,https://www.aliexpress.com/item/1005011958822732.html,sourcing/C6-search-3.json,2026-09-03T14:44:28.023399+00:00,"C — liste de découverte, pertinence non garantie"
C6,Keith frying,1005012521133592,"Friteuse électrique professionnelle pour frites, machine à friture continue avec convoyeur pour poulet et frites",4917.99,EUR,,,https://www.aliexpress.com/item/1005012521133592.html,sourcing/C6-search-3.json,2026-09-03T14:44:28.023399+00:00,"C — liste de découverte, pertinence non garantie"
C6,Keith frying,1005012245781590,FOODLINE Friteuse Électrique Industrielle Personnalisée Sans Fumée pour Hamburgers et Kurkure,5053.69,EUR,,,https://www.aliexpress.com/item/1005012245781590.html,sourcing/C6-search-3.json,2026-09-03T14:44:28.023399+00:00,"C — liste de découverte, pertinence non garantie"
C6,Keith frying,1005012677043095,"Machine à frire commerciale continue pour boulangerie, idéale pour la production de torsades et pâtisseries croustillantes pour les grandes chaînes de boulangeries",4303.39,EUR,,,https://www.aliexpress.com/item/1005012677043095.html,sourcing/C6-search-3.json,2026-09-03T14:44:28.023399+00:00,"C — liste de découverte, pertinence non garantie"
C6,Keith frying,1005010387915272,"Machine à frire industrielle pour frire des cacahuètes, commerciale, automatique, poulet frit, bacon, oignon, frites",4316.69,EUR,,,https://www.aliexpress.com/item/1005010387915272.html,sourcing/C6-search-3.json,2026-09-03T14:44:28.023399+00:00,"C — liste de découverte, pertinence non garantie"
C6,Keith frying,1005012487034986,"Friteuse Électrique Commerciale à Décharge Automatique, Machine à Frire les Frites Personnalisable",4059.69,EUR,,,https://www.aliexpress.com/item/1005012487034986.html,sourcing/C6-search-3.json,2026-09-03T14:44:28.023399+00:00,"C — liste de découverte, pertinence non garantie"
C6,titanium skillet,1005009783146712,"Pinces de cuisine longues en acier inoxydable, antidérapantes, résistantes à la chaleur, pour barbecue, Steak, fruits de mer, Buffet, salade, outils de cuisine",2.52,EUR,4.7,"10,000+",https://www.aliexpress.com/item/1005009783146712.html,sourcing/C6-search-4.json,2026-09-03T14:46:04.223991+00:00,"C — liste de découverte, pertinence non garantie"
C6,titanium skillet,1005006809168260,"Forets revêtus de titane HSS, ensemble d'outils en acier rapide, outils électriques de qualité, 100mm, 1/1mm, 2/2mm, 3mm, 50 pièces",3.49,EUR,4.1,"10,000+",https://www.aliexpress.com/item/1005006809168260.html,sourcing/C6-search-4.json,2026-09-03T14:46:04.223991+00:00,"C — liste de découverte, pertinence non garantie"
C6,titanium skillet,1005008974561976,"Jeu de forets en acier rapide revêtus de titane, 50/99 pièces, embouts torsadés en spirale droits à arbre hexagonal pour le perçage du métal, du bois et du plastique",3.99,EUR,4.3,"10,000+",https://www.aliexpress.com/item/1005008974561976.html,sourcing/C6-search-4.json,2026-09-03T14:46:04.223991+00:00,"C — liste de découverte, pertinence non garantie"
C6,titanium skillet,1005007287183369,BrS-3000T titane Mini Camping brûleurs à gaz 25g une pièce cuisinière de poche en plein air randonnée pliant four de cuisson Portable ﻿,16.89,EUR,4.8,"5,000+",https://www.aliexpress.com/item/1005007287183369.html,sourcing/C6-search-4.json,2026-09-03T14:46:04.223991+00:00,"C — liste de découverte, pertinence non garantie"
C6,titanium skillet,1005007280361127,"Cure-dents portables en titane, réglage à trois vitesses, cure-dents réutilisables, cure-dents en métal, cueilleur de fruits polyvalent",1.90,EUR,4.7,"5,000+",https://www.aliexpress.com/item/1005007280361127.html,sourcing/C6-search-4.json,2026-09-03T14:46:04.223991+00:00,"C — liste de découverte, pertinence non garantie"
C6,titanium skillet,1005007464237310,"Mini poêle à frire en acier antiadhésif, marmite à frire, casserole pour ustensiles de cuisine, ustensiles de cuisine, outils pour œufs, 12cm, 14cm, 16cm",4.49,EUR,4.1,"4,000+",https://www.aliexpress.com/item/1005007464237310.html,sourcing/C6-search-4.json,2026-09-03T14:46:04.223991+00:00,"C — liste de découverte, pertinence non garantie"
C6,titanium skillet,1005010045171639,"Porte-clés en alliage de titane, 1 pièce, boucle, accessoire de voiture, chaîne suspendue à la taille, ouvre-boucles, outil d'extérieur",3.89,EUR,4.9,"5,000+",https://www.aliexpress.com/item/1005010045171639.html,sourcing/C6-search-4.json,2026-09-03T14:46:04.223991+00:00,"C — liste de découverte, pertinence non garantie"
C6,titanium skillet,1005007630088501,"Ustensiles de cuisine Cuens Pâtisserie thermique Mini barre de cuisson résistante. Accessoires de spatule, ustensiles de cuisson, crème translucide, outils en Silicone",2.17,EUR,4.8,"4,000+",https://www.aliexpress.com/item/1005007630088501.html,sourcing/C6-search-4.json,2026-09-03T14:46:04.223991+00:00,"C — liste de découverte, pertinence non garantie"
C6,titanium skillet,1005009886265850,"Pincettes précises en alliage de titane, outil professionnel de réparation de téléphone, pincettes à fil volant à empreintes digitales, pinces électroniques antimagnétiques",6.89,EUR,4.9,"4,000+",https://www.aliexpress.com/item/1005009886265850.html,sourcing/C6-search-4.json,2026-09-03T14:46:04.223991+00:00,"C — liste de découverte, pertinence non garantie"
C6,titanium skillet,1005007989133428,Tiartisan extérieur titane léger Portable thé tasse à café poignée pliante Camping tasse d'eau pour randonnée voyage,12.49,EUR,4.9,"3,000+",https://www.aliexpress.com/item/1005007989133428.html,sourcing/C6-search-4.json,2026-09-03T14:46:04.223991+00:00,"C — liste de découverte, pertinence non garantie"
C6,titanium skillet,1005008543922738,"Pincettes de précision en alliage de titane, pour réparation électronique professionnelle, ligne de mouche Anti-magnétique, pince de carte mère de téléphone",4.89,EUR,4.9,"3,000+",https://www.aliexpress.com/item/1005008543922738.html,sourcing/C6-search-4.json,2026-09-03T14:46:04.223991+00:00,"C — liste de découverte, pertinence non garantie"
C6,titanium skillet,1005009575210094,"Pince à barbecue en titane, Voyage sans limites, pince alimentaire ultralégère, résistante à la chaleur et à la rouille, pince à griller en titane Ti1014T",7.39,EUR,4.9,"2,000+",https://www.aliexpress.com/item/1005009575210094.html,sourcing/C6-search-4.json,2026-09-03T14:46:04.223991+00:00,"C — liste de découverte, pertinence non garantie"
C6,titanium skillet,1005007564580334,Titantium mousqueton porte-clés mousqueton crochet porte-clés porte-clés avec ouvre-bouteille pour Camping randonnée pêche voyage en plein air,3.49,EUR,4.8,"2,000+",https://www.aliexpress.com/item/1005007564580334.html,sourcing/C6-search-4.json,2026-09-03T14:46:04.223991+00:00,"C — liste de découverte, pertinence non garantie"
C6,titanium skillet,1005008798876202,"Spatule en silicone résistante à la chaleur, poêle antiadhésive de qualité alimentaire pour la maison, sushi, steak, poisson, crêpes, cuillère de cuisson, outil de cuisine, 1 pièce",2.96,EUR,4.7,"2,000+",https://www.aliexpress.com/item/1005008798876202.html,sourcing/C6-search-4.json,2026-09-03T14:46:04.223991+00:00,"C — liste de découverte, pertinence non garantie"
C6,titanium skillet,1005006123766852,50pc Titane Plaqué Twist Drill Set 1-3mm Petit Foret Perceuse Électrique Perceuse Outil DIY Boiseries Foret Ouvert Foret,2.59,EUR,4.4,"2,000+",https://www.aliexpress.com/item/1005006123766852.html,sourcing/C6-search-4.json,2026-09-03T14:46:04.223991+00:00,"C — liste de découverte, pertinence non garantie"
C6,titanium skillet,1005008389644631,"Pince anti-magnétique en alliage de titane pour la réparation électronique, forceps ESD professionnel pour carte mère, PCB, SMD et bijoux",5.29,EUR,4.9,"2,000+",https://www.aliexpress.com/item/1005008389644631.html,sourcing/C6-search-4.json,2026-09-03T14:46:04.223991+00:00,"C — liste de découverte, pertinence non garantie"
C6,titanium skillet,1005010143923782,"Sifflets d'urgence en alliage de titane, équipement de survie fort et Durable pour la randonnée en plein air, le Camping et les Sports d'aventure, 2 pièces",2.11,EUR,4.1,"2,000+",https://www.aliexpress.com/item/1005010143923782.html,sourcing/C6-search-4.json,2026-09-03T14:46:04.223991+00:00,"C — liste de découverte, pertinence non garantie"
C6,titanium skillet,1005005059738830,"Spatule de remplissage en résine Composite dentaire, tête plaquée titane, poignée épaisse, matériel pour Instrument de dentisterie, 6 pièces/ensemble",14.59,EUR,4.8,"2,000+",https://www.aliexpress.com/item/1005005059738830.html,sourcing/C6-search-4.json,2026-09-03T14:46:04.223991+00:00,"C — liste de découverte, pertinence non garantie"
C6,titanium skillet,1005006227651453,"Mini poêle à frire antiadhésive en acier, 12cm/14cm/16/18cm, casserole de couleur aléatoire pour ustensiles de cuisine, ustensiles de cuisine",5.89,EUR,4.1,"2,000+",https://www.aliexpress.com/item/1005006227651453.html,sourcing/C6-search-4.json,2026-09-03T14:46:04.223991+00:00,"C — liste de découverte, pertinence non garantie"
C6,titanium skillet,1005009734433105,"Pinces à Toast alimentaires en Silicone, pinces à dessous de plat pour pinces de cuisine, pince de cuisson antidérapante, outils pour salade de barbecue, accessoires de cuisine pour gril",3.79,EUR,4.7,"2,000+",https://www.aliexpress.com/item/1005009734433105.html,sourcing/C6-search-4.json,2026-09-03T14:46:04.223991+00:00,"C — liste de découverte, pertinence non garantie"
C6,Keith frying,1005006144744539,"Poêle à frire antiarina en pierre durable, wok, poêle, chaudron, cuiseur à induction, casseroles, pansement, œuf, cuisinière à gaz domestique, 28 cm, 26 cm, 24 cm, 20cm",22.79,EUR,4.7,450,https://www.aliexpress.com/item/1005006144744539.html,sourcing/C6-search-5.json,2026-09-03T14:46:04.131639+00:00,"C — liste de découverte, pertinence non garantie"
C6,Keith frying,1005010747267847,"Panier à friture en acier inoxydable pour frites, panier à nourriture, cadre de friture carré, filtre à huile, panier à friture, égouttoir",13.39,EUR,4.2,100,https://www.aliexpress.com/item/1005010747267847.html,sourcing/C6-search-5.json,2026-09-03T14:46:04.131639+00:00,"C — liste de découverte, pertinence non garantie"
C6,Keith frying,1005008918821796,"Marmite à frire en acier inoxydable 2L avec panier et passoire à huile, marmite à frire en acier inoxydable 304 pour frites, poulet",35.19,EUR,4.7,103,https://www.aliexpress.com/item/1005008918821796.html,sourcing/C6-search-5.json,2026-09-03T14:46:04.131639+00:00,"C — liste de découverte, pertinence non garantie"
C6,Keith frying,1005007436789254,"Friteuse en acier inoxydable jetable avec panier et couvercle, marmite à frire, outils de cuisson, qualité alimentaire",16.39,EUR,4.5,95,https://www.aliexpress.com/item/1005007436789254.html,sourcing/C6-search-5.json,2026-09-03T14:46:04.131639+00:00,"C — liste de découverte, pertinence non garantie"
C6,Keith frying,1005009724254196,MOUNTAINHIKER poêle de Camping en plein air poêle antiadhésive petit déjeuner crêpes Pot acier inoxydable cuisson alimentaire cuisinière à Induction,24.39,EUR,4.6,59,https://www.aliexpress.com/item/1005009724254196.html,sourcing/C6-search-5.json,2026-09-03T14:46:04.131639+00:00,"C — liste de découverte, pertinence non garantie"
C6,Keith frying,1005012019838964,"Poêle à frire en titane Keith 1000 ml sans revêtement, avec poignée pliable et sac de rangement, ustensile de cuisson portable pour la randonnée, le camping et la randonnée en sac à dos",46.59,EUR,4.8,34,https://www.aliexpress.com/item/1005012019838964.html,sourcing/C6-search-5.json,2026-09-03T14:46:04.131639+00:00,"C — liste de découverte, pertinence non garantie"
C6,Keith frying,1005005372500106,"Friteuse à tempura jetable en acier inoxydable, marmite, passoire, poêle à frire, outil de cuisine, filtre à huile",9.39,EUR,4.2,35,https://www.aliexpress.com/item/1005005372500106.html,sourcing/C6-search-5.json,2026-09-03T14:46:04.131639+00:00,"C — liste de découverte, pertinence non garantie"
C6,Keith frying,1005005355962472,"Panier à frire en acier inoxydable, filet pour frites, cadre de friture, filtre carré de contrôle de l'huile, panier à frire, écran de friture dense",15.99,EUR,5.0,35,https://www.aliexpress.com/item/1005005355962472.html,sourcing/C6-search-5.json,2026-09-03T14:46:04.131639+00:00,"C — liste de découverte, pertinence non garantie"
C6,Keith frying,1005010239371094,"Thermostat de friteuse électrique jusqu'à 240 degrés pour frire une variété d'ingrédients, y compris des viandes, des légumes et des pâtisseries",4.89,EUR,4.3,21,https://www.aliexpress.com/item/1005010239371094.html,sourcing/C6-search-5.json,2026-09-03T14:46:04.131639+00:00,"C — liste de découverte, pertinence non garantie"
C6,Keith frying,1005012103559159,"Thermomètre de cuisson en acier inoxydable avec pince pour friture, lait et aliments, pour friteuse à immersion et mesure de la température de cuisson de l'huile",4.89,EUR,5.0,19,https://www.aliexpress.com/item/1005012103559159.html,sourcing/C6-search-5.json,2026-09-03T14:46:04.131639+00:00,"C — liste de découverte, pertinence non garantie"
C6,Keith frying,1005009871982544,"Poêle à frire 3,2 l Double oreille 201 en acier inoxydable, avec égouttoir d'huile, thermomètre pour Tempura",37.19,EUR,4.8,15,https://www.aliexpress.com/item/1005009871982544.html,sourcing/C6-search-5.json,2026-09-03T14:46:04.131639+00:00,"C — liste de découverte, pertinence non garantie"
C6,Keith frying,1005009127517487,"Panier à frire en acier inoxydable, filet pour frites, cadre carré, panier de contrôle de l'huile, écran de friture dense",15.49,EUR,4.6,16,https://www.aliexpress.com/item/1005009127517487.html,sourcing/C6-search-5.json,2026-09-03T14:46:04.131639+00:00,"C — liste de découverte, pertinence non garantie"
C6,Keith frying,1005009093462061,"Panier à frire en acier inoxydable, filet pour frites, cadre carré, filtre de contrôle de l'huile, panier à frire Dense",18.89,EUR,5.0,13,https://www.aliexpress.com/item/1005009093462061.html,sourcing/C6-search-5.json,2026-09-03T14:46:04.131639+00:00,"C — liste de découverte, pertinence non garantie"
C6,Keith frying,1005007523256278,"Poêle à frire en fonte antiarina, marmite sans revêtement, ustensiles de cuisine pour cuisinière à gaz et cuisinière à induction, steak frit, wok",32.19,EUR,3.7,13,https://www.aliexpress.com/item/1005007523256278.html,sourcing/C6-search-5.json,2026-09-03T14:46:04.131639+00:00,"C — liste de découverte, pertinence non garantie"
C6,Keith frying,1005012475766653,"Multicuiseur Électrique et Poêle Antiadhésive 220V pour Barbecue Domestique, Steaks, Poissons et Omelettes",19.39,EUR,,11,https://www.aliexpress.com/item/1005012475766653.html,sourcing/C6-search-5.json,2026-09-03T14:46:04.131639+00:00,"C — liste de découverte, pertinence non garantie"
C6,Keith frying,1005012260210901,Ensemble de passoires à mailles pour huile de friture avec plateau de récupération pour la cuisson à la maison - Vente chaude,4.19,EUR,3.7,6,https://www.aliexpress.com/item/1005012260210901.html,sourcing/C6-search-5.json,2026-09-03T14:46:04.131639+00:00,"C — liste de découverte, pertinence non garantie"
C6,Keith frying,1005005754293217,"Friteuse de cuisine avec passoire, poêle Tempura en acier inoxydable, poêle à frire, poulet frit, outils de cuisine",12.79,EUR,2.9,10,https://www.aliexpress.com/item/1005005754293217.html,sourcing/C6-search-5.json,2026-09-03T14:46:04.131639+00:00,"C — liste de découverte, pertinence non garantie"
C6,Keith frying,1005011586698473,Friteuse à poulet autoportante à deux paniers pour équipement de cuisine de restaurant,448.99,EUR,,8,https://www.aliexpress.com/item/1005011586698473.html,sourcing/C6-search-5.json,2026-09-03T14:46:04.131639+00:00,"C — liste de découverte, pertinence non garantie"
C6,Keith frying,1005012267462238,"Poêle à frire KEITH 1L en titane pur, non revêtue, pliable, résistante à la rouille, pour cuisinière à gaz, induction, camping en plein air, voyage, maison",45.59,EUR,5.0,4,https://www.aliexpress.com/item/1005012267462238.html,sourcing/C6-search-5.json,2026-09-03T14:46:04.131639+00:00,"C — liste de découverte, pertinence non garantie"
C6,Keith frying,1005010088593686,"Thermostat de friteuse électrique pour la cuisine, parfait pour la friture, caractéristiques de sécurité améliorées, friture de diverses aliments",5.19,EUR,2.0,4,https://www.aliexpress.com/item/1005010088593686.html,sourcing/C6-search-5.json,2026-09-03T14:46:04.131639+00:00,"C — liste de découverte, pertinence non garantie"
